customer_id,first_name,last_name,email,signup_date,country,city,acquisition_channel
1,Patricia,Green,patricia.green@icloud.com,2024-09-28,France,Lyon,social_media
2,Stephen,Clark,stephen.clark@gmail.com,2025-08-03,United States,Los Angeles,direct
3,Samuel,Martinez,samuel.martinez@hotmail.com,2025-11-08,India,Bangalore,email
4,Sharon,Walker,sharon.walker@hotmail.com,2023-10-24,United States,Miami,paid_search
5,Scott,Allen,scott.allen@yahoo.com,2025-04-29,Netherlands,Rotterdam,paid_search
6,Tyler,Allen,tyler.allen@outlook.com,2024-09-03,France,Marseille,direct
7,Justin,Nelson,justin.nelson@hotmail.com,2025-09-18,Netherlands,Rotterdam,paid_search
8,Stephen,Carter,stephen.carter@icloud.com,2024-01-22,United States,Austin,affiliate
9,Donald,Torres,donald.torres@hotmail.com,2023-03-31,United States,Seattle,paid_search
10,Jacob,Rivera,jacob.rivera@hotmail.com,2025-10-11,United States,Chicago,affiliate
11,Thomas,Allen,thomas.allen@icloud.com,2025-06-20,United States,Los Angeles,organic_search
12,Ryan,Smith,ryan.smith@yahoo.com,2023-11-13,United Kingdom,Bristol,organic_search
13,Tyler,Taylor,tyler.taylor@outlook.com,2023-06-14,Germany,Frankfurt,direct
14,Gregory,Wright,gregory.wright@hotmail.com,2023-03-15,India,Hyderabad,email
15,Donald,Green,donald.green@outlook.com,2023-07-05,Mexico,Monterrey,social_media
16,Richard,Carter,richard.carter@gmail.com,2024-09-05,United Kingdom,Bristol,direct
17,Jennifer,Lee,jennifer.lee@gmail.com,2025-06-01,United States,Austin,organic_search
18,Anna,Clark,anna.clark@icloud.com,2023-12-15,Germany,Munich,organic_search
19,Brandon,Harris,brandon.harris@icloud.com,2023-10-21,Germany,Frankfurt,paid_search
20,Katherine,Taylor,katherine.taylor@hotmail.com,2025-08-10,United States,New York,direct
21,Gregory,Wright,gregory.wright@yahoo.com,2024-09-04,United States,Austin,email
22,Jason,Hall,jason.hall@outlook.com,2024-02-12,United Kingdom,Birmingham,affiliate
23,Amy,Miller,amy.miller@yahoo.com,2024-08-28,United States,Austin,affiliate
24,Donna,Johnson,donna.johnson@hotmail.com,2023-04-11,United States,Boston,direct
25,Olivia,Young,olivia.young@outlook.com,2024-12-22,France,Lyon,organic_search
26,Matthew,Flores,matthew.flores@outlook.com,2023-07-18,Germany,Munich,direct
27,Samuel,Williams,samuel.williams@outlook.com,2025-01-17,France,Paris,referral
28,Barbara,Jackson,barbara.jackson@outlook.com,2024-02-16,Australia,Melbourne,organic_search
29,Brenda,White,brenda.white@icloud.com,2023-12-03,United Kingdom,Birmingham,paid_search
30,Amy,Jackson,amy.jackson@outlook.com,2023-06-04,France,Toulouse,organic_search
31,Mark,Baker,mark.baker@hotmail.com,2025-01-19,Mexico,Monterrey,organic_search
32,Ronald,Smith,ronald.smith@outlook.com,2025-01-24,Canada,Calgary,email
33,Gregory,Taylor,gregory.taylor@icloud.com,2023-08-10,United States,Austin,email
34,Jacob,Johnson,jacob.johnson@icloud.com,2024-11-02,Brazil,Brasilia,direct
35,Mark,Adams,mark.adams@gmail.com,2024-09-10,Germany,Frankfurt,email
36,Joseph,Rodriguez,joseph.rodriguez@gmail.com,2025-10-05,India,Bangalore,organic_search
37,Donald,Wright,donald.wright@yahoo.com,2025-05-08,United States,Austin,social_media
38,Maria,Martinez,maria.martinez@hotmail.com,2025-04-15,Germany,Frankfurt,direct
39,Emily,Williams,emily.williams@outlook.com,2024-04-28,United States,Denver,direct
40,Richard,Baker,richard.baker@outlook.com,2023-05-05,Canada,Montreal,paid_search
41,Matthew,Davis,matthew.davis@hotmail.com,2023-02-13,United States,Houston,organic_search
42,Kevin,Thomas,kevin.thomas@yahoo.com,2023-05-21,France,Lyon,direct
43,Stephen,Wilson,stephen.wilson@icloud.com,2024-11-03,United States,Houston,referral
44,Tyler,Hill,tyler.hill@gmail.com,2023-09-24,United States,Chicago,social_media
45,Daniel,Davis,daniel.davis@gmail.com,2024-05-02,United States,Austin,social_media
46,John,Lopez,john.lopez@outlook.com,2025-12-13,United States,,organic_search
47,William,Walker,william.walker@hotmail.com,2025-07-14,France,Paris,social_media
48,Brandon,Williams,brandon.williams@icloud.com,2023-05-05,United States,New York,affiliate
49,Rebecca,Ramirez,rebecca.ramirez@gmail.com,2023-05-31,United Kingdom,Leeds,direct
50,Carol,Hill,carol.hill@yahoo.com,2024-10-27,United States,Phoenix,paid_search
51,Scott,King,scott.king@outlook.com,2025-05-31,United Kingdom,Glasgow,organic_search
52,Carolyn,Davis,carolyn.davis@icloud.com,2025-05-30,Australia,Melbourne,social_media
53,Sandra,Clark,sandra.clark@outlook.com,2025-05-01,France,Toulouse,referral
54,Kenneth,Ramirez,kenneth.ramirez@outlook.com,2023-11-09,Germany,Hamburg,email
55,Jacob,Jones,jacob.jones@gmail.com,2025-06-03,Netherlands,Amsterdam,organic_search
56,Jack,White,jack.white@yahoo.com,2024-11-06,Canada,Ottawa,email
57,Edward,Thompson,edward.thompson@hotmail.com,2023-04-16,Netherlands,Utrecht,affiliate
58,Scott,Martin,scott.martin@outlook.com,2024-03-11,United States,Miami,organic_search
59,Amy,Anderson,amy.anderson@gmail.com,2025-01-22,United States,Miami,organic_search
60,Emily,Torres,emily.torres@yahoo.com,2024-07-01,France,Paris,organic_search
61,Andrew,Hall,andrew.hall@outlook.com,2023-01-13,India,Bangalore,organic_search
62,Charles,Torres,charles.torres@hotmail.com,2023-07-07,United States,New York,referral
63,Margaret,Harris,margaret.harris@hotmail.com,2025-01-27,United Kingdom,Manchester,paid_search
64,Carol,Roberts,carol.roberts@icloud.com,2023-11-15,Canada,Toronto,organic_search
65,Samantha,Brown,samantha.brown@gmail.com,2025-09-21,United States,Seattle,email
66,Sharon,Moore,sharon.moore@yahoo.com,2024-12-07,Australia,Sydney,social_media
67,Paul,Baker,paul.baker@icloud.com,2024-09-23,United Kingdom,Bristol,organic_search
68,Ronald,Hill,ronald.hill@gmail.com,2024-03-08,United States,Phoenix,referral
69,Heather,Taylor,heather.taylor@outlook.com,2025-10-15,United States,New York,referral
70,Daniel,Rodriguez,daniel.rodriguez@hotmail.com,2025-10-21,Canada,Vancouver,social_media
71,Debra,Thompson,debra.thompson@gmail.com,2025-06-12,United States,New York,organic_search
72,Elizabeth,Lee,elizabeth.lee@icloud.com,2025-05-05,United Kingdom,Leeds,paid_search
73,Rebecca,Johnson,rebecca.johnson@outlook.com,2025-07-31,United States,Boston,direct
74,George,Garcia,george.garcia@hotmail.com,2025-06-11,Netherlands,Amsterdam,social_media
75,Anna,Garcia,anna.garcia@hotmail.com,2024-11-26,Brazil,Brasilia,paid_search
76,Diane,Hernandez,diane.hernandez@gmail.com,2025-12-22,United Kingdom,London,social_media
77,Diane,Thompson,diane.thompson@outlook.com,2024-04-28,Australia,Melbourne,organic_search
78,Steven,Gonzalez,steven.gonzalez@yahoo.com,2023-12-29,Canada,Toronto,affiliate
79,Benjamin,Young,benjamin.young@hotmail.com,2024-10-23,Australia,Perth,direct
80,Benjamin,Lee,benjamin.lee@yahoo.com,2025-06-24,United Kingdom,Leeds,email
81,Julie,Moore,julie.moore@icloud.com,2023-06-01,United States,Miami,paid_search
82,Cynthia,Williams,cynthia.williams@gmail.com,2023-06-07,United States,Phoenix,email
83,Barbara,Flores,barbara.flores@icloud.com,2023-03-26,United Kingdom,Leeds,social_media
84,Emma,Adams,emma.adams@yahoo.com,2025-10-23,United States,Denver,organic_search
85,Linda,Lewis,linda.lewis@gmail.com,2023-06-22,France,Marseille,social_media
86,Daniel,Williams,daniel.williams@yahoo.com,2025-12-09,Australia,Perth,social_media
87,Christopher,White,christopher.white@outlook.com,2025-04-17,India,Hyderabad,referral
88,Gregory,Hill,gregory.hill@gmail.com,2023-05-15,France,Marseille,paid_search
89,Pamela,Baker,pamela.baker@hotmail.com,2023-11-04,United States,Boston,paid_search
90,Justin,Nelson,justin.nelson@yahoo.com,2025-03-13,India,Bangalore,organic_search
91,Alexander,Garcia,alexander.garcia@outlook.com,2023-09-19,Canada,Montreal,email
92,Jack,Baker,jack.baker@icloud.com,2025-11-07,United States,Seattle,paid_search
93,George,Martin,george.martin@yahoo.com,2025-09-22,India,Bangalore,organic_search
94,Sarah,Martinez,sarah.martinez@gmail.com,2025-11-05,United States,Los Angeles,referral
95,Jack,King,jack.king@gmail.com,2023-09-26,Germany,Cologne,social_media
96,Karen,Hernandez,karen.hernandez@yahoo.com,2023-12-06,Netherlands,Utrecht,referral
97,Jennifer,Clark,jennifer.clark@outlook.com,2025-06-28,Germany,Munich,email
98,Dennis,Mitchell,dennis.mitchell@hotmail.com,2024-09-25,United States,Houston,affiliate
99,Tyler,Walker,tyler.walker@yahoo.com,2025-06-21,United States,Boston,social_media
100,Paul,Roberts,paul.roberts@hotmail.com,2023-11-28,United Kingdom,Leeds,referral
101,Helen,Rodriguez,helen.rodriguez@outlook.com,2025-01-30,United States,Denver,social_media
102,Susan,Rivera,susan.rivera@icloud.com,2023-06-21,Netherlands,Rotterdam,referral
103,Andrew,Lewis,andrew.lewis@icloud.com,2023-07-07,United States,Seattle,direct
104,Mark,Lewis,mark.lewis@outlook.com,2023-04-20,India,Hyderabad,paid_search
105,Deborah,Thomas,deborah.thomas@hotmail.com,2024-04-04,Mexico,Guadalajara,organic_search
106,Richard,Rivera,richard.rivera@outlook.com,2023-03-20,France,Lyon,paid_search
107,Jacob,Hall,jacob.hall@yahoo.com,2025-07-07,Australia,Perth,email
108,David,Johnson,david.johnson@outlook.com,2025-12-16,United States,Chicago,social_media
109,Diane,Jackson,diane.jackson@yahoo.com,2024-05-03,United States,New York,social_media
110,Julie,Flores,julie.flores@hotmail.com,2023-02-03,United States,Denver,email
111,Emma,Thomas,emma.thomas@yahoo.com,2024-12-23,United States,New York,paid_search
112,Sharon,Lopez,sharon.lopez@gmail.com,2023-05-19,Canada,Montreal,affiliate
113,Brenda,Allen,brenda.allen@icloud.com,2025-08-20,Canada,Calgary,organic_search
114,Stephanie,White,stephanie.white@outlook.com,2023-05-19,Australia,Brisbane,paid_search
115,Maria,Nelson,maria.nelson@gmail.com,2023-10-01,France,Marseille,organic_search
116,Brenda,Perez,brenda.perez@yahoo.com,2025-08-09,Netherlands,Utrecht,affiliate
117,Amy,Green,amy.green@yahoo.com,2025-07-26,France,Paris,organic_search
118,Betty,Williams,betty.williams@yahoo.com,2024-09-27,Brazil,Rio de Janeiro,social_media
119,Brenda,Walker,brenda.walker@outlook.com,2024-08-08,United States,Houston,paid_search
120,Diane,Brown,diane.brown@outlook.com,2025-06-13,United States,Austin,direct
121,Olivia,Lewis,olivia.lewis@hotmail.com,2025-10-13,United States,Chicago,email
122,Deborah,King,deborah.king@outlook.com,2023-06-11,France,Toulouse,social_media
123,Lisa,Wright,lisa.wright@outlook.com,2024-11-02,United States,Los Angeles,email
124,Michelle,Lewis,michelle.lewis@icloud.com,2025-06-28,Australia,Melbourne,paid_search
125,Jennifer,Campbell,jennifer.campbell@outlook.com,2024-07-16,Canada,Calgary,email
126,Julie,Brown,julie.brown@gmail.com,2025-01-14,Germany,Frankfurt,social_media
127,Olivia,Baker,olivia.baker@yahoo.com,2025-06-16,India,Delhi,organic_search
128,William,Thomas,william.thomas@outlook.com,2023-03-08,United States,Boston,email
129,Gregory,Lewis,gregory.lewis@outlook.com,2023-10-09,United States,Los Angeles,social_media
130,Ronald,Lee,ronald.lee@outlook.com,2023-02-23,United States,Los Angeles,referral
131,Angela,King,angela.king@hotmail.com,2024-06-20,India,Mumbai,referral
132,Alexander,Lewis,alexander.lewis@yahoo.com,2025-10-02,Mexico,Guadalajara,organic_search
133,Sarah,Jones,sarah.jones@hotmail.com,2023-06-29,United States,Denver,referral
134,Kenneth,Nelson,kenneth.nelson@outlook.com,2024-09-06,Australia,Brisbane,direct
135,Janet,Rivera,janet.rivera@yahoo.com,2023-09-06,France,Lyon,affiliate
136,Julie,Rodriguez,julie.rodriguez@yahoo.com,2025-01-09,France,Paris,social_media
137,Deborah,Robinson,deborah.robinson@icloud.com,2023-05-15,United States,Los Angeles,paid_search
138,Janet,Campbell,janet.campbell@hotmail.com,2023-06-01,Canada,Calgary,organic_search
139,Kenneth,Adams,kenneth.adams@gmail.com,2025-11-25,United Kingdom,Bristol,paid_search
140,Diane,Scott,diane.scott@icloud.com,2025-06-05,United States,Chicago,social_media
141,Linda,Davis,linda.davis@icloud.com,2023-11-28,United States,Chicago,paid_search
142,Alexander,Anderson,alexander.anderson@outlook.com,2023-06-11,India,Bangalore,paid_search
143,Katherine,Scott,katherine.scott@outlook.com,2025-12-28,United States,Phoenix,organic_search
144,Samuel,Hernandez,samuel.hernandez@icloud.com,2023-12-17,India,Delhi,email
145,Patrick,Hill,patrick.hill@outlook.com,2023-03-26,Netherlands,Utrecht,direct
146,Patricia,Garcia,patricia.garcia@gmail.com,2024-03-07,India,Bangalore,referral
147,Sharon,Flores,sharon.flores@gmail.com,2024-08-16,United Kingdom,Bristol,email
148,Joshua,Walker,joshua.walker@yahoo.com,2024-09-01,France,Toulouse,social_media
149,Raymond,Brown,raymond.brown@yahoo.com,2025-08-09,United Kingdom,Leeds,organic_search
150,Helen,Martinez,helen.martinez@outlook.com,2024-12-08,Netherlands,Rotterdam,affiliate
151,Thomas,Carter,thomas.carter@outlook.com,2024-10-15,United Kingdom,London,paid_search
152,Jessica,Moore,jessica.moore@hotmail.com,2023-04-14,United States,Los Angeles,paid_search
153,Stephanie,Flores,stephanie.flores@hotmail.com,2024-11-01,United States,Chicago,direct
154,Patrick,Lee,patrick.lee@yahoo.com,2025-11-20,Australia,Perth,social_media
155,Michelle,Young,michelle.young@gmail.com,2025-11-01,United States,Seattle,social_media
156,Donald,Wilson,donald.wilson@icloud.com,2024-07-30,United States,New York,social_media
157,Christine,Baker,christine.baker@hotmail.com,2023-08-09,United States,New York,social_media
158,Kimberly,Campbell,kimberly.campbell@outlook.com,2023-04-03,Australia,Brisbane,social_media
159,Larry,Scott,larry.scott@yahoo.com,2023-05-31,United States,Phoenix,paid_search
160,Cynthia,Carter,cynthia.carter@icloud.com,2023-09-01,United States,Boston,organic_search
161,Richard,Sanchez,richard.sanchez@outlook.com,2025-01-18,France,Marseille,referral
162,Betty,Hill,betty.hill@icloud.com,2023-04-03,United Kingdom,London,organic_search
163,Janet,Perez,janet.perez@hotmail.com,2025-11-21,United Kingdom,Manchester,organic_search
164,Brandon,Lee,brandon.lee@yahoo.com,2024-09-04,United States,Boston,social_media
165,Nicholas,Allen,nicholas.allen@icloud.com,2024-09-05,United Kingdom,Glasgow,social_media
166,John,White,john.white@outlook.com,2024-09-22,Germany,Frankfurt,referral
167,Patrick,Hall,patrick.hall@gmail.com,2024-04-11,Canada,Montreal,referral
168,Justin,Walker,justin.walker@yahoo.com,2025-02-17,Canada,Ottawa,organic_search
169,Rachel,Thomas,rachel.thomas@gmail.com,2024-01-26,Canada,Toronto,organic_search
170,Kenneth,Clark,kenneth.clark@yahoo.com,2025-04-20,United Kingdom,Manchester,social_media
171,Brandon,Walker,brandon.walker@gmail.com,2024-10-27,Australia,Melbourne,affiliate
172,Amy,King,amy.king@hotmail.com,2025-07-30,United States,Chicago,direct
173,Amanda,Wright,amanda.wright@outlook.com,2025-09-18,Germany,Hamburg,organic_search
174,Ashley,Moore,ashley.moore@icloud.com,2024-08-14,United States,Phoenix,email
175,Raymond,Rivera,raymond.rivera@hotmail.com,2024-07-14,United States,Austin,paid_search
176,Emma,Baker,emma.baker@icloud.com,2024-12-07,United States,Seattle,affiliate
177,Charles,Jackson,charles.jackson@gmail.com,2024-12-10,United States,Los Angeles,direct
178,Christine,Taylor,christine.taylor@hotmail.com,2024-07-09,United States,Miami,direct
179,Carolyn,Moore,carolyn.moore@yahoo.com,2024-05-05,United States,Boston,paid_search
180,Debra,King,debra.king@yahoo.com,2023-07-25,Germany,Berlin,social_media
181,Janet,Walker,janet.walker@gmail.com,2023-01-11,Germany,Munich,affiliate
182,Christopher,Clark,christopher.clark@hotmail.com,2024-08-11,United Kingdom,Manchester,paid_search
183,Samuel,Brown,samuel.brown@gmail.com,2025-12-31,Germany,Munich,referral
184,Robert,Lopez,robert.lopez@hotmail.com,2023-03-16,Brazil,Sao Paulo,affiliate
185,Ronald,Young,ronald.young@yahoo.com,2023-03-18,India,Bangalore,organic_search
186,Larry,Hill,larry.hill@gmail.com,2024-08-05,India,Bangalore,social_media
187,Samuel,Wright,samuel.wright@icloud.com,2025-10-29,United Kingdom,Manchester,social_media
188,Matthew,Davis,matthew.davis@outlook.com,2024-06-10,United States,Denver,email
189,Mary,Mitchell,mary.mitchell@outlook.com,2023-12-26,France,Lyon,email
190,Katherine,Sanchez,katherine.sanchez@hotmail.com,2025-03-31,United Kingdom,London,email
191,Lisa,Rodriguez,lisa.rodriguez@hotmail.com,2023-01-14,United States,Houston,paid_search
192,Donald,Lewis,donald.lewis@outlook.com,2023-01-24,India,Bangalore,paid_search
193,George,Hall,george.hall@yahoo.com,2025-08-11,United States,Los Angeles,paid_search
194,Rebecca,Baker,rebecca.baker@icloud.com,2023-08-29,India,Bangalore,email
195,Donna,White,donna.white@icloud.com,2025-09-06,United States,Chicago,organic_search
196,Olivia,Hill,olivia.hill@outlook.com,2025-08-22,United Kingdom,Glasgow,referral
197,Debra,Wilson,debra.wilson@yahoo.com,2023-06-17,Germany,Cologne,social_media
198,Anna,Rivera,anna.rivera@outlook.com,2023-08-18,United States,Boston,organic_search
199,Stephen,Allen,stephen.allen@yahoo.com,2023-12-03,Canada,Vancouver,paid_search
200,Eric,Lewis,eric.lewis@gmail.com,2025-09-28,Germany,Cologne,organic_search
201,Shirley,Lewis,shirley.lewis@gmail.com,2025-04-30,United Kingdom,Glasgow,social_media
202,Linda,Scott,linda.scott@hotmail.com,2023-02-14,Germany,Hamburg,paid_search
203,James,Mitchell,james.mitchell@yahoo.com,2025-05-17,Canada,Toronto,paid_search
204,William,Wright,william.wright@gmail.com,2025-08-24,India,Mumbai,organic_search
205,Edward,Lopez,edward.lopez@yahoo.com,2025-02-05,Australia,Perth,affiliate
206,Timothy,Lewis,timothy.lewis@hotmail.com,2023-09-30,United States,Miami,email
207,Brian,Davis,brian.davis@yahoo.com,2025-12-19,Mexico,Guadalajara,organic_search
208,Mark,Smith,mark.smith@gmail.com,2025-05-18,Mexico,Guadalajara,social_media
209,Sandra,Thomas,sandra.thomas@hotmail.com,2024-01-22,United States,Phoenix,direct
210,Patrick,Carter,patrick.carter@gmail.com,2023-02-02,United States,Seattle,paid_search
211,William,Miller,william.miller@icloud.com,2023-04-10,United States,Boston,paid_search
212,Jennifer,Sanchez,jennifer.sanchez@hotmail.com,2023-04-26,United States,Houston,organic_search
213,Donna,Anderson,donna.anderson@icloud.com,2024-10-18,United States,Boston,paid_search
214,Charles,Nelson,charles.nelson@icloud.com,2024-07-17,United States,Phoenix,organic_search
215,Nicole,Mitchell,nicole.mitchell@yahoo.com,2025-10-12,Germany,Frankfurt,organic_search
216,Brian,Adams,brian.adams@hotmail.com,2025-05-02,France,Marseille,social_media
217,Joshua,Harris,joshua.harris@yahoo.com,2024-05-08,Australia,Perth,direct
218,Joshua,Rivera,joshua.rivera@yahoo.com,2025-04-25,France,Paris,affiliate
219,Pamela,King,pamela.king@yahoo.com,2024-02-21,United States,Phoenix,paid_search
220,David,Lewis,david.lewis@outlook.com,2023-04-16,United States,Houston,paid_search
221,Gregory,Hill,gregory.hill@icloud.com,2024-01-21,United States,Los Angeles,referral
222,Nicole,Campbell,nicole.campbell@icloud.com,2024-11-12,United States,,paid_search
223,Mary,Wilson,mary.wilson@yahoo.com,2025-09-07,Mexico,Mexico City,direct
224,Carolyn,Hill,carolyn.hill@yahoo.com,2024-10-20,United States,Houston,referral
225,Timothy,Robinson,timothy.robinson@icloud.com,2024-06-19,Germany,Hamburg,paid_search
226,Angela,Robinson,angela.robinson@gmail.com,2024-10-17,France,Toulouse,direct
227,Deborah,Lee,deborah.lee@hotmail.com,2023-10-26,United States,Houston,organic_search
228,Stephen,Nguyen,stephen.nguyen@icloud.com,2023-11-09,Australia,Brisbane,organic_search
229,Sandra,Harris,sandra.harris@icloud.com,2024-11-22,Netherlands,Rotterdam,paid_search
230,Gary,Campbell,gary.campbell@hotmail.com,2024-12-22,United Kingdom,Bristol,organic_search
231,Patrick,Wright,patrick.wright@hotmail.com,2023-05-01,United States,Miami,social_media
232,Elizabeth,Nelson,elizabeth.nelson@gmail.com,2023-10-09,Australia,Perth,direct
233,Sandra,Jones,sandra.jones@yahoo.com,2025-07-22,United States,Miami,paid_search
234,Samantha,Green,samantha.green@icloud.com,2023-02-02,India,Hyderabad,organic_search
235,Stephen,Clark,stephen.clark2@gmail.com,2024-08-10,Canada,Montreal,organic_search
236,Carolyn,Baker,carolyn.baker@hotmail.com,2023-08-08,France,Lyon,direct
237,Anna,Martinez,anna.martinez@yahoo.com,2024-05-31,United States,Miami,referral
238,Andrew,Sanchez,andrew.sanchez@gmail.com,2025-07-29,United States,Seattle,social_media
239,Carolyn,Anderson,carolyn.anderson@outlook.com,2023-03-06,Germany,Berlin,organic_search
240,Timothy,Harris,timothy.harris@icloud.com,2023-01-20,United Kingdom,Bristol,email
241,David,Young,david.young@hotmail.com,2023-07-15,Germany,Hamburg,direct
242,Jennifer,Anderson,jennifer.anderson@yahoo.com,2025-08-31,Brazil,Brasilia,paid_search
243,Elizabeth,Baker,elizabeth.baker@outlook.com,2023-03-09,Brazil,Brasilia,organic_search
244,Kenneth,Johnson,kenneth.johnson@yahoo.com,2023-06-07,Canada,Calgary,paid_search
245,Larry,Thomas,larry.thomas@icloud.com,2024-11-10,Netherlands,Rotterdam,paid_search
246,Jack,Rodriguez,jack.rodriguez@gmail.com,2023-04-20,United Kingdom,Birmingham,organic_search
247,Sandra,Jones,sandra.jones@outlook.com,2025-03-23,Canada,Ottawa,affiliate
248,Carol,Johnson,carol.johnson@outlook.com,2025-10-01,France,Toulouse,paid_search
249,Stephen,Harris,stephen.harris@hotmail.com,2025-02-17,United States,Boston,organic_search
250,Samantha,Jackson,samantha.jackson@yahoo.com,2024-07-02,Australia,Sydney,organic_search
251,Janet,Green,janet.green@yahoo.com,2025-01-08,Australia,Brisbane,organic_search
252,James,Martin,james.martin@hotmail.com,2023-07-29,United States,Phoenix,organic_search
253,Lisa,Ramirez,lisa.ramirez@hotmail.com,2025-04-15,Canada,Ottawa,organic_search
254,Barbara,Thompson,barbara.thompson@icloud.com,2024-10-26,United States,Boston,direct
255,Mary,Jackson,mary.jackson@hotmail.com,2024-05-12,United States,Los Angeles,social_media
256,Nancy,Baker,nancy.baker@hotmail.com,2024-09-08,United States,Phoenix,paid_search
257,Charles,Jones,charles.jones@yahoo.com,2024-09-05,United Kingdom,Leeds,social_media
258,Elizabeth,White,elizabeth.white@outlook.com,2024-02-05,India,Hyderabad,social_media
259,Sarah,Martin,sarah.martin@gmail.com,2025-02-17,India,Bangalore,referral
260,Kevin,Lewis,kevin.lewis@outlook.com,2023-10-06,United Kingdom,Bristol,paid_search
261,Helen,Hall,helen.hall@yahoo.com,2025-03-26,United Kingdom,Manchester,affiliate
262,Donna,Mitchell,donna.mitchell@hotmail.com,2024-10-29,Mexico,Mexico City,paid_search
263,Tyler,Sanchez,tyler.sanchez@outlook.com,2024-02-14,United States,Boston,social_media
264,Brenda,Lopez,brenda.lopez@icloud.com,2024-03-05,United States,Denver,social_media
265,Donna,Hall,donna.hall@gmail.com,2025-10-19,France,Toulouse,organic_search
266,Joshua,Thomas,joshua.thomas@outlook.com,2025-02-11,Germany,Frankfurt,organic_search
267,Scott,Walker,scott.walker@icloud.com,2025-05-06,United Kingdom,Glasgow,social_media
268,Julie,White,julie.white@icloud.com,2023-08-12,Canada,Toronto,referral
269,Frank,Nelson,frank.nelson@outlook.com,2023-04-01,United States,Boston,social_media
270,Samuel,Baker,samuel.baker@hotmail.com,2025-05-31,Mexico,Guadalajara,organic_search
271,Richard,Taylor,richard.taylor@yahoo.com,2024-03-28,United Kingdom,Glasgow,social_media
272,Ronald,Robinson,ronald.robinson@icloud.com,2024-12-07,Germany,Munich,affiliate
273,Amy,Miller,amy.miller@outlook.com,2023-08-26,United Kingdom,London,direct
274,Maria,Martinez,maria.martinez@outlook.com,2024-02-28,United States,Denver,social_media
275,Brian,Walker,brian.walker@gmail.com,2025-07-15,United Kingdom,Bristol,paid_search
276,Joshua,Williams,joshua.williams@gmail.com,2023-08-12,United States,Austin,email
277,Nancy,Mitchell,nancy.mitchell@yahoo.com,2023-11-24,United Kingdom,Glasgow,paid_search
278,Jason,Robinson,jason.robinson@yahoo.com,2024-01-17,France,Lyon,email
279,Laura,Sanchez,laura.sanchez@gmail.com,2025-07-09,Australia,Melbourne,social_media
280,Stephanie,Smith,stephanie.smith@yahoo.com,2023-07-28,United States,Los Angeles,referral
281,Jonathan,Lopez,jonathan.lopez@outlook.com,2023-08-22,United States,Denver,paid_search
282,Gary,King,gary.king@outlook.com,2025-03-14,Canada,Ottawa,social_media
283,Brian,Thompson,brian.thompson@hotmail.com,2023-06-23,Canada,Montreal,email
284,Kenneth,Davis,kenneth.davis@yahoo.com,2025-02-03,United States,Chicago,email
285,Shirley,Harris,shirley.harris@hotmail.com,2025-02-24,Canada,Ottawa,social_media
286,Gary,Green,gary.green@icloud.com,2023-12-08,Germany,Munich,social_media
287,Sarah,Lopez,sarah.lopez@outlook.com,2023-04-20,Netherlands,Utrecht,direct
288,Mary,Young,mary.young@yahoo.com,2025-11-01,United States,Seattle,email
289,Edward,Baker,edward.baker@hotmail.com,2025-09-27,United Kingdom,Leeds,organic_search
290,Larry,Johnson,larry.johnson@yahoo.com,2024-04-05,United States,Phoenix,social_media
291,Nancy,Roberts,nancy.roberts@hotmail.com,2025-11-12,Canada,Calgary,organic_search
292,Joseph,Moore,joseph.moore@icloud.com,2023-03-27,France,Marseille,referral
293,Jeffrey,Wright,jeffrey.wright@yahoo.com,2024-05-21,Mexico,Mexico City,paid_search
294,Robert,Lewis,robert.lewis@outlook.com,2025-06-18,United States,Los Angeles,direct
295,Jessica,Roberts,jessica.roberts@yahoo.com,2024-12-19,United States,Boston,direct
296,Brandon,Green,brandon.green@hotmail.com,2024-02-28,United States,Chicago,referral
297,Linda,Torres,linda.torres@outlook.com,2023-12-11,Canada,Ottawa,paid_search
298,Alexander,Jackson,alexander.jackson@outlook.com,2023-07-15,Canada,Ottawa,organic_search
299,Dennis,Clark,dennis.clark@gmail.com,2023-09-17,Mexico,Monterrey,email
300,Thomas,Thomas,thomas.thomas@yahoo.com,2025-03-15,Australia,Melbourne,social_media
301,Emma,Green,emma.green@outlook.com,2025-07-14,Germany,Frankfurt,organic_search
302,Julie,Roberts,julie.roberts@gmail.com,2024-07-23,United Kingdom,Bristol,email
303,Deborah,Robinson,deborah.robinson@hotmail.com,2023-07-10,United States,New York,referral
304,Ryan,Green,ryan.green@outlook.com,2025-03-25,Netherlands,Utrecht,organic_search
305,Jason,Wilson,jason.wilson@hotmail.com,2024-11-22,United States,Phoenix,social_media
306,Thomas,Torres,thomas.torres@hotmail.com,2023-04-05,France,Paris,organic_search
307,Tyler,Robinson,tyler.robinson@gmail.com,2025-06-22,United States,Chicago,social_media
308,Jason,Gonzalez,jason.gonzalez@yahoo.com,2023-11-22,Brazil,Rio de Janeiro,direct
309,Emily,Garcia,emily.garcia@outlook.com,2023-12-05,United States,Austin,organic_search
310,Benjamin,Martin,benjamin.martin@yahoo.com,2023-07-14,United Kingdom,London,organic_search
311,Amy,Jones,amy.jones@yahoo.com,2025-06-30,Canada,Ottawa,organic_search
312,Carolyn,Perez,carolyn.perez@gmail.com,2023-09-28,Mexico,Guadalajara,social_media
313,Sandra,Harris,sandra.harris@gmail.com,2023-07-31,Australia,,paid_search
314,Joshua,Rodriguez,joshua.rodriguez@hotmail.com,2023-10-20,France,Lyon,organic_search
315,Larry,Smith,larry.smith@icloud.com,2024-12-20,Germany,Frankfurt,referral
316,Benjamin,Mitchell,benjamin.mitchell@yahoo.com,2024-03-20,India,Hyderabad,organic_search
317,Richard,Rodriguez,richard.rodriguez@gmail.com,2024-12-20,Canada,Calgary,affiliate
318,Kenneth,Rodriguez,kenneth.rodriguez@yahoo.com,2024-05-23,United States,Los Angeles,social_media
319,Scott,Campbell,scott.campbell@icloud.com,2024-09-09,United States,New York,organic_search
320,Helen,Allen,helen.allen@yahoo.com,2023-04-22,Australia,Brisbane,referral
321,Julie,Thomas,julie.thomas@hotmail.com,2025-10-20,United States,Houston,email
322,Elizabeth,King,elizabeth.king@gmail.com,2023-09-28,Mexico,Guadalajara,paid_search
323,Larry,Clark,larry.clark@outlook.com,2025-08-22,Canada,Vancouver,affiliate
324,Jerry,Jones,jerry.jones@gmail.com,2024-06-20,Canada,Toronto,organic_search
325,Linda,Sanchez,linda.sanchez@icloud.com,2025-04-30,United States,Miami,social_media
326,Rebecca,Garcia,rebecca.garcia@icloud.com,2024-07-22,Canada,Vancouver,organic_search
327,David,Allen,david.allen@yahoo.com,2024-10-31,Mexico,Mexico City,paid_search
328,Katherine,Carter,katherine.carter@gmail.com,2024-05-03,United States,Seattle,organic_search
329,Barbara,Ramirez,barbara.ramirez@gmail.com,2023-04-23,United Kingdom,Glasgow,paid_search
330,Jack,Nelson,jack.nelson@yahoo.com,2023-01-24,United States,Chicago,organic_search
331,Brian,King,brian.king@icloud.com,2023-12-08,France,Marseille,paid_search
332,Olivia,Roberts,olivia.roberts@outlook.com,2023-03-02,Australia,Sydney,paid_search
333,Jason,Moore,jason.moore@icloud.com,2023-06-07,United States,Boston,social_media
334,Shirley,White,shirley.white@gmail.com,2023-12-08,United Kingdom,Glasgow,paid_search
335,Steven,Roberts,steven.roberts@gmail.com,2023-08-25,Brazil,Brasilia,paid_search
336,Shirley,Smith,shirley.smith@gmail.com,2024-05-15,Netherlands,Amsterdam,organic_search
337,George,Harris,george.harris@yahoo.com,2025-05-08,United States,New York,paid_search
338,Ashley,Clark,ashley.clark@outlook.com,2025-02-02,United States,Los Angeles,organic_search
339,Gregory,Brown,gregory.brown@yahoo.com,2023-04-05,United States,Miami,affiliate
340,William,Robinson,william.robinson@outlook.com,2024-11-01,France,Marseille,organic_search
341,Ryan,Smith,ryan.smith@outlook.com,2024-09-14,United States,Boston,referral
342,Ashley,Robinson,ashley.robinson@outlook.com,2024-02-05,Canada,Calgary,referral
343,Brenda,Carter,brenda.carter@yahoo.com,2023-02-18,United States,Seattle,paid_search
344,Brian,Green,brian.green@gmail.com,2025-02-09,India,Mumbai,direct
345,Maria,Martin,maria.martin@gmail.com,2025-05-09,United States,Houston,social_media
346,Linda,Martinez,linda.martinez@outlook.com,2025-11-30,United States,Houston,social_media
347,Deborah,Robinson,deborah.robinson@gmail.com,2023-10-01,Canada,Ottawa,email
348,Ronald,Jones,ronald.jones@icloud.com,2023-09-25,Canada,Calgary,paid_search
349,Kimberly,Lee,kimberly.lee@hotmail.com,2024-10-13,Australia,Brisbane,social_media
350,Sandra,Jones,sandra.jones2@gmail.com,2023-11-15,France,Paris,organic_search
351,Cynthia,Robinson,cynthia.robinson@outlook.com,2025-01-03,United Kingdom,Glasgow,affiliate
352,Anthony,Lewis,anthony.lewis@outlook.com,2023-07-05,United Kingdom,London,organic_search
353,Rachel,Martin,rachel.martin@icloud.com,2023-10-31,United States,Austin,organic_search
354,Ashley,Thompson,ashley.thompson@hotmail.com,2024-09-04,United Kingdom,Bristol,paid_search
355,Daniel,Johnson,daniel.johnson@hotmail.com,2024-05-26,Netherlands,Utrecht,organic_search
356,Susan,Rodriguez,susan.rodriguez@gmail.com,2023-09-25,United States,Houston,organic_search
357,Rebecca,White,rebecca.white@gmail.com,2023-06-03,Canada,Montreal,organic_search
358,William,Gonzalez,william.gonzalez@hotmail.com,2024-11-10,France,Paris,organic_search
359,Kathleen,Brown,kathleen.brown@yahoo.com,2025-03-19,India,Hyderabad,social_media
360,Timothy,Baker,timothy.baker@hotmail.com,2024-01-19,United States,Houston,paid_search
361,Cynthia,Martinez,cynthia.martinez@gmail.com,2024-05-18,Canada,Ottawa,email
362,Angela,Clark,angela.clark@icloud.com,2024-07-26,United Kingdom,London,paid_search
363,Sharon,Gonzalez,sharon.gonzalez@icloud.com,2023-02-09,United States,Miami,affiliate
364,Tyler,Rivera,tyler.rivera@outlook.com,2024-12-05,United Kingdom,Leeds,direct
365,Nicholas,Lee,nicholas.lee@hotmail.com,2024-10-15,United States,New York,social_media
366,Patricia,Roberts,patricia.roberts@outlook.com,2025-12-20,United States,Denver,paid_search
367,Justin,Anderson,justin.anderson@yahoo.com,2024-06-29,United States,Houston,social_media
368,Julie,Mitchell,julie.mitchell@gmail.com,2025-03-06,Australia,Melbourne,paid_search
369,Daniel,Lopez,daniel.lopez@yahoo.com,2023-02-27,Canada,Montreal,email
370,Melissa,Torres,melissa.torres@icloud.com,2025-10-05,United States,Houston,social_media
371,Daniel,Young,daniel.young@gmail.com,2024-03-24,United States,Houston,organic_search
372,Amy,Smith,amy.smith@outlook.com,2023-09-25,India,Delhi,paid_search
373,Daniel,Lee,daniel.lee@gmail.com,2023-10-18,United States,Boston,referral
374,Anna,White,anna.white@gmail.com,2023-07-26,United States,Seattle,paid_search
375,Carol,Rodriguez,carol.rodriguez@yahoo.com,2025-09-24,Australia,Perth,email
376,Daniel,Rivera,daniel.rivera@icloud.com,2024-12-31,Germany,Cologne,paid_search
377,Nicole,Lopez,nicole.lopez@hotmail.com,2023-09-18,United States,Phoenix,organic_search
378,James,Hall,james.hall@icloud.com,2023-03-08,United States,Boston,organic_search
379,Kenneth,Flores,kenneth.flores@yahoo.com,2025-10-13,Germany,,organic_search
380,Olivia,Jones,olivia.jones@yahoo.com,2023-12-10,United States,Austin,email
381,Barbara,Rivera,barbara.rivera@outlook.com,2024-03-05,United Kingdom,Birmingham,paid_search
382,William,Thompson,william.thompson@outlook.com,2023-04-09,France,Paris,paid_search
383,Maria,Clark,maria.clark@yahoo.com,2025-02-14,Brazil,Rio de Janeiro,paid_search
384,Timothy,Miller,timothy.miller@hotmail.com,2023-11-30,France,Lyon,social_media
385,Robert,Jackson,robert.jackson@gmail.com,2023-06-01,United States,Los Angeles,paid_search
386,Timothy,Hernandez,timothy.hernandez@gmail.com,2024-11-23,Canada,Toronto,social_media
387,Brandon,Walker,brandon.walker2@yahoo.com,2025-06-08,India,Delhi,organic_search
388,Richard,Perez,richard.perez@yahoo.com,2024-06-27,Mexico,Guadalajara,email
389,Joshua,Thomas,joshua.thomas@gmail.com,2025-10-02,United States,Boston,organic_search
390,George,Smith,george.smith@hotmail.com,2025-09-10,United States,Boston,organic_search
391,Patricia,Wilson,patricia.wilson@yahoo.com,2025-08-27,Germany,Berlin,direct
392,Michelle,Sanchez,michelle.sanchez@hotmail.com,2024-06-26,United Kingdom,Bristol,organic_search
393,Brenda,Harris,brenda.harris@yahoo.com,2025-01-26,United States,Seattle,organic_search
394,Jennifer,Taylor,jennifer.taylor@hotmail.com,2024-07-04,United Kingdom,Manchester,social_media
395,Karen,Carter,karen.carter@gmail.com,2025-04-27,United States,Austin,affiliate
396,Nicole,Anderson,nicole.anderson@icloud.com,2025-12-06,United States,Seattle,social_media
397,Jonathan,Baker,jonathan.baker@hotmail.com,2025-09-02,Canada,Vancouver,paid_search
398,Ronald,Rivera,ronald.rivera@gmail.com,2023-10-29,United Kingdom,Glasgow,organic_search
399,Dennis,Lewis,dennis.lewis@yahoo.com,2024-03-09,India,Delhi,referral
400,Thomas,Williams,thomas.williams@hotmail.com,2024-02-18,United States,Seattle,affiliate
401,Benjamin,Martinez,benjamin.martinez@icloud.com,2023-06-28,United States,Los Angeles,paid_search
402,Ronald,Scott,ronald.scott@outlook.com,2025-07-27,Netherlands,Utrecht,direct
403,Mary,Hall,mary.hall@icloud.com,2023-08-19,Canada,Calgary,social_media
404,Charles,Torres,charles.torres@icloud.com,2023-08-05,Canada,Toronto,social_media
405,Richard,Jackson,richard.jackson@icloud.com,2024-06-24,Brazil,Rio de Janeiro,paid_search
406,Gary,Torres,gary.torres@icloud.com,2024-07-18,United Kingdom,Manchester,social_media
407,Samantha,Hill,samantha.hill@hotmail.com,2024-05-01,United States,Austin,organic_search
408,Jacob,Moore,jacob.moore@outlook.com,2024-09-28,United States,Phoenix,paid_search
409,Gary,Hall,gary.hall@gmail.com,2023-10-03,Mexico,Mexico City,paid_search
410,Olivia,Lewis,olivia.lewis@outlook.com,2023-07-02,United States,Seattle,organic_search
411,Margaret,Clark,margaret.clark@hotmail.com,2023-04-26,Australia,Brisbane,social_media
412,Christopher,Jones,christopher.jones@outlook.com,2023-10-05,Australia,Perth,referral
413,Anna,Torres,anna.torres@gmail.com,2023-04-29,United States,Houston,paid_search
414,Ryan,Brown,ryan.brown@outlook.com,2025-01-24,Australia,Brisbane,direct
415,Nicholas,Sanchez,nicholas.sanchez@gmail.com,2025-02-01,Germany,Munich,social_media
416,Cynthia,Lopez,cynthia.lopez@hotmail.com,2024-12-06,Canada,Montreal,organic_search
417,Kimberly,Mitchell,kimberly.mitchell@gmail.com,2023-04-12,United States,Seattle,organic_search
418,Emma,Roberts,emma.roberts@yahoo.com,2024-04-06,Netherlands,Utrecht,email
419,Andrew,Adams,andrew.adams@hotmail.com,2023-01-19,United Kingdom,Bristol,social_media
420,Thomas,Adams,thomas.adams@yahoo.com,2024-04-03,Canada,Toronto,paid_search
421,Michelle,Rivera,michelle.rivera@outlook.com,2024-12-15,United Kingdom,Leeds,social_media
422,Margaret,Robinson,margaret.robinson@outlook.com,2025-03-24,Germany,Cologne,social_media
423,James,Allen,james.allen@outlook.com,2024-08-01,Canada,Ottawa,paid_search
424,Susan,Walker,susan.walker@gmail.com,2024-10-27,United States,Phoenix,direct
425,Kimberly,Adams,kimberly.adams@outlook.com,2024-05-07,United States,,direct
426,Scott,Sanchez,scott.sanchez@outlook.com,2025-10-15,Germany,Berlin,affiliate
427,Kimberly,Clark,kimberly.clark@hotmail.com,2024-01-24,United States,New York,paid_search
428,Janet,Anderson,janet.anderson@icloud.com,2025-01-04,Germany,Frankfurt,social_media
429,Nancy,Nelson,nancy.nelson@icloud.com,2025-08-22,United States,,organic_search
430,Kimberly,Campbell,kimberly.campbell@icloud.com,2024-11-18,Australia,Melbourne,email
431,Mark,Thompson,mark.thompson@yahoo.com,2025-05-11,Australia,Brisbane,referral
432,Kevin,White,kevin.white@outlook.com,2023-08-30,Canada,Calgary,social_media
433,Katherine,Nguyen,katherine.nguyen@icloud.com,2025-08-25,India,Mumbai,direct
434,Nicholas,Davis,nicholas.davis@hotmail.com,2023-04-21,Canada,Calgary,direct
435,Karen,Rodriguez,karen.rodriguez@yahoo.com,2025-07-26,United States,Boston,organic_search
436,Janet,Lopez,janet.lopez@gmail.com,2023-12-29,United Kingdom,Bristol,paid_search
437,Linda,Smith,linda.smith@hotmail.com,2023-11-21,United States,Chicago,social_media
438,Heather,Roberts,heather.roberts@gmail.com,2025-05-29,United States,Seattle,social_media
439,Amy,Harris,amy.harris@gmail.com,2025-02-03,United States,Houston,affiliate
440,Carol,Carter,carol.carter@icloud.com,2024-05-24,United States,New York,paid_search
441,Brian,Martin,brian.martin@yahoo.com,2024-09-18,United States,Miami,organic_search
442,Jennifer,Martin,jennifer.martin@outlook.com,2025-12-09,United Kingdom,Glasgow,paid_search
443,Rachel,Rodriguez,rachel.rodriguez@outlook.com,2025-01-05,Mexico,Guadalajara,referral
444,Nancy,Sanchez,nancy.sanchez@gmail.com,2024-03-08,United States,Chicago,referral
445,Nicole,Allen,nicole.allen@yahoo.com,2025-02-07,United States,,direct
446,Steven,Roberts,steven.roberts@icloud.com,2023-04-09,Germany,Cologne,email
447,Christine,Johnson,christine.johnson@gmail.com,2025-06-28,Germany,Frankfurt,paid_search
448,Stephen,Taylor,stephen.taylor@hotmail.com,2023-01-20,Australia,Melbourne,paid_search
449,Frank,Miller,frank.miller@icloud.com,2023-10-08,United States,Boston,social_media
450,Susan,Allen,susan.allen@icloud.com,2023-08-06,United States,Los Angeles,social_media
451,Helen,Gonzalez,helen.gonzalez@outlook.com,2025-01-03,Netherlands,Amsterdam,email
452,Donna,Hernandez,donna.hernandez@gmail.com,2025-09-11,Canada,Vancouver,paid_search
453,James,Smith,james.smith@gmail.com,2025-10-08,Brazil,,organic_search
454,Barbara,Roberts,barbara.roberts@icloud.com,2024-06-08,United States,Los Angeles,email
455,Ryan,Jackson,ryan.jackson@outlook.com,2023-12-24,United Kingdom,London,direct
456,Donna,White,donna.white@outlook.com,2023-07-14,United Kingdom,London,direct
457,Jennifer,Smith,jennifer.smith@yahoo.com,2024-11-04,Germany,Munich,paid_search
458,Jeffrey,Flores,jeffrey.flores@outlook.com,2025-02-02,Brazil,Sao Paulo,referral
459,Lisa,Davis,lisa.davis@hotmail.com,2024-07-10,United Kingdom,Leeds,direct
460,Raymond,Walker,raymond.walker@hotmail.com,2023-08-20,Germany,Munich,organic_search
461,Patrick,Brown,patrick.brown@yahoo.com,2025-09-15,United States,Boston,referral
462,Gregory,Lewis,gregory.lewis@yahoo.com,2023-03-01,Canada,Montreal,direct
463,Maria,Rodriguez,maria.rodriguez@hotmail.com,2025-04-22,India,Mumbai,social_media
464,William,Taylor,william.taylor@outlook.com,2024-04-03,United States,Miami,affiliate
465,Debra,Perez,debra.perez@icloud.com,2023-07-15,Canada,Ottawa,social_media
466,Maria,Thomas,maria.thomas@hotmail.com,2023-11-01,United States,Seattle,direct
467,Pamela,Flores,pamela.flores@gmail.com,2025-11-01,United States,Chicago,direct
468,Angela,Hernandez,angela.hernandez@gmail.com,2024-05-08,Australia,Brisbane,paid_search
469,Emily,Brown,emily.brown@icloud.com,2025-04-05,United States,Seattle,referral
470,David,Robinson,david.robinson@hotmail.com,2023-06-30,France,Toulouse,direct
471,Cynthia,Lee,cynthia.lee@gmail.com,2023-02-06,Mexico,Monterrey,organic_search
472,Edward,Williams,edward.williams@icloud.com,2024-09-15,Canada,Toronto,direct
473,Pamela,Wilson,pamela.wilson@hotmail.com,2023-04-22,India,Bangalore,referral
474,Ryan,Perez,ryan.perez@icloud.com,2025-01-14,Australia,Perth,email
475,Joseph,Miller,joseph.miller@yahoo.com,2024-08-20,United States,Austin,social_media
476,Deborah,Hall,deborah.hall@gmail.com,2025-10-05,United States,Chicago,organic_search
477,Janet,Mitchell,janet.mitchell@hotmail.com,2024-02-06,United States,Boston,organic_search
478,Ronald,Wilson,ronald.wilson@hotmail.com,2024-11-23,France,Lyon,organic_search
479,Sharon,Williams,sharon.williams@icloud.com,2025-07-25,United States,Denver,email
480,Nicholas,Rodriguez,nicholas.rodriguez@hotmail.com,2025-06-05,United States,New York,direct
481,Amy,Allen,amy.allen@yahoo.com,2023-09-20,Germany,Munich,organic_search
482,Frank,Hill,frank.hill@icloud.com,2025-02-26,Brazil,Brasilia,social_media
483,Helen,Hall,helen.hall2@yahoo.com,2024-08-25,United States,Austin,social_media
484,Sarah,Rodriguez,sarah.rodriguez@hotmail.com,2024-09-04,Canada,Ottawa,direct
485,Stephen,Lee,stephen.lee@icloud.com,2024-03-05,Germany,Munich,email
486,Donna,Baker,donna.baker@outlook.com,2023-12-31,India,Delhi,social_media
487,Raymond,Green,raymond.green@outlook.com,2025-09-10,Australia,Brisbane,social_media
488,Debra,Rivera,debra.rivera@hotmail.com,2024-08-08,Germany,Cologne,direct
489,Jason,Smith,jason.smith@icloud.com,2023-10-25,United States,Seattle,organic_search
490,Linda,Gonzalez,linda.gonzalez@outlook.com,2024-08-09,Australia,Melbourne,email
491,Charles,Brown,charles.brown@outlook.com,2023-03-08,United States,Miami,paid_search
492,Cynthia,Miller,cynthia.miller@icloud.com,2024-04-04,Netherlands,Utrecht,referral
493,Pamela,Harris,pamela.harris@yahoo.com,2024-08-12,United Kingdom,Bristol,email
494,Michael,Harris,michael.harris@hotmail.com,2024-10-02,United Kingdom,Bristol,affiliate
495,Michael,Smith,michael.smith@outlook.com,2024-04-06,United States,Denver,direct
496,Alexander,Rivera,alexander.rivera@outlook.com,2024-02-01,Australia,Melbourne,paid_search
497,Daniel,Baker,daniel.baker@gmail.com,2025-11-18,United States,Chicago,organic_search
498,Jennifer,Ramirez,jennifer.ramirez@outlook.com,2023-11-26,Canada,Vancouver,social_media
499,Steven,Smith,steven.smith@outlook.com,2023-03-23,United Kingdom,,organic_search
500,Carol,Hill,carol.hill@gmail.com,2025-10-01,France,Marseille,referral
501,Stephen,Thompson,stephen.thompson@gmail.com,2025-12-12,France,Marseille,organic_search
502,Lisa,King,lisa.king@gmail.com,2025-05-01,France,Lyon,social_media
503,Rebecca,Garcia,rebecca.garcia@outlook.com,2024-11-10,United States,Houston,paid_search
504,Donna,Wilson,donna.wilson@icloud.com,2023-01-19,Canada,Ottawa,organic_search
505,Brian,Lewis,brian.lewis@yahoo.com,2024-05-14,Brazil,Brasilia,affiliate
506,Rachel,Lee,rachel.lee@hotmail.com,2025-03-01,India,Mumbai,paid_search
507,Patrick,Jackson,patrick.jackson@gmail.com,2025-11-19,India,Bangalore,referral
508,Cynthia,Young,cynthia.young@gmail.com,2024-10-18,United States,Houston,social_media
509,Richard,Hernandez,richard.hernandez@icloud.com,2024-03-07,Canada,Toronto,email
510,Diane,Wilson,diane.wilson@hotmail.com,2025-06-10,Netherlands,Amsterdam,email
511,Elizabeth,Mitchell,elizabeth.mitchell@yahoo.com,2023-03-19,United States,Austin,organic_search
512,Michael,Lopez,michael.lopez@outlook.com,2024-04-11,Canada,Ottawa,direct
513,Edward,Harris,edward.harris@hotmail.com,2024-10-09,Germany,Frankfurt,organic_search
514,Gregory,Davis,gregory.davis@icloud.com,2023-05-10,United States,Boston,referral
515,Justin,Williams,justin.williams@gmail.com,2023-08-06,United States,Miami,paid_search
516,Rachel,Martin,rachel.martin2@gmail.com,2025-02-20,United States,Denver,paid_search
517,Frank,Johnson,frank.johnson@hotmail.com,2023-10-07,United States,Houston,referral
518,Julie,Wright,julie.wright@outlook.com,2024-09-02,Mexico,Mexico City,email
519,Julie,Campbell,julie.campbell@outlook.com,2023-10-17,India,Mumbai,organic_search
520,James,Torres,james.torres@icloud.com,2023-06-24,United States,Miami,paid_search
521,Olivia,Mitchell,olivia.mitchell@outlook.com,2023-10-19,United States,Miami,organic_search
522,Mark,Flores,mark.flores@outlook.com,2023-04-22,United States,Chicago,direct
523,Stephen,Robinson,stephen.robinson@icloud.com,2024-05-28,United States,Los Angeles,organic_search
524,Patrick,Nguyen,patrick.nguyen@hotmail.com,2023-09-20,India,Bangalore,email
525,Donald,Miller,donald.miller@outlook.com,2024-10-12,Canada,Vancouver,social_media
526,Kevin,Flores,kevin.flores@outlook.com,2025-01-16,Germany,Munich,referral
527,Jason,Hernandez,jason.hernandez@gmail.com,2025-06-12,United States,Houston,paid_search
528,George,Rodriguez,george.rodriguez@outlook.com,2025-07-01,Brazil,Rio de Janeiro,paid_search
529,Michelle,Young,michelle.young@icloud.com,2023-06-17,United States,Boston,direct
530,Sarah,Wright,sarah.wright@yahoo.com,2023-06-04,United States,Los Angeles,direct
531,Nicholas,Green,nicholas.green@gmail.com,2024-03-11,France,Toulouse,direct
532,Stephen,Taylor,stephen.taylor@icloud.com,2025-08-24,Brazil,Brasilia,email
533,Karen,White,karen.white@hotmail.com,2024-08-18,United States,Boston,organic_search
534,Nicholas,Allen,nicholas.allen@gmail.com,2023-01-22,United States,Miami,email
535,Brandon,Baker,brandon.baker@yahoo.com,2025-07-02,Australia,Melbourne,organic_search
536,Larry,Torres,larry.torres@yahoo.com,2025-01-04,Australia,Perth,organic_search
537,Heather,Young,heather.young@yahoo.com,2024-04-24,United States,Austin,organic_search
538,Anthony,King,anthony.king@outlook.com,2023-04-06,United States,Denver,organic_search
539,Christine,Lee,christine.lee@gmail.com,2024-06-23,Australia,Brisbane,social_media
540,Larry,Lopez,larry.lopez@hotmail.com,2023-06-09,Germany,Hamburg,social_media
541,Timothy,Anderson,timothy.anderson@icloud.com,2025-09-24,United Kingdom,Birmingham,referral
542,Helen,Smith,helen.smith@icloud.com,2023-12-06,Brazil,Rio de Janeiro,paid_search
543,Shirley,Adams,shirley.adams@outlook.com,2023-11-19,United States,Chicago,paid_search
544,Janet,Davis,janet.davis@yahoo.com,2023-08-21,United Kingdom,Birmingham,social_media
545,Amy,Walker,amy.walker@yahoo.com,2023-02-15,Canada,Calgary,paid_search
546,Thomas,Torres,thomas.torres@icloud.com,2023-03-22,United States,Miami,direct
547,Charles,Brown,charles.brown@yahoo.com,2025-11-24,United States,Chicago,affiliate
548,Scott,Torres,scott.torres@gmail.com,2024-08-03,Brazil,Brasilia,direct
549,Margaret,Lewis,margaret.lewis@icloud.com,2023-12-16,Mexico,Guadalajara,organic_search
550,Edward,Hill,edward.hill@yahoo.com,2025-11-12,France,Lyon,paid_search
551,Patrick,Baker,patrick.baker@outlook.com,2024-04-15,India,Mumbai,paid_search
552,Thomas,Miller,thomas.miller@gmail.com,2025-05-09,United States,,direct
553,Helen,Miller,helen.miller@yahoo.com,2023-03-21,United Kingdom,Glasgow,direct
554,Jonathan,Allen,jonathan.allen@gmail.com,2023-01-03,United States,Chicago,direct
555,Diane,Baker,diane.baker@hotmail.com,2023-03-30,Canada,Montreal,email
556,Jason,Anderson,jason.anderson@hotmail.com,2024-12-18,France,Toulouse,social_media
557,Jack,Carter,jack.carter@icloud.com,2024-06-05,United States,Chicago,social_media
558,Sandra,Garcia,sandra.garcia@outlook.com,2025-04-16,Canada,Ottawa,paid_search
559,James,Rivera,james.rivera@gmail.com,2025-11-30,Canada,Toronto,organic_search
560,Christine,Wilson,christine.wilson@outlook.com,2023-11-13,United Kingdom,London,social_media
561,Justin,Taylor,justin.taylor@outlook.com,2025-01-18,Netherlands,Rotterdam,email
562,Rachel,Sanchez,rachel.sanchez@yahoo.com,2025-09-15,United Kingdom,Glasgow,organic_search
563,Pamela,Scott,pamela.scott@hotmail.com,2024-12-06,United States,Phoenix,referral
564,Ronald,Mitchell,ronald.mitchell@yahoo.com,2023-09-01,Netherlands,Utrecht,referral
565,Cynthia,Hall,cynthia.hall@yahoo.com,2025-03-31,United States,Miami,referral
566,Stephen,Flores,stephen.flores@gmail.com,2023-07-06,United States,New York,direct
567,Jacob,Hill,jacob.hill@hotmail.com,2024-03-30,United States,Phoenix,paid_search
568,Helen,Williams,helen.williams@hotmail.com,2025-12-03,India,Hyderabad,paid_search
569,Scott,Brown,scott.brown@yahoo.com,2023-01-22,Germany,Frankfurt,organic_search
570,Frank,King,frank.king@outlook.com,2025-11-11,United States,Boston,social_media
571,Sandra,Flores,sandra.flores@yahoo.com,2024-05-04,Germany,Hamburg,email
572,Christopher,Garcia,christopher.garcia@outlook.com,2025-03-20,France,Marseille,social_media
573,Betty,King,betty.king@gmail.com,2023-07-04,Australia,Sydney,social_media
574,Patrick,Scott,patrick.scott@icloud.com,2024-04-08,United States,Phoenix,email
575,Matthew,Robinson,matthew.robinson@hotmail.com,2023-12-25,Canada,Montreal,social_media
576,Susan,Scott,susan.scott@gmail.com,2023-08-28,United Kingdom,Birmingham,referral
577,Steven,Wright,steven.wright@icloud.com,2025-02-11,United States,Denver,social_media
578,Jerry,Thomas,jerry.thomas@outlook.com,2025-08-01,Mexico,Guadalajara,direct
579,Patricia,Walker,patricia.walker@gmail.com,2024-03-27,United States,Seattle,email
580,Sandra,Lee,sandra.lee@hotmail.com,2024-06-23,India,Mumbai,paid_search
581,Barbara,Sanchez,barbara.sanchez@outlook.com,2025-09-02,United States,Chicago,paid_search
582,Margaret,Torres,margaret.torres@outlook.com,2025-10-18,United States,Houston,referral
583,Donald,Mitchell,donald.mitchell@yahoo.com,2024-04-14,Brazil,Sao Paulo,organic_search
584,Ashley,Flores,ashley.flores@outlook.com,2023-09-03,United States,Los Angeles,direct
585,Gregory,Nelson,gregory.nelson@hotmail.com,2023-03-28,Canada,Ottawa,direct
586,Deborah,Flores,deborah.flores@outlook.com,2024-07-16,United Kingdom,Glasgow,social_media
587,Heather,Allen,heather.allen@outlook.com,2023-09-20,United States,Boston,organic_search
588,Jason,Walker,jason.walker@icloud.com,2025-03-17,United States,Austin,direct
589,Diane,Lopez,diane.lopez@hotmail.com,2025-11-27,Mexico,Monterrey,social_media
590,Raymond,Smith,raymond.smith@gmail.com,2023-07-26,Germany,Frankfurt,paid_search
591,Brandon,Taylor,brandon.taylor@yahoo.com,2024-07-05,Canada,Vancouver,social_media
592,Brandon,Perez,brandon.perez@outlook.com,2024-03-07,United States,Seattle,social_media
593,Dennis,White,dennis.white@outlook.com,2025-07-12,Netherlands,Rotterdam,organic_search
594,Thomas,Torres,thomas.torres@yahoo.com,2024-04-27,France,Marseille,social_media
595,Timothy,Gonzalez,timothy.gonzalez@yahoo.com,2025-08-26,France,Lyon,referral
596,Daniel,Clark,daniel.clark@hotmail.com,2025-12-29,United States,Miami,referral
597,Tyler,Young,tyler.young@outlook.com,2023-04-08,United States,Boston,paid_search
598,Raymond,Hernandez,raymond.hernandez@gmail.com,2025-09-02,United States,Phoenix,direct
599,Richard,Lewis,richard.lewis@outlook.com,2024-06-11,United States,Austin,paid_search
600,Edward,Davis,edward.davis@outlook.com,2024-02-12,Netherlands,Utrecht,social_media
601,Christine,Adams,christine.adams@icloud.com,2024-12-28,United States,Phoenix,paid_search
602,Shirley,Young,shirley.young@hotmail.com,2024-08-09,Brazil,Rio de Janeiro,social_media
603,Charles,Hernandez,charles.hernandez@outlook.com,2025-04-08,United Kingdom,,direct
604,Elizabeth,Garcia,elizabeth.garcia@yahoo.com,2024-10-10,United States,Austin,email
605,Alexander,Moore,alexander.moore@icloud.com,2025-06-30,Germany,Hamburg,referral
606,George,Mitchell,george.mitchell@icloud.com,2025-04-27,Canada,Calgary,organic_search
607,John,Rodriguez,john.rodriguez@yahoo.com,2024-03-07,Germany,Berlin,organic_search
608,Susan,Miller,susan.miller@gmail.com,2023-04-21,India,Hyderabad,organic_search
609,Ronald,King,ronald.king@gmail.com,2023-11-15,United States,Boston,organic_search
610,Stephanie,Martin,stephanie.martin@yahoo.com,2025-06-26,United States,Phoenix,email
611,Thomas,King,thomas.king@yahoo.com,2024-10-28,United States,Austin,direct
612,Kathleen,Wright,kathleen.wright@outlook.com,2023-12-29,Canada,Vancouver,social_media
613,Ryan,Green,ryan.green@icloud.com,2025-12-29,United Kingdom,Bristol,paid_search
614,Brian,Walker,brian.walker@icloud.com,2025-06-23,United States,Los Angeles,paid_search
615,Edward,Taylor,edward.taylor@yahoo.com,2025-12-07,United States,New York,referral
616,Sarah,Thompson,sarah.thompson@outlook.com,2025-10-04,United Kingdom,London,direct
617,Amy,Martin,amy.martin@gmail.com,2024-04-18,Australia,Brisbane,referral
618,Stephen,White,stephen.white@yahoo.com,2025-06-14,United Kingdom,Glasgow,paid_search
619,Christopher,Rivera,christopher.rivera@hotmail.com,2024-06-22,France,Lyon,organic_search
620,Benjamin,Thomas,benjamin.thomas@icloud.com,2024-08-06,Australia,Brisbane,email
621,Jonathan,Moore,jonathan.moore@hotmail.com,2024-01-09,United States,Los Angeles,organic_search
622,Joseph,Green,joseph.green@hotmail.com,2025-10-04,Canada,Montreal,organic_search
623,John,Martinez,john.martinez@gmail.com,2024-01-16,Mexico,Mexico City,affiliate
624,Paul,Moore,paul.moore@yahoo.com,2024-04-21,Australia,Sydney,organic_search
625,Mary,Young,mary.young2@yahoo.com,2025-01-30,United Kingdom,Leeds,social_media
626,Julie,Williams,julie.williams@outlook.com,2023-04-25,United States,Chicago,paid_search
627,Ronald,Jones,ronald.jones2@yahoo.com,2025-02-20,United States,Phoenix,direct
628,Jessica,Roberts,jessica.roberts2@yahoo.com,2024-05-21,France,Toulouse,referral
629,Robert,Gonzalez,robert.gonzalez@hotmail.com,2025-12-03,Australia,Sydney,email
630,Anthony,Walker,anthony.walker@hotmail.com,2024-10-23,Germany,Hamburg,organic_search
631,Maria,Williams,maria.williams@icloud.com,2025-09-12,Canada,Montreal,email
632,Betty,White,betty.white@gmail.com,2023-08-20,Netherlands,Amsterdam,paid_search
633,Laura,Lee,laura.lee@gmail.com,2023-09-03,United States,Phoenix,paid_search
634,Ashley,Smith,ashley.smith@gmail.com,2023-11-14,Canada,Calgary,paid_search
635,Barbara,Thomas,barbara.thomas@yahoo.com,2024-11-24,United Kingdom,Bristol,direct
636,Heather,Green,heather.green@gmail.com,2023-08-08,United States,Chicago,organic_search
637,Sandra,Lee,sandra.lee@icloud.com,2025-06-17,France,Marseille,referral
638,John,Hall,john.hall@hotmail.com,2024-05-28,United States,,direct
639,Gary,Rivera,gary.rivera@hotmail.com,2025-09-30,Canada,Ottawa,organic_search
640,Lisa,Wright,lisa.wright2@yahoo.com,2023-11-25,Australia,Brisbane,organic_search
641,Karen,Lewis,karen.lewis@outlook.com,2025-07-18,France,Marseille,organic_search
642,Katherine,Allen,katherine.allen@hotmail.com,2025-01-15,Australia,Sydney,referral
643,Donald,Lee,donald.lee@gmail.com,2025-03-04,Germany,Cologne,organic_search
644,Rachel,Young,rachel.young@icloud.com,2024-10-22,United States,Phoenix,social_media
645,Carol,Davis,carol.davis@gmail.com,2023-03-31,Canada,Toronto,direct
646,Thomas,Lopez,thomas.lopez@gmail.com,2024-01-28,United States,Denver,organic_search
647,Emma,Adams,emma.adams@hotmail.com,2024-06-08,Germany,Cologne,organic_search
648,Mark,Hill,mark.hill@gmail.com,2025-10-03,United States,Houston,direct
649,David,Robinson,david.robinson@gmail.com,2025-01-25,United States,Seattle,referral
650,Linda,Flores,linda.flores@outlook.com,2024-09-14,Canada,Toronto,organic_search
651,Margaret,King,margaret.king@gmail.com,2025-12-24,United States,Houston,paid_search
652,Matthew,King,matthew.king@yahoo.com,2025-04-30,Canada,Vancouver,referral
653,Jerry,Green,jerry.green@icloud.com,2025-05-24,United States,Denver,direct
654,Nancy,Lopez,nancy.lopez@icloud.com,2023-11-20,United Kingdom,Birmingham,social_media
655,Scott,Lewis,scott.lewis@outlook.com,2024-10-26,Brazil,Brasilia,direct
656,Edward,Carter,edward.carter@hotmail.com,2024-05-07,France,,social_media
657,Margaret,Harris,margaret.harris@icloud.com,2025-01-07,India,Bangalore,affiliate
658,Cynthia,Sanchez,cynthia.sanchez@gmail.com,2023-02-03,Australia,Brisbane,social_media
659,Joshua,Smith,joshua.smith@outlook.com,2024-10-06,Mexico,Mexico City,organic_search
660,Raymond,Moore,raymond.moore@icloud.com,2023-11-13,United Kingdom,Glasgow,organic_search
661,Ryan,Thompson,ryan.thompson@yahoo.com,2024-05-26,United States,Austin,paid_search
662,Joshua,Garcia,joshua.garcia@icloud.com,2023-06-08,United States,Houston,referral
663,Julie,Walker,julie.walker@yahoo.com,2023-07-15,United Kingdom,Bristol,social_media
664,Joshua,Williams,joshua.williams@icloud.com,2024-11-15,United States,New York,paid_search
665,Laura,Clark,laura.clark@gmail.com,2023-01-24,Netherlands,Amsterdam,email
666,Benjamin,Harris,benjamin.harris@gmail.com,2024-10-15,United States,New York,social_media
667,Karen,Lee,karen.lee@icloud.com,2023-04-14,Germany,Munich,email
668,Ronald,Lewis,ronald.lewis@icloud.com,2024-03-30,Canada,Toronto,social_media
669,Tyler,Sanchez,tyler.sanchez@yahoo.com,2025-09-01,United States,Los Angeles,social_media
670,Michael,Scott,michael.scott@hotmail.com,2025-10-24,United States,Seattle,social_media
671,Carolyn,Rodriguez,carolyn.rodriguez@yahoo.com,2025-09-26,United Kingdom,Manchester,paid_search
672,Emma,Gonzalez,emma.gonzalez@icloud.com,2024-05-19,Canada,Ottawa,paid_search
673,Andrew,Roberts,andrew.roberts@hotmail.com,2023-07-03,United States,Boston,organic_search
674,Edward,Ramirez,edward.ramirez@outlook.com,2024-12-06,United States,Austin,social_media
675,Patricia,Roberts,patricia.roberts2@gmail.com,2025-06-24,Mexico,Monterrey,email
676,Jeffrey,Williams,jeffrey.williams@yahoo.com,2023-11-16,United States,Austin,referral
677,David,Davis,david.davis@gmail.com,2023-10-30,United States,Boston,direct
678,Paul,Smith,paul.smith@outlook.com,2024-09-16,Germany,Berlin,social_media
679,John,Perez,john.perez@yahoo.com,2024-02-22,Australia,Melbourne,social_media
680,Dennis,Taylor,dennis.taylor@icloud.com,2023-10-17,United Kingdom,Bristol,email
681,Debra,Johnson,debra.johnson@hotmail.com,2023-03-31,Canada,Ottawa,paid_search
682,Linda,Jackson,linda.jackson@yahoo.com,2023-04-19,France,Marseille,social_media
683,Mary,Jones,mary.jones@hotmail.com,2023-08-09,Germany,Hamburg,organic_search
684,Christine,Harris,christine.harris@yahoo.com,2023-07-23,Mexico,Monterrey,direct
685,Gary,Hill,gary.hill@icloud.com,2025-10-22,United States,Houston,affiliate
686,Pamela,Rivera,pamela.rivera@gmail.com,2024-09-16,United States,Miami,paid_search
687,Ronald,Mitchell,ronald.mitchell2@gmail.com,2024-12-28,United States,Austin,email
688,Donald,Allen,donald.allen@outlook.com,2025-03-03,France,Marseille,direct
689,Patricia,Scott,patricia.scott@outlook.com,2025-03-15,United States,Austin,email
690,Barbara,Campbell,barbara.campbell@hotmail.com,2024-04-10,Canada,Ottawa,social_media
691,Emma,Martinez,emma.martinez@hotmail.com,2024-11-05,Mexico,Monterrey,social_media
692,Thomas,Wilson,thomas.wilson@yahoo.com,2023-10-10,Canada,Vancouver,paid_search
693,Alexander,King,alexander.king@yahoo.com,2023-11-20,United Kingdom,Manchester,paid_search
694,Pamela,Wright,pamela.wright@gmail.com,2023-03-02,United States,Chicago,referral
695,Edward,Clark,edward.clark@outlook.com,2024-07-14,United Kingdom,Bristol,organic_search
696,Matthew,Miller,matthew.miller@yahoo.com,2024-06-30,United States,Boston,email
697,Brandon,Anderson,brandon.anderson@icloud.com,2025-01-05,United States,New York,organic_search
698,Diane,Walker,diane.walker@yahoo.com,2025-08-18,United Kingdom,Glasgow,email
699,Deborah,Lopez,deborah.lopez@hotmail.com,2023-12-02,United Kingdom,Manchester,organic_search
700,Robert,Clark,robert.clark@gmail.com,2024-03-31,India,Hyderabad,referral
701,Betty,Carter,betty.carter@yahoo.com,2025-09-30,United States,Denver,email
702,Ryan,Thomas,ryan.thomas@hotmail.com,2025-02-18,United Kingdom,London,referral
703,Ronald,Flores,ronald.flores@icloud.com,2023-03-20,Canada,Ottawa,social_media
704,Cynthia,Robinson,cynthia.robinson@gmail.com,2025-11-28,Brazil,Sao Paulo,social_media
705,Jack,Williams,jack.williams@icloud.com,2024-01-24,United States,New York,paid_search
706,Ronald,Martin,ronald.martin@outlook.com,2024-08-25,United Kingdom,Leeds,email
707,Michael,Hall,michael.hall@icloud.com,2025-07-14,Brazil,Rio de Janeiro,organic_search
708,Nicholas,Davis,nicholas.davis@yahoo.com,2025-03-16,France,Lyon,social_media
709,Cynthia,Johnson,cynthia.johnson@yahoo.com,2024-02-18,United Kingdom,Bristol,direct
710,Barbara,Taylor,barbara.taylor@outlook.com,2023-09-11,Germany,Munich,organic_search
711,Alexander,Lewis,alexander.lewis@outlook.com,2025-11-13,United States,Seattle,email
712,Christopher,Harris,christopher.harris@icloud.com,2024-11-17,United States,Chicago,social_media
713,Frank,Martinez,frank.martinez@yahoo.com,2023-04-16,Netherlands,Amsterdam,social_media
714,Michelle,Campbell,michelle.campbell@hotmail.com,2023-08-29,United States,Chicago,direct
715,Betty,Smith,betty.smith@icloud.com,2025-07-28,Australia,Sydney,social_media
716,Angela,Wright,angela.wright@gmail.com,2024-05-02,Canada,Calgary,organic_search
717,Frank,Walker,frank.walker@hotmail.com,2023-01-14,United Kingdom,London,paid_search
718,Stephen,Moore,stephen.moore@icloud.com,2023-04-11,Germany,Munich,organic_search
719,Linda,Adams,linda.adams@outlook.com,2024-09-03,United States,,paid_search
720,Barbara,Brown,barbara.brown@gmail.com,2023-11-27,United Kingdom,Manchester,email
721,Brandon,Nelson,brandon.nelson@icloud.com,2023-12-30,Canada,Ottawa,affiliate
722,Olivia,Nguyen,olivia.nguyen@outlook.com,2024-09-04,India,Mumbai,paid_search
723,Timothy,Jones,timothy.jones@hotmail.com,2024-08-22,Netherlands,Amsterdam,social_media
724,Jessica,Hall,jessica.hall@outlook.com,2025-12-10,United States,Seattle,organic_search
725,Anthony,Flores,anthony.flores@gmail.com,2023-06-29,United States,Miami,social_media
726,Raymond,Hill,raymond.hill@outlook.com,2024-06-15,United Kingdom,Birmingham,social_media
727,Samantha,Thompson,samantha.thompson@yahoo.com,2025-11-30,Canada,Calgary,referral
728,Angela,Young,angela.young@yahoo.com,2024-08-17,Brazil,Sao Paulo,affiliate
729,James,Davis,james.davis@gmail.com,2024-02-29,United Kingdom,London,referral
730,Sharon,Clark,sharon.clark@gmail.com,2024-03-10,United States,Miami,organic_search
731,Betty,Hall,betty.hall@outlook.com,2024-09-22,United States,Los Angeles,paid_search
732,Stephen,Lee,stephen.lee@gmail.com,2024-11-30,United States,Austin,paid_search
733,Larry,Flores,larry.flores@gmail.com,2024-11-07,Netherlands,Amsterdam,direct
734,Gregory,Walker,gregory.walker@hotmail.com,2025-09-13,France,Lyon,organic_search
735,Ryan,Wright,ryan.wright@outlook.com,2023-04-25,United Kingdom,Leeds,direct
736,Joshua,Torres,joshua.torres@outlook.com,2024-03-02,Canada,Toronto,social_media
737,Kevin,Thompson,kevin.thompson@gmail.com,2023-03-05,Mexico,Guadalajara,paid_search
738,Timothy,Green,timothy.green@icloud.com,2025-03-08,Netherlands,Utrecht,organic_search
739,Joseph,Carter,joseph.carter@outlook.com,2023-03-06,Australia,Brisbane,paid_search
740,Barbara,Young,barbara.young@yahoo.com,2024-03-18,United States,Phoenix,social_media
741,Daniel,Davis,daniel.davis@outlook.com,2023-07-09,France,Lyon,social_media
742,Patricia,Walker,patricia.walker@icloud.com,2025-09-17,United States,Austin,referral
743,Anna,Martin,anna.martin@outlook.com,2025-11-23,United States,Los Angeles,email
744,Thomas,Wilson,thomas.wilson@gmail.com,2025-12-05,United Kingdom,Bristol,organic_search
745,Michelle,Williams,michelle.williams@icloud.com,2025-08-14,Brazil,Rio de Janeiro,direct
746,Susan,King,susan.king@outlook.com,2024-03-05,United States,Phoenix,paid_search
747,Matthew,Jackson,matthew.jackson@outlook.com,2023-08-29,Canada,Calgary,paid_search
748,Christopher,Moore,christopher.moore@gmail.com,2025-11-18,United States,Boston,organic_search
749,Brenda,Thompson,brenda.thompson@icloud.com,2024-08-03,United States,Chicago,social_media
750,Nancy,Jones,nancy.jones@outlook.com,2025-06-27,Canada,Montreal,organic_search
751,Patricia,Walker,patricia.walker2@gmail.com,2025-05-23,United States,Los Angeles,paid_search
752,Alexander,Hill,alexander.hill@icloud.com,2024-12-29,Germany,Frankfurt,paid_search
753,Betty,Rivera,betty.rivera@icloud.com,2023-09-27,United States,Denver,organic_search
754,Carolyn,Robinson,carolyn.robinson@gmail.com,2025-08-11,United Kingdom,Bristol,social_media
755,Mark,Martinez,mark.martinez@icloud.com,2025-03-13,United States,Austin,organic_search
756,Debra,Perez,debra.perez@outlook.com,2023-05-14,United Kingdom,London,social_media
757,Brian,Walker,brian.walker@hotmail.com,2024-12-14,Netherlands,Rotterdam,email
758,Thomas,Allen,thomas.allen@gmail.com,2023-08-08,United Kingdom,Bristol,paid_search
759,Christine,Jones,christine.jones@outlook.com,2025-04-26,Canada,Calgary,paid_search
760,Ashley,Scott,ashley.scott@yahoo.com,2023-05-16,Mexico,Guadalajara,paid_search
761,Raymond,Nguyen,raymond.nguyen@hotmail.com,2024-12-01,France,Toulouse,social_media
762,Donald,Lopez,donald.lopez@gmail.com,2023-08-23,Australia,Perth,social_media
763,Kathleen,Lee,kathleen.lee@icloud.com,2023-12-27,United States,Denver,paid_search
764,Rebecca,Jones,rebecca.jones@icloud.com,2025-02-15,United States,Boston,paid_search
765,Samuel,Nelson,samuel.nelson@gmail.com,2023-01-01,United States,Chicago,referral
766,Frank,Martinez,frank.martinez@hotmail.com,2025-07-04,Canada,Calgary,organic_search
767,Rachel,Lee,rachel.lee@outlook.com,2025-06-09,Canada,Montreal,email
768,Brian,Garcia,brian.garcia@icloud.com,2025-04-07,United States,Miami,direct
769,Donna,Brown,donna.brown@outlook.com,2023-01-02,Brazil,Sao Paulo,email
770,Melissa,Davis,melissa.davis@outlook.com,2025-06-03,Netherlands,Amsterdam,email
771,Ronald,Green,ronald.green@outlook.com,2025-02-20,Australia,Perth,social_media
772,Margaret,Nelson,margaret.nelson@yahoo.com,2025-02-26,United Kingdom,Manchester,direct
773,George,Clark,george.clark@yahoo.com,2023-10-03,United States,Chicago,organic_search
774,Samuel,Johnson,samuel.johnson@yahoo.com,2025-06-13,Australia,Perth,affiliate
775,Sarah,Garcia,sarah.garcia@yahoo.com,2025-07-22,Germany,Frankfurt,direct
776,Carolyn,Hill,carolyn.hill@hotmail.com,2025-11-09,Germany,Frankfurt,social_media
777,Cynthia,Harris,cynthia.harris@outlook.com,2023-01-16,United States,Seattle,social_media
778,Maria,Thomas,maria.thomas@icloud.com,2025-01-21,United States,Miami,organic_search
779,Robert,Torres,robert.torres@hotmail.com,2025-09-13,Australia,Sydney,affiliate
780,David,Martinez,david.martinez@icloud.com,2025-08-10,Mexico,Guadalajara,social_media
781,Eric,Flores,eric.flores@gmail.com,2024-10-01,United States,Los Angeles,email
782,Amanda,Wright,amanda.wright@gmail.com,2025-08-18,United Kingdom,Glasgow,social_media
783,Kevin,Clark,kevin.clark@outlook.com,2024-08-15,Mexico,Guadalajara,organic_search
784,Raymond,Hill,raymond.hill2@outlook.com,2023-05-06,France,Marseille,email
785,Justin,Hernandez,justin.hernandez@icloud.com,2023-02-25,United States,Phoenix,paid_search
786,David,Rodriguez,david.rodriguez@icloud.com,2024-05-31,United States,Phoenix,organic_search
787,Emily,Moore,emily.moore@outlook.com,2023-12-24,United States,Los Angeles,direct
788,Jack,Martinez,jack.martinez@hotmail.com,2024-06-19,United States,Chicago,referral
789,Donald,Young,donald.young@yahoo.com,2024-12-03,France,Paris,affiliate
790,Charles,Hill,charles.hill@yahoo.com,2025-02-23,Netherlands,Rotterdam,paid_search
791,Jeffrey,Campbell,jeffrey.campbell@yahoo.com,2023-04-22,United States,Austin,email
792,Dennis,Davis,dennis.davis@gmail.com,2025-09-02,United States,Seattle,paid_search
793,Olivia,Carter,olivia.carter@icloud.com,2025-08-29,United States,Seattle,paid_search
794,Anna,Ramirez,anna.ramirez@gmail.com,2025-02-21,United States,Denver,email
795,Anna,Baker,anna.baker@gmail.com,2024-12-25,United States,Miami,affiliate
796,Laura,Flores,laura.flores@outlook.com,2023-07-21,United States,Phoenix,paid_search
797,Justin,Sanchez,justin.sanchez@hotmail.com,2024-02-04,France,Lyon,social_media
798,Gregory,Hall,gregory.hall@yahoo.com,2023-01-18,United States,New York,direct
799,Mary,Clark,mary.clark@gmail.com,2024-12-20,Canada,Calgary,organic_search
800,Paul,Taylor,paul.taylor@yahoo.com,2023-07-08,United States,Boston,organic_search
801,Scott,Nelson,scott.nelson@yahoo.com,2023-09-03,India,Mumbai,organic_search
802,Helen,Rodriguez,helen.rodriguez@hotmail.com,2024-01-14,Germany,Cologne,direct
803,Carolyn,Lopez,carolyn.lopez@outlook.com,2025-07-17,United States,Los Angeles,direct
804,Emily,Roberts,emily.roberts@hotmail.com,2024-06-11,Germany,Hamburg,organic_search
805,Elizabeth,Moore,elizabeth.moore@gmail.com,2023-05-04,United States,Austin,paid_search
806,Kimberly,Lopez,kimberly.lopez@hotmail.com,2025-03-15,United States,Houston,organic_search
807,Gary,Miller,gary.miller@yahoo.com,2024-03-23,Canada,Calgary,email
808,Susan,Lewis,susan.lewis@outlook.com,2023-05-25,United States,Los Angeles,social_media
809,Steven,Roberts,steven.roberts@hotmail.com,2023-11-01,United States,Denver,email
810,James,Williams,james.williams@hotmail.com,2025-03-12,United States,Austin,social_media
811,Shirley,Rivera,shirley.rivera@hotmail.com,2023-05-24,United Kingdom,Leeds,social_media
812,James,Harris,james.harris@hotmail.com,2025-01-05,United States,Miami,paid_search
813,Joshua,Sanchez,joshua.sanchez@gmail.com,2025-01-18,Germany,Berlin,social_media
814,Amanda,Garcia,amanda.garcia@hotmail.com,2024-02-20,Australia,Brisbane,organic_search
815,Jennifer,Harris,jennifer.harris@yahoo.com,2023-08-07,United States,Seattle,email
816,Melissa,Young,melissa.young@gmail.com,2024-01-24,Brazil,Rio de Janeiro,organic_search
817,Matthew,Johnson,matthew.johnson@icloud.com,2023-05-10,United States,Seattle,referral
818,Samuel,Martin,samuel.martin@hotmail.com,2023-02-03,Canada,Calgary,organic_search
819,Linda,Perez,linda.perez@gmail.com,2025-12-07,United Kingdom,Manchester,social_media
820,Gregory,Wright,gregory.wright2@outlook.com,2023-03-17,Canada,Toronto,referral
821,Gary,Adams,gary.adams@gmail.com,2023-04-04,United Kingdom,Glasgow,paid_search
822,Christine,Rodriguez,christine.rodriguez@gmail.com,2024-09-21,United States,New York,direct
823,Richard,Robinson,richard.robinson@icloud.com,2023-05-11,United States,Boston,referral
824,Susan,Davis,susan.davis@hotmail.com,2024-03-27,Canada,Ottawa,organic_search
825,Betty,Ramirez,betty.ramirez@outlook.com,2024-10-26,France,Toulouse,organic_search
826,Rachel,Torres,rachel.torres@icloud.com,2023-04-04,United States,Houston,social_media
827,Kevin,Jones,kevin.jones@gmail.com,2023-12-11,United States,Seattle,email
828,Stephen,Hernandez,stephen.hernandez@hotmail.com,2023-03-25,United States,Boston,organic_search
829,Julie,Green,julie.green@icloud.com,2023-02-02,United States,Chicago,direct
830,David,Smith,david.smith@gmail.com,2024-08-04,United States,Los Angeles,social_media
831,Julie,Roberts,julie.roberts@hotmail.com,2023-10-21,Germany,Munich,email
832,Eric,Lewis,eric.lewis@hotmail.com,2023-03-19,United States,Chicago,social_media
833,Janet,Young,janet.young@icloud.com,2024-12-13,India,Bangalore,social_media
834,Pamela,Thomas,pamela.thomas@yahoo.com,2023-07-15,United States,Miami,email
835,Heather,Wright,heather.wright@icloud.com,2024-07-20,United States,Houston,organic_search
836,Joseph,Martinez,joseph.martinez@hotmail.com,2023-03-30,United Kingdom,Manchester,organic_search
837,George,Jackson,george.jackson@yahoo.com,2025-07-17,United Kingdom,Birmingham,organic_search
838,Jack,Brown,jack.brown@icloud.com,2025-09-20,United States,New York,social_media
839,Elizabeth,Thomas,elizabeth.thomas@hotmail.com,2025-05-08,Canada,,organic_search
840,Gregory,Lee,gregory.lee@yahoo.com,2024-04-11,France,,organic_search
841,Jack,Clark,jack.clark@yahoo.com,2023-05-31,United States,Houston,social_media
842,Gary,Brown,gary.brown@hotmail.com,2025-07-20,United States,Boston,organic_search
843,Deborah,Rodriguez,deborah.rodriguez@hotmail.com,2024-07-06,Australia,Brisbane,organic_search
844,Thomas,Williams,thomas.williams@icloud.com,2023-08-16,United States,Chicago,direct
845,Ryan,Clark,ryan.clark@yahoo.com,2024-08-27,Australia,Melbourne,email
846,Julie,Green,julie.green2@gmail.com,2024-04-15,Canada,Ottawa,organic_search
847,Eric,Young,eric.young@yahoo.com,2024-07-25,Canada,Calgary,organic_search
848,Jason,Mitchell,jason.mitchell@yahoo.com,2024-03-31,United States,Seattle,direct
849,Nicole,Martinez,nicole.martinez@icloud.com,2023-04-01,Brazil,Rio de Janeiro,organic_search
850,Jacob,Campbell,jacob.campbell@icloud.com,2025-03-18,United States,Miami,social_media
851,Carolyn,Miller,carolyn.miller@hotmail.com,2023-01-26,United Kingdom,London,email
852,Edward,Wilson,edward.wilson@yahoo.com,2023-07-05,United States,Houston,organic_search
853,Debra,Martin,debra.martin@yahoo.com,2025-07-20,Australia,Sydney,social_media
854,Sarah,Rivera,sarah.rivera@hotmail.com,2025-08-08,United States,Austin,email
855,James,Green,james.green@gmail.com,2025-12-23,United States,Austin,organic_search
856,Jason,Carter,jason.carter@outlook.com,2024-02-29,Germany,,referral
857,David,Flores,david.flores@outlook.com,2025-11-20,Australia,Sydney,direct
858,Gregory,White,gregory.white@gmail.com,2025-08-11,United States,Austin,email
859,George,White,george.white@yahoo.com,2024-02-24,Germany,Berlin,organic_search
860,Kevin,Thomas,kevin.thomas@icloud.com,2024-03-05,United States,Denver,referral
861,Heather,Anderson,heather.anderson@outlook.com,2025-10-28,United States,Phoenix,email
862,Emily,Brown,emily.brown@gmail.com,2025-09-22,United States,Denver,social_media
863,Jessica,Walker,jessica.walker@icloud.com,2024-08-21,Germany,Cologne,social_media
864,Deborah,Baker,deborah.baker@gmail.com,2023-06-28,United States,Denver,organic_search
865,Daniel,Jackson,daniel.jackson@gmail.com,2023-08-18,United States,Phoenix,email
866,Angela,Martinez,angela.martinez@yahoo.com,2024-08-23,Canada,Toronto,social_media
867,Rachel,Wright,rachel.wright@yahoo.com,2025-06-28,United Kingdom,Leeds,referral
868,John,Jackson,john.jackson@yahoo.com,2025-11-30,United States,Houston,email
869,Edward,Nguyen,edward.nguyen@outlook.com,2025-09-22,Germany,Hamburg,social_media
870,Carolyn,King,carolyn.king@icloud.com,2023-09-28,United Kingdom,Birmingham,direct
871,Michelle,Hernandez,michelle.hernandez@outlook.com,2024-08-13,United States,Austin,referral
872,Michael,Martinez,michael.martinez@outlook.com,2023-11-26,United States,,email
873,Paul,Lopez,paul.lopez@yahoo.com,2023-11-11,Netherlands,Utrecht,organic_search
874,Joseph,Williams,joseph.williams@outlook.com,2024-06-17,Canada,Calgary,paid_search
875,Anthony,Scott,anthony.scott@gmail.com,2023-10-30,Germany,Hamburg,paid_search
876,Brenda,Hernandez,brenda.hernandez@icloud.com,2025-04-08,United States,New York,direct
877,Jerry,Martinez,jerry.martinez@hotmail.com,2023-01-09,India,Delhi,affiliate
878,Brenda,Allen,brenda.allen@outlook.com,2025-08-28,Germany,Hamburg,direct
879,Dennis,Torres,dennis.torres@yahoo.com,2024-11-24,France,Toulouse,email
880,Maria,Walker,maria.walker@gmail.com,2023-08-28,United States,Miami,paid_search
881,Rebecca,Flores,rebecca.flores@yahoo.com,2024-10-30,United Kingdom,London,organic_search
882,Samuel,Gonzalez,samuel.gonzalez@icloud.com,2024-02-05,Canada,Montreal,organic_search
883,Jonathan,Lewis,jonathan.lewis@gmail.com,2024-02-03,Mexico,Guadalajara,social_media
884,Helen,Hill,helen.hill@icloud.com,2025-03-25,India,Bangalore,organic_search
885,Jason,White,jason.white@hotmail.com,2024-12-07,United States,Phoenix,paid_search
886,Cynthia,Scott,cynthia.scott@gmail.com,2025-05-01,United States,Denver,referral
887,Paul,Hernandez,paul.hernandez@hotmail.com,2023-10-13,Australia,Perth,direct
888,Scott,Garcia,scott.garcia@yahoo.com,2025-12-11,United States,Denver,affiliate
889,William,Nguyen,william.nguyen@hotmail.com,2024-07-13,United States,Seattle,social_media
890,Pamela,Robinson,pamela.robinson@icloud.com,2024-02-13,Australia,Melbourne,organic_search
891,Timothy,Jackson,timothy.jackson@icloud.com,2024-09-14,United Kingdom,Birmingham,social_media
892,Jack,Robinson,jack.robinson@yahoo.com,2023-11-12,United States,New York,paid_search
893,Katherine,Green,katherine.green@hotmail.com,2025-05-04,United States,Phoenix,organic_search
894,Raymond,Adams,raymond.adams@yahoo.com,2025-10-06,United States,Phoenix,affiliate
895,William,Hill,william.hill@outlook.com,2025-06-12,Canada,Ottawa,direct
896,Benjamin,Baker,benjamin.baker@hotmail.com,2025-02-03,Mexico,Mexico City,social_media
897,Emma,Johnson,emma.johnson@outlook.com,2023-10-27,United States,New York,paid_search
898,Raymond,Rodriguez,raymond.rodriguez@outlook.com,2025-01-09,United States,Phoenix,social_media
899,Melissa,Brown,melissa.brown@outlook.com,2025-11-18,United States,Los Angeles,organic_search
900,Benjamin,Lopez,benjamin.lopez@gmail.com,2024-10-22,Canada,Vancouver,direct
901,Rachel,Martin,rachel.martin@outlook.com,2023-07-16,Germany,Hamburg,social_media
902,Melissa,Martinez,melissa.martinez@gmail.com,2025-02-02,United States,Phoenix,referral
903,Edward,Perez,edward.perez@yahoo.com,2025-10-27,United States,Chicago,paid_search
904,Matthew,Scott,matthew.scott@icloud.com,2025-12-25,Germany,Cologne,email
905,Carolyn,Carter,carolyn.carter@gmail.com,2023-08-27,United Kingdom,London,referral
906,John,Walker,john.walker@outlook.com,2023-10-12,United States,Austin,referral
907,Scott,King,scott.king2@gmail.com,2023-08-31,Australia,Sydney,paid_search
908,Raymond,Martinez,raymond.martinez@yahoo.com,2023-09-24,United States,Houston,affiliate
909,Jason,Hall,jason.hall@gmail.com,2025-06-02,United States,Denver,organic_search
910,Susan,Williams,susan.williams@icloud.com,2023-09-01,Canada,Calgary,direct
911,Jennifer,Jones,jennifer.jones@outlook.com,2023-09-11,Germany,Berlin,direct
912,Anthony,Nguyen,anthony.nguyen@yahoo.com,2023-03-01,United States,Austin,organic_search
913,Olivia,Moore,olivia.moore@icloud.com,2025-10-22,United States,Chicago,referral
914,Brandon,Thomas,brandon.thomas@icloud.com,2023-01-29,Canada,Toronto,social_media
915,Janet,Gonzalez,janet.gonzalez@outlook.com,2023-01-09,United States,Miami,affiliate
916,Richard,Wilson,richard.wilson@icloud.com,2025-01-20,Netherlands,Rotterdam,email
917,Lisa,Lewis,lisa.lewis@gmail.com,2025-02-16,United States,Austin,social_media
918,Shirley,Anderson,shirley.anderson@hotmail.com,2023-09-11,United States,Austin,social_media
919,Eric,Rodriguez,eric.rodriguez@hotmail.com,2023-03-25,Australia,Brisbane,organic_search
920,Angela,Davis,angela.davis@hotmail.com,2024-09-30,United States,Boston,email
921,Jeffrey,Anderson,jeffrey.anderson@icloud.com,2024-01-22,United Kingdom,Leeds,direct
922,Jacob,Baker,jacob.baker@outlook.com,2023-08-04,United States,Denver,paid_search
923,Eric,Nelson,eric.nelson@gmail.com,2025-03-31,United States,,email
924,Susan,Mitchell,susan.mitchell@yahoo.com,2024-11-24,United States,Houston,organic_search
925,Rebecca,Davis,rebecca.davis@yahoo.com,2025-10-19,Netherlands,Utrecht,paid_search
926,Janet,Roberts,janet.roberts@icloud.com,2024-12-30,Canada,Calgary,social_media
927,Helen,Sanchez,helen.sanchez@hotmail.com,2025-07-20,United Kingdom,Manchester,organic_search
928,Steven,Young,steven.young@hotmail.com,2023-03-02,United States,Chicago,organic_search
929,Michael,Jones,michael.jones@hotmail.com,2025-02-22,Germany,Munich,email
930,Carol,Martinez,carol.martinez@outlook.com,2023-06-06,Germany,Berlin,email
931,Eric,Roberts,eric.roberts@hotmail.com,2024-08-24,France,Lyon,email
932,Gary,Allen,gary.allen@outlook.com,2023-02-06,Canada,Ottawa,affiliate
933,Robert,Ramirez,robert.ramirez@gmail.com,2025-02-09,United States,Austin,social_media
934,Robert,Williams,robert.williams@yahoo.com,2023-12-03,Canada,Montreal,social_media
935,Sarah,Martin,sarah.martin@hotmail.com,2025-10-01,United Kingdom,London,email
936,Rachel,Wright,rachel.wright@icloud.com,2023-11-17,United Kingdom,Glasgow,social_media
937,Ronald,Taylor,ronald.taylor@hotmail.com,2024-12-23,Canada,Calgary,referral
938,Paul,Lee,paul.lee@gmail.com,2023-09-20,United States,New York,direct
939,Brian,Mitchell,brian.mitchell@icloud.com,2025-02-18,United States,Austin,organic_search
940,Brian,Thompson,brian.thompson2@yahoo.com,2024-05-22,United States,Houston,paid_search
941,Michelle,Nguyen,michelle.nguyen@gmail.com,2024-09-16,India,Mumbai,organic_search
942,Nancy,Johnson,nancy.johnson@icloud.com,2025-05-15,United States,Denver,social_media
943,Sharon,Moore,sharon.moore@gmail.com,2023-02-15,Germany,,affiliate
944,Timothy,Torres,timothy.torres@hotmail.com,2025-09-27,United States,Los Angeles,organic_search
945,Gregory,Wilson,gregory.wilson@outlook.com,2024-11-26,United Kingdom,Bristol,organic_search
946,Joshua,White,joshua.white@hotmail.com,2024-03-14,United States,Los Angeles,paid_search
947,Michael,Martin,michael.martin@icloud.com,2023-07-08,United Kingdom,Manchester,email
948,Justin,Miller,justin.miller@icloud.com,2025-12-23,United States,Los Angeles,social_media
949,Anthony,Thompson,anthony.thompson@gmail.com,2025-10-30,Germany,Hamburg,referral
950,Laura,Nelson,laura.nelson@icloud.com,2025-04-03,United States,Seattle,paid_search
951,Shirley,Robinson,shirley.robinson@icloud.com,2025-11-23,United States,New York,direct
952,Emma,Young,emma.young@yahoo.com,2024-07-02,Germany,Frankfurt,direct
953,Jonathan,Flores,jonathan.flores@hotmail.com,2025-12-05,India,Mumbai,organic_search
954,Kathleen,Martinez,kathleen.martinez@yahoo.com,2025-06-10,United States,Phoenix,social_media
955,William,Green,william.green@yahoo.com,2024-08-10,Netherlands,Rotterdam,email
956,Steven,Baker,steven.baker@icloud.com,2023-08-21,United States,Houston,organic_search
957,Patricia,Thomas,patricia.thomas@outlook.com,2025-06-12,United Kingdom,Glasgow,social_media
958,Robert,Gonzalez,robert.gonzalez@yahoo.com,2024-06-13,United States,New York,referral
959,Emily,Nelson,emily.nelson@icloud.com,2025-09-22,United States,New York,referral
960,Linda,Garcia,linda.garcia@outlook.com,2025-04-13,Canada,Toronto,direct
961,Debra,Nelson,debra.nelson@gmail.com,2024-04-28,United States,Chicago,organic_search
962,Jack,Allen,jack.allen@gmail.com,2025-12-11,Canada,Ottawa,paid_search
963,Barbara,Thomas,barbara.thomas@icloud.com,2024-11-05,United States,Austin,direct
964,Jack,Harris,jack.harris@yahoo.com,2023-10-23,India,Delhi,organic_search
965,Margaret,Moore,margaret.moore@hotmail.com,2023-04-25,United Kingdom,Glasgow,social_media
966,Deborah,Hall,deborah.hall2@yahoo.com,2024-05-19,Canada,Calgary,affiliate
967,Tyler,Martinez,tyler.martinez@outlook.com,2024-09-23,United Kingdom,Birmingham,organic_search
968,Helen,Williams,helen.williams@gmail.com,2024-06-02,Germany,Munich,social_media
969,Michelle,Green,michelle.green@outlook.com,2023-09-07,Brazil,Brasilia,social_media
970,Donald,Lewis,donald.lewis@hotmail.com,2024-06-07,United States,Seattle,paid_search
971,Dennis,Thomas,dennis.thomas@outlook.com,2025-06-17,United States,Chicago,email
972,Jerry,Adams,jerry.adams@hotmail.com,2023-06-14,France,Marseille,direct
973,Gary,Walker,gary.walker@hotmail.com,2025-05-15,India,Bangalore,direct
974,Richard,Hernandez,richard.hernandez@outlook.com,2025-05-11,United Kingdom,Birmingham,email
975,Stephen,Mitchell,stephen.mitchell@outlook.com,2023-04-17,United Kingdom,,email
976,Lisa,Green,lisa.green@hotmail.com,2023-01-07,France,Lyon,social_media
977,Benjamin,Martin,benjamin.martin@outlook.com,2023-11-20,Canada,Toronto,paid_search
978,Janet,Roberts,janet.roberts@yahoo.com,2025-04-20,Netherlands,Utrecht,referral
979,Kenneth,Lewis,kenneth.lewis@hotmail.com,2024-06-17,Brazil,Sao Paulo,organic_search
980,Nicole,Lee,nicole.lee@outlook.com,2025-01-22,United States,Seattle,organic_search
981,Timothy,Torres,timothy.torres@yahoo.com,2024-04-13,United States,New York,direct
982,Kathleen,Gonzalez,kathleen.gonzalez@outlook.com,2023-04-12,Australia,Melbourne,social_media
983,Jason,Hill,jason.hill@outlook.com,2023-12-15,United States,Austin,direct
984,Jessica,Smith,jessica.smith@icloud.com,2025-10-09,United Kingdom,Leeds,organic_search
985,Janet,Wilson,janet.wilson@yahoo.com,2024-08-12,India,Bangalore,referral
986,Timothy,Rodriguez,timothy.rodriguez@hotmail.com,2024-03-17,Netherlands,Utrecht,affiliate
987,Paul,Campbell,paul.campbell@yahoo.com,2023-10-26,United Kingdom,Leeds,organic_search
988,Kimberly,Thomas,kimberly.thomas@icloud.com,2025-01-27,United Kingdom,Manchester,social_media
989,Samuel,Robinson,samuel.robinson@gmail.com,2024-10-24,United States,Chicago,affiliate
990,Ronald,Baker,ronald.baker@yahoo.com,2024-06-08,Australia,Perth,organic_search
991,Pamela,Brown,pamela.brown@gmail.com,2025-08-22,United States,Houston,direct
992,Helen,Nelson,helen.nelson@icloud.com,2023-01-11,Australia,Sydney,paid_search
993,Samantha,Harris,samantha.harris@outlook.com,2025-01-29,Mexico,Monterrey,organic_search
994,Pamela,Williams,pamela.williams@icloud.com,2025-10-28,United States,Chicago,social_media
995,Amanda,Robinson,amanda.robinson@yahoo.com,2025-06-05,United States,Miami,organic_search
996,Joseph,Lee,joseph.lee@gmail.com,2024-07-29,Mexico,Guadalajara,referral
997,Laura,Jackson,laura.jackson@outlook.com,2025-11-24,Canada,Montreal,paid_search
998,Nancy,Lee,nancy.lee@hotmail.com,2025-06-20,Australia,Melbourne,organic_search
999,Karen,Brown,karen.brown@yahoo.com,2024-06-16,United States,Denver,organic_search
1000,Kathleen,Ramirez,kathleen.ramirez@gmail.com,2023-03-25,Mexico,Guadalajara,social_media
1001,Alexander,Scott,alexander.scott@hotmail.com,2023-10-31,United Kingdom,London,organic_search
1002,Barbara,Wilson,barbara.wilson@outlook.com,2025-11-07,United States,Chicago,direct
1003,Larry,Nelson,larry.nelson@icloud.com,2025-12-13,United States,New York,referral
1004,Lisa,Clark,lisa.clark@gmail.com,2023-07-13,United States,Denver,direct
1005,Patricia,Jackson,patricia.jackson@gmail.com,2023-08-06,United States,Boston,direct
1006,Karen,Johnson,karen.johnson@gmail.com,2025-09-09,United Kingdom,Bristol,social_media
1007,Andrew,Hill,andrew.hill@gmail.com,2025-07-16,United States,New York,paid_search
1008,Maria,Campbell,maria.campbell@icloud.com,2024-08-02,United States,New York,paid_search
1009,Linda,Mitchell,linda.mitchell@gmail.com,2025-02-20,Canada,Ottawa,organic_search
1010,Steven,Lopez,steven.lopez@yahoo.com,2023-07-02,Mexico,Guadalajara,organic_search
1011,Anthony,Hernandez,anthony.hernandez@hotmail.com,2023-11-12,France,Marseille,organic_search
1012,Gary,Ramirez,gary.ramirez@outlook.com,2023-09-26,Brazil,Brasilia,paid_search
1013,Richard,White,richard.white@icloud.com,2025-03-05,United States,Denver,social_media
1014,Larry,Hill,larry.hill@hotmail.com,2025-01-24,United States,Seattle,email
1015,Laura,Green,laura.green@hotmail.com,2024-11-30,United States,Miami,affiliate
1016,Gregory,Anderson,gregory.anderson@yahoo.com,2024-08-18,India,Mumbai,social_media
1017,David,Walker,david.walker@outlook.com,2024-09-07,United States,Chicago,direct
1018,Eric,Ramirez,eric.ramirez@outlook.com,2023-06-06,Canada,Ottawa,direct
1019,Shirley,Miller,shirley.miller@icloud.com,2025-08-09,United Kingdom,London,email
1020,Larry,Taylor,larry.taylor@outlook.com,2025-10-28,United States,Los Angeles,organic_search
1021,Jack,Nelson,jack.nelson@hotmail.com,2025-03-15,United States,Chicago,organic_search
1022,Sharon,Rivera,sharon.rivera@outlook.com,2025-07-10,United States,Denver,email
1023,Kimberly,Perez,kimberly.perez@yahoo.com,2024-06-15,United States,Los Angeles,direct
1024,Susan,Ramirez,susan.ramirez@icloud.com,2023-08-27,United States,Seattle,organic_search
1025,Christine,Walker,christine.walker@hotmail.com,2025-09-23,Germany,Cologne,paid_search
1026,Brandon,White,brandon.white@hotmail.com,2023-09-14,France,Paris,organic_search
1027,Matthew,Davis,matthew.davis@gmail.com,2023-02-24,Germany,Munich,organic_search
1028,Christine,Martinez,christine.martinez@yahoo.com,2024-01-26,United Kingdom,Bristol,organic_search
1029,Jerry,Robinson,jerry.robinson@yahoo.com,2023-08-27,United Kingdom,,organic_search
1030,Karen,Mitchell,karen.mitchell@hotmail.com,2023-02-10,Mexico,Guadalajara,direct
1031,Justin,Thomas,justin.thomas@yahoo.com,2023-04-15,United States,Seattle,paid_search
1032,Susan,Green,susan.green@hotmail.com,2024-08-18,Mexico,Guadalajara,organic_search
1033,Rebecca,Young,rebecca.young@icloud.com,2025-09-26,Canada,Ottawa,paid_search
1034,Linda,King,linda.king@gmail.com,2023-05-11,United Kingdom,Birmingham,paid_search
1035,Samuel,Clark,samuel.clark@hotmail.com,2024-12-11,United States,Boston,social_media
1036,Laura,Johnson,laura.johnson@yahoo.com,2025-08-19,United States,Houston,paid_search
1037,Sandra,Allen,sandra.allen@yahoo.com,2025-08-17,Canada,Montreal,organic_search
1038,Donna,Campbell,donna.campbell@hotmail.com,2025-08-25,India,Bangalore,referral
1039,Christopher,Flores,christopher.flores@yahoo.com,2025-09-15,United States,Los Angeles,organic_search
1040,Betty,Hernandez,betty.hernandez@icloud.com,2025-10-08,United Kingdom,Leeds,paid_search
1041,Anthony,Scott,anthony.scott2@gmail.com,2025-01-01,United States,Phoenix,email
1042,Daniel,Allen,daniel.allen@gmail.com,2025-05-31,France,Marseille,organic_search
1043,Sandra,Davis,sandra.davis@icloud.com,2024-11-27,United States,Phoenix,referral
1044,Jerry,Williams,jerry.williams@icloud.com,2025-11-21,United States,Chicago,email
1045,Susan,Rivera,susan.rivera@gmail.com,2025-07-25,India,Hyderabad,affiliate
1046,Dennis,Davis,dennis.davis2@outlook.com,2023-03-27,Canada,Toronto,social_media
1047,Nancy,Green,nancy.green@gmail.com,2023-11-18,Brazil,Rio de Janeiro,referral
1048,Alexander,Lewis,alexander.lewis@icloud.com,2023-11-12,United Kingdom,London,email
1049,Kevin,Rodriguez,kevin.rodriguez@gmail.com,2025-05-01,Netherlands,Rotterdam,referral
1050,James,Thomas,james.thomas@hotmail.com,2023-12-17,United States,Miami,organic_search
1051,Deborah,Rivera,deborah.rivera@hotmail.com,2023-11-07,United States,Houston,referral
1052,Anna,Clark,anna.clark@yahoo.com,2025-04-26,United States,Seattle,direct
1053,Ryan,King,ryan.king@outlook.com,2023-10-26,India,Hyderabad,referral
1054,Janet,King,janet.king@gmail.com,2025-04-02,United States,Austin,affiliate
1055,Nancy,Ramirez,nancy.ramirez@gmail.com,2023-11-06,United States,New York,direct
1056,Linda,Green,linda.green@icloud.com,2025-04-03,Mexico,Guadalajara,direct
1057,Carolyn,Scott,carolyn.scott@outlook.com,2024-12-05,Australia,Brisbane,organic_search
1058,Emily,King,emily.king@icloud.com,2025-07-02,India,Hyderabad,email
1059,Brenda,Flores,brenda.flores@icloud.com,2025-04-08,Germany,Hamburg,referral
1060,Joshua,Garcia,joshua.garcia@gmail.com,2023-09-16,Canada,Calgary,social_media
1061,Brenda,Jackson,brenda.jackson@yahoo.com,2024-10-01,United States,Miami,social_media
1062,Dennis,Green,dennis.green@yahoo.com,2024-06-13,United States,,paid_search
1063,Diane,Martin,diane.martin@hotmail.com,2023-05-03,Mexico,Mexico City,direct
1064,Kimberly,Green,kimberly.green@icloud.com,2023-09-13,United States,New York,social_media
1065,Emma,Mitchell,emma.mitchell@gmail.com,2025-12-28,United Kingdom,Manchester,direct
1066,Sandra,Thompson,sandra.thompson@outlook.com,2023-10-14,United States,Boston,email
1067,Eric,Mitchell,eric.mitchell@yahoo.com,2024-01-30,United States,Miami,direct
1068,George,Robinson,george.robinson@gmail.com,2025-04-23,United States,Seattle,organic_search
1069,Linda,Ramirez,linda.ramirez@yahoo.com,2023-06-09,United Kingdom,Leeds,paid_search
1070,Anna,Sanchez,anna.sanchez@icloud.com,2024-06-24,Canada,Calgary,social_media
1071,Katherine,Ramirez,katherine.ramirez@hotmail.com,2025-05-03,Germany,Frankfurt,direct
1072,Charles,Allen,charles.allen@yahoo.com,2023-09-22,United Kingdom,Leeds,affiliate
1073,Shirley,King,shirley.king@gmail.com,2025-08-27,Germany,Frankfurt,organic_search
1074,Christopher,Scott,christopher.scott@outlook.com,2025-04-16,India,Mumbai,organic_search
1075,Deborah,Torres,deborah.torres@outlook.com,2023-08-30,United States,Chicago,paid_search
1076,Deborah,Martin,deborah.martin@outlook.com,2023-10-19,United Kingdom,Manchester,referral
1077,Sharon,Brown,sharon.brown@outlook.com,2024-01-10,Brazil,Sao Paulo,referral
1078,Gary,Smith,gary.smith@gmail.com,2023-04-02,Canada,Toronto,social_media
1079,Emma,Martin,emma.martin@icloud.com,2025-02-11,United Kingdom,Birmingham,social_media
1080,Patrick,Hill,patrick.hill@yahoo.com,2025-07-10,Australia,Perth,email
1081,Karen,Campbell,karen.campbell@outlook.com,2025-04-18,United States,Boston,paid_search
1082,Ronald,Perez,ronald.perez@icloud.com,2024-07-22,United States,Denver,email
1083,Nancy,Rivera,nancy.rivera@gmail.com,2023-09-11,Canada,Montreal,email
1084,David,Gonzalez,david.gonzalez@icloud.com,2025-12-04,Canada,Toronto,organic_search
1085,Jacob,Allen,jacob.allen@gmail.com,2024-01-04,United States,Miami,affiliate
1086,Emily,Wilson,emily.wilson@yahoo.com,2023-06-23,France,,referral
1087,Helen,Lee,helen.lee@hotmail.com,2023-02-17,Canada,Calgary,paid_search
1088,Lisa,Clark,lisa.clark2@outlook.com,2023-07-06,United States,Phoenix,organic_search
1089,Richard,Wright,richard.wright@yahoo.com,2024-06-07,United States,Chicago,referral
1090,Karen,Martin,karen.martin@hotmail.com,2024-10-28,Germany,Berlin,organic_search
1091,Janet,Brown,janet.brown@outlook.com,2023-10-19,United States,Austin,social_media
1092,Carol,Taylor,carol.taylor@hotmail.com,2023-04-17,India,Mumbai,organic_search
1093,Dennis,Hill,dennis.hill@icloud.com,2025-10-30,United States,Miami,paid_search
1094,Joseph,Moore,joseph.moore@gmail.com,2025-04-13,United States,Miami,organic_search
1095,Patricia,Clark,patricia.clark@yahoo.com,2024-07-05,India,Mumbai,social_media
1096,Nicole,Baker,nicole.baker@gmail.com,2023-09-15,United States,Miami,paid_search
1097,Edward,Lewis,edward.lewis@gmail.com,2024-02-21,Netherlands,Utrecht,referral
1098,Charles,White,charles.white@icloud.com,2025-05-17,Mexico,Mexico City,affiliate
1099,Pamela,Lewis,pamela.lewis@gmail.com,2024-08-15,United States,Denver,email
1100,Nancy,Smith,nancy.smith@gmail.com,2024-07-13,India,Hyderabad,social_media
1101,Rachel,Harris,rachel.harris@outlook.com,2025-11-11,Netherlands,Amsterdam,paid_search
1102,Christopher,Mitchell,christopher.mitchell@icloud.com,2023-07-03,Canada,Montreal,paid_search
1103,Jessica,Rodriguez,jessica.rodriguez@icloud.com,2024-03-07,Mexico,Guadalajara,email
1104,Kenneth,Baker,kenneth.baker@outlook.com,2024-07-13,Germany,Frankfurt,paid_search
1105,Carol,Perez,carol.perez@yahoo.com,2024-11-03,United Kingdom,Glasgow,organic_search
1106,Raymond,Rodriguez,raymond.rodriguez@gmail.com,2023-01-20,Canada,Toronto,email
1107,Edward,Scott,edward.scott@hotmail.com,2023-06-08,Australia,Sydney,social_media
1108,Debra,Lewis,debra.lewis@gmail.com,2025-01-03,United States,Seattle,paid_search
1109,Jerry,Hall,jerry.hall@gmail.com,2024-01-31,United States,Austin,social_media
1110,Mark,Mitchell,mark.mitchell@gmail.com,2024-01-28,Australia,Brisbane,organic_search
1111,Brandon,Green,brandon.green@outlook.com,2024-04-24,France,Lyon,affiliate
1112,George,Williams,george.williams@outlook.com,2024-03-04,United Kingdom,Bristol,organic_search
1113,Katherine,Sanchez,katherine.sanchez@gmail.com,2025-10-21,Netherlands,Utrecht,social_media
1114,Stephen,Gonzalez,stephen.gonzalez@icloud.com,2023-12-26,Germany,Cologne,organic_search
1115,Thomas,Mitchell,thomas.mitchell@gmail.com,2024-04-11,United States,Boston,direct
1116,Maria,Moore,maria.moore@yahoo.com,2025-12-27,Netherlands,Amsterdam,email
1117,Rachel,Scott,rachel.scott@hotmail.com,2023-04-17,United States,Seattle,direct
1118,Carol,Ramirez,carol.ramirez@hotmail.com,2025-08-13,United States,Miami,social_media
1119,Eric,Carter,eric.carter@gmail.com,2023-04-07,Brazil,Sao Paulo,paid_search
1120,Sharon,Wright,sharon.wright@hotmail.com,2024-02-03,United States,Seattle,paid_search
1121,Emma,Johnson,emma.johnson@yahoo.com,2023-06-02,Mexico,Guadalajara,direct
1122,Betty,Hernandez,betty.hernandez@outlook.com,2023-02-27,United States,Los Angeles,social_media
1123,Patricia,Nguyen,patricia.nguyen@outlook.com,2023-08-09,Netherlands,Amsterdam,social_media
1124,Amanda,Brown,amanda.brown@outlook.com,2023-05-30,United Kingdom,Manchester,referral
1125,Samantha,Lewis,samantha.lewis@gmail.com,2023-09-13,Germany,Cologne,organic_search
1126,Linda,Williams,linda.williams@hotmail.com,2023-09-19,United States,Los Angeles,organic_search
1127,Jeffrey,Brown,jeffrey.brown@outlook.com,2023-05-15,Canada,Calgary,organic_search
1128,Linda,Scott,linda.scott@gmail.com,2025-04-02,United States,Seattle,organic_search
1129,Dennis,Clark,dennis.clark@yahoo.com,2023-01-22,Netherlands,Utrecht,social_media
1130,Kathleen,Ramirez,kathleen.ramirez@icloud.com,2023-02-23,Canada,Montreal,social_media
1131,Kevin,Nguyen,kevin.nguyen@yahoo.com,2023-05-19,United States,New York,social_media
1132,Matthew,Torres,matthew.torres@yahoo.com,2024-12-28,Germany,Hamburg,social_media
1133,Patrick,Flores,patrick.flores@hotmail.com,2023-04-01,United States,Chicago,organic_search
1134,Michelle,Nguyen,michelle.nguyen@hotmail.com,2025-01-02,United Kingdom,Bristol,paid_search
1135,Brenda,Roberts,brenda.roberts@yahoo.com,2024-12-03,United States,Phoenix,paid_search
1136,Mary,King,mary.king@icloud.com,2023-04-28,Germany,Munich,paid_search
1137,Pamela,Brown,pamela.brown@hotmail.com,2024-02-17,United States,Houston,referral
1138,Amanda,Gonzalez,amanda.gonzalez@hotmail.com,2024-11-09,Germany,Frankfurt,direct
1139,Larry,Perez,larry.perez@icloud.com,2023-11-29,United States,Austin,organic_search
1140,Julie,Williams,julie.williams@hotmail.com,2024-04-01,United States,New York,email
1141,Kathleen,Flores,kathleen.flores@yahoo.com,2025-02-08,United States,Austin,organic_search
1142,Lisa,Smith,lisa.smith@outlook.com,2023-03-03,United States,Austin,social_media
1143,Charles,Jackson,charles.jackson@hotmail.com,2025-01-07,United States,Boston,organic_search
1144,Patricia,Gonzalez,patricia.gonzalez@yahoo.com,2024-06-20,United States,Houston,email
1145,Amanda,Scott,amanda.scott@yahoo.com,2023-12-27,United States,New York,direct
1146,Richard,Johnson,richard.johnson@yahoo.com,2024-11-24,United States,Los Angeles,direct
1147,Michelle,Robinson,michelle.robinson@yahoo.com,2023-12-17,United States,Austin,direct
1148,Samantha,Ramirez,samantha.ramirez@gmail.com,2024-01-24,United States,Chicago,organic_search
1149,Timothy,Hall,timothy.hall@outlook.com,2024-05-15,United States,Seattle,direct
1150,Heather,Flores,heather.flores@icloud.com,2024-08-25,United States,Miami,referral
1151,Carol,Thomas,carol.thomas@gmail.com,2023-09-16,Germany,Hamburg,direct
1152,Justin,Young,justin.young@yahoo.com,2023-05-13,Australia,,organic_search
1153,Stephanie,Carter,stephanie.carter@icloud.com,2025-08-08,United States,Miami,organic_search
1154,Janet,White,janet.white@icloud.com,2025-08-28,Germany,Frankfurt,paid_search
1155,Rebecca,Green,rebecca.green@icloud.com,2024-03-25,Germany,Munich,direct
1156,Cynthia,Thomas,cynthia.thomas@hotmail.com,2025-02-11,United States,Seattle,social_media
1157,Deborah,Taylor,deborah.taylor@icloud.com,2024-08-27,United States,Los Angeles,social_media
1158,Melissa,Anderson,melissa.anderson@icloud.com,2024-11-19,United States,Miami,social_media
1159,Kathleen,Ramirez,kathleen.ramirez@hotmail.com,2024-10-11,United States,Denver,paid_search
1160,Patricia,Lopez,patricia.lopez@hotmail.com,2025-01-05,United States,Los Angeles,direct
1161,Donna,Allen,donna.allen@icloud.com,2024-07-20,Canada,Toronto,direct
1162,Richard,Davis,richard.davis@gmail.com,2024-02-15,United States,Miami,paid_search
1163,Gregory,Perez,gregory.perez@outlook.com,2024-01-26,United States,Phoenix,email
1164,Sarah,Carter,sarah.carter@icloud.com,2024-09-05,India,Mumbai,paid_search
1165,Brian,Sanchez,brian.sanchez@hotmail.com,2025-08-24,France,Paris,email
1166,Heather,Martinez,heather.martinez@hotmail.com,2025-08-29,United States,Houston,paid_search
1167,Nicole,Scott,nicole.scott@hotmail.com,2024-11-28,Australia,Perth,referral
1168,Kenneth,Gonzalez,kenneth.gonzalez@hotmail.com,2024-03-05,France,Toulouse,social_media
1169,Pamela,Johnson,pamela.johnson@outlook.com,2024-09-17,United States,Chicago,direct
1170,Mary,Young,mary.young@outlook.com,2025-05-21,United States,Seattle,email
1171,Rebecca,Carter,rebecca.carter@icloud.com,2023-02-17,United States,Boston,social_media
1172,Robert,Rodriguez,robert.rodriguez@yahoo.com,2025-03-11,Mexico,Guadalajara,affiliate
1173,Anthony,Sanchez,anthony.sanchez@gmail.com,2025-08-30,Canada,Vancouver,organic_search
1174,Larry,Lewis,larry.lewis@outlook.com,2023-12-30,United States,Los Angeles,organic_search
1175,Raymond,Hill,raymond.hill@hotmail.com,2023-05-23,United States,Houston,direct
1176,Stephanie,Jackson,stephanie.jackson@yahoo.com,2023-05-24,United States,Miami,social_media
1177,Deborah,King,deborah.king@gmail.com,2025-03-11,United States,Seattle,organic_search
1178,Joseph,Rodriguez,joseph.rodriguez@icloud.com,2023-05-21,United Kingdom,Bristol,paid_search
1179,Anthony,Rodriguez,anthony.rodriguez@yahoo.com,2023-11-22,United States,Denver,email
1180,Michelle,Nguyen,michelle.nguyen@yahoo.com,2025-07-28,United Kingdom,Bristol,paid_search
1181,James,Martinez,james.martinez@hotmail.com,2024-05-20,United States,Seattle,social_media
1182,Larry,Young,larry.young@hotmail.com,2023-07-06,United Kingdom,London,paid_search
1183,Ryan,Thompson,ryan.thompson@outlook.com,2025-04-30,United States,Chicago,paid_search
1184,Samantha,Campbell,samantha.campbell@hotmail.com,2024-01-11,United Kingdom,Bristol,email
1185,Richard,Sanchez,richard.sanchez@gmail.com,2024-07-14,United States,Chicago,direct
1186,Jonathan,Jackson,jonathan.jackson@gmail.com,2025-10-07,Germany,Munich,social_media
1187,Heather,Scott,heather.scott@gmail.com,2023-08-04,Mexico,Mexico City,social_media
1188,Diane,Lee,diane.lee@hotmail.com,2024-02-29,United Kingdom,Birmingham,social_media
1189,Kathleen,Johnson,kathleen.johnson@gmail.com,2025-02-19,Germany,Frankfurt,paid_search
1190,Rebecca,Gonzalez,rebecca.gonzalez@hotmail.com,2023-08-23,United States,Phoenix,email
1191,Sarah,Lee,sarah.lee@hotmail.com,2023-06-19,United Kingdom,,social_media
1192,Ashley,Rivera,ashley.rivera@hotmail.com,2023-11-27,United States,Phoenix,organic_search
1193,John,Hill,john.hill@gmail.com,2025-12-30,United States,Los Angeles,referral
1194,Nancy,Jones,nancy.jones@gmail.com,2025-06-21,Germany,Munich,paid_search
1195,Margaret,Rivera,margaret.rivera@gmail.com,2024-03-18,Brazil,Brasilia,social_media
1196,Michael,Green,michael.green@icloud.com,2025-03-10,Germany,Berlin,email
1197,Jeffrey,Brown,jeffrey.brown@icloud.com,2024-02-18,United States,Seattle,direct
1198,Deborah,Thomas,deborah.thomas@yahoo.com,2023-02-27,United States,Seattle,affiliate
1199,Amanda,Gonzalez,amanda.gonzalez@gmail.com,2023-12-10,United States,Los Angeles,referral
1200,Jennifer,Clark,jennifer.clark@icloud.com,2024-10-22,United States,Austin,social_media
1201,Matthew,Flores,matthew.flores@yahoo.com,2025-05-26,India,Hyderabad,organic_search
1202,Margaret,Miller,margaret.miller@outlook.com,2025-04-03,United States,New York,email
1203,Mary,Harris,mary.harris@yahoo.com,2024-07-24,United Kingdom,London,email
1204,Deborah,Williams,deborah.williams@gmail.com,2024-09-09,Brazil,Rio de Janeiro,referral
1205,Angela,Miller,angela.miller@icloud.com,2024-05-30,France,Lyon,affiliate
1206,Scott,Lee,scott.lee@hotmail.com,2024-11-11,Germany,Munich,organic_search
1207,Heather,Hall,heather.hall@outlook.com,2025-09-14,Mexico,Monterrey,organic_search
1208,John,Hill,john.hill@icloud.com,2024-04-21,United Kingdom,,social_media
1209,Alexander,Smith,alexander.smith@yahoo.com,2024-09-24,United States,Los Angeles,paid_search
1210,Jason,Carter,jason.carter@yahoo.com,2023-10-09,Canada,Toronto,paid_search
1211,Donna,Gonzalez,donna.gonzalez@yahoo.com,2024-05-02,United States,New York,direct
1212,Scott,Lewis,scott.lewis2@gmail.com,2025-12-02,United States,New York,referral
1213,Sharon,Adams,sharon.adams@outlook.com,2024-11-09,Australia,Melbourne,paid_search
1214,Anthony,Wright,anthony.wright@gmail.com,2024-05-23,Brazil,Brasilia,referral
1215,Carolyn,Campbell,carolyn.campbell@yahoo.com,2025-12-03,Canada,Calgary,paid_search
1216,Jeffrey,Green,jeffrey.green@gmail.com,2023-05-24,United States,Denver,affiliate
1217,Michael,Green,michael.green@yahoo.com,2023-07-07,India,Delhi,organic_search
1218,Stephen,Wilson,stephen.wilson@yahoo.com,2025-08-14,United Kingdom,Leeds,paid_search
1219,Patrick,Gonzalez,patrick.gonzalez@yahoo.com,2024-05-24,United Kingdom,Glasgow,paid_search
1220,Emma,Lewis,emma.lewis@yahoo.com,2023-06-13,United States,Denver,affiliate
1221,George,Sanchez,george.sanchez@hotmail.com,2025-05-15,United States,Denver,social_media
1222,Jack,Ramirez,jack.ramirez@yahoo.com,2023-02-10,France,Toulouse,referral
1223,Jason,Garcia,jason.garcia@outlook.com,2023-12-26,Canada,Vancouver,paid_search
1224,Kathleen,Martin,kathleen.martin@hotmail.com,2025-09-11,United States,Miami,organic_search
1225,Sarah,Rivera,sarah.rivera2@gmail.com,2023-01-09,United States,Houston,organic_search
1226,Nicholas,Campbell,nicholas.campbell@outlook.com,2025-03-19,United Kingdom,Leeds,affiliate
1227,Deborah,Harris,deborah.harris@hotmail.com,2023-05-26,United States,Boston,social_media
1228,Robert,Davis,robert.davis@hotmail.com,2024-02-02,India,Delhi,referral
1229,Steven,Roberts,steven.roberts@outlook.com,2025-01-24,United Kingdom,Leeds,email
1230,Christine,Harris,christine.harris@hotmail.com,2025-09-05,Australia,Melbourne,organic_search
1231,George,Green,george.green@gmail.com,2024-06-19,Germany,Munich,email
1232,Rachel,Martinez,rachel.martinez@outlook.com,2023-11-27,United States,Boston,organic_search
1233,Jerry,Garcia,jerry.garcia@hotmail.com,2023-06-14,United States,Boston,social_media
1234,Matthew,Ramirez,matthew.ramirez@yahoo.com,2024-09-10,France,Marseille,social_media
1235,Jonathan,Nelson,jonathan.nelson@hotmail.com,2023-07-02,Canada,Calgary,organic_search
1236,Emma,Roberts,emma.roberts@outlook.com,2024-03-05,France,Marseille,direct
1237,Ronald,Hall,ronald.hall@outlook.com,2025-10-04,United States,Chicago,organic_search
1238,William,Roberts,william.roberts@hotmail.com,2025-06-01,Canada,Montreal,organic_search
1239,Deborah,Lopez,deborah.lopez@yahoo.com,2025-10-26,United States,Chicago,direct
1240,Cynthia,Torres,cynthia.torres@yahoo.com,2024-01-10,United States,New York,referral
1241,Matthew,Taylor,matthew.taylor@hotmail.com,2023-08-12,United Kingdom,Glasgow,direct
1242,Nancy,Garcia,nancy.garcia@outlook.com,2024-07-20,United States,Los Angeles,organic_search
1243,Patricia,Nguyen,patricia.nguyen@yahoo.com,2023-07-26,United Kingdom,,organic_search
1244,Andrew,Carter,andrew.carter@gmail.com,2023-07-18,Germany,Berlin,organic_search
1245,Julie,Smith,julie.smith@hotmail.com,2025-09-22,Canada,Montreal,social_media
1246,Amanda,Hill,amanda.hill@hotmail.com,2024-10-07,United States,Austin,referral
1247,George,Nelson,george.nelson@hotmail.com,2024-12-30,United States,New York,direct
1248,Richard,Smith,richard.smith@hotmail.com,2023-10-12,Brazil,Rio de Janeiro,organic_search
1249,Jessica,King,jessica.king@outlook.com,2025-01-24,India,Delhi,social_media
1250,Rachel,Nelson,rachel.nelson@hotmail.com,2024-01-20,United Kingdom,Bristol,organic_search
1251,Katherine,Lee,katherine.lee@gmail.com,2024-10-28,Germany,Berlin,email
1252,Sandra,Hill,sandra.hill@hotmail.com,2023-06-16,United Kingdom,Glasgow,paid_search
1253,Jacob,Nelson,jacob.nelson@gmail.com,2024-02-04,Australia,Brisbane,email
1254,Eric,Torres,eric.torres@icloud.com,2023-06-28,United States,Denver,paid_search
1255,Gregory,Scott,gregory.scott@hotmail.com,2023-08-25,United States,Denver,social_media
1256,Brenda,Thomas,brenda.thomas@yahoo.com,2023-08-05,United States,Los Angeles,social_media
1257,Janet,Johnson,janet.johnson@yahoo.com,2025-02-24,India,Bangalore,referral
1258,Mark,Campbell,mark.campbell@outlook.com,2023-10-06,Germany,Berlin,direct
1259,Katherine,Campbell,katherine.campbell@hotmail.com,2024-04-03,United States,Austin,direct
1260,Jerry,Hill,jerry.hill@gmail.com,2025-02-20,Germany,Frankfurt,email
1261,Tyler,Scott,tyler.scott@hotmail.com,2024-06-14,France,Lyon,organic_search
1262,Barbara,Davis,barbara.davis@gmail.com,2024-01-21,United States,Boston,referral
1263,Joseph,Torres,joseph.torres@outlook.com,2025-02-17,United States,Austin,social_media
1264,James,Martin,james.martin@gmail.com,2025-03-05,Canada,Vancouver,affiliate
1265,Kenneth,Roberts,kenneth.roberts@outlook.com,2025-11-30,France,Lyon,email
1266,Nicole,Anderson,nicole.anderson@gmail.com,2025-08-01,United States,Miami,paid_search
1267,Donna,Anderson,donna.anderson@hotmail.com,2024-08-03,Germany,Munich,organic_search
1268,Debra,Hall,debra.hall@gmail.com,2025-10-25,Canada,Montreal,affiliate
1269,Jessica,Moore,jessica.moore@icloud.com,2025-10-10,United Kingdom,,paid_search
1270,Timothy,Brown,timothy.brown@outlook.com,2024-04-05,United States,Houston,email
1271,Michael,Roberts,michael.roberts@yahoo.com,2025-03-13,Netherlands,Utrecht,paid_search
1272,Frank,Hernandez,frank.hernandez@gmail.com,2025-05-15,Canada,Montreal,email
1273,Brian,Carter,brian.carter@hotmail.com,2024-08-02,United States,Miami,paid_search
1274,Matthew,Hall,matthew.hall@icloud.com,2024-10-24,United States,Chicago,referral
1275,Justin,Brown,justin.brown@outlook.com,2023-10-09,United Kingdom,Manchester,social_media
1276,Amy,Jackson,amy.jackson@yahoo.com,2023-01-19,United States,Houston,paid_search
1277,Emma,Miller,emma.miller@yahoo.com,2023-12-11,United States,Seattle,direct
1278,Richard,Thompson,richard.thompson@hotmail.com,2023-08-29,United States,New York,affiliate
1279,Christine,Perez,christine.perez@icloud.com,2025-04-07,United Kingdom,,paid_search
1280,Jessica,Thomas,jessica.thomas@hotmail.com,2023-12-20,United Kingdom,Bristol,email
1281,Timothy,Roberts,timothy.roberts@gmail.com,2024-07-17,France,Toulouse,email
1282,Jeffrey,White,jeffrey.white@gmail.com,2023-09-07,United States,Los Angeles,social_media
1283,Debra,Allen,debra.allen@yahoo.com,2025-09-09,United States,Boston,paid_search
1284,Olivia,Miller,olivia.miller@icloud.com,2025-06-07,United States,Denver,paid_search
1285,Thomas,Miller,thomas.miller@outlook.com,2024-01-14,United States,Miami,social_media
1286,Carolyn,Johnson,carolyn.johnson@hotmail.com,2025-12-21,Canada,Ottawa,social_media
1287,Eric,Nguyen,eric.nguyen@icloud.com,2024-02-29,Australia,Sydney,affiliate
1288,Jessica,Lopez,jessica.lopez@icloud.com,2025-07-04,Germany,Berlin,referral
1289,Jessica,Williams,jessica.williams@yahoo.com,2023-06-29,Canada,Vancouver,social_media
1290,Dennis,Williams,dennis.williams@gmail.com,2024-09-03,Mexico,Monterrey,paid_search
1291,Brenda,Hernandez,brenda.hernandez@hotmail.com,2023-01-01,Mexico,Monterrey,paid_search
1292,Jennifer,King,jennifer.king@outlook.com,2023-10-14,Germany,Frankfurt,social_media
1293,Raymond,Lee,raymond.lee@icloud.com,2025-11-11,India,Bangalore,organic_search
1294,Richard,Nelson,richard.nelson@gmail.com,2023-10-18,United States,Houston,paid_search
1295,Margaret,Rodriguez,margaret.rodriguez@icloud.com,2025-01-05,Canada,Ottawa,paid_search
1296,Maria,Flores,maria.flores@hotmail.com,2024-06-17,United States,Phoenix,paid_search
1297,Christopher,Sanchez,christopher.sanchez@hotmail.com,2025-05-21,United States,Phoenix,direct
1298,Charles,Wright,charles.wright@yahoo.com,2024-01-30,United States,Phoenix,email
1299,Larry,Nelson,larry.nelson2@outlook.com,2024-10-09,United States,,affiliate
1300,Laura,Harris,laura.harris@gmail.com,2023-06-08,Mexico,Mexico City,paid_search
1301,Jonathan,Davis,jonathan.davis@icloud.com,2023-07-02,United Kingdom,Birmingham,paid_search
1302,Kevin,Roberts,kevin.roberts@outlook.com,2024-07-14,United States,Houston,organic_search
1303,Timothy,Anderson,timothy.anderson@hotmail.com,2023-12-26,India,,social_media
1304,Michelle,Nguyen,michelle.nguyen2@gmail.com,2024-07-31,Canada,Ottawa,social_media
1305,Helen,Miller,helen.miller@gmail.com,2024-01-06,United States,Seattle,paid_search
1306,Jack,Baker,jack.baker2@outlook.com,2025-09-03,Canada,Calgary,social_media
1307,Kimberly,Smith,kimberly.smith@icloud.com,2023-10-20,Australia,Melbourne,paid_search
1308,Jack,Moore,jack.moore@gmail.com,2024-05-25,India,Bangalore,email
1309,Sharon,Rivera,sharon.rivera@hotmail.com,2025-08-17,United States,Austin,social_media
1310,Emily,Ramirez,emily.ramirez@icloud.com,2024-09-17,India,Delhi,email
1311,Barbara,Martin,barbara.martin@hotmail.com,2023-06-12,France,,organic_search
1312,Donald,Garcia,donald.garcia@yahoo.com,2024-08-08,Canada,Toronto,social_media
1313,Angela,Smith,angela.smith@hotmail.com,2025-09-09,Germany,Munich,social_media
1314,Rachel,Baker,rachel.baker@icloud.com,2023-01-29,Germany,Frankfurt,email
1315,Olivia,Smith,olivia.smith@hotmail.com,2024-05-15,Australia,Brisbane,affiliate
1316,Frank,King,frank.king@icloud.com,2023-12-12,United States,Denver,email
1317,Heather,King,heather.king@yahoo.com,2023-10-01,United States,Austin,social_media
1318,Michael,Ramirez,michael.ramirez@hotmail.com,2023-08-20,United States,Austin,paid_search
1319,Gregory,Thomas,gregory.thomas@icloud.com,2024-08-17,Netherlands,Amsterdam,paid_search
1320,Donna,Taylor,donna.taylor@yahoo.com,2025-03-17,United States,Boston,organic_search
1321,Michelle,Adams,michelle.adams@icloud.com,2025-08-06,France,Paris,direct
1322,Gary,Brown,gary.brown@outlook.com,2024-11-03,United States,Denver,paid_search
1323,Susan,Smith,susan.smith@outlook.com,2025-04-03,Brazil,Sao Paulo,paid_search
1324,Richard,Ramirez,richard.ramirez@hotmail.com,2025-11-19,United States,Miami,direct
1325,Edward,Davis,edward.davis@hotmail.com,2024-04-08,United States,Phoenix,social_media
1326,Deborah,Martin,deborah.martin2@yahoo.com,2024-07-05,Brazil,Brasilia,organic_search
1327,Jeffrey,Nelson,jeffrey.nelson@hotmail.com,2025-06-07,United States,Austin,organic_search
1328,Alexander,Gonzalez,alexander.gonzalez@gmail.com,2023-10-01,United States,New York,paid_search
1329,Olivia,Perez,olivia.perez@gmail.com,2025-09-08,United States,Houston,affiliate
1330,Andrew,Davis,andrew.davis@hotmail.com,2023-09-18,United Kingdom,Leeds,paid_search
1331,Heather,Roberts,heather.roberts@hotmail.com,2025-03-07,United Kingdom,Bristol,organic_search
1332,Susan,Johnson,susan.johnson@yahoo.com,2023-01-28,United States,,referral
1333,Donald,Brown,donald.brown@outlook.com,2023-01-17,United Kingdom,Glasgow,social_media
1334,Donna,Jackson,donna.jackson@hotmail.com,2024-05-22,United States,Seattle,email
1335,Maria,Allen,maria.allen@yahoo.com,2024-06-23,United States,Los Angeles,affiliate
1336,Ashley,Nelson,ashley.nelson@hotmail.com,2025-10-25,United States,Los Angeles,email
1337,Matthew,Nguyen,matthew.nguyen@yahoo.com,2025-04-01,United States,Chicago,organic_search
1338,Matthew,Martinez,matthew.martinez@hotmail.com,2023-07-06,United States,Houston,direct
1339,Timothy,Clark,timothy.clark@icloud.com,2024-03-30,United States,Houston,paid_search
1340,Amy,Brown,amy.brown@icloud.com,2024-09-15,United Kingdom,London,organic_search
1341,George,Moore,george.moore@outlook.com,2024-10-17,Australia,Melbourne,direct
1342,Lisa,Williams,lisa.williams@gmail.com,2024-03-10,United States,Austin,paid_search
1343,Emily,Hill,emily.hill@gmail.com,2025-10-03,United Kingdom,Birmingham,paid_search
1344,Joshua,Davis,joshua.davis@gmail.com,2023-09-24,Germany,Cologne,paid_search
1345,Jack,White,jack.white@icloud.com,2024-05-02,Canada,Montreal,email
1346,Anthony,Nguyen,anthony.nguyen@hotmail.com,2023-09-25,United States,Los Angeles,email
1347,Helen,Davis,helen.davis@gmail.com,2024-01-31,Canada,Vancouver,email
1348,Richard,Jones,richard.jones@icloud.com,2025-08-29,Canada,Montreal,affiliate
1349,Betty,Wright,betty.wright@yahoo.com,2025-05-06,United States,Houston,social_media
1350,Steven,Carter,steven.carter@icloud.com,2025-07-07,Mexico,Guadalajara,email
1351,Jessica,Ramirez,jessica.ramirez@gmail.com,2025-10-28,United Kingdom,Glasgow,referral
1352,Nancy,Hill,nancy.hill@outlook.com,2024-08-16,Germany,Munich,organic_search
1353,Larry,Brown,larry.brown@yahoo.com,2025-10-10,Australia,Perth,email
1354,Shirley,Jones,shirley.jones@yahoo.com,2025-02-25,United Kingdom,Glasgow,social_media
1355,Stephanie,Sanchez,stephanie.sanchez@icloud.com,2023-01-08,United States,Chicago,organic_search
1356,Margaret,Nguyen,margaret.nguyen@gmail.com,2025-07-21,Brazil,Brasilia,social_media
1357,Patrick,King,patrick.king@outlook.com,2024-08-29,United States,Houston,email
1358,Stephen,Davis,stephen.davis@yahoo.com,2024-05-02,United States,Miami,paid_search
1359,Katherine,Martinez,katherine.martinez@outlook.com,2023-04-16,India,Bangalore,email
1360,Ashley,Wilson,ashley.wilson@icloud.com,2025-01-25,United States,Austin,paid_search
1361,Alexander,Scott,alexander.scott@outlook.com,2024-08-26,Australia,,paid_search
1362,Linda,Green,linda.green@gmail.com,2024-07-26,France,Lyon,organic_search
1363,John,Wright,john.wright@icloud.com,2024-06-11,United States,Seattle,direct
1364,Katherine,Hill,katherine.hill@icloud.com,2024-03-27,United States,Denver,paid_search
1365,Anthony,Nguyen,anthony.nguyen2@gmail.com,2025-06-07,United Kingdom,Bristol,paid_search
1366,Amy,Garcia,amy.garcia@hotmail.com,2023-12-27,United States,Chicago,organic_search
1367,Gary,Campbell,gary.campbell@yahoo.com,2024-09-27,Germany,,organic_search
1368,Daniel,Sanchez,daniel.sanchez@icloud.com,2023-05-28,United States,Chicago,social_media
1369,Ryan,Adams,ryan.adams@hotmail.com,2023-10-09,United States,Miami,referral
1370,Mary,Hill,mary.hill@gmail.com,2023-08-14,United States,New York,direct
1371,Heather,Adams,heather.adams@gmail.com,2024-07-02,United States,Los Angeles,organic_search
1372,Benjamin,Hill,benjamin.hill@gmail.com,2023-08-06,France,Paris,social_media
1373,Amanda,Rivera,amanda.rivera@gmail.com,2025-06-28,United States,Denver,referral
1374,Michelle,Perez,michelle.perez@hotmail.com,2024-07-01,United States,New York,email
1375,Jessica,Johnson,jessica.johnson@gmail.com,2023-07-30,United States,Phoenix,social_media
1376,Sharon,Martinez,sharon.martinez@gmail.com,2024-04-09,India,Mumbai,social_media
1377,Charles,Thompson,charles.thompson@outlook.com,2023-08-19,United States,Seattle,social_media
1378,Joseph,Anderson,joseph.anderson@gmail.com,2025-01-01,India,Bangalore,organic_search
1379,Kevin,Davis,kevin.davis@outlook.com,2023-03-30,India,Mumbai,email
1380,Daniel,Ramirez,daniel.ramirez@icloud.com,2025-05-20,United States,Chicago,organic_search
1381,Debra,Baker,debra.baker@outlook.com,2024-12-14,Germany,Hamburg,direct
1382,Andrew,Young,andrew.young@outlook.com,2023-01-05,India,Mumbai,direct
1383,Karen,Roberts,karen.roberts@yahoo.com,2025-07-03,United States,Seattle,referral
1384,Tyler,Walker,tyler.walker@gmail.com,2024-07-24,United States,Seattle,organic_search
1385,Carol,Rodriguez,carol.rodriguez2@yahoo.com,2025-05-18,United States,Denver,social_media
1386,Edward,Hill,edward.hill@outlook.com,2025-02-23,United States,Houston,social_media
1387,Angela,Wright,angela.wright@icloud.com,2024-04-16,United Kingdom,Glasgow,paid_search
1388,Justin,Rivera,justin.rivera@hotmail.com,2023-06-28,Canada,Vancouver,paid_search
1389,James,Wilson,james.wilson@gmail.com,2023-10-01,United States,Denver,direct
1390,Linda,Thompson,linda.thompson@outlook.com,2024-08-26,Netherlands,Amsterdam,social_media
1391,Stephen,Clark,stephen.clark@yahoo.com,2023-04-25,United States,Houston,referral
1392,Jessica,Hall,jessica.hall@yahoo.com,2025-05-19,United States,New York,paid_search
1393,Carolyn,Miller,carolyn.miller@icloud.com,2023-11-20,United States,Boston,organic_search
1394,George,Martinez,george.martinez@gmail.com,2025-05-02,United States,New York,organic_search
1395,Lisa,Walker,lisa.walker@yahoo.com,2025-08-20,Australia,Brisbane,social_media
1396,Amanda,Lewis,amanda.lewis@gmail.com,2023-05-03,United States,Chicago,direct
1397,Robert,Hill,robert.hill@yahoo.com,2025-03-22,United Kingdom,London,direct
1398,Rachel,Robinson,rachel.robinson@icloud.com,2025-10-24,Australia,Brisbane,paid_search
1399,Sandra,Ramirez,sandra.ramirez@yahoo.com,2025-12-04,United States,Los Angeles,paid_search
1400,Thomas,Mitchell,thomas.mitchell@yahoo.com,2024-03-24,United Kingdom,London,paid_search
1401,Olivia,Scott,olivia.scott@icloud.com,2025-08-17,Netherlands,Utrecht,social_media
1402,Christine,Adams,christine.adams@hotmail.com,2023-04-22,France,Lyon,referral
1403,Samuel,Ramirez,samuel.ramirez@yahoo.com,2023-06-09,United States,Los Angeles,paid_search
1404,Diane,Perez,diane.perez@gmail.com,2023-08-07,United States,Chicago,organic_search
1405,Scott,Smith,scott.smith@outlook.com,2023-03-08,United States,Houston,paid_search
1406,David,Torres,david.torres@icloud.com,2023-04-04,United States,Denver,organic_search
1407,Barbara,Martin,barbara.martin@gmail.com,2025-03-26,Mexico,Guadalajara,social_media
1408,Kenneth,Carter,kenneth.carter@hotmail.com,2023-07-19,Australia,Melbourne,paid_search
1409,Jack,Allen,jack.allen2@outlook.com,2023-02-18,France,Lyon,social_media
1410,Timothy,Walker,timothy.walker@icloud.com,2024-08-17,Netherlands,Amsterdam,organic_search
1411,Rachel,Robinson,rachel.robinson@gmail.com,2024-04-19,Brazil,Sao Paulo,direct
1412,Rachel,Adams,rachel.adams@yahoo.com,2025-10-24,Australia,Melbourne,social_media
1413,Maria,Hill,maria.hill@icloud.com,2025-07-05,India,Bangalore,referral
1414,Amanda,Jackson,amanda.jackson@outlook.com,2023-03-23,Germany,Frankfurt,direct
1415,Diane,Baker,diane.baker2@gmail.com,2023-06-03,United States,Boston,affiliate
1416,Larry,Green,larry.green@hotmail.com,2023-10-20,United States,New York,referral
1417,Michelle,Scott,michelle.scott@gmail.com,2024-10-04,United Kingdom,Leeds,organic_search
1418,Donna,Hernandez,donna.hernandez2@yahoo.com,2023-07-02,Canada,Montreal,organic_search
1419,Alexander,Roberts,alexander.roberts@hotmail.com,2024-06-08,United States,Denver,referral
1420,Jeffrey,Adams,jeffrey.adams@yahoo.com,2023-03-23,India,Hyderabad,paid_search
1421,Paul,Sanchez,paul.sanchez@hotmail.com,2023-09-22,Netherlands,Utrecht,social_media
1422,Shirley,Flores,shirley.flores@outlook.com,2025-11-02,United States,Seattle,social_media
1423,Rachel,Williams,rachel.williams@icloud.com,2024-05-16,Mexico,Mexico City,email
1424,Pamela,Smith,pamela.smith@yahoo.com,2025-02-08,Netherlands,Rotterdam,organic_search
1425,Rebecca,Jones,rebecca.jones@yahoo.com,2023-07-11,United States,Denver,paid_search
1426,Kathleen,Adams,kathleen.adams@icloud.com,2023-08-12,Brazil,Rio de Janeiro,organic_search
1427,Maria,Miller,maria.miller@hotmail.com,2025-04-02,Australia,Melbourne,paid_search
1428,Kenneth,Perez,kenneth.perez@icloud.com,2025-09-02,United Kingdom,Bristol,organic_search
1429,Ryan,Williams,ryan.williams@icloud.com,2023-10-26,United States,Denver,email
1430,Kenneth,Torres,kenneth.torres@gmail.com,2023-05-08,Mexico,Guadalajara,direct
1431,George,Ramirez,george.ramirez@hotmail.com,2023-02-16,United States,Houston,affiliate
1432,Rachel,Ramirez,rachel.ramirez@outlook.com,2023-06-21,United States,Chicago,organic_search
1433,Emily,Sanchez,emily.sanchez@gmail.com,2025-05-09,United States,Denver,social_media
1434,Debra,Taylor,debra.taylor@yahoo.com,2025-05-27,Netherlands,Amsterdam,paid_search
1435,Dennis,Martin,dennis.martin@yahoo.com,2025-09-13,United States,Seattle,social_media
1436,Raymond,Hernandez,raymond.hernandez@hotmail.com,2025-03-07,United States,Boston,direct
1437,Pamela,Hill,pamela.hill@yahoo.com,2023-10-24,United States,Boston,paid_search
1438,Maria,Mitchell,maria.mitchell@outlook.com,2023-10-30,United States,Denver,social_media
1439,Kenneth,Davis,kenneth.davis@hotmail.com,2025-07-11,United States,New York,direct
1440,Thomas,Green,thomas.green@hotmail.com,2023-07-19,Germany,Cologne,organic_search
1441,Olivia,Gonzalez,olivia.gonzalez@hotmail.com,2025-02-12,Germany,Munich,organic_search
1442,Anthony,Gonzalez,anthony.gonzalez@icloud.com,2025-01-15,India,Bangalore,organic_search
1443,Michelle,Allen,michelle.allen@gmail.com,2025-04-27,Germany,Frankfurt,social_media
1444,Melissa,Wright,melissa.wright@hotmail.com,2023-08-21,Canada,Montreal,direct
1445,Ryan,Ramirez,ryan.ramirez@outlook.com,2023-11-30,United States,Boston,social_media
1446,Timothy,Jackson,timothy.jackson@hotmail.com,2023-07-23,Germany,Cologne,affiliate
1447,Susan,Garcia,susan.garcia@gmail.com,2023-08-01,Canada,Calgary,social_media
1448,Dennis,Flores,dennis.flores@icloud.com,2025-10-27,United States,,social_media
1449,Robert,Nelson,robert.nelson@outlook.com,2024-04-01,Netherlands,Amsterdam,referral
1450,Stephen,Harris,stephen.harris@gmail.com,2023-09-12,United States,Denver,paid_search
1451,Julie,Robinson,julie.robinson@hotmail.com,2025-03-21,Brazil,Brasilia,organic_search
1452,Deborah,Anderson,deborah.anderson@icloud.com,2024-09-21,United States,Phoenix,direct
1453,Julie,Clark,julie.clark@yahoo.com,2023-03-08,United States,Seattle,organic_search
1454,Karen,White,karen.white@icloud.com,2024-11-17,France,Marseille,organic_search
1455,Emma,Ramirez,emma.ramirez@yahoo.com,2024-01-30,Canada,Calgary,email
1456,Ronald,Brown,ronald.brown@icloud.com,2025-03-10,United Kingdom,Bristol,affiliate
1457,Daniel,Sanchez,daniel.sanchez@outlook.com,2024-04-18,United Kingdom,Leeds,organic_search
1458,Thomas,Allen,thomas.allen2@outlook.com,2024-06-16,Canada,Calgary,direct
1459,Christopher,Lee,christopher.lee@yahoo.com,2025-06-14,United States,New York,organic_search
1460,Jerry,Nguyen,jerry.nguyen@yahoo.com,2023-06-11,United States,Miami,social_media
1461,Patricia,Mitchell,patricia.mitchell@yahoo.com,2025-01-03,Mexico,Monterrey,organic_search
1462,Christine,Anderson,christine.anderson@outlook.com,2025-02-13,United States,Houston,referral
1463,Frank,Brown,frank.brown@outlook.com,2023-02-17,United States,Chicago,email
1464,Justin,Miller,justin.miller@gmail.com,2023-09-09,United Kingdom,Glasgow,organic_search
1465,Paul,Taylor,paul.taylor2@gmail.com,2024-03-01,United States,Austin,paid_search
1466,Gary,Johnson,gary.johnson@hotmail.com,2024-03-06,United States,Los Angeles,email
1467,Timothy,Lee,timothy.lee@hotmail.com,2024-09-03,France,Lyon,organic_search
1468,Daniel,Nelson,daniel.nelson@icloud.com,2023-08-29,Germany,Berlin,affiliate
1469,Brian,Walker,brian.walker2@outlook.com,2025-12-04,Canada,Vancouver,referral
1470,Jessica,Gonzalez,jessica.gonzalez@icloud.com,2025-11-26,United States,New York,social_media
1471,Karen,Wilson,karen.wilson@outlook.com,2023-03-02,United States,Houston,paid_search
1472,Mark,Garcia,mark.garcia@yahoo.com,2024-02-13,United States,Denver,affiliate
1473,Brian,Rivera,brian.rivera@icloud.com,2025-10-12,Germany,Frankfurt,social_media
1474,Rebecca,Gonzalez,rebecca.gonzalez@outlook.com,2025-03-15,United States,Phoenix,organic_search
1475,Julie,Roberts,julie.roberts@icloud.com,2025-09-26,United States,Houston,social_media
1476,Cynthia,Ramirez,cynthia.ramirez@icloud.com,2023-08-09,Australia,,email
1477,Jason,Gonzalez,jason.gonzalez@icloud.com,2025-07-09,United States,Los Angeles,organic_search
1478,Robert,Allen,robert.allen@outlook.com,2025-12-22,Canada,Montreal,paid_search
1479,Patricia,Davis,patricia.davis@yahoo.com,2024-01-16,France,Toulouse,paid_search
1480,Elizabeth,Wilson,elizabeth.wilson@outlook.com,2023-09-08,United States,Austin,organic_search
1481,Raymond,Smith,raymond.smith@outlook.com,2024-10-20,United States,Boston,direct
1482,Pamela,Jones,pamela.jones@hotmail.com,2025-12-15,United States,Houston,organic_search
1483,Pamela,Moore,pamela.moore@icloud.com,2025-05-13,India,Mumbai,email
1484,Laura,Lee,laura.lee@outlook.com,2025-10-08,United States,New York,social_media
1485,Emily,Clark,emily.clark@gmail.com,2024-10-31,United States,Chicago,social_media
1486,Donald,Torres,donald.torres@gmail.com,2023-01-10,United States,Boston,direct
1487,Paul,Rodriguez,paul.rodriguez@hotmail.com,2025-12-16,United States,Miami,organic_search
1488,Samuel,Johnson,samuel.johnson@gmail.com,2024-09-08,United Kingdom,Leeds,paid_search
1489,Dennis,Thompson,dennis.thompson@hotmail.com,2025-10-08,United States,Austin,email
1490,Ronald,Martin,ronald.martin@hotmail.com,2023-09-06,United Kingdom,Bristol,direct
1491,Samantha,Miller,samantha.miller@gmail.com,2023-10-12,United States,New York,organic_search
1492,Carol,Hall,carol.hall@hotmail.com,2024-01-27,United States,Los Angeles,referral
1493,Deborah,Wright,deborah.wright@gmail.com,2024-06-15,India,Mumbai,direct
1494,Jennifer,Davis,jennifer.davis@gmail.com,2024-06-24,India,Mumbai,paid_search
1495,Brandon,Harris,brandon.harris@outlook.com,2025-08-01,Germany,Munich,organic_search
1496,Kenneth,Martinez,kenneth.martinez@icloud.com,2025-07-04,Brazil,Rio de Janeiro,email
1497,Eric,King,eric.king@yahoo.com,2024-07-28,Canada,Calgary,paid_search
1498,Maria,Walker,maria.walker@yahoo.com,2023-06-19,United States,Phoenix,paid_search
1499,Ashley,Nelson,ashley.nelson@yahoo.com,2025-10-09,Germany,Berlin,organic_search
1500,Mary,Nelson,mary.nelson@yahoo.com,2024-01-20,United Kingdom,Leeds,social_media
1501,Amanda,Wilson,amanda.wilson@icloud.com,2024-09-30,Australia,Brisbane,email
1502,Christine,Martinez,christine.martinez@icloud.com,2024-03-24,United States,Chicago,direct
1503,Stephanie,Lewis,stephanie.lewis@icloud.com,2024-01-20,United Kingdom,Leeds,organic_search
1504,Jason,Hernandez,jason.hernandez@outlook.com,2023-10-29,India,Mumbai,social_media
1505,Susan,Mitchell,susan.mitchell@gmail.com,2024-01-19,United States,Denver,paid_search
1506,Jacob,Nelson,jacob.nelson@icloud.com,2023-08-31,United Kingdom,Birmingham,direct
1507,David,Thompson,david.thompson@hotmail.com,2025-10-25,United States,Seattle,social_media
1508,Kevin,Brown,kevin.brown@hotmail.com,2023-04-11,United States,Los Angeles,email
1509,Maria,Ramirez,maria.ramirez@yahoo.com,2023-12-28,United States,Seattle,social_media
1510,Anna,Hill,anna.hill@hotmail.com,2023-04-13,United Kingdom,,email
1511,Joseph,Anderson,joseph.anderson2@gmail.com,2024-06-29,Brazil,Brasilia,paid_search
1512,Jonathan,Miller,jonathan.miller@outlook.com,2025-04-08,United States,Boston,paid_search
1513,Richard,Anderson,richard.anderson@outlook.com,2024-02-21,United Kingdom,Manchester,paid_search
1514,Paul,Rivera,paul.rivera@icloud.com,2023-07-13,United States,New York,organic_search
1515,Carolyn,Flores,carolyn.flores@hotmail.com,2023-12-15,Australia,Melbourne,paid_search
1516,William,Hernandez,william.hernandez@yahoo.com,2023-10-18,United States,Denver,affiliate
1517,Debra,Walker,debra.walker@hotmail.com,2024-06-24,United States,Chicago,direct
1518,Nancy,Baker,nancy.baker@gmail.com,2023-01-03,Canada,Calgary,social_media
1519,Ashley,Walker,ashley.walker@gmail.com,2024-08-18,United States,New York,direct
1520,Anna,Allen,anna.allen@yahoo.com,2023-07-24,Australia,Sydney,paid_search
1521,Jack,Perez,jack.perez@hotmail.com,2024-06-11,United Kingdom,Birmingham,email
1522,Steven,White,steven.white@hotmail.com,2024-09-08,United States,Austin,email
1523,Eric,Roberts,eric.roberts@icloud.com,2025-11-29,United Kingdom,Birmingham,referral
1524,John,Martinez,john.martinez@hotmail.com,2023-10-18,Netherlands,Utrecht,paid_search
1525,Patricia,Thomas,patricia.thomas@icloud.com,2025-01-06,Australia,Perth,organic_search
1526,Barbara,Gonzalez,barbara.gonzalez@hotmail.com,2025-07-09,Germany,Hamburg,affiliate
1527,Anna,Lopez,anna.lopez@outlook.com,2024-11-09,India,,paid_search
1528,Sharon,Moore,sharon.moore@outlook.com,2025-12-01,United States,Boston,email
1529,Brandon,Davis,brandon.davis@hotmail.com,2024-08-13,France,Marseille,organic_search
1530,Mary,Young,mary.young3@outlook.com,2023-11-30,United States,Phoenix,paid_search
1531,Paul,Jones,paul.jones@outlook.com,2024-03-21,United States,New York,paid_search
1532,Nicole,Davis,nicole.davis@gmail.com,2025-05-31,United Kingdom,London,paid_search
1533,James,Brown,james.brown@outlook.com,2025-10-25,United States,Phoenix,email
1534,Jerry,Scott,jerry.scott@yahoo.com,2023-10-20,India,Bangalore,affiliate
1535,Betty,Ramirez,betty.ramirez@icloud.com,2024-03-24,India,Bangalore,organic_search
1536,Melissa,Thomas,melissa.thomas@hotmail.com,2024-06-19,United Kingdom,London,direct
1537,Scott,Martin,scott.martin@yahoo.com,2023-10-13,Canada,Montreal,email
1538,Betty,Taylor,betty.taylor@yahoo.com,2024-09-08,United Kingdom,Manchester,paid_search
1539,Joshua,Torres,joshua.torres@hotmail.com,2025-06-13,Canada,Calgary,organic_search
1540,Anna,Lewis,anna.lewis@outlook.com,2025-01-02,United Kingdom,Bristol,social_media
1541,Jason,Robinson,jason.robinson@hotmail.com,2023-02-26,Mexico,Guadalajara,direct
1542,Patricia,Roberts,patricia.roberts@hotmail.com,2024-09-11,United States,Chicago,referral
1543,Justin,Allen,justin.allen@outlook.com,2024-08-23,United States,,organic_search
1544,Ronald,Rodriguez,ronald.rodriguez@hotmail.com,2025-11-26,Germany,Frankfurt,social_media
1545,Michael,Garcia,michael.garcia@gmail.com,2024-11-13,United States,Los Angeles,social_media
1546,Donna,Torres,donna.torres@hotmail.com,2023-09-06,Germany,Berlin,referral
1547,Gregory,Allen,gregory.allen@gmail.com,2025-10-11,Australia,Melbourne,organic_search
1548,Gregory,Green,gregory.green@yahoo.com,2023-01-14,United States,Phoenix,referral
1549,Samantha,Hall,samantha.hall@yahoo.com,2023-11-10,United States,New York,email
1550,Jessica,King,jessica.king@gmail.com,2025-08-28,United States,Los Angeles,organic_search
1551,Nicholas,Lewis,nicholas.lewis@hotmail.com,2024-09-06,United States,Los Angeles,social_media
1552,Lisa,Thomas,lisa.thomas@icloud.com,2025-06-18,United States,Boston,direct
1553,Brandon,Davis,brandon.davis2@gmail.com,2023-10-18,Germany,,referral
1554,Frank,Thomas,frank.thomas@yahoo.com,2024-02-15,United Kingdom,Bristol,social_media
1555,Donna,Jackson,donna.jackson@gmail.com,2025-01-22,India,Hyderabad,email
1556,Ronald,Harris,ronald.harris@gmail.com,2023-10-31,United Kingdom,Leeds,organic_search
1557,Ryan,Davis,ryan.davis@icloud.com,2024-09-12,United States,Boston,organic_search
1558,Christine,Nelson,christine.nelson@icloud.com,2023-10-13,United Kingdom,Birmingham,social_media
1559,Patrick,Robinson,patrick.robinson@outlook.com,2025-01-02,United States,Chicago,social_media
1560,Nicholas,Wilson,nicholas.wilson@outlook.com,2025-03-10,Brazil,Brasilia,social_media
1561,Daniel,Adams,daniel.adams@yahoo.com,2024-11-25,United States,Boston,social_media
1562,Tyler,Rodriguez,tyler.rodriguez@outlook.com,2025-03-17,France,Marseille,organic_search
1563,Samuel,Walker,samuel.walker@hotmail.com,2024-01-05,Mexico,Monterrey,social_media
1564,Nicholas,Roberts,nicholas.roberts@icloud.com,2024-12-13,United States,Austin,social_media
1565,Rebecca,Jones,rebecca.jones@gmail.com,2024-04-19,United States,Chicago,organic_search
1566,Susan,Young,susan.young@hotmail.com,2024-04-29,United States,Houston,organic_search
1567,Daniel,Campbell,daniel.campbell@hotmail.com,2023-05-12,Australia,Perth,organic_search
1568,Steven,Davis,steven.davis@gmail.com,2025-06-23,Netherlands,Amsterdam,referral
1569,Helen,Green,helen.green@gmail.com,2023-08-09,India,Bangalore,email
1570,Timothy,Rodriguez,timothy.rodriguez@icloud.com,2024-06-01,Canada,Vancouver,social_media
1571,Gregory,Jackson,gregory.jackson@yahoo.com,2025-06-07,United States,Chicago,referral
1572,Julie,Gonzalez,julie.gonzalez@gmail.com,2024-02-21,Canada,Toronto,organic_search
1573,Sarah,Smith,sarah.smith@outlook.com,2024-11-28,France,Paris,organic_search
1574,Maria,Campbell,maria.campbell2@yahoo.com,2025-08-28,United States,Houston,social_media
1575,Melissa,Flores,melissa.flores@icloud.com,2025-06-17,Netherlands,Amsterdam,social_media
1576,Timothy,Jones,timothy.jones@icloud.com,2024-09-02,United States,Miami,organic_search
1577,Angela,Anderson,angela.anderson@gmail.com,2023-02-16,Canada,Montreal,paid_search
1578,Donna,Taylor,donna.taylor@hotmail.com,2023-11-20,Australia,Sydney,affiliate
1579,Elizabeth,Wright,elizabeth.wright@icloud.com,2025-10-21,United States,Miami,paid_search
1580,Samantha,Brown,samantha.brown@icloud.com,2025-08-22,Germany,Berlin,direct
1581,Kimberly,Adams,kimberly.adams@gmail.com,2024-06-18,United States,Seattle,organic_search
1582,Heather,Brown,heather.brown@yahoo.com,2023-05-08,United States,Austin,paid_search
1583,Elizabeth,Torres,elizabeth.torres@icloud.com,2024-12-09,Australia,Sydney,affiliate
1584,Sharon,Hill,sharon.hill@icloud.com,2023-09-23,India,Hyderabad,paid_search
1585,Jennifer,Miller,jennifer.miller@gmail.com,2024-12-18,United Kingdom,Manchester,social_media
1586,Joshua,Anderson,joshua.anderson@gmail.com,2024-02-06,India,Mumbai,social_media
1587,Timothy,Baker,timothy.baker@gmail.com,2025-03-03,Canada,Toronto,referral
1588,Carolyn,Rodriguez,carolyn.rodriguez@hotmail.com,2023-08-25,Australia,Melbourne,social_media
1589,Brandon,White,brandon.white@outlook.com,2023-04-29,United States,Seattle,paid_search
1590,Barbara,Nguyen,barbara.nguyen@gmail.com,2023-04-04,United States,Miami,affiliate
1591,Mary,Campbell,mary.campbell@yahoo.com,2023-04-27,France,Paris,organic_search
1592,Lisa,Jackson,lisa.jackson@gmail.com,2024-05-15,United States,Boston,affiliate
1593,Thomas,Hill,thomas.hill@hotmail.com,2023-06-07,United Kingdom,London,organic_search
1594,Brenda,Wilson,brenda.wilson@hotmail.com,2024-03-27,Australia,Brisbane,social_media
1595,Joshua,White,joshua.white@icloud.com,2025-12-14,United States,Houston,direct
1596,Kenneth,Hall,kenneth.hall@icloud.com,2024-12-10,United Kingdom,London,direct
1597,Alexander,Flores,alexander.flores@hotmail.com,2023-10-08,United States,Houston,direct
1598,Eric,Anderson,eric.anderson@outlook.com,2023-09-09,Australia,,paid_search
1599,Tyler,Martinez,tyler.martinez@gmail.com,2025-06-20,Mexico,Monterrey,email
1600,Ryan,Davis,ryan.davis@gmail.com,2024-07-07,United Kingdom,London,paid_search
1601,Stephanie,Martin,stephanie.martin@gmail.com,2025-02-25,United States,Boston,social_media
1602,Timothy,Harris,timothy.harris@hotmail.com,2025-02-15,United States,,organic_search
1603,Laura,Wright,laura.wright@gmail.com,2024-12-13,Germany,Berlin,direct
1604,Helen,Carter,helen.carter@outlook.com,2024-03-19,India,Bangalore,referral
1605,Amanda,Campbell,amanda.campbell@icloud.com,2023-04-27,United Kingdom,Leeds,referral
1606,Stephen,Harris,stephen.harris@outlook.com,2025-08-07,Netherlands,Utrecht,social_media
1607,Patrick,Torres,patrick.torres@icloud.com,2025-08-15,United States,Seattle,referral
1608,Donald,Rodriguez,donald.rodriguez@gmail.com,2023-06-25,United States,Phoenix,affiliate
1609,Jerry,Wright,jerry.wright@outlook.com,2023-03-21,United States,Seattle,email
1610,George,Moore,george.moore2@outlook.com,2023-09-12,France,Paris,paid_search
1611,Frank,Lee,frank.lee@outlook.com,2025-08-05,Netherlands,Rotterdam,organic_search
1612,Mary,Robinson,mary.robinson@gmail.com,2024-03-22,Mexico,Guadalajara,social_media
1613,Justin,Garcia,justin.garcia@outlook.com,2024-10-05,Brazil,Brasilia,affiliate
1614,Jeffrey,Lopez,jeffrey.lopez@outlook.com,2024-06-15,Australia,Brisbane,direct
1615,Thomas,Anderson,thomas.anderson@yahoo.com,2023-04-12,United States,Boston,paid_search
1616,Christine,Williams,christine.williams@yahoo.com,2024-10-11,Germany,Frankfurt,organic_search
1617,Janet,Anderson,janet.anderson@gmail.com,2024-06-11,India,Bangalore,organic_search
1618,Melissa,Wright,melissa.wright@gmail.com,2023-08-12,Canada,Montreal,organic_search
1619,Jeffrey,Davis,jeffrey.davis@icloud.com,2024-10-29,United States,Houston,social_media
1620,Rachel,Clark,rachel.clark@gmail.com,2023-10-21,Germany,Hamburg,organic_search
1621,Helen,White,helen.white@outlook.com,2025-02-06,Mexico,Monterrey,social_media
1622,Donna,Flores,donna.flores@gmail.com,2024-08-18,United States,New York,direct
1623,Nicole,Johnson,nicole.johnson@gmail.com,2025-11-12,Canada,Montreal,email
1624,Jack,Allen,jack.allen@icloud.com,2025-02-14,Australia,Melbourne,direct
1625,Robert,Nelson,robert.nelson@yahoo.com,2023-06-08,United States,Los Angeles,affiliate
1626,Mark,Torres,mark.torres@icloud.com,2025-05-06,Mexico,Monterrey,social_media
1627,Jessica,King,jessica.king2@outlook.com,2025-12-01,United Kingdom,Glasgow,social_media
1628,Andrew,Gonzalez,andrew.gonzalez@icloud.com,2024-11-04,United States,Houston,paid_search
1629,Jerry,White,jerry.white@yahoo.com,2023-08-25,United Kingdom,Bristol,email
1630,Jeffrey,Campbell,jeffrey.campbell@hotmail.com,2025-11-01,United States,Austin,organic_search
1631,George,Adams,george.adams@hotmail.com,2025-05-07,Canada,Calgary,paid_search
1632,Thomas,Wright,thomas.wright@yahoo.com,2023-10-10,France,Toulouse,email
1633,Julie,Jackson,julie.jackson@outlook.com,2025-04-16,United States,Los Angeles,social_media
1634,Charles,Torres,charles.torres2@outlook.com,2024-01-04,Brazil,Sao Paulo,direct
1635,Mary,Hernandez,mary.hernandez@gmail.com,2025-08-20,United Kingdom,Glasgow,referral
1636,Thomas,Williams,thomas.williams2@gmail.com,2023-09-29,Germany,Berlin,social_media
1637,Anna,Harris,anna.harris@hotmail.com,2024-05-09,United States,Seattle,email
1638,Jessica,Perez,jessica.perez@outlook.com,2023-08-09,Canada,Ottawa,affiliate
1639,Jennifer,Jones,jennifer.jones2@yahoo.com,2025-06-11,India,,paid_search
1640,Amy,Hall,amy.hall@yahoo.com,2023-11-08,Australia,Sydney,direct
1641,Nicole,Nguyen,nicole.nguyen@outlook.com,2025-02-15,Germany,Frankfurt,paid_search
1642,Daniel,Allen,daniel.allen@icloud.com,2024-04-20,United States,Los Angeles,paid_search
1643,Amanda,Brown,amanda.brown@icloud.com,2025-11-06,United Kingdom,Glasgow,direct
1644,Jason,Jackson,jason.jackson@outlook.com,2023-10-21,United States,Chicago,organic_search
1645,Jack,Campbell,jack.campbell@yahoo.com,2024-10-05,United Kingdom,Birmingham,organic_search
1646,Paul,Hernandez,paul.hernandez@gmail.com,2025-06-17,United States,Denver,paid_search
1647,Nancy,Jackson,nancy.jackson@outlook.com,2024-04-19,Mexico,Mexico City,email
1648,Charles,Miller,charles.miller@yahoo.com,2023-12-12,Canada,Ottawa,organic_search
1649,Jennifer,Wright,jennifer.wright@icloud.com,2025-09-27,France,Paris,direct
1650,Patricia,White,patricia.white@yahoo.com,2025-05-23,United States,Boston,referral
1651,Eric,Rodriguez,eric.rodriguez2@yahoo.com,2025-06-29,India,Mumbai,direct
1652,Angela,Taylor,angela.taylor@gmail.com,2023-08-27,Netherlands,Rotterdam,affiliate
1653,David,Mitchell,david.mitchell@yahoo.com,2023-11-17,Australia,Brisbane,social_media
1654,Emily,Robinson,emily.robinson@icloud.com,2024-10-06,Germany,Berlin,direct
1655,Robert,Ramirez,robert.ramirez2@outlook.com,2024-01-25,France,Marseille,direct
1656,Frank,Green,frank.green@gmail.com,2024-05-18,India,Mumbai,organic_search
1657,Timothy,Anderson,timothy.anderson@yahoo.com,2025-09-19,United States,Chicago,referral
1658,Maria,Young,maria.young@outlook.com,2025-11-23,United States,Los Angeles,direct
1659,Olivia,Wilson,olivia.wilson@gmail.com,2024-03-03,United Kingdom,Leeds,email
1660,Robert,Clark,robert.clark@outlook.com,2024-04-25,Canada,Ottawa,email
1661,Amy,King,amy.king@yahoo.com,2024-08-21,Brazil,Sao Paulo,email
1662,Gary,Green,gary.green@hotmail.com,2025-09-12,Canada,Ottawa,paid_search
1663,Mark,Davis,mark.davis@outlook.com,2024-10-28,United Kingdom,Leeds,paid_search
1664,Jason,Davis,jason.davis@yahoo.com,2023-08-21,United Kingdom,Birmingham,paid_search
1665,Ronald,Rivera,ronald.rivera@yahoo.com,2025-09-28,France,Toulouse,email
1666,Rachel,Thomas,rachel.thomas2@yahoo.com,2025-04-17,United States,,organic_search
1667,Jerry,Lee,jerry.lee@outlook.com,2025-03-12,Germany,Frankfurt,referral
1668,Jason,Sanchez,jason.sanchez@outlook.com,2025-09-21,India,,referral
1669,Amanda,Green,amanda.green@gmail.com,2024-03-29,United States,Seattle,social_media
1670,Nancy,Wright,nancy.wright@yahoo.com,2024-11-06,France,Paris,organic_search
1671,Brenda,Johnson,brenda.johnson@gmail.com,2024-11-13,France,Paris,direct
1672,Jerry,Roberts,jerry.roberts@icloud.com,2025-11-28,United States,New York,organic_search
1673,Jonathan,Gonzalez,jonathan.gonzalez@yahoo.com,2024-04-14,Netherlands,Rotterdam,paid_search
1674,Christopher,White,christopher.white2@yahoo.com,2023-01-28,United States,Houston,organic_search
1675,John,Carter,john.carter@icloud.com,2025-09-20,United States,Seattle,organic_search
1676,Paul,Martin,paul.martin@gmail.com,2023-03-11,United States,Houston,paid_search
1677,Jessica,Harris,jessica.harris@hotmail.com,2023-06-23,United States,Phoenix,organic_search
1678,Nicholas,Campbell,nicholas.campbell@hotmail.com,2023-11-07,United States,Miami,organic_search
1679,Nicole,Sanchez,nicole.sanchez@yahoo.com,2024-10-24,Netherlands,Rotterdam,social_media
1680,Olivia,Johnson,olivia.johnson@outlook.com,2023-07-24,United States,Houston,paid_search
1681,Christine,Torres,christine.torres@hotmail.com,2023-07-10,United States,Seattle,paid_search
1682,Edward,Scott,edward.scott@outlook.com,2025-12-28,United Kingdom,Bristol,social_media
1683,Timothy,Johnson,timothy.johnson@hotmail.com,2023-08-10,Australia,Brisbane,social_media
1684,Emma,Johnson,emma.johnson@hotmail.com,2025-01-27,France,Toulouse,social_media
1685,Susan,Adams,susan.adams@outlook.com,2023-07-15,United States,Los Angeles,social_media
1686,Anthony,Young,anthony.young@icloud.com,2025-04-05,United States,Chicago,email
1687,Jacob,King,jacob.king@icloud.com,2025-10-07,Australia,Sydney,paid_search
1688,Michelle,Mitchell,michelle.mitchell@outlook.com,2024-10-20,Netherlands,Amsterdam,email
1689,Scott,Clark,scott.clark@gmail.com,2025-09-27,United States,Houston,social_media
1690,Kenneth,Adams,kenneth.adams@yahoo.com,2025-11-19,United States,Denver,social_media
1691,Jack,Campbell,jack.campbell@gmail.com,2023-06-08,India,Hyderabad,paid_search
1692,Dennis,Smith,dennis.smith@yahoo.com,2023-12-07,United Kingdom,London,organic_search
1693,Joseph,Williams,joseph.williams@hotmail.com,2025-12-10,United Kingdom,Bristol,social_media
1694,Olivia,Scott,olivia.scott@hotmail.com,2023-08-29,United States,Phoenix,social_media
1695,Donna,Campbell,donna.campbell@outlook.com,2025-01-31,Canada,Ottawa,social_media
1696,Nancy,Martinez,nancy.martinez@outlook.com,2025-01-30,Canada,Vancouver,social_media
1697,Steven,Walker,steven.walker@hotmail.com,2023-10-05,United States,Austin,organic_search
1698,Janet,Walker,janet.walker2@yahoo.com,2025-08-21,United Kingdom,,organic_search
1699,James,Martin,james.martin@yahoo.com,2025-07-28,United States,Los Angeles,paid_search
1700,Linda,Flores,linda.flores@hotmail.com,2024-12-18,Canada,Toronto,email
1701,Mark,Thompson,mark.thompson@gmail.com,2024-08-05,India,Bangalore,direct
1702,Jason,Nguyen,jason.nguyen@outlook.com,2024-06-05,United States,Seattle,social_media
1703,Samuel,Nelson,samuel.nelson@yahoo.com,2023-07-30,United States,Chicago,referral
1704,Emily,Lopez,emily.lopez@outlook.com,2025-12-05,Canada,Vancouver,social_media
1705,Jerry,Harris,jerry.harris@outlook.com,2024-07-21,Canada,Ottawa,affiliate
1706,Jack,Flores,jack.flores@hotmail.com,2024-04-19,United States,New York,affiliate
1707,Barbara,Flores,barbara.flores@yahoo.com,2023-01-01,United States,Denver,paid_search
1708,Michael,Rodriguez,michael.rodriguez@icloud.com,2025-08-24,France,Toulouse,paid_search
1709,Nicholas,Carter,nicholas.carter@gmail.com,2025-02-11,United States,Seattle,referral
1710,Alexander,Walker,alexander.walker@outlook.com,2024-10-11,United States,Miami,social_media
1711,Helen,Wilson,helen.wilson@yahoo.com,2023-10-20,India,Bangalore,direct
1712,Pamela,Lewis,pamela.lewis@hotmail.com,2023-09-04,Germany,Hamburg,social_media
1713,Laura,Adams,laura.adams@outlook.com,2025-08-12,United States,Austin,referral
1714,Brian,Campbell,brian.campbell@hotmail.com,2024-01-27,United States,Miami,paid_search
1715,Daniel,Mitchell,daniel.mitchell@gmail.com,2025-12-13,United States,Austin,organic_search
1716,Nicole,Martin,nicole.martin@outlook.com,2024-06-03,United States,Austin,social_media
1717,Mary,Hill,mary.hill@outlook.com,2025-09-07,United States,Phoenix,paid_search
1718,Carolyn,Rivera,carolyn.rivera@outlook.com,2023-03-04,United States,New York,direct
1719,Jacob,Hill,jacob.hill2@yahoo.com,2023-08-01,United States,Miami,organic_search
1720,Patricia,Flores,patricia.flores@yahoo.com,2023-09-27,Australia,Melbourne,organic_search
1721,Jessica,Brown,jessica.brown@hotmail.com,2024-10-05,Germany,Berlin,organic_search
1722,Brenda,Moore,brenda.moore@yahoo.com,2024-11-12,Germany,Berlin,direct
1723,Kenneth,Rivera,kenneth.rivera@yahoo.com,2025-01-20,Brazil,Brasilia,social_media
1724,Debra,Sanchez,debra.sanchez@hotmail.com,2023-05-06,Netherlands,Utrecht,organic_search
1725,Heather,Allen,heather.allen@yahoo.com,2023-12-20,Australia,,social_media
1726,Emily,Hill,emily.hill@yahoo.com,2023-12-21,Germany,Frankfurt,email
1727,James,Martin,james.martin@outlook.com,2024-11-30,Canada,Toronto,social_media
1728,Carolyn,Garcia,carolyn.garcia@icloud.com,2023-08-27,India,Mumbai,direct
1729,Lisa,Campbell,lisa.campbell@gmail.com,2023-02-11,United States,Boston,referral
1730,Tyler,Smith,tyler.smith@yahoo.com,2023-06-16,Germany,Frankfurt,direct
1731,Ashley,Martin,ashley.martin@yahoo.com,2024-09-27,Australia,Melbourne,organic_search
1732,Alexander,Jackson,alexander.jackson@yahoo.com,2024-10-08,United States,Boston,social_media
1733,Matthew,Moore,matthew.moore@yahoo.com,2024-06-15,United States,Phoenix,email
1734,Kimberly,Garcia,kimberly.garcia@hotmail.com,2024-12-15,United States,Austin,referral
1735,Eric,Lewis,eric.lewis@yahoo.com,2025-02-28,United States,Boston,organic_search
1736,Larry,Wilson,larry.wilson@hotmail.com,2024-02-29,United States,Phoenix,paid_search
1737,Nicholas,Scott,nicholas.scott@outlook.com,2024-06-12,United States,Houston,organic_search
1738,Kimberly,Williams,kimberly.williams@gmail.com,2024-01-17,United Kingdom,Bristol,social_media
1739,Kathleen,Nguyen,kathleen.nguyen@outlook.com,2023-03-11,United States,Seattle,paid_search
1740,Susan,Green,susan.green@outlook.com,2023-11-22,Netherlands,Amsterdam,social_media
1741,Kevin,Perez,kevin.perez@gmail.com,2024-09-19,United States,Austin,organic_search
1742,Brenda,Lopez,brenda.lopez@gmail.com,2025-07-23,United Kingdom,Glasgow,social_media
1743,Raymond,Ramirez,raymond.ramirez@hotmail.com,2024-06-01,United Kingdom,Manchester,referral
1744,Scott,Perez,scott.perez@hotmail.com,2023-03-24,Germany,Hamburg,affiliate
1745,Sandra,Carter,sandra.carter@icloud.com,2024-07-05,United States,Seattle,affiliate
1746,Rebecca,Nguyen,rebecca.nguyen@gmail.com,2024-09-07,United States,Chicago,direct
1747,Carolyn,King,carolyn.king@yahoo.com,2023-09-24,India,Delhi,email
1748,Tyler,Brown,tyler.brown@gmail.com,2024-12-09,United States,Chicago,social_media
1749,Nancy,Robinson,nancy.robinson@gmail.com,2023-12-19,Germany,Munich,paid_search
1750,David,Lopez,david.lopez@yahoo.com,2023-07-04,Netherlands,Rotterdam,referral
1751,Karen,Baker,karen.baker@icloud.com,2023-01-11,Netherlands,Rotterdam,social_media
1752,Brian,Miller,brian.miller@hotmail.com,2024-03-11,Canada,Calgary,direct
1753,Debra,Harris,debra.harris@hotmail.com,2025-03-04,Australia,Sydney,organic_search
1754,Heather,Rodriguez,heather.rodriguez@hotmail.com,2025-05-19,France,Marseille,social_media
1755,Jonathan,Jones,jonathan.jones@outlook.com,2023-02-25,United Kingdom,Bristol,paid_search
1756,Helen,Lopez,helen.lopez@yahoo.com,2025-10-23,United States,Austin,direct
1757,Brandon,Hill,brandon.hill@hotmail.com,2023-10-10,India,Delhi,social_media
1758,Jennifer,Wilson,jennifer.wilson@outlook.com,2025-02-25,United Kingdom,Birmingham,email
1759,Jason,Martinez,jason.martinez@outlook.com,2023-03-13,United States,Denver,paid_search
1760,Sharon,Lopez,sharon.lopez@yahoo.com,2023-08-06,United States,Miami,social_media
1761,David,Thompson,david.thompson@gmail.com,2023-01-26,Germany,Frankfurt,organic_search
1762,Thomas,Torres,thomas.torres2@yahoo.com,2025-09-22,Germany,Berlin,email
1763,Debra,Sanchez,debra.sanchez2@gmail.com,2023-08-26,United States,Phoenix,email
1764,Cynthia,Allen,cynthia.allen@outlook.com,2025-12-31,France,Marseille,affiliate
1765,Joseph,Lopez,joseph.lopez@hotmail.com,2023-06-13,Canada,Calgary,organic_search
1766,Amanda,Rivera,amanda.rivera@icloud.com,2025-07-20,United States,Miami,social_media
1767,Kathleen,Jackson,kathleen.jackson@gmail.com,2025-07-31,United States,Denver,paid_search
1768,Scott,Baker,scott.baker@outlook.com,2024-08-29,United States,Austin,referral
1769,Patricia,Wright,patricia.wright@outlook.com,2025-05-04,United States,Austin,organic_search
1770,Carol,Martin,carol.martin@gmail.com,2023-03-16,Canada,Montreal,social_media
1771,Ronald,Thomas,ronald.thomas@yahoo.com,2023-09-16,United States,Los Angeles,referral
1772,Katherine,Young,katherine.young@hotmail.com,2025-07-27,Brazil,Rio de Janeiro,email
1773,Ashley,Campbell,ashley.campbell@icloud.com,2023-06-06,Canada,Toronto,paid_search
1774,Robert,Martinez,robert.martinez@icloud.com,2023-07-27,Mexico,Monterrey,paid_search
1775,Patrick,Garcia,patrick.garcia@outlook.com,2025-05-15,India,Bangalore,social_media
1776,Lisa,Mitchell,lisa.mitchell@outlook.com,2025-06-06,Australia,Sydney,affiliate
1777,Julie,Gonzalez,julie.gonzalez@icloud.com,2025-11-18,United States,Phoenix,social_media
1778,Julie,Thomas,julie.thomas@gmail.com,2024-03-16,United States,Denver,referral
1779,Laura,Moore,laura.moore@yahoo.com,2025-03-27,United States,New York,direct
1780,Gregory,Jackson,gregory.jackson@outlook.com,2023-02-08,United States,Houston,referral
1781,Frank,Rodriguez,frank.rodriguez@outlook.com,2024-10-13,United States,Boston,organic_search
1782,Mark,Johnson,mark.johnson@outlook.com,2024-08-12,United States,Boston,referral
1783,Helen,Robinson,helen.robinson@icloud.com,2024-11-04,United Kingdom,Glasgow,social_media
1784,Jacob,Scott,jacob.scott@gmail.com,2024-12-10,United States,Austin,direct
1785,Karen,Robinson,karen.robinson@hotmail.com,2025-03-09,United States,Chicago,paid_search
1786,Robert,Nelson,robert.nelson@icloud.com,2025-09-23,Mexico,Monterrey,social_media
1787,Brian,Garcia,brian.garcia@yahoo.com,2024-09-14,Australia,Brisbane,paid_search
1788,Kenneth,Lewis,kenneth.lewis2@gmail.com,2023-12-08,United States,Boston,email
1789,Larry,Ramirez,larry.ramirez@hotmail.com,2024-08-04,Mexico,Mexico City,social_media
1790,Gary,Thomas,gary.thomas@hotmail.com,2025-02-14,India,Delhi,email
1791,Jessica,Miller,jessica.miller@hotmail.com,2024-08-15,United States,Los Angeles,organic_search
1792,Christopher,Roberts,christopher.roberts@hotmail.com,2024-03-21,Canada,,social_media
1793,Scott,Moore,scott.moore@outlook.com,2024-10-12,France,Paris,social_media
1794,Jonathan,Sanchez,jonathan.sanchez@yahoo.com,2025-08-08,Netherlands,Rotterdam,paid_search
1795,Cynthia,Hernandez,cynthia.hernandez@yahoo.com,2025-12-26,United Kingdom,London,direct
1796,Heather,Robinson,heather.robinson@yahoo.com,2025-02-24,Germany,Berlin,social_media
1797,Sharon,Clark,sharon.clark@hotmail.com,2024-04-04,United States,New York,organic_search
1798,Samantha,Allen,samantha.allen@gmail.com,2023-02-16,Canada,Calgary,paid_search
1799,Ashley,Hernandez,ashley.hernandez@icloud.com,2025-01-28,Germany,Berlin,organic_search
1800,Scott,Adams,scott.adams@hotmail.com,2023-11-27,Canada,Vancouver,social_media
1801,Patrick,Thomas,patrick.thomas@yahoo.com,2024-02-14,United Kingdom,Bristol,paid_search
1802,Donna,Jones,donna.jones@gmail.com,2025-07-29,United States,Denver,paid_search
1803,Helen,Lewis,helen.lewis@yahoo.com,2025-10-21,France,Toulouse,email
1804,Helen,Perez,helen.perez@yahoo.com,2023-01-15,United States,Los Angeles,referral
1805,Rachel,Baker,rachel.baker@hotmail.com,2025-02-28,Netherlands,Rotterdam,organic_search
1806,Sharon,Taylor,sharon.taylor@icloud.com,2025-12-29,United States,Boston,email
1807,Jeffrey,Walker,jeffrey.walker@gmail.com,2023-03-23,United States,Seattle,paid_search
1808,Janet,Allen,janet.allen@hotmail.com,2023-08-01,United Kingdom,London,organic_search
1809,Kimberly,Carter,kimberly.carter@icloud.com,2023-12-13,Australia,Sydney,paid_search
1810,Frank,Perez,frank.perez@yahoo.com,2024-03-06,India,Hyderabad,paid_search
1811,Kevin,Adams,kevin.adams@gmail.com,2025-10-03,United Kingdom,Bristol,referral
1812,Dennis,Taylor,dennis.taylor@outlook.com,2024-11-08,United States,Denver,referral
1813,Carolyn,Taylor,carolyn.taylor@icloud.com,2023-10-14,United States,New York,organic_search
1814,Paul,Johnson,paul.johnson@yahoo.com,2025-01-12,Brazil,,email
1815,Michelle,Rivera,michelle.rivera@yahoo.com,2025-08-31,Canada,Montreal,email
1816,Gregory,Jackson,gregory.jackson2@outlook.com,2023-10-28,France,Lyon,email
1817,Stephanie,Taylor,stephanie.taylor@yahoo.com,2024-09-12,United States,Houston,organic_search
1818,Mary,Taylor,mary.taylor@outlook.com,2025-09-03,Australia,Perth,email
1819,Nancy,Thompson,nancy.thompson@yahoo.com,2024-10-05,Canada,Ottawa,social_media
1820,Timothy,Young,timothy.young@yahoo.com,2023-12-26,Brazil,Rio de Janeiro,social_media
1821,Timothy,Smith,timothy.smith@gmail.com,2024-02-27,United States,Phoenix,paid_search
1822,Emily,Hill,emily.hill2@outlook.com,2025-07-29,United States,Denver,social_media
1823,Katherine,Smith,katherine.smith@icloud.com,2024-02-19,Brazil,Brasilia,paid_search
1824,Robert,Sanchez,robert.sanchez@gmail.com,2024-07-09,India,Mumbai,social_media
1825,Jonathan,Mitchell,jonathan.mitchell@icloud.com,2025-07-03,Brazil,Sao Paulo,social_media
1826,Ashley,Thomas,ashley.thomas@outlook.com,2024-05-16,France,Lyon,paid_search
1827,Janet,Robinson,janet.robinson@yahoo.com,2024-06-28,United States,Boston,social_media
1828,Barbara,Mitchell,barbara.mitchell@yahoo.com,2023-09-29,Australia,Sydney,social_media
1829,Linda,Wilson,linda.wilson@yahoo.com,2025-09-04,United States,Boston,social_media
1830,Jonathan,Brown,jonathan.brown@outlook.com,2024-02-07,France,Paris,social_media
1831,Jeffrey,Garcia,jeffrey.garcia@hotmail.com,2024-03-16,United States,Miami,social_media
1832,Joshua,Torres,joshua.torres@gmail.com,2025-06-25,Canada,Toronto,referral
1833,Matthew,Nguyen,matthew.nguyen@icloud.com,2024-05-30,Australia,Sydney,referral
1834,Scott,Moore,scott.moore@hotmail.com,2025-11-04,Germany,Hamburg,social_media
1835,Paul,Adams,paul.adams@outlook.com,2024-05-24,United States,Miami,paid_search
1836,Gregory,Scott,gregory.scott@icloud.com,2023-08-17,United States,Denver,affiliate
1837,Lisa,Young,lisa.young@gmail.com,2025-08-21,United States,Miami,social_media
1838,Daniel,Jones,daniel.jones@hotmail.com,2025-06-26,Germany,Berlin,paid_search
1839,Rachel,Wright,rachel.wright2@gmail.com,2024-03-12,France,Lyon,paid_search
1840,Michelle,Lee,michelle.lee@icloud.com,2024-09-06,United Kingdom,Bristol,direct
1841,Anthony,Torres,anthony.torres@yahoo.com,2025-03-22,United States,Houston,referral
1842,Christopher,Flores,christopher.flores2@yahoo.com,2025-05-03,India,Hyderabad,referral
1843,Andrew,Anderson,andrew.anderson@outlook.com,2025-01-29,United Kingdom,Birmingham,organic_search
1844,Kevin,Campbell,kevin.campbell@outlook.com,2025-07-10,France,Marseille,paid_search
1845,Larry,Sanchez,larry.sanchez@hotmail.com,2023-04-24,United States,Seattle,affiliate
1846,Melissa,Adams,melissa.adams@yahoo.com,2023-02-09,Mexico,Guadalajara,referral
1847,Betty,Wilson,betty.wilson@outlook.com,2023-02-18,United States,Austin,paid_search
1848,Julie,Harris,julie.harris@outlook.com,2024-03-16,Canada,Vancouver,email
1849,Jeffrey,Moore,jeffrey.moore@gmail.com,2024-10-28,United States,Chicago,referral
1850,Patrick,Nguyen,patrick.nguyen2@gmail.com,2025-09-24,France,Toulouse,paid_search
1851,Helen,Nguyen,helen.nguyen@hotmail.com,2024-12-02,United States,New York,paid_search
1852,Deborah,Lewis,deborah.lewis@outlook.com,2023-06-01,United States,Chicago,paid_search
1853,Diane,Campbell,diane.campbell@hotmail.com,2024-09-04,France,Lyon,social_media
1854,Pamela,Garcia,pamela.garcia@hotmail.com,2024-06-17,United States,Boston,social_media
1855,Donna,Hall,donna.hall2@gmail.com,2024-10-04,France,Paris,affiliate
1856,George,Roberts,george.roberts@hotmail.com,2024-01-13,Australia,Melbourne,paid_search
1857,Sandra,Robinson,sandra.robinson@outlook.com,2024-06-06,United States,Phoenix,email
1858,John,Rodriguez,john.rodriguez@gmail.com,2025-03-22,Germany,Frankfurt,referral
1859,Michael,King,michael.king@gmail.com,2023-02-03,India,Bangalore,social_media
1860,Robert,Allen,robert.allen2@outlook.com,2024-11-14,United Kingdom,Glasgow,email
1861,Jack,Jones,jack.jones@icloud.com,2023-08-19,United States,Miami,social_media
1862,Shirley,Garcia,shirley.garcia@icloud.com,2023-05-30,India,Delhi,referral
1863,Laura,Moore,laura.moore@hotmail.com,2023-11-08,United Kingdom,Bristol,email
1864,Elizabeth,Lopez,elizabeth.lopez@icloud.com,2025-06-04,United States,Miami,direct
1865,Rebecca,Torres,rebecca.torres@outlook.com,2023-02-08,United States,Seattle,organic_search
1866,Carol,Ramirez,carol.ramirez@yahoo.com,2024-10-30,United States,Houston,social_media
1867,Christine,Nelson,christine.nelson@yahoo.com,2023-11-09,Australia,Brisbane,organic_search
1868,Charles,Wilson,charles.wilson@outlook.com,2025-12-28,United States,New York,email
1869,Jennifer,Roberts,jennifer.roberts@yahoo.com,2024-11-01,Canada,,direct
1870,Sandra,Nelson,sandra.nelson@yahoo.com,2025-05-18,United States,Chicago,affiliate
1871,Sandra,Wilson,sandra.wilson@outlook.com,2023-09-10,United States,Denver,direct
1872,Timothy,Johnson,timothy.johnson2@outlook.com,2025-02-18,Netherlands,Amsterdam,organic_search
1873,Jeffrey,Sanchez,jeffrey.sanchez@yahoo.com,2023-09-13,United States,Seattle,organic_search
1874,Daniel,Allen,daniel.allen2@outlook.com,2024-03-05,United Kingdom,Manchester,organic_search
1875,Gary,Mitchell,gary.mitchell@icloud.com,2025-04-30,United States,Austin,organic_search
1876,Barbara,Allen,barbara.allen@outlook.com,2023-08-18,United Kingdom,Glasgow,direct
1877,John,Smith,john.smith@hotmail.com,2023-07-24,France,Toulouse,paid_search
1878,Michelle,Jones,michelle.jones@hotmail.com,2024-04-14,India,Bangalore,affiliate
1879,David,Adams,david.adams@hotmail.com,2024-07-16,Brazil,Sao Paulo,referral
1880,Carol,Williams,carol.williams@yahoo.com,2023-01-19,Netherlands,Amsterdam,organic_search
1881,Karen,Rodriguez,karen.rodriguez@hotmail.com,2024-03-05,Australia,Sydney,direct
1882,Frank,Jackson,frank.jackson@outlook.com,2025-05-08,Canada,Vancouver,organic_search
1883,Eric,Martinez,eric.martinez@yahoo.com,2023-11-29,United States,Los Angeles,organic_search
1884,Anthony,Martin,anthony.martin@hotmail.com,2024-10-19,Germany,Hamburg,organic_search
1885,Patricia,Perez,patricia.perez@gmail.com,2023-10-23,Brazil,Sao Paulo,direct
1886,Jennifer,Wright,jennifer.wright@hotmail.com,2023-11-20,Australia,Melbourne,organic_search
1887,Brian,Anderson,brian.anderson@gmail.com,2023-08-19,United Kingdom,London,affiliate
1888,Kathleen,Clark,kathleen.clark@icloud.com,2023-01-02,United Kingdom,Glasgow,paid_search
1889,Jacob,Taylor,jacob.taylor@yahoo.com,2025-01-18,United States,Miami,affiliate
1890,Debra,Rivera,debra.rivera@gmail.com,2024-02-06,United Kingdom,Bristol,organic_search
1891,Shirley,Rodriguez,shirley.rodriguez@yahoo.com,2023-07-14,United States,Los Angeles,email
1892,Paul,Flores,paul.flores@gmail.com,2024-01-14,United States,Phoenix,referral
1893,Joshua,Perez,joshua.perez@hotmail.com,2025-11-24,Germany,Cologne,social_media
1894,Andrew,Carter,andrew.carter@yahoo.com,2023-10-25,United States,Austin,social_media
1895,Robert,Mitchell,robert.mitchell@hotmail.com,2024-01-09,Germany,Munich,organic_search
1896,Katherine,Williams,katherine.williams@yahoo.com,2023-01-24,United States,Austin,social_media
1897,Amy,Thompson,amy.thompson@yahoo.com,2025-04-10,Germany,Cologne,social_media
1898,Margaret,Robinson,margaret.robinson@icloud.com,2023-08-30,United States,Denver,referral
1899,Christine,Roberts,christine.roberts@icloud.com,2024-01-17,India,Bangalore,paid_search
1900,Gary,Roberts,gary.roberts@icloud.com,2024-12-02,United Kingdom,London,referral
1901,Kimberly,Jones,kimberly.jones@outlook.com,2023-09-16,United Kingdom,,organic_search
1902,Ryan,Davis,ryan.davis2@outlook.com,2024-12-12,Australia,Melbourne,paid_search
1903,Laura,Scott,laura.scott@gmail.com,2024-01-09,Mexico,Monterrey,paid_search
1904,Shirley,Gonzalez,shirley.gonzalez@yahoo.com,2023-02-04,Netherlands,Amsterdam,organic_search
1905,Olivia,Thompson,olivia.thompson@icloud.com,2025-12-22,Canada,Vancouver,social_media
1906,Jonathan,White,jonathan.white@icloud.com,2023-12-08,United States,Miami,paid_search
1907,Richard,Baker,richard.baker@yahoo.com,2024-04-08,Germany,Cologne,direct
1908,Dennis,Rivera,dennis.rivera@yahoo.com,2025-05-18,Canada,Ottawa,direct
1909,Emily,Brown,emily.brown@hotmail.com,2025-05-12,United States,Miami,direct
1910,Kathleen,Lee,kathleen.lee@yahoo.com,2023-01-01,Australia,Brisbane,organic_search
1911,Alexander,Scott,alexander.scott2@gmail.com,2023-05-02,India,Mumbai,referral
1912,Sarah,Martinez,sarah.martinez@hotmail.com,2025-03-12,France,Lyon,referral
1913,Samuel,Clark,samuel.clark2@outlook.com,2023-05-25,United States,Austin,paid_search
1914,Emily,Rodriguez,emily.rodriguez@hotmail.com,2023-11-07,United States,Boston,organic_search
1915,Charles,Baker,charles.baker@outlook.com,2023-08-29,Australia,Sydney,social_media
1916,Anna,Miller,anna.miller@icloud.com,2025-06-16,United Kingdom,Bristol,paid_search
1917,Jessica,Wright,jessica.wright@icloud.com,2024-11-30,United Kingdom,London,direct
1918,Jennifer,Harris,jennifer.harris@outlook.com,2025-05-22,United States,Denver,social_media
1919,Alexander,Hall,alexander.hall@hotmail.com,2025-12-06,Australia,Melbourne,organic_search
1920,Maria,Hill,maria.hill2@yahoo.com,2025-06-04,United States,Denver,social_media
1921,Katherine,Miller,katherine.miller@outlook.com,2024-07-18,Netherlands,Utrecht,direct
1922,Katherine,Allen,katherine.allen@outlook.com,2024-12-31,United Kingdom,Birmingham,organic_search
1923,Richard,Rivera,richard.rivera@hotmail.com,2024-03-29,United States,Denver,social_media
1924,Debra,Moore,debra.moore@gmail.com,2025-09-26,Mexico,,social_media
1925,Larry,Harris,larry.harris@icloud.com,2025-02-22,United Kingdom,Bristol,organic_search
1926,Susan,Nguyen,susan.nguyen@gmail.com,2024-05-03,Canada,Toronto,paid_search
1927,Gregory,Rivera,gregory.rivera@icloud.com,2023-03-23,United Kingdom,Leeds,paid_search
1928,Tyler,Lewis,tyler.lewis@hotmail.com,2023-03-18,Canada,Ottawa,direct
1929,Benjamin,Mitchell,benjamin.mitchell@hotmail.com,2024-03-18,Germany,Berlin,social_media
1930,Patricia,Green,patricia.green@outlook.com,2023-02-28,United States,Seattle,referral
1931,Steven,Thompson,steven.thompson@outlook.com,2024-07-20,United States,Houston,social_media
1932,Michael,Lee,michael.lee@hotmail.com,2023-11-25,Germany,Hamburg,organic_search
1933,Jerry,Scott,jerry.scott@outlook.com,2023-12-19,Australia,Brisbane,direct
1934,Barbara,Perez,barbara.perez@outlook.com,2024-10-10,Canada,Vancouver,direct
1935,Richard,Campbell,richard.campbell@gmail.com,2025-10-15,Germany,Hamburg,email
1936,Dennis,Harris,dennis.harris@yahoo.com,2024-12-19,United States,Denver,paid_search
1937,Jeffrey,White,jeffrey.white@yahoo.com,2023-02-02,India,Bangalore,organic_search
1938,Justin,Martin,justin.martin@icloud.com,2023-12-31,Australia,Brisbane,paid_search
1939,Carolyn,Jones,carolyn.jones@yahoo.com,2025-04-08,United States,Boston,direct
1940,Charles,Rivera,charles.rivera@outlook.com,2023-09-30,Canada,Calgary,direct
1941,Susan,Mitchell,susan.mitchell@outlook.com,2024-10-25,Canada,Toronto,affiliate
1942,Jeffrey,Williams,jeffrey.williams2@outlook.com,2023-02-23,United States,Phoenix,social_media
1943,Raymond,Anderson,raymond.anderson@yahoo.com,2024-03-18,Brazil,Rio de Janeiro,organic_search
1944,Donna,Thomas,donna.thomas@gmail.com,2025-06-17,Netherlands,Rotterdam,social_media
1945,Stephen,Torres,stephen.torres@yahoo.com,2025-03-29,United Kingdom,Glasgow,email
1946,Stephanie,Mitchell,stephanie.mitchell@outlook.com,2024-06-23,Australia,Brisbane,social_media
1947,George,Thomas,george.thomas@outlook.com,2023-10-03,Canada,Toronto,paid_search
1948,Carolyn,Thomas,carolyn.thomas@icloud.com,2025-11-05,Canada,Toronto,email
1949,Jonathan,Lee,jonathan.lee@gmail.com,2024-12-14,France,Lyon,email
1950,Samuel,Scott,samuel.scott@yahoo.com,2023-04-19,United Kingdom,Glasgow,social_media
1951,Jeffrey,Young,jeffrey.young@icloud.com,2023-02-15,United Kingdom,Manchester,social_media
1952,Pamela,Adams,pamela.adams@gmail.com,2023-10-30,Brazil,Rio de Janeiro,organic_search
1953,Melissa,Jones,melissa.jones@outlook.com,2025-10-02,Canada,Toronto,social_media
1954,Heather,Rodriguez,heather.rodriguez2@gmail.com,2024-09-15,Germany,Hamburg,paid_search
1955,Larry,Allen,larry.allen@hotmail.com,2024-10-06,United States,Miami,direct
1956,Brandon,Brown,brandon.brown@outlook.com,2023-05-11,Canada,Toronto,social_media
1957,Maria,Hernandez,maria.hernandez@yahoo.com,2024-01-03,United States,Boston,direct
1958,Patricia,Adams,patricia.adams@hotmail.com,2023-07-02,Australia,Brisbane,organic_search
1959,Rebecca,Torres,rebecca.torres@hotmail.com,2025-08-29,France,Toulouse,organic_search
1960,Amanda,Lopez,amanda.lopez@gmail.com,2025-05-31,United States,Chicago,direct
1961,Angela,Garcia,angela.garcia@yahoo.com,2024-04-09,United States,Houston,paid_search
1962,Samuel,Green,samuel.green@gmail.com,2025-12-08,United States,Los Angeles,paid_search
1963,Helen,Brown,helen.brown@icloud.com,2023-07-15,United States,Austin,organic_search
1964,Anna,Smith,anna.smith@gmail.com,2023-02-26,United States,Phoenix,referral
1965,Larry,Torres,larry.torres@outlook.com,2024-01-22,Netherlands,Amsterdam,email
1966,Angela,Lopez,angela.lopez@icloud.com,2023-07-18,United States,Austin,direct
1967,Karen,Hill,karen.hill@outlook.com,2023-12-30,Canada,Calgary,social_media
1968,Jeffrey,Johnson,jeffrey.johnson@icloud.com,2023-09-04,United States,Miami,referral
1969,Michelle,Jackson,michelle.jackson@gmail.com,2025-11-27,United States,Chicago,organic_search
1970,Richard,Young,richard.young@yahoo.com,2024-11-21,Canada,Ottawa,direct
1971,Frank,Scott,frank.scott@hotmail.com,2023-05-15,France,Paris,paid_search
1972,George,Martinez,george.martinez@yahoo.com,2024-01-21,Mexico,Guadalajara,referral
1973,Jennifer,Thompson,jennifer.thompson@gmail.com,2023-07-22,India,Hyderabad,direct
1974,Barbara,Nelson,barbara.nelson@outlook.com,2024-02-16,India,Hyderabad,paid_search
1975,Sarah,Lewis,sarah.lewis@yahoo.com,2025-04-07,United States,Seattle,social_media
1976,David,Young,david.young@gmail.com,2025-09-18,United Kingdom,Birmingham,email
1977,Michelle,Young,michelle.young@outlook.com,2025-12-16,France,Paris,direct
1978,Matthew,Garcia,matthew.garcia@outlook.com,2023-12-22,Brazil,Brasilia,email
1979,Jack,Brown,jack.brown2@gmail.com,2025-02-27,United States,Phoenix,organic_search
1980,Jonathan,Brown,jonathan.brown@hotmail.com,2025-11-07,Australia,Melbourne,paid_search
1981,Carolyn,Williams,carolyn.williams@yahoo.com,2024-03-29,United States,Chicago,email
1982,Elizabeth,Rivera,elizabeth.rivera@yahoo.com,2023-02-01,United Kingdom,Glasgow,organic_search
1983,Timothy,Wilson,timothy.wilson@gmail.com,2024-05-07,India,Mumbai,email
1984,Kevin,Lopez,kevin.lopez@hotmail.com,2025-04-03,France,Marseille,organic_search
1985,Charles,Hill,charles.hill2@outlook.com,2024-09-26,Germany,Frankfurt,organic_search
1986,Christine,Mitchell,christine.mitchell@outlook.com,2025-05-01,United Kingdom,,direct
1987,Timothy,Moore,timothy.moore@yahoo.com,2024-06-03,France,Toulouse,email
1988,Benjamin,Hall,benjamin.hall@hotmail.com,2023-09-21,United States,Denver,email
1989,Mark,Jones,mark.jones@gmail.com,2023-05-17,United States,Denver,organic_search
1990,Carol,Hernandez,carol.hernandez@outlook.com,2024-08-06,India,Hyderabad,social_media
1991,Paul,Torres,paul.torres@outlook.com,2025-03-19,United States,Los Angeles,direct
1992,Betty,Garcia,betty.garcia@icloud.com,2023-09-18,Netherlands,Amsterdam,social_media
1993,Robert,Walker,robert.walker@hotmail.com,2023-03-19,United States,Houston,direct
1994,Lisa,Garcia,lisa.garcia@gmail.com,2025-01-29,United States,Boston,social_media
1995,Charles,Lewis,charles.lewis@icloud.com,2024-03-06,Australia,Melbourne,referral
1996,Jennifer,Torres,jennifer.torres@gmail.com,2024-05-28,India,Bangalore,direct
1997,Brian,Robinson,brian.robinson@yahoo.com,2025-03-12,Brazil,Sao Paulo,paid_search
1998,Donna,Allen,donna.allen@gmail.com,2024-11-18,United States,Houston,email
1999,Jeffrey,Johnson,jeffrey.johnson@hotmail.com,2025-12-18,United States,Houston,paid_search
2000,Christopher,Martinez,christopher.martinez@icloud.com,2023-08-17,Mexico,Mexico City,email
2001,Edward,King,edward.king@icloud.com,2024-10-20,United States,Chicago,paid_search
2002,Charles,Miller,charles.miller2@gmail.com,2023-04-30,United States,Boston,referral
2003,Jerry,Torres,jerry.torres@gmail.com,2023-03-14,Netherlands,,social_media
2004,Elizabeth,Johnson,elizabeth.johnson@hotmail.com,2024-08-01,India,Hyderabad,email
2005,Stephanie,Lewis,stephanie.lewis@yahoo.com,2024-05-27,Germany,Cologne,paid_search
2006,Katherine,Robinson,katherine.robinson@hotmail.com,2025-07-19,India,Delhi,social_media
2007,George,Anderson,george.anderson@yahoo.com,2025-03-06,United States,Chicago,affiliate
2008,Christopher,White,christopher.white@gmail.com,2023-10-22,United Kingdom,Birmingham,organic_search
2009,Edward,Rivera,edward.rivera@icloud.com,2023-09-14,Netherlands,Rotterdam,direct
2010,Melissa,Wilson,melissa.wilson@hotmail.com,2025-08-01,United Kingdom,Leeds,referral
2011,Jeffrey,Harris,jeffrey.harris@hotmail.com,2025-03-27,United States,Austin,organic_search
2012,Anna,Wilson,anna.wilson@yahoo.com,2024-02-03,United States,Houston,direct
2013,Maria,Nelson,maria.nelson@icloud.com,2025-04-16,United States,Denver,paid_search
2014,Michelle,Wilson,michelle.wilson@hotmail.com,2025-07-15,United States,Los Angeles,paid_search
2015,Diane,Flores,diane.flores@hotmail.com,2024-11-22,United States,Houston,social_media
2016,Christopher,Nelson,christopher.nelson@hotmail.com,2024-01-05,India,Hyderabad,direct
2017,Patricia,Hall,patricia.hall@yahoo.com,2024-07-13,United States,Chicago,affiliate
2018,Rachel,Torres,rachel.torres@yahoo.com,2024-02-10,Germany,Cologne,organic_search
2019,Kenneth,Robinson,kenneth.robinson@yahoo.com,2025-09-23,Netherlands,Amsterdam,paid_search
2020,Heather,Flores,heather.flores2@outlook.com,2023-07-18,Germany,Berlin,referral
2021,David,Johnson,david.johnson@gmail.com,2024-11-09,India,Mumbai,direct
2022,Kenneth,Thompson,kenneth.thompson@yahoo.com,2024-09-21,Australia,Melbourne,direct
2023,George,Flores,george.flores@outlook.com,2025-08-30,Canada,Calgary,paid_search
2024,Daniel,Jackson,daniel.jackson@outlook.com,2023-11-24,United States,Miami,direct
2025,Karen,Hernandez,karen.hernandez@hotmail.com,2025-04-19,United States,Boston,organic_search
2026,Stephen,Green,stephen.green@hotmail.com,2024-05-25,Germany,Hamburg,affiliate
2027,Frank,Martinez,frank.martinez2@gmail.com,2025-02-19,Australia,Melbourne,social_media
2028,Amy,Hernandez,amy.hernandez@gmail.com,2025-06-22,Canada,Montreal,social_media
2029,Lisa,Lewis,lisa.lewis2@yahoo.com,2024-11-26,India,Bangalore,affiliate
2030,Deborah,Jones,deborah.jones@yahoo.com,2025-03-17,United States,Phoenix,direct
2031,Joseph,Nelson,joseph.nelson@yahoo.com,2024-08-21,Mexico,Guadalajara,email
2032,Tyler,Garcia,tyler.garcia@outlook.com,2023-02-02,Canada,Calgary,email
2033,Nicole,Clark,nicole.clark@yahoo.com,2024-01-29,United States,Phoenix,social_media
2034,Eric,Johnson,eric.johnson@hotmail.com,2023-04-17,United States,Chicago,email
2035,Carolyn,Martin,carolyn.martin@outlook.com,2024-11-22,United Kingdom,Leeds,organic_search
2036,Olivia,Carter,olivia.carter@hotmail.com,2023-03-06,Germany,Hamburg,organic_search
2037,Samantha,Smith,samantha.smith@icloud.com,2024-02-13,United States,Seattle,direct
2038,Timothy,Harris,timothy.harris@gmail.com,2025-02-07,Germany,Hamburg,paid_search
2039,Shirley,Ramirez,shirley.ramirez@hotmail.com,2024-12-10,Australia,Melbourne,email
2040,Stephen,Gonzalez,stephen.gonzalez@hotmail.com,2025-07-10,United States,Los Angeles,direct
2041,David,Nelson,david.nelson@outlook.com,2023-02-17,Netherlands,Amsterdam,referral
2042,Heather,Miller,heather.miller@yahoo.com,2023-05-14,United States,Austin,organic_search
2043,Donald,Roberts,donald.roberts@gmail.com,2023-01-28,Netherlands,Amsterdam,referral
2044,Amanda,Flores,amanda.flores@gmail.com,2024-11-08,United States,Denver,referral
2045,Susan,Flores,susan.flores@gmail.com,2024-02-13,United States,Chicago,direct
2046,David,Lopez,david.lopez@gmail.com,2023-01-08,Australia,Sydney,social_media
2047,Rachel,Anderson,rachel.anderson@yahoo.com,2025-03-03,United States,Los Angeles,paid_search
2048,Anna,Gonzalez,anna.gonzalez@hotmail.com,2024-01-17,France,Toulouse,social_media
2049,Maria,Baker,maria.baker@icloud.com,2025-06-25,Netherlands,Amsterdam,organic_search
2050,James,Garcia,james.garcia@yahoo.com,2023-10-22,Mexico,Guadalajara,direct
2051,Emma,Gonzalez,emma.gonzalez@gmail.com,2024-01-21,Australia,Sydney,organic_search
2052,Carol,Carter,carol.carter@yahoo.com,2024-08-30,United States,Boston,email
2053,Nicholas,Green,nicholas.green@outlook.com,2024-12-07,United States,Phoenix,referral
2054,Anna,Smith,anna.smith@outlook.com,2023-05-13,United States,Chicago,organic_search
2055,Angela,Thompson,angela.thompson@gmail.com,2023-06-13,Canada,Calgary,email
2056,Janet,Lewis,janet.lewis@gmail.com,2023-06-30,Mexico,Monterrey,paid_search
2057,Jerry,White,jerry.white@icloud.com,2024-06-21,Germany,Berlin,referral
2058,Kenneth,Lewis,kenneth.lewis@outlook.com,2025-01-28,Australia,Perth,social_media
2059,Heather,Young,heather.young@outlook.com,2024-04-12,Canada,Vancouver,social_media
2060,Jennifer,Hall,jennifer.hall@outlook.com,2024-10-26,United Kingdom,Leeds,direct
2061,Rebecca,Robinson,rebecca.robinson@hotmail.com,2025-02-28,United Kingdom,Manchester,social_media
2062,Patricia,Rodriguez,patricia.rodriguez@outlook.com,2025-03-29,United States,Chicago,paid_search
2063,Laura,Nelson,laura.nelson@yahoo.com,2024-03-20,United States,Chicago,organic_search
2064,Ronald,Walker,ronald.walker@yahoo.com,2023-02-14,United States,Houston,social_media
2065,Christopher,Martin,christopher.martin@icloud.com,2025-09-23,United States,Houston,email
2066,Angela,Ramirez,angela.ramirez@hotmail.com,2025-09-25,India,Delhi,affiliate
2067,Linda,Thompson,linda.thompson@gmail.com,2025-09-03,United States,Austin,email
2068,Charles,Thomas,charles.thomas@icloud.com,2025-05-02,India,Delhi,social_media
2069,Michelle,Green,michelle.green@yahoo.com,2025-05-28,United States,Phoenix,email
2070,Scott,Rodriguez,scott.rodriguez@icloud.com,2023-09-20,United States,Austin,paid_search
2071,Jacob,Jones,jacob.jones2@yahoo.com,2024-03-04,United States,Houston,direct
2072,Raymond,Anderson,raymond.anderson@outlook.com,2024-07-28,Germany,Frankfurt,social_media
2073,Emma,Perez,emma.perez@yahoo.com,2024-04-13,Brazil,Rio de Janeiro,email
2074,Brandon,Thomas,brandon.thomas@yahoo.com,2023-02-09,United Kingdom,Leeds,paid_search
2075,Richard,Harris,richard.harris@yahoo.com,2025-12-19,Germany,Berlin,social_media
2076,Helen,Campbell,helen.campbell@outlook.com,2024-01-31,United States,Seattle,referral
2077,Emily,Rivera,emily.rivera@yahoo.com,2025-08-28,United States,New York,paid_search
2078,Katherine,Smith,katherine.smith@outlook.com,2025-09-15,United States,Boston,social_media
2079,Tyler,Moore,tyler.moore@outlook.com,2024-02-14,United Kingdom,Birmingham,direct
2080,Samuel,Gonzalez,samuel.gonzalez2@outlook.com,2024-02-04,United States,New York,social_media
2081,Nicholas,Jackson,nicholas.jackson@yahoo.com,2023-01-23,France,Toulouse,paid_search
2082,Anthony,Martinez,anthony.martinez@outlook.com,2023-06-11,United States,Seattle,paid_search
2083,Diane,Martinez,diane.martinez@hotmail.com,2023-11-18,Germany,Cologne,social_media
2084,Heather,Lee,heather.lee@gmail.com,2024-07-19,India,Hyderabad,organic_search
2085,Helen,Robinson,helen.robinson@outlook.com,2024-10-23,United States,Chicago,affiliate
2086,Jessica,Brown,jessica.brown@outlook.com,2023-10-18,Canada,Montreal,paid_search
2087,Patrick,Harris,patrick.harris@icloud.com,2024-10-25,United States,Seattle,paid_search
2088,Carol,Flores,carol.flores@gmail.com,2023-03-22,Germany,Hamburg,direct
2089,Linda,Campbell,linda.campbell@yahoo.com,2023-10-14,United Kingdom,London,organic_search
2090,Eric,Hernandez,eric.hernandez@yahoo.com,2025-01-01,United States,Austin,paid_search
2091,Edward,Perez,edward.perez@gmail.com,2023-05-08,United Kingdom,Glasgow,social_media
2092,Samuel,Sanchez,samuel.sanchez@yahoo.com,2024-02-29,Canada,Toronto,social_media
2093,Joseph,Carter,joseph.carter2@gmail.com,2023-02-19,United States,Miami,organic_search
2094,Carolyn,Anderson,carolyn.anderson@hotmail.com,2024-04-21,United States,Houston,direct
2095,Sarah,Allen,sarah.allen@outlook.com,2023-02-09,United States,Seattle,social_media
2096,Donna,Young,donna.young@gmail.com,2023-05-20,Germany,Frankfurt,organic_search
2097,Nicole,Williams,nicole.williams@yahoo.com,2023-01-15,United States,,paid_search
2098,David,Nguyen,david.nguyen@outlook.com,2025-03-24,United Kingdom,Manchester,organic_search
2099,Jonathan,Smith,jonathan.smith@icloud.com,2025-02-05,United States,Miami,social_media
2100,Christopher,Gonzalez,christopher.gonzalez@icloud.com,2024-10-31,United States,Houston,direct
2101,Ronald,Davis,ronald.davis@outlook.com,2025-11-14,United Kingdom,Leeds,referral
2102,Anthony,Lopez,anthony.lopez@gmail.com,2024-02-26,United States,Los Angeles,organic_search
2103,Larry,Mitchell,larry.mitchell@outlook.com,2024-03-14,Netherlands,Utrecht,direct
2104,Joshua,White,joshua.white2@gmail.com,2024-05-31,Germany,Munich,organic_search
2105,Patricia,Martin,patricia.martin@gmail.com,2024-11-14,United States,Chicago,organic_search
2106,Patrick,Harris,patrick.harris@outlook.com,2023-12-05,United Kingdom,Leeds,direct
2107,Amy,Scott,amy.scott@icloud.com,2023-06-09,United States,Houston,email
2108,James,Johnson,james.johnson@icloud.com,2024-07-15,United States,New York,direct
2109,Joshua,Lewis,joshua.lewis@hotmail.com,2023-07-19,Australia,Melbourne,organic_search
2110,Margaret,Adams,margaret.adams@yahoo.com,2025-02-02,Mexico,Monterrey,organic_search
2111,Sharon,Adams,sharon.adams@gmail.com,2023-09-03,United States,New York,paid_search
2112,Kimberly,Robinson,kimberly.robinson@yahoo.com,2025-09-02,United States,New York,organic_search
2113,Joseph,Garcia,joseph.garcia@yahoo.com,2024-07-13,United Kingdom,Glasgow,paid_search
2114,Carolyn,Torres,carolyn.torres@hotmail.com,2024-03-17,United States,Chicago,organic_search
2115,Gregory,Harris,gregory.harris@gmail.com,2025-08-11,United States,Seattle,social_media
2116,Mary,Torres,mary.torres@gmail.com,2024-07-30,Germany,Hamburg,email
2117,Betty,Moore,betty.moore@gmail.com,2024-04-25,Germany,Munich,email
2118,James,Adams,james.adams@gmail.com,2025-09-27,Brazil,Rio de Janeiro,referral
2119,Janet,Mitchell,janet.mitchell@gmail.com,2025-01-22,United States,Los Angeles,social_media
2120,Jacob,Wright,jacob.wright@yahoo.com,2023-10-26,United States,Austin,paid_search
2121,Katherine,Thompson,katherine.thompson@hotmail.com,2025-02-01,United States,Seattle,social_media
2122,Brian,Roberts,brian.roberts@outlook.com,2025-04-15,United States,Denver,paid_search
2123,Laura,Garcia,laura.garcia@icloud.com,2024-11-12,United States,Chicago,direct
2124,Samuel,Robinson,samuel.robinson@hotmail.com,2023-03-29,Australia,Melbourne,paid_search
2125,Benjamin,Martinez,benjamin.martinez2@yahoo.com,2023-10-13,Canada,Vancouver,affiliate
2126,Julie,Wilson,julie.wilson@hotmail.com,2023-08-18,United States,Seattle,affiliate
2127,Brenda,Williams,brenda.williams@icloud.com,2024-06-05,United States,New York,direct
2128,Debra,Hernandez,debra.hernandez@yahoo.com,2025-09-28,Germany,Hamburg,organic_search
2129,Maria,White,maria.white@icloud.com,2024-03-24,India,Hyderabad,social_media
2130,Olivia,Clark,olivia.clark@gmail.com,2023-11-15,United States,Denver,direct
2131,Dennis,Gonzalez,dennis.gonzalez@gmail.com,2023-08-09,Brazil,Brasilia,social_media
2132,Elizabeth,Hall,elizabeth.hall@outlook.com,2024-09-12,United States,Seattle,direct
2133,Brenda,Green,brenda.green@gmail.com,2023-02-18,India,Delhi,organic_search
2134,Donna,Davis,donna.davis@yahoo.com,2023-05-18,United States,,paid_search
2135,Jessica,Ramirez,jessica.ramirez@outlook.com,2024-09-06,Germany,Berlin,paid_search
2136,Deborah,Wilson,deborah.wilson@outlook.com,2025-09-06,United Kingdom,Glasgow,email
2137,Nicole,Williams,nicole.williams@hotmail.com,2024-10-16,Mexico,Guadalajara,paid_search
2138,Steven,Hall,steven.hall@hotmail.com,2023-07-20,Netherlands,Rotterdam,social_media
2139,Nicole,Flores,nicole.flores@outlook.com,2023-02-25,India,Hyderabad,paid_search
2140,Gary,Carter,gary.carter@gmail.com,2023-07-08,United Kingdom,Glasgow,organic_search
2141,Patrick,Rivera,patrick.rivera@gmail.com,2024-11-21,United Kingdom,Bristol,paid_search
2142,Jacob,Williams,jacob.williams@outlook.com,2024-03-19,United States,Denver,email
2143,Richard,Smith,richard.smith@yahoo.com,2025-11-02,Canada,,social_media
2144,Nicholas,Lopez,nicholas.lopez@hotmail.com,2025-03-05,United States,Boston,referral
2145,Jonathan,Adams,jonathan.adams@gmail.com,2025-11-24,United States,Los Angeles,social_media
2146,Cynthia,Jackson,cynthia.jackson@yahoo.com,2024-11-09,United States,Boston,social_media
2147,Rachel,Martinez,rachel.martinez@gmail.com,2024-05-25,United States,Denver,organic_search
2148,Diane,Mitchell,diane.mitchell@yahoo.com,2024-09-11,France,Paris,organic_search
2149,Amanda,Baker,amanda.baker@icloud.com,2025-06-29,Netherlands,Amsterdam,referral
2150,Joseph,Miller,joseph.miller2@gmail.com,2023-02-18,United States,Boston,social_media
2151,George,Hall,george.hall@hotmail.com,2025-01-24,United States,Miami,email
2152,Susan,Clark,susan.clark@hotmail.com,2025-05-14,United States,Seattle,organic_search
2153,Barbara,Taylor,barbara.taylor2@yahoo.com,2023-10-09,United Kingdom,Manchester,organic_search
2154,Christopher,Garcia,christopher.garcia@icloud.com,2025-07-02,United States,Houston,email
2155,Brenda,White,brenda.white2@yahoo.com,2024-01-15,United Kingdom,Bristol,social_media
2156,Joseph,Scott,joseph.scott@gmail.com,2024-09-07,United States,Chicago,organic_search
2157,Carolyn,Sanchez,carolyn.sanchez@gmail.com,2023-01-25,United States,Miami,organic_search
2158,Debra,Moore,debra.moore@icloud.com,2023-10-08,Canada,Montreal,paid_search
2159,Ashley,Walker,ashley.walker@yahoo.com,2025-09-06,United States,Denver,social_media
2160,Richard,Lopez,richard.lopez@hotmail.com,2023-05-26,Canada,Ottawa,organic_search
2161,Thomas,Allen,thomas.allen@yahoo.com,2025-09-05,Netherlands,Amsterdam,social_media
2162,Elizabeth,Torres,elizabeth.torres@yahoo.com,2025-01-10,United States,Seattle,direct
2163,Kimberly,Clark,kimberly.clark@gmail.com,2024-10-18,Australia,Sydney,referral
2164,Patricia,Gonzalez,patricia.gonzalez@outlook.com,2024-04-05,United States,Boston,referral
2165,Thomas,Walker,thomas.walker@icloud.com,2023-11-19,India,Hyderabad,paid_search
2166,Eric,Jackson,eric.jackson@hotmail.com,2023-03-05,France,Toulouse,social_media
2167,Pamela,Garcia,pamela.garcia@yahoo.com,2025-01-26,France,Paris,paid_search
2168,Emily,Robinson,emily.robinson@outlook.com,2024-10-31,United States,Miami,direct
2169,Jacob,Allen,jacob.allen@hotmail.com,2023-10-09,United States,Boston,social_media
2170,Barbara,Hall,barbara.hall@hotmail.com,2025-11-24,Mexico,Monterrey,email
2171,William,Taylor,william.taylor2@yahoo.com,2025-11-17,Brazil,Brasilia,paid_search
2172,Carol,Thomas,carol.thomas@icloud.com,2024-01-28,United States,Phoenix,direct
2173,Eric,Baker,eric.baker@hotmail.com,2025-05-18,United States,Boston,email
2174,Matthew,Roberts,matthew.roberts@icloud.com,2024-08-27,Brazil,Sao Paulo,organic_search
2175,Rachel,White,rachel.white@icloud.com,2025-08-05,Canada,Vancouver,social_media
2176,Daniel,Davis,daniel.davis2@outlook.com,2024-11-21,United States,Boston,organic_search
2177,Samuel,Young,samuel.young@outlook.com,2024-07-08,United States,Denver,direct
2178,Ryan,Wright,ryan.wright2@gmail.com,2024-06-01,United States,Los Angeles,organic_search
2179,Timothy,Scott,timothy.scott@hotmail.com,2024-06-05,United States,Houston,direct
2180,Ryan,Scott,ryan.scott@icloud.com,2024-02-12,France,Toulouse,paid_search
2181,Jason,Green,jason.green@hotmail.com,2025-06-14,Canada,Calgary,paid_search
2182,Jessica,Rodriguez,jessica.rodriguez@yahoo.com,2023-03-26,United States,New York,direct
2183,Emily,Miller,emily.miller@icloud.com,2023-07-16,Canada,Vancouver,direct
2184,Rachel,Ramirez,rachel.ramirez@yahoo.com,2023-05-03,United States,Boston,organic_search
2185,Amanda,Flores,amanda.flores@outlook.com,2024-04-17,United States,Houston,paid_search
2186,Helen,Torres,helen.torres@outlook.com,2024-04-29,India,Bangalore,organic_search
2187,Stephen,Nguyen,stephen.nguyen@outlook.com,2025-02-23,Australia,Melbourne,organic_search
2188,Brandon,Johnson,brandon.johnson@yahoo.com,2024-07-06,United States,Boston,referral
2189,Jessica,Miller,jessica.miller@yahoo.com,2024-05-10,Netherlands,Amsterdam,social_media
2190,Nancy,Lopez,nancy.lopez@yahoo.com,2024-05-04,United States,New York,email
2191,Laura,Nguyen,laura.nguyen@icloud.com,2024-03-13,Netherlands,Rotterdam,paid_search
2192,David,Clark,david.clark@hotmail.com,2025-02-26,United Kingdom,Bristol,direct
2193,Dennis,Harris,dennis.harris@gmail.com,2024-02-25,Canada,Montreal,direct
2194,Gary,Ramirez,gary.ramirez@icloud.com,2025-10-19,United States,New York,social_media
2195,Stephanie,Lewis,stephanie.lewis2@gmail.com,2025-02-12,United States,Los Angeles,organic_search
2196,Rebecca,Wilson,rebecca.wilson@yahoo.com,2024-07-15,United States,Seattle,paid_search
2197,Donna,Anderson,donna.anderson2@outlook.com,2024-05-14,Brazil,Sao Paulo,email
2198,William,Lewis,william.lewis@gmail.com,2025-01-06,United States,Austin,paid_search
2199,Gary,Ramirez,gary.ramirez@hotmail.com,2025-06-14,Brazil,Sao Paulo,paid_search
2200,Sandra,Moore,sandra.moore@outlook.com,2025-09-07,India,Bangalore,organic_search
2201,Mark,Nguyen,mark.nguyen@icloud.com,2023-03-16,Canada,Vancouver,affiliate
2202,George,Brown,george.brown@yahoo.com,2023-07-09,United States,Chicago,email
2203,Stephen,Brown,stephen.brown@outlook.com,2025-07-16,United States,Phoenix,organic_search
2204,Charles,Ramirez,charles.ramirez@outlook.com,2024-04-14,Brazil,Sao Paulo,social_media
2205,Nancy,King,nancy.king@gmail.com,2023-04-17,United States,Los Angeles,social_media
2206,Tyler,Mitchell,tyler.mitchell@yahoo.com,2025-05-16,United States,Denver,direct
2207,Donald,Johnson,donald.johnson@yahoo.com,2023-05-18,Canada,,referral
2208,Andrew,Lopez,andrew.lopez@icloud.com,2025-01-25,United States,Denver,referral
2209,Karen,Wright,karen.wright@yahoo.com,2024-10-28,United States,New York,direct
2210,Jerry,Moore,jerry.moore@icloud.com,2025-03-17,France,Paris,organic_search
2211,Michael,Walker,michael.walker@yahoo.com,2025-01-22,Netherlands,Amsterdam,social_media
2212,Emily,Robinson,emily.robinson@yahoo.com,2023-08-14,United Kingdom,Bristol,email
2213,Christopher,Green,christopher.green@icloud.com,2025-02-11,Australia,Sydney,organic_search
2214,Paul,Robinson,paul.robinson@icloud.com,2025-04-07,France,Toulouse,direct
2215,Kathleen,Adams,kathleen.adams2@yahoo.com,2024-05-29,France,Toulouse,social_media
2216,Edward,Hernandez,edward.hernandez@icloud.com,2023-03-16,Netherlands,,organic_search
2217,Scott,White,scott.white@outlook.com,2025-02-22,United States,Seattle,paid_search
2218,Deborah,Johnson,deborah.johnson@outlook.com,2024-03-17,United Kingdom,London,social_media
2219,Katherine,Carter,katherine.carter@yahoo.com,2023-10-14,United Kingdom,,email
2220,Joshua,Sanchez,joshua.sanchez@yahoo.com,2025-06-18,United States,Houston,paid_search
2221,Rebecca,Robinson,rebecca.robinson2@yahoo.com,2023-09-25,Brazil,Rio de Janeiro,social_media
2222,Michael,Thomas,michael.thomas@yahoo.com,2024-08-28,Brazil,Sao Paulo,paid_search
2223,Brian,Robinson,brian.robinson@hotmail.com,2023-06-09,Brazil,Rio de Janeiro,social_media
2224,Melissa,Allen,melissa.allen@icloud.com,2023-05-19,United Kingdom,Leeds,paid_search
2225,Matthew,Martin,matthew.martin@icloud.com,2023-10-26,United States,Los Angeles,referral
2226,Pamela,Moore,pamela.moore@gmail.com,2025-12-03,United States,Houston,paid_search
2227,Cynthia,Sanchez,cynthia.sanchez@outlook.com,2024-12-11,France,Toulouse,email
2228,Paul,White,paul.white@gmail.com,2025-06-16,France,Paris,referral
2229,Laura,Carter,laura.carter@icloud.com,2025-11-02,United States,Miami,organic_search
2230,Karen,Harris,karen.harris@outlook.com,2024-07-01,Germany,Frankfurt,organic_search
2231,Heather,Gonzalez,heather.gonzalez@gmail.com,2025-03-18,Canada,Montreal,paid_search
2232,Jennifer,Martin,jennifer.martin@gmail.com,2025-05-06,India,Delhi,social_media
2233,Sharon,Martinez,sharon.martinez@hotmail.com,2024-03-07,Canada,Montreal,organic_search
2234,William,Hernandez,william.hernandez@gmail.com,2023-05-16,United States,Denver,organic_search
2235,Nancy,Baker,nancy.baker2@gmail.com,2024-12-02,United States,Denver,email
2236,Deborah,Walker,deborah.walker@outlook.com,2024-11-08,Canada,Ottawa,email
2237,Carol,King,carol.king@yahoo.com,2025-12-01,Germany,Cologne,email
2238,Scott,Roberts,scott.roberts@yahoo.com,2025-06-07,United States,New York,social_media
2239,Kevin,Allen,kevin.allen@outlook.com,2025-04-08,United Kingdom,Bristol,organic_search
2240,Nicole,Martin,nicole.martin2@gmail.com,2024-03-24,France,Lyon,direct
2241,Ashley,Robinson,ashley.robinson@yahoo.com,2025-04-25,India,Bangalore,referral
2242,Sharon,Torres,sharon.torres@outlook.com,2023-11-29,United States,Houston,email
2243,Frank,Jones,frank.jones@outlook.com,2025-06-11,India,Mumbai,social_media
2244,Laura,Martinez,laura.martinez@hotmail.com,2024-11-14,United Kingdom,London,direct
2245,Jessica,Martin,jessica.martin@yahoo.com,2025-03-22,United Kingdom,Leeds,social_media
2246,Rebecca,Ramirez,rebecca.ramirez@yahoo.com,2023-12-04,United States,Boston,paid_search
2247,Scott,Lee,scott.lee@icloud.com,2023-07-26,United States,Los Angeles,organic_search
2248,Julie,Mitchell,julie.mitchell2@gmail.com,2023-07-09,Canada,Calgary,direct
2249,Julie,Hall,julie.hall@yahoo.com,2025-08-23,Mexico,Mexico City,organic_search
2250,Sarah,Jackson,sarah.jackson@outlook.com,2023-06-29,Germany,Hamburg,organic_search
2251,Michelle,Perez,michelle.perez@gmail.com,2023-06-18,United States,Boston,affiliate
2252,Brandon,Smith,brandon.smith@yahoo.com,2025-10-01,France,Toulouse,organic_search
2253,Nicole,Jackson,nicole.jackson@icloud.com,2024-08-05,Netherlands,Amsterdam,organic_search
2254,Kathleen,Hill,kathleen.hill@outlook.com,2023-07-16,United States,Miami,social_media
2255,Mark,Hall,mark.hall@outlook.com,2023-11-30,United States,Austin,email
2256,Cynthia,Thompson,cynthia.thompson@icloud.com,2025-05-06,United States,Seattle,referral
2257,Donald,Martin,donald.martin@outlook.com,2023-11-01,United States,Denver,email
2258,Robert,Garcia,robert.garcia@gmail.com,2023-10-30,Canada,Toronto,organic_search
2259,Cynthia,Rodriguez,cynthia.rodriguez@yahoo.com,2024-11-12,Australia,Brisbane,email
2260,Justin,Thomas,justin.thomas@hotmail.com,2024-09-11,United Kingdom,London,direct
2261,Anthony,Walker,anthony.walker@gmail.com,2024-01-28,United States,,paid_search
2262,Michael,Williams,michael.williams@outlook.com,2025-08-07,United States,,email
2263,Ronald,Rivera,ronald.rivera@outlook.com,2025-05-14,United Kingdom,Birmingham,email
2264,Dennis,Torres,dennis.torres2@gmail.com,2024-05-28,Netherlands,Amsterdam,social_media
2265,Gary,Perez,gary.perez@yahoo.com,2024-05-06,United States,Chicago,social_media
2266,Angela,Moore,angela.moore@yahoo.com,2023-03-20,Australia,Perth,referral
2267,Benjamin,White,benjamin.white@outlook.com,2024-11-21,France,Marseille,organic_search
2268,Amy,Roberts,amy.roberts@icloud.com,2024-11-11,United States,Chicago,email
2269,Jack,Mitchell,jack.mitchell@icloud.com,2025-12-18,United States,Seattle,affiliate
2270,Brandon,Flores,brandon.flores@yahoo.com,2023-03-22,United Kingdom,Bristol,social_media
2271,Patrick,Nguyen,patrick.nguyen@icloud.com,2023-04-02,United States,Denver,paid_search
2272,John,Clark,john.clark@icloud.com,2025-08-29,Germany,Berlin,direct
2273,Sharon,Robinson,sharon.robinson@icloud.com,2024-04-01,Canada,Montreal,social_media
2274,Joshua,Adams,joshua.adams@gmail.com,2025-03-19,France,Marseille,paid_search
2275,Anna,Anderson,anna.anderson@gmail.com,2024-05-04,United States,Denver,paid_search
2276,Laura,Brown,laura.brown@gmail.com,2025-05-03,France,Marseille,organic_search
2277,Maria,Roberts,maria.roberts@outlook.com,2025-10-14,Australia,Sydney,affiliate
2278,Margaret,Wright,margaret.wright@icloud.com,2024-04-25,United States,Los Angeles,direct
2279,Stephanie,Scott,stephanie.scott@outlook.com,2023-01-30,United States,Houston,email
2280,David,Perez,david.perez@yahoo.com,2023-07-23,India,Mumbai,organic_search
2281,Olivia,Campbell,olivia.campbell@outlook.com,2024-06-10,United States,Phoenix,social_media
2282,Jason,Wilson,jason.wilson@yahoo.com,2024-09-25,United States,Phoenix,affiliate
2283,Raymond,Scott,raymond.scott@gmail.com,2023-09-06,United States,Chicago,direct
2284,James,Thomas,james.thomas@gmail.com,2024-01-02,France,Marseille,organic_search
2285,Cynthia,Perez,cynthia.perez@gmail.com,2025-08-10,United Kingdom,Glasgow,social_media
2286,Amy,Nelson,amy.nelson@icloud.com,2024-12-30,United States,Los Angeles,referral
2287,Melissa,Lopez,melissa.lopez@hotmail.com,2023-02-07,France,,direct
2288,Samantha,Roberts,samantha.roberts@gmail.com,2023-10-26,Mexico,Mexico City,paid_search
2289,Eric,Hall,eric.hall@icloud.com,2023-03-03,United States,Austin,paid_search
2290,Stephanie,Carter,stephanie.carter@hotmail.com,2025-04-04,United States,Miami,organic_search
2291,Matthew,Flores,matthew.flores@hotmail.com,2024-04-09,France,Paris,direct
2292,Diane,Young,diane.young@icloud.com,2024-10-21,France,Toulouse,email
2293,Betty,Williams,betty.williams@gmail.com,2024-12-28,United Kingdom,London,organic_search
2294,Debra,White,debra.white@outlook.com,2024-10-07,United Kingdom,London,direct
2295,David,Rodriguez,david.rodriguez@gmail.com,2023-08-27,Canada,Ottawa,social_media
2296,Jacob,Young,jacob.young@icloud.com,2024-11-28,Mexico,Monterrey,organic_search
2297,Robert,Green,robert.green@outlook.com,2025-05-21,United States,Miami,paid_search
2298,Susan,Brown,susan.brown@outlook.com,2024-06-12,Germany,Munich,referral
2299,Karen,Moore,karen.moore@outlook.com,2025-12-23,Netherlands,Amsterdam,paid_search
2300,Angela,Martin,angela.martin@outlook.com,2024-08-06,United Kingdom,London,paid_search
2301,Janet,Garcia,janet.garcia@yahoo.com,2025-01-12,India,Mumbai,organic_search
2302,Kimberly,Roberts,kimberly.roberts@outlook.com,2024-01-10,United States,Los Angeles,social_media
2303,Justin,Garcia,justin.garcia@yahoo.com,2023-06-13,United States,Phoenix,referral
2304,Stephen,Torres,stephen.torres@icloud.com,2024-09-01,United States,Miami,organic_search
2305,Rebecca,Carter,rebecca.carter@gmail.com,2023-07-10,United States,Seattle,email
2306,Andrew,Mitchell,andrew.mitchell@gmail.com,2023-01-09,United States,Los Angeles,organic_search
2307,Amy,Williams,amy.williams@hotmail.com,2023-08-07,France,Toulouse,paid_search
2308,Nicole,Scott,nicole.scott@yahoo.com,2024-01-15,United States,Chicago,email
2309,Larry,Hall,larry.hall@gmail.com,2025-08-21,Germany,Berlin,organic_search
2310,Alexander,Rodriguez,alexander.rodriguez@yahoo.com,2025-04-15,Australia,Melbourne,organic_search
2311,Eric,Moore,eric.moore@icloud.com,2025-10-05,France,Lyon,social_media
2312,Linda,Ramirez,linda.ramirez2@outlook.com,2025-12-16,Germany,Munich,paid_search
2313,Sarah,Sanchez,sarah.sanchez@icloud.com,2024-08-12,United Kingdom,Glasgow,paid_search
2314,Brandon,Davis,brandon.davis2@yahoo.com,2023-01-03,Germany,Frankfurt,affiliate
2315,Rebecca,Nguyen,rebecca.nguyen@yahoo.com,2024-01-13,Australia,Melbourne,referral
2316,Justin,Davis,justin.davis@yahoo.com,2024-04-17,United States,New York,affiliate
2317,Olivia,Williams,olivia.williams@gmail.com,2024-03-22,Germany,Munich,paid_search
2318,Joseph,Torres,joseph.torres@gmail.com,2023-01-29,Germany,Berlin,social_media
2319,Amanda,Wilson,amanda.wilson@hotmail.com,2025-01-25,United States,Los Angeles,paid_search
2320,Edward,Harris,edward.harris@icloud.com,2024-02-17,Germany,Frankfurt,direct
2321,Charles,Wilson,charles.wilson@hotmail.com,2025-09-30,United States,Houston,social_media
2322,Emily,Ramirez,emily.ramirez@gmail.com,2025-08-07,United States,Seattle,organic_search
2323,Tyler,Brown,tyler.brown@hotmail.com,2025-04-26,Canada,Vancouver,organic_search
2324,Paul,Martinez,paul.martinez@outlook.com,2023-01-29,United States,Seattle,social_media
2325,Heather,King,heather.king@gmail.com,2024-09-12,Canada,Montreal,email
2326,Cynthia,Gonzalez,cynthia.gonzalez@outlook.com,2024-07-06,Netherlands,Rotterdam,organic_search
2327,Mark,Lewis,mark.lewis@yahoo.com,2025-09-22,United States,Houston,paid_search
2328,Stephen,Allen,stephen.allen2@gmail.com,2025-12-05,United States,Austin,paid_search
2329,Richard,Moore,richard.moore@icloud.com,2023-02-11,France,Toulouse,organic_search
2330,Susan,Thomas,susan.thomas@outlook.com,2025-12-21,United States,Houston,direct
2331,Benjamin,Young,benjamin.young@icloud.com,2024-11-01,United States,New York,referral
2332,Jerry,Scott,jerry.scott@hotmail.com,2025-09-12,Canada,Toronto,organic_search
2333,Susan,Campbell,susan.campbell@outlook.com,2024-05-29,Australia,Perth,email
2334,Andrew,Nguyen,andrew.nguyen@yahoo.com,2024-12-31,Germany,Cologne,organic_search
2335,Jacob,Flores,jacob.flores@yahoo.com,2023-04-04,Brazil,Rio de Janeiro,direct
2336,Melissa,Walker,melissa.walker@yahoo.com,2024-04-11,Canada,Calgary,social_media
2337,Pamela,Johnson,pamela.johnson@gmail.com,2024-04-18,United States,Chicago,social_media
2338,Jennifer,Wilson,jennifer.wilson@hotmail.com,2023-05-29,United Kingdom,Bristol,organic_search
2339,Stephen,Lewis,stephen.lewis@yahoo.com,2024-03-23,United States,Houston,paid_search
2340,Robert,Taylor,robert.taylor@gmail.com,2023-09-04,India,Hyderabad,affiliate
2341,Samuel,Nguyen,samuel.nguyen@hotmail.com,2024-11-28,Brazil,Sao Paulo,direct
2342,Brandon,Davis,brandon.davis@gmail.com,2023-04-01,France,Lyon,social_media
2343,Emily,Wright,emily.wright@yahoo.com,2025-09-29,Germany,Berlin,referral
2344,Margaret,Clark,margaret.clark@outlook.com,2024-04-14,United States,Miami,direct
2345,Emily,Smith,emily.smith@hotmail.com,2025-07-15,Germany,Hamburg,social_media
2346,Nancy,Johnson,nancy.johnson@gmail.com,2023-02-13,Mexico,Monterrey,email
2347,Matthew,Lopez,matthew.lopez@yahoo.com,2024-01-03,United States,New York,organic_search
2348,Anthony,Gonzalez,anthony.gonzalez@yahoo.com,2025-07-09,United States,New York,paid_search
2349,Sarah,Williams,sarah.williams@gmail.com,2025-01-20,Australia,Melbourne,email
2350,Heather,Martin,heather.martin@hotmail.com,2023-11-22,United States,Los Angeles,social_media
2351,James,Hernandez,james.hernandez@outlook.com,2025-05-10,United States,Chicago,organic_search
2352,Heather,Hernandez,heather.hernandez@yahoo.com,2023-08-11,United States,Seattle,social_media
2353,Carolyn,Hernandez,carolyn.hernandez@outlook.com,2025-07-16,Australia,Brisbane,organic_search
2354,Scott,Wright,scott.wright@icloud.com,2025-05-20,United States,Denver,organic_search
2355,Julie,Lewis,julie.lewis@outlook.com,2024-03-14,United States,Boston,direct
2356,Jerry,Johnson,jerry.johnson@yahoo.com,2025-08-10,United Kingdom,Leeds,direct
2357,Justin,Davis,justin.davis2@gmail.com,2023-08-20,United States,Miami,social_media
2358,Ronald,Adams,ronald.adams@icloud.com,2023-04-19,Australia,Melbourne,social_media
2359,Jonathan,Anderson,jonathan.anderson@yahoo.com,2025-11-07,United States,New York,direct
2360,Brenda,Jones,brenda.jones@yahoo.com,2024-11-25,Canada,Toronto,social_media
2361,Barbara,Taylor,barbara.taylor3@outlook.com,2023-04-01,United States,Chicago,social_media
2362,Anthony,Rodriguez,anthony.rodriguez2@outlook.com,2023-10-30,Germany,Cologne,email
2363,Elizabeth,Ramirez,elizabeth.ramirez@icloud.com,2025-08-01,United States,Austin,organic_search
2364,Emily,Perez,emily.perez@gmail.com,2023-02-25,United States,,referral
2365,Raymond,Johnson,raymond.johnson@gmail.com,2023-06-16,United States,Chicago,organic_search
2366,Matthew,Walker,matthew.walker@gmail.com,2025-01-30,United Kingdom,Glasgow,organic_search
2367,Benjamin,Mitchell,benjamin.mitchell@icloud.com,2024-12-24,United States,Chicago,paid_search
2368,Gregory,Davis,gregory.davis2@outlook.com,2024-06-18,United States,Phoenix,organic_search
2369,Brenda,Martinez,brenda.martinez@icloud.com,2025-09-03,Germany,Cologne,paid_search
2370,Eric,Roberts,eric.roberts@gmail.com,2025-10-23,United States,Phoenix,email
2371,Jennifer,Lee,jennifer.lee@hotmail.com,2025-06-09,United Kingdom,,social_media
2372,Jennifer,Hill,jennifer.hill@gmail.com,2024-05-18,United States,Phoenix,paid_search
2373,Katherine,Perez,katherine.perez@gmail.com,2024-07-17,United States,Miami,social_media
2374,Rebecca,Harris,rebecca.harris@icloud.com,2023-11-02,United States,Seattle,referral
2375,Shirley,Anderson,shirley.anderson@outlook.com,2025-01-19,United States,New York,paid_search
2376,Nancy,Torres,nancy.torres@hotmail.com,2025-08-20,Australia,Sydney,organic_search
2377,Anthony,Thomas,anthony.thomas@hotmail.com,2025-07-31,Canada,Ottawa,email
2378,Tyler,Johnson,tyler.johnson@icloud.com,2023-09-15,France,Lyon,organic_search
2379,Andrew,Brown,andrew.brown@gmail.com,2025-12-18,Netherlands,Rotterdam,organic_search
2380,Pamela,King,pamela.king@gmail.com,2023-12-30,United States,Phoenix,social_media
2381,Jacob,Young,jacob.young@yahoo.com,2024-01-20,United Kingdom,Leeds,social_media
2382,William,Sanchez,william.sanchez@outlook.com,2023-10-17,United States,Los Angeles,email
2383,Samantha,Baker,samantha.baker@outlook.com,2025-04-14,Australia,Brisbane,paid_search
2384,John,Thomas,john.thomas@hotmail.com,2025-01-24,Australia,Melbourne,referral
2385,Anna,Ramirez,anna.ramirez@yahoo.com,2023-06-18,United States,Phoenix,social_media
2386,Jennifer,Harris,jennifer.harris2@outlook.com,2025-02-04,United States,Austin,referral
2387,Jennifer,Lopez,jennifer.lopez@hotmail.com,2024-11-27,France,Marseille,social_media
2388,Lisa,Jackson,lisa.jackson@yahoo.com,2023-06-23,India,Mumbai,social_media
2389,Michelle,Clark,michelle.clark@outlook.com,2025-12-22,Netherlands,Utrecht,social_media
2390,John,Roberts,john.roberts@yahoo.com,2024-05-09,Australia,Brisbane,social_media
2391,Nicholas,King,nicholas.king@yahoo.com,2024-11-10,Netherlands,Rotterdam,referral
2392,Sarah,Robinson,sarah.robinson@icloud.com,2024-11-27,Netherlands,Amsterdam,organic_search
2393,Rachel,Green,rachel.green@gmail.com,2024-05-04,Mexico,Guadalajara,organic_search
2394,Margaret,Wilson,margaret.wilson@outlook.com,2024-06-11,United States,Miami,social_media
2395,Alexander,Davis,alexander.davis@hotmail.com,2023-07-29,Australia,Melbourne,organic_search
2396,Janet,Hill,janet.hill@hotmail.com,2023-04-09,Canada,Toronto,email
2397,Betty,Thomas,betty.thomas@icloud.com,2025-10-05,United States,Houston,organic_search
2398,Rebecca,Adams,rebecca.adams@outlook.com,2025-04-12,Mexico,Mexico City,direct
2399,Patrick,Jones,patrick.jones@gmail.com,2024-11-01,India,Hyderabad,affiliate
2400,Richard,Robinson,richard.robinson2@yahoo.com,2023-01-22,France,Paris,direct
2401,Anthony,Johnson,anthony.johnson@gmail.com,2025-04-29,Canada,Montreal,organic_search
2402,Thomas,Hill,thomas.hill@icloud.com,2025-02-11,India,Delhi,paid_search
2403,Katherine,Hall,katherine.hall@hotmail.com,2023-09-03,United States,Phoenix,affiliate
2404,Sharon,Smith,sharon.smith@icloud.com,2025-01-23,Germany,Frankfurt,email
2405,Brian,Rodriguez,brian.rodriguez@gmail.com,2023-05-26,United States,,referral
2406,Anna,Green,anna.green@icloud.com,2024-08-21,United States,Miami,paid_search
2407,Ronald,King,ronald.king@hotmail.com,2023-10-13,United States,New York,referral
2408,Edward,Gonzalez,edward.gonzalez@yahoo.com,2024-03-17,France,Lyon,email
2409,Nicholas,Martinez,nicholas.martinez@gmail.com,2024-11-17,United States,Phoenix,paid_search
2410,Elizabeth,Garcia,elizabeth.garcia@outlook.com,2023-09-24,India,Bangalore,social_media
2411,Edward,Mitchell,edward.mitchell@gmail.com,2024-11-22,France,Paris,paid_search
2412,Ronald,Ramirez,ronald.ramirez@hotmail.com,2023-04-05,Mexico,Monterrey,social_media
2413,Richard,Davis,richard.davis@yahoo.com,2023-03-28,United Kingdom,London,direct
2414,Linda,King,linda.king@yahoo.com,2023-07-01,United States,Seattle,referral
2415,Heather,Johnson,heather.johnson@hotmail.com,2023-05-29,United States,Denver,paid_search
2416,Olivia,Wilson,olivia.wilson2@gmail.com,2024-11-28,Australia,Brisbane,paid_search
2417,Laura,Allen,laura.allen@icloud.com,2023-08-11,United States,Boston,social_media
2418,Gary,Ramirez,gary.ramirez2@outlook.com,2024-03-07,Brazil,Brasilia,affiliate
2419,Kimberly,Jackson,kimberly.jackson@gmail.com,2023-01-11,United States,Phoenix,referral
2420,Cynthia,Roberts,cynthia.roberts@yahoo.com,2025-09-03,United States,Houston,direct
2421,Stephen,Mitchell,stephen.mitchell@icloud.com,2024-03-10,United States,New York,paid_search
2422,Deborah,Flores,deborah.flores@gmail.com,2025-07-13,United States,Austin,email
2423,John,Hill,john.hill2@outlook.com,2023-05-13,United States,Boston,referral
2424,Paul,Torres,paul.torres@yahoo.com,2024-06-06,India,Hyderabad,social_media
2425,Nancy,Sanchez,nancy.sanchez@icloud.com,2025-02-08,Australia,Perth,direct
2426,Frank,Jackson,frank.jackson@icloud.com,2025-07-23,Germany,Cologne,organic_search
2427,Eric,Jackson,eric.jackson@yahoo.com,2025-02-25,Canada,Montreal,email
2428,Larry,Thomas,larry.thomas@yahoo.com,2024-08-25,United States,Los Angeles,organic_search
2429,Nicholas,Martin,nicholas.martin@icloud.com,2023-12-25,Canada,Vancouver,direct
2430,Susan,Lopez,susan.lopez@yahoo.com,2025-05-30,United States,Chicago,social_media
2431,Pamela,Brown,pamela.brown2@outlook.com,2025-08-26,Germany,Cologne,organic_search
2432,Katherine,Davis,katherine.davis@hotmail.com,2025-06-24,Australia,Sydney,organic_search
2433,Margaret,Martin,margaret.martin@icloud.com,2025-11-30,India,Delhi,email
2434,Carol,Nelson,carol.nelson@icloud.com,2024-05-14,Brazil,Brasilia,direct
2435,Eric,Rodriguez,eric.rodriguez@icloud.com,2023-01-07,Australia,Brisbane,direct
2436,Edward,Nelson,edward.nelson@gmail.com,2025-06-08,Mexico,Monterrey,paid_search
2437,Stephen,Martinez,stephen.martinez@hotmail.com,2023-10-28,Canada,Montreal,social_media
2438,Andrew,Garcia,andrew.garcia@icloud.com,2024-12-06,United States,Seattle,social_media
2439,Elizabeth,Wilson,elizabeth.wilson@gmail.com,2023-07-21,Canada,,email
2440,Rachel,Martinez,rachel.martinez@yahoo.com,2024-11-20,France,Marseille,affiliate
2441,Dennis,Davis,dennis.davis@outlook.com,2025-03-27,Netherlands,Rotterdam,social_media
2442,Donald,Nguyen,donald.nguyen@outlook.com,2023-03-25,Netherlands,Rotterdam,direct
2443,Nancy,Walker,nancy.walker@yahoo.com,2025-06-08,United States,Miami,email
2444,Stephanie,Jones,stephanie.jones@gmail.com,2025-10-28,United States,Seattle,organic_search
2445,David,Nelson,david.nelson@yahoo.com,2023-02-22,France,Marseille,organic_search
2446,William,Harris,william.harris@icloud.com,2023-06-14,United States,Phoenix,paid_search
2447,Helen,Jones,helen.jones@outlook.com,2023-12-29,United States,Seattle,direct
2448,Eric,Gonzalez,eric.gonzalez@icloud.com,2023-10-22,India,Hyderabad,organic_search
2449,Deborah,Anderson,deborah.anderson@outlook.com,2025-06-21,United States,Denver,social_media
2450,Paul,Sanchez,paul.sanchez@yahoo.com,2023-10-14,United States,Denver,referral
2451,Heather,Clark,heather.clark@yahoo.com,2023-02-09,Canada,Montreal,social_media
2452,Barbara,Mitchell,barbara.mitchell@hotmail.com,2025-02-26,Australia,Perth,direct
2453,Christopher,Torres,christopher.torres@icloud.com,2023-02-16,United States,Phoenix,paid_search
2454,Anna,Baker,anna.baker@icloud.com,2024-02-11,United States,Houston,organic_search
2455,Sandra,Garcia,sandra.garcia@yahoo.com,2025-01-02,India,Bangalore,email
2456,Nancy,Gonzalez,nancy.gonzalez@outlook.com,2023-08-11,India,Hyderabad,social_media
2457,David,Robinson,david.robinson2@gmail.com,2023-07-28,Netherlands,Amsterdam,organic_search
2458,Christopher,Smith,christopher.smith@hotmail.com,2024-05-02,United States,Seattle,direct
2459,Debra,Lee,debra.lee@yahoo.com,2024-12-07,United Kingdom,Glasgow,paid_search
2460,Matthew,Wilson,matthew.wilson@hotmail.com,2024-08-30,United States,Miami,paid_search
2461,Nicole,Brown,nicole.brown@yahoo.com,2023-04-08,Netherlands,Rotterdam,organic_search
2462,Ronald,Jackson,ronald.jackson@icloud.com,2025-06-02,United States,Los Angeles,paid_search
2463,Michael,Thomas,michael.thomas@hotmail.com,2023-07-28,United States,Phoenix,paid_search
2464,Jonathan,Miller,jonathan.miller@yahoo.com,2025-10-20,Brazil,Brasilia,email
2465,Nancy,Lopez,nancy.lopez@gmail.com,2023-07-08,United States,,direct
2466,Nicole,Wright,nicole.wright@yahoo.com,2024-06-18,United States,Houston,social_media
2467,Sharon,Hernandez,sharon.hernandez@icloud.com,2025-06-15,Canada,Calgary,paid_search
2468,Jason,Anderson,jason.anderson@icloud.com,2025-11-21,United States,Los Angeles,organic_search
2469,Rachel,Lee,rachel.lee2@gmail.com,2025-07-09,United States,Boston,affiliate
2470,John,Young,john.young@icloud.com,2025-04-04,Canada,Calgary,email
2471,Jessica,Robinson,jessica.robinson@hotmail.com,2025-10-13,Australia,Perth,paid_search
2472,Rebecca,King,rebecca.king@yahoo.com,2025-01-17,Netherlands,Amsterdam,referral
2473,Timothy,Wright,timothy.wright@yahoo.com,2024-01-05,United States,Chicago,paid_search
2474,Brian,Lee,brian.lee@yahoo.com,2025-01-19,United States,Seattle,organic_search
2475,Kevin,Wright,kevin.wright@hotmail.com,2025-04-09,India,Bangalore,social_media
2476,Maria,Jones,maria.jones@icloud.com,2023-05-29,Germany,Munich,affiliate
2477,Sarah,Lee,sarah.lee@icloud.com,2023-03-22,United States,Denver,social_media
2478,Jonathan,Roberts,jonathan.roberts@outlook.com,2024-08-14,United States,Boston,referral
2479,John,Hernandez,john.hernandez@yahoo.com,2024-11-08,Brazil,Sao Paulo,referral
2480,Helen,Hall,helen.hall2@outlook.com,2024-05-28,Netherlands,Rotterdam,social_media
2481,Donna,Adams,donna.adams@yahoo.com,2024-11-22,United States,Boston,direct
2482,Brandon,Allen,brandon.allen@icloud.com,2024-08-03,Germany,Berlin,paid_search
2483,Benjamin,Wright,benjamin.wright@icloud.com,2025-06-22,United Kingdom,London,organic_search
2484,Daniel,Thomas,daniel.thomas@icloud.com,2025-09-05,United Kingdom,Leeds,organic_search
2485,Jerry,Nelson,jerry.nelson@yahoo.com,2025-07-14,United States,Boston,paid_search
2486,Diane,Jones,diane.jones@icloud.com,2025-10-10,United States,Denver,email
2487,Angela,Harris,angela.harris@icloud.com,2025-06-12,United States,Boston,social_media
2488,Janet,Martinez,janet.martinez@yahoo.com,2024-02-06,United States,Boston,social_media
2489,Olivia,Williams,olivia.williams@icloud.com,2023-01-02,United States,Miami,paid_search
2490,Lisa,Baker,lisa.baker@yahoo.com,2023-03-03,United States,Phoenix,email
2491,George,Carter,george.carter@hotmail.com,2024-11-10,United States,Boston,email
2492,Larry,Williams,larry.williams@gmail.com,2024-07-26,Germany,Munich,direct
2493,Daniel,Roberts,daniel.roberts@outlook.com,2024-05-29,Netherlands,Rotterdam,organic_search
2494,Anna,Sanchez,anna.sanchez@hotmail.com,2023-10-15,Canada,Vancouver,paid_search
2495,Brandon,Jackson,brandon.jackson@yahoo.com,2025-12-26,Germany,Munich,referral
2496,Andrew,Sanchez,andrew.sanchez@yahoo.com,2023-07-31,Netherlands,Amsterdam,paid_search
2497,Nancy,Taylor,nancy.taylor@gmail.com,2024-01-18,Germany,Hamburg,social_media
2498,Amanda,Campbell,amanda.campbell@hotmail.com,2025-03-07,United States,Austin,organic_search
2499,Emma,Hernandez,emma.hernandez@hotmail.com,2024-03-31,India,Delhi,paid_search
2500,Helen,Baker,helen.baker@outlook.com,2023-08-06,United States,Miami,social_media
2501,Ronald,White,ronald.white@outlook.com,2025-11-28,United States,Denver,paid_search
2502,Stephanie,Scott,stephanie.scott2@gmail.com,2024-08-11,Canada,Calgary,direct
2503,Mark,Smith,mark.smith@yahoo.com,2023-09-03,United States,Boston,direct
2504,Shirley,Torres,shirley.torres@gmail.com,2025-09-12,India,Mumbai,social_media
2505,Nancy,Brown,nancy.brown@yahoo.com,2024-04-28,Canada,Montreal,paid_search
2506,Robert,Garcia,robert.garcia@outlook.com,2023-06-30,United States,Phoenix,paid_search
2507,Ryan,Miller,ryan.miller@outlook.com,2023-08-08,France,Lyon,organic_search
2508,Daniel,White,daniel.white@icloud.com,2025-09-01,Brazil,Rio de Janeiro,referral
2509,Anna,Miller,anna.miller@yahoo.com,2024-10-11,France,Toulouse,organic_search
2510,Samantha,Moore,samantha.moore@yahoo.com,2024-08-03,Germany,Berlin,affiliate
2511,Julie,Garcia,julie.garcia@gmail.com,2025-07-24,France,Lyon,paid_search
2512,Anna,Davis,anna.davis@icloud.com,2023-05-04,Canada,Ottawa,email
2513,Thomas,Carter,thomas.carter@hotmail.com,2023-09-23,United States,Austin,paid_search
2514,Shirley,King,shirley.king@icloud.com,2025-04-03,Netherlands,Rotterdam,organic_search
2515,Sarah,Perez,sarah.perez@icloud.com,2025-05-02,France,,organic_search
2516,Carol,Roberts,carol.roberts2@outlook.com,2025-06-24,United Kingdom,Leeds,paid_search
2517,Nancy,Rodriguez,nancy.rodriguez@hotmail.com,2024-07-26,Australia,Brisbane,social_media
2518,Amanda,Campbell,amanda.campbell2@yahoo.com,2024-08-12,Mexico,Guadalajara,organic_search
2519,Thomas,Martin,thomas.martin@icloud.com,2025-05-26,India,Mumbai,affiliate
2520,Patricia,Rodriguez,patricia.rodriguez@gmail.com,2023-11-16,Brazil,Sao Paulo,referral
2521,Deborah,Green,deborah.green@yahoo.com,2023-05-29,Canada,Vancouver,affiliate
2522,Thomas,Adams,thomas.adams@gmail.com,2023-05-22,France,Marseille,organic_search
2523,Carol,Perez,carol.perez@hotmail.com,2025-05-21,United States,Houston,social_media
2524,Lisa,Baker,lisa.baker@gmail.com,2025-11-30,United States,Phoenix,social_media
2525,Stephanie,Harris,stephanie.harris@icloud.com,2023-10-23,Canada,Calgary,social_media
2526,Raymond,Anderson,raymond.anderson@hotmail.com,2025-06-22,United Kingdom,Bristol,email
2527,Donna,Adams,donna.adams@hotmail.com,2023-09-23,United States,New York,paid_search
2528,Shirley,Mitchell,shirley.mitchell@yahoo.com,2024-03-04,India,Bangalore,direct
2529,William,King,william.king@yahoo.com,2023-08-05,France,Lyon,referral
2530,Matthew,Jones,matthew.jones@yahoo.com,2023-01-15,United States,Chicago,email
2531,Samantha,Garcia,samantha.garcia@gmail.com,2023-07-04,United States,New York,social_media
2532,Sharon,Taylor,sharon.taylor@hotmail.com,2025-08-06,United States,Miami,paid_search
2533,Jonathan,Hernandez,jonathan.hernandez@hotmail.com,2023-06-28,United Kingdom,Bristol,email
2534,Daniel,Lopez,daniel.lopez@outlook.com,2024-06-17,United Kingdom,Birmingham,referral
2535,George,Scott,george.scott@outlook.com,2023-11-13,United Kingdom,Leeds,direct
2536,Robert,Lee,robert.lee@yahoo.com,2025-07-17,Canada,Ottawa,paid_search
2537,Frank,Scott,frank.scott@yahoo.com,2023-04-19,Australia,Perth,social_media
2538,Lisa,Rivera,lisa.rivera@hotmail.com,2025-08-18,Mexico,Monterrey,organic_search
2539,Ryan,Baker,ryan.baker@yahoo.com,2024-01-17,United States,Houston,affiliate
2540,Patricia,Lee,patricia.lee@yahoo.com,2024-03-14,United States,Boston,referral
2541,Nancy,Miller,nancy.miller@hotmail.com,2024-09-12,France,Paris,paid_search
2542,Stephen,Martinez,stephen.martinez@yahoo.com,2025-01-14,Brazil,Rio de Janeiro,email
2543,Ashley,Torres,ashley.torres@icloud.com,2024-09-22,United States,Miami,paid_search
2544,Jessica,Young,jessica.young@hotmail.com,2024-03-24,Australia,Perth,organic_search
2545,Ronald,Jackson,ronald.jackson@yahoo.com,2024-06-18,India,Bangalore,direct
2546,Emma,Roberts,emma.roberts@hotmail.com,2024-01-05,Canada,Toronto,direct
2547,Helen,Nguyen,helen.nguyen2@gmail.com,2025-06-20,United States,Chicago,organic_search
2548,Linda,Perez,linda.perez@yahoo.com,2025-08-17,Germany,Cologne,referral
2549,Angela,Campbell,angela.campbell@gmail.com,2023-10-11,United States,Austin,social_media
2550,Pamela,King,pamela.king2@gmail.com,2023-10-03,United States,Los Angeles,referral
2551,Ronald,Campbell,ronald.campbell@gmail.com,2023-03-19,Canada,Vancouver,direct
2552,Kimberly,Carter,kimberly.carter2@yahoo.com,2025-11-28,Canada,Calgary,social_media
2553,Larry,Lewis,larry.lewis2@outlook.com,2025-11-19,United States,Austin,paid_search
2554,Donald,Green,donald.green@icloud.com,2023-03-24,United States,New York,organic_search
2555,Emily,Martin,emily.martin@yahoo.com,2024-10-18,India,Mumbai,organic_search
2556,William,Thompson,william.thompson@yahoo.com,2023-02-16,India,Mumbai,referral
2557,Samuel,Torres,samuel.torres@yahoo.com,2023-02-19,France,Marseille,organic_search
2558,Betty,Walker,betty.walker@outlook.com,2024-01-30,Germany,,organic_search
2559,Betty,Smith,betty.smith2@yahoo.com,2024-03-06,Mexico,Mexico City,email
2560,Angela,Garcia,angela.garcia@icloud.com,2025-03-25,Mexico,Mexico City,organic_search
2561,Karen,Campbell,karen.campbell@yahoo.com,2023-08-30,United States,Chicago,direct
2562,Carolyn,Robinson,carolyn.robinson@hotmail.com,2023-10-13,United Kingdom,Bristol,organic_search
2563,Helen,Roberts,helen.roberts@gmail.com,2025-04-04,United States,Seattle,organic_search
2564,Lisa,Williams,lisa.williams2@outlook.com,2023-10-06,Australia,Perth,referral
2565,Frank,Mitchell,frank.mitchell@icloud.com,2024-02-10,Australia,Melbourne,direct
2566,Olivia,Campbell,olivia.campbell@yahoo.com,2024-01-30,United States,Boston,social_media
2567,Amanda,Wilson,amanda.wilson2@gmail.com,2024-09-09,Germany,Frankfurt,referral
2568,Susan,Martinez,susan.martinez@outlook.com,2024-08-05,United States,Los Angeles,organic_search
2569,Pamela,Baker,pamela.baker2@outlook.com,2023-01-18,Canada,Montreal,social_media
2570,Carol,Rodriguez,carol.rodriguez2@outlook.com,2023-02-05,United States,Chicago,direct
2571,Nicole,Gonzalez,nicole.gonzalez@outlook.com,2025-02-18,Mexico,Guadalajara,direct
2572,William,Mitchell,william.mitchell@gmail.com,2024-12-08,France,Lyon,organic_search
2573,Raymond,Nguyen,raymond.nguyen2@gmail.com,2025-07-18,France,Lyon,organic_search
2574,Emily,Gonzalez,emily.gonzalez@hotmail.com,2025-01-20,India,Bangalore,paid_search
2575,Heather,Rodriguez,heather.rodriguez@yahoo.com,2023-06-03,Netherlands,Rotterdam,direct
2576,Diane,Martinez,diane.martinez@gmail.com,2023-04-21,United States,Denver,social_media
2577,George,Flores,george.flores@yahoo.com,2025-10-10,United Kingdom,Glasgow,paid_search
2578,Nancy,Hill,nancy.hill@icloud.com,2025-06-02,United States,Los Angeles,social_media
2579,Nicole,Johnson,nicole.johnson@hotmail.com,2024-07-30,United States,Chicago,social_media
2580,Susan,Perez,susan.perez@outlook.com,2023-01-16,United States,Chicago,paid_search
2581,Alexander,Jackson,alexander.jackson@gmail.com,2023-02-04,United States,Los Angeles,email
2582,Rebecca,Young,rebecca.young2@outlook.com,2024-09-23,United Kingdom,Leeds,email
2583,Deborah,Lewis,deborah.lewis@icloud.com,2025-01-31,Germany,Hamburg,paid_search
2584,Daniel,Thomas,daniel.thomas@outlook.com,2023-10-08,United Kingdom,London,direct
2585,Steven,Robinson,steven.robinson@hotmail.com,2023-05-02,United States,New York,referral
2586,Tyler,Allen,tyler.allen@gmail.com,2025-04-24,United States,New York,social_media
2587,Richard,Lewis,richard.lewis@hotmail.com,2025-09-28,United States,Los Angeles,organic_search
2588,Eric,Williams,eric.williams@icloud.com,2025-01-20,United States,Los Angeles,social_media
2589,Charles,Nguyen,charles.nguyen@gmail.com,2024-12-02,Netherlands,Amsterdam,email
2590,Kathleen,Garcia,kathleen.garcia@yahoo.com,2025-07-16,United Kingdom,Leeds,organic_search
2591,Michael,Robinson,michael.robinson@yahoo.com,2024-08-12,United States,New York,paid_search
2592,Anna,Moore,anna.moore@hotmail.com,2023-12-25,United States,Seattle,organic_search
2593,Betty,Johnson,betty.johnson@gmail.com,2024-12-15,Canada,Vancouver,social_media
2594,Anna,Baker,anna.baker@outlook.com,2025-05-29,United Kingdom,Bristol,social_media
2595,Angela,Johnson,angela.johnson@yahoo.com,2024-11-14,United States,New York,organic_search
2596,Debra,Roberts,debra.roberts@yahoo.com,2025-06-19,Canada,Vancouver,direct
2597,Laura,Sanchez,laura.sanchez@hotmail.com,2024-12-24,France,Paris,social_media
2598,Anna,Thomas,anna.thomas@yahoo.com,2023-02-08,Germany,Frankfurt,organic_search
2599,Andrew,Sanchez,andrew.sanchez@hotmail.com,2024-11-07,United Kingdom,Birmingham,email
2600,Patricia,Carter,patricia.carter@gmail.com,2025-07-04,France,Paris,social_media
2601,Debra,Robinson,debra.robinson@gmail.com,2023-02-10,India,Mumbai,referral
2602,Kimberly,Nguyen,kimberly.nguyen@yahoo.com,2023-05-20,Canada,Ottawa,direct
2603,Larry,Carter,larry.carter@outlook.com,2024-05-25,Canada,Montreal,email
2604,Alexander,Jones,alexander.jones@outlook.com,2024-06-07,France,Paris,email
2605,Nicholas,Williams,nicholas.williams@icloud.com,2025-10-14,United States,Boston,direct
2606,Ronald,Hill,ronald.hill@icloud.com,2024-04-03,Mexico,Monterrey,email
2607,Betty,Robinson,betty.robinson@icloud.com,2025-04-29,United Kingdom,London,paid_search
2608,Pamela,Mitchell,pamela.mitchell@outlook.com,2023-07-23,United States,Seattle,organic_search
2609,Gary,Jackson,gary.jackson@gmail.com,2024-06-29,United Kingdom,Glasgow,paid_search
2610,Daniel,Carter,daniel.carter@outlook.com,2025-11-21,United Kingdom,Manchester,email
2611,Scott,Jackson,scott.jackson@icloud.com,2025-07-02,Canada,Toronto,referral
2612,William,Rivera,william.rivera@outlook.com,2023-10-13,United States,Seattle,organic_search
2613,Kathleen,Brown,kathleen.brown@icloud.com,2023-12-18,United Kingdom,Glasgow,organic_search
2614,Edward,Brown,edward.brown@yahoo.com,2024-06-15,Germany,Berlin,organic_search
2615,Brenda,Garcia,brenda.garcia@yahoo.com,2025-11-16,United States,Boston,social_media
2616,Diane,Nguyen,diane.nguyen@hotmail.com,2023-06-21,Brazil,Sao Paulo,affiliate
2617,John,Campbell,john.campbell@icloud.com,2024-08-16,United Kingdom,,direct
2618,Shirley,Johnson,shirley.johnson@gmail.com,2024-06-16,Mexico,Guadalajara,paid_search
2619,Sarah,Hernandez,sarah.hernandez@gmail.com,2025-12-04,United Kingdom,Birmingham,social_media
2620,Sandra,Torres,sandra.torres@hotmail.com,2025-06-15,Mexico,,direct
2621,Brenda,Lopez,brenda.lopez2@gmail.com,2025-05-07,United States,New York,social_media
2622,Jacob,Nelson,jacob.nelson2@gmail.com,2023-06-24,Netherlands,Rotterdam,paid_search
2623,Rebecca,Garcia,rebecca.garcia@gmail.com,2024-07-07,India,Hyderabad,referral
2624,Scott,Nelson,scott.nelson@hotmail.com,2023-11-05,Canada,Ottawa,social_media
2625,Dennis,Sanchez,dennis.sanchez@icloud.com,2023-04-13,India,Hyderabad,paid_search
2626,Nicole,Thompson,nicole.thompson@yahoo.com,2023-07-01,Australia,Brisbane,referral
2627,Jason,Davis,jason.davis@outlook.com,2024-05-23,United Kingdom,Leeds,organic_search
2628,Paul,Baker,paul.baker2@outlook.com,2024-12-26,United States,,organic_search
2629,Ryan,Nguyen,ryan.nguyen@hotmail.com,2025-05-13,United States,New York,email
2630,Paul,Flores,paul.flores@hotmail.com,2024-06-26,United States,Houston,direct
2631,Jason,Johnson,jason.johnson@outlook.com,2023-11-07,United Kingdom,Birmingham,organic_search
2632,Mary,Martinez,mary.martinez@icloud.com,2023-10-19,United States,,organic_search
2633,Melissa,Nguyen,melissa.nguyen@yahoo.com,2024-07-17,France,Toulouse,social_media
2634,Thomas,Smith,thomas.smith@icloud.com,2024-06-28,Mexico,Mexico City,social_media
2635,Jonathan,Hall,jonathan.hall@icloud.com,2025-06-11,United States,New York,organic_search
2636,Kimberly,Sanchez,kimberly.sanchez@hotmail.com,2025-06-30,United States,Miami,email
2637,William,Ramirez,william.ramirez@gmail.com,2023-07-02,Germany,Berlin,paid_search
2638,Margaret,Davis,margaret.davis@icloud.com,2024-05-23,Brazil,Brasilia,paid_search
2639,Dennis,Hill,dennis.hill@yahoo.com,2025-04-14,Mexico,Mexico City,organic_search
2640,Margaret,Walker,margaret.walker@hotmail.com,2024-01-18,Brazil,Rio de Janeiro,affiliate
2641,Jennifer,Taylor,jennifer.taylor@outlook.com,2025-03-31,Canada,Toronto,paid_search
2642,Carolyn,Johnson,carolyn.johnson@yahoo.com,2024-09-10,United States,Phoenix,social_media
2643,Kimberly,Davis,kimberly.davis@icloud.com,2023-03-06,United States,Austin,direct
2644,Carolyn,Jackson,carolyn.jackson@outlook.com,2025-05-02,United States,Boston,social_media
2645,William,Walker,william.walker2@outlook.com,2023-09-17,United States,Miami,email
2646,Scott,Wright,scott.wright2@outlook.com,2023-01-06,Germany,Cologne,direct
2647,Kathleen,Scott,kathleen.scott@yahoo.com,2025-06-25,United States,Los Angeles,paid_search
2648,Eric,Miller,eric.miller@yahoo.com,2024-01-14,Netherlands,Utrecht,direct
2649,Benjamin,Harris,benjamin.harris@outlook.com,2024-05-24,Canada,Ottawa,email
2650,Justin,Sanchez,justin.sanchez@icloud.com,2025-11-03,Canada,Montreal,paid_search
2651,Michelle,Hall,michelle.hall@gmail.com,2024-06-18,United States,,affiliate
2652,Frank,Brown,frank.brown@gmail.com,2024-01-05,United States,Chicago,organic_search
2653,Rachel,Roberts,rachel.roberts@hotmail.com,2025-02-20,Mexico,Mexico City,direct
2654,Jennifer,Thompson,jennifer.thompson2@gmail.com,2023-05-07,United Kingdom,Leeds,paid_search
2655,Scott,Wright,scott.wright2@yahoo.com,2024-05-24,United States,Austin,social_media
2656,Alexander,Adams,alexander.adams@yahoo.com,2024-06-16,United States,Boston,paid_search
2657,Scott,Brown,scott.brown@hotmail.com,2023-02-20,United Kingdom,London,social_media
2658,Christine,Torres,christine.torres@outlook.com,2025-12-22,France,Marseille,affiliate
2659,Steven,Lopez,steven.lopez@gmail.com,2025-02-07,United States,Seattle,email
2660,Emily,Mitchell,emily.mitchell@icloud.com,2025-10-15,Canada,Calgary,social_media
2661,Carol,Ramirez,carol.ramirez@outlook.com,2024-10-06,United States,Phoenix,social_media
2662,George,Young,george.young@hotmail.com,2025-07-11,United States,New York,referral
2663,Michelle,Roberts,michelle.roberts@outlook.com,2025-11-03,Mexico,Mexico City,referral
2664,Patricia,Ramirez,patricia.ramirez@yahoo.com,2024-06-12,United States,Austin,referral
2665,Timothy,Rodriguez,timothy.rodriguez@yahoo.com,2024-08-15,France,Marseille,organic_search
2666,Ronald,Green,ronald.green2@outlook.com,2023-04-20,Canada,Vancouver,organic_search
2667,Gregory,Ramirez,gregory.ramirez@yahoo.com,2023-12-25,Netherlands,Amsterdam,organic_search
2668,Lisa,Carter,lisa.carter@hotmail.com,2025-08-28,United Kingdom,Leeds,paid_search
2669,Sarah,Carter,sarah.carter@outlook.com,2023-02-26,Canada,Calgary,organic_search
2670,Daniel,Moore,daniel.moore@gmail.com,2024-05-29,United States,,social_media
2671,Eric,Green,eric.green@hotmail.com,2023-01-31,Mexico,Mexico City,organic_search
2672,Nicole,King,nicole.king@hotmail.com,2023-09-19,United Kingdom,,organic_search
2673,David,Lopez,david.lopez@icloud.com,2025-06-28,Canada,Montreal,direct
2674,Mary,Moore,mary.moore@hotmail.com,2024-06-22,United States,Seattle,direct
2675,Katherine,Ramirez,katherine.ramirez@gmail.com,2023-12-04,United States,Los Angeles,organic_search
2676,Anna,Taylor,anna.taylor@yahoo.com,2024-12-01,Australia,Perth,paid_search
2677,Brian,Hall,brian.hall@icloud.com,2025-08-02,Australia,Sydney,social_media
2678,Katherine,Hernandez,katherine.hernandez@outlook.com,2023-12-25,Mexico,Monterrey,paid_search
2679,Jessica,Nelson,jessica.nelson@icloud.com,2025-10-28,Germany,Munich,paid_search
2680,Steven,White,steven.white@outlook.com,2024-06-05,United States,Seattle,paid_search
2681,Deborah,Jackson,deborah.jackson@hotmail.com,2024-02-08,United States,Chicago,direct
2682,Elizabeth,Davis,elizabeth.davis@yahoo.com,2025-07-05,India,Delhi,paid_search
2683,Jonathan,Flores,jonathan.flores2@outlook.com,2025-07-12,India,Mumbai,social_media
2684,Diane,Sanchez,diane.sanchez@yahoo.com,2023-12-07,United States,Phoenix,social_media
2685,Patricia,Gonzalez,patricia.gonzalez@icloud.com,2023-05-30,Canada,Vancouver,direct
2686,Melissa,Rivera,melissa.rivera@gmail.com,2023-05-18,Germany,Berlin,email
2687,Stephanie,Thomas,stephanie.thomas@gmail.com,2023-03-09,United States,Houston,paid_search
2688,Julie,Anderson,julie.anderson@outlook.com,2024-06-30,Australia,Melbourne,email
2689,Sandra,Perez,sandra.perez@yahoo.com,2023-03-15,Brazil,Sao Paulo,direct
2690,Carolyn,Green,carolyn.green@gmail.com,2025-03-22,United Kingdom,Bristol,social_media
2691,Nicholas,Jackson,nicholas.jackson@icloud.com,2024-12-08,Brazil,Rio de Janeiro,affiliate
2692,Emily,Taylor,emily.taylor@outlook.com,2024-06-19,India,Bangalore,paid_search
2693,Michael,Wright,michael.wright@yahoo.com,2023-05-16,France,Marseille,social_media
2694,Samantha,Wilson,samantha.wilson@hotmail.com,2023-02-01,Australia,Sydney,email
2695,Christine,Carter,christine.carter@outlook.com,2023-09-10,United States,Boston,organic_search
2696,Ryan,Allen,ryan.allen@icloud.com,2025-03-01,Germany,Cologne,referral
2697,Larry,Nguyen,larry.nguyen@hotmail.com,2025-11-19,Mexico,Monterrey,referral
2698,Heather,Hall,heather.hall@icloud.com,2025-09-12,United States,Austin,social_media
2699,Sarah,Walker,sarah.walker@gmail.com,2023-10-09,United States,Denver,paid_search
2700,Sandra,Williams,sandra.williams@gmail.com,2025-02-19,Netherlands,Utrecht,email
2701,Daniel,Moore,daniel.moore@yahoo.com,2024-04-08,Brazil,Brasilia,social_media
2702,Christopher,King,christopher.king@yahoo.com,2023-11-06,United States,Los Angeles,affiliate
2703,Samuel,Nelson,samuel.nelson@icloud.com,2023-11-18,United Kingdom,Leeds,direct
2704,Larry,Wilson,larry.wilson@yahoo.com,2023-04-12,United Kingdom,Glasgow,email
2705,Pamela,Wilson,pamela.wilson@yahoo.com,2023-08-28,United States,New York,organic_search
2706,Sandra,Lopez,sandra.lopez@gmail.com,2025-03-01,United States,Miami,social_media
2707,Timothy,Davis,timothy.davis@gmail.com,2025-03-02,India,Hyderabad,organic_search
2708,Stephen,Garcia,stephen.garcia@outlook.com,2023-07-10,United States,Seattle,paid_search
2709,Patrick,Thomas,patrick.thomas@icloud.com,2024-05-14,United States,Austin,email
2710,David,Nguyen,david.nguyen@icloud.com,2024-07-19,Australia,Perth,social_media
2711,Dennis,Roberts,dennis.roberts@icloud.com,2024-10-06,Germany,Munich,paid_search
2712,Nicole,Lee,nicole.lee@gmail.com,2023-02-04,United States,Houston,social_media
2713,Dennis,Sanchez,dennis.sanchez@yahoo.com,2024-11-05,United States,Phoenix,affiliate
2714,Nicole,Harris,nicole.harris@hotmail.com,2023-02-10,Netherlands,Rotterdam,direct
2715,Jennifer,Ramirez,jennifer.ramirez@hotmail.com,2025-03-09,Mexico,Monterrey,social_media
2716,Barbara,Jones,barbara.jones@gmail.com,2025-01-29,Brazil,Rio de Janeiro,paid_search
2717,Barbara,Rivera,barbara.rivera@gmail.com,2024-07-31,Australia,Melbourne,organic_search
2718,Cynthia,Wright,cynthia.wright@outlook.com,2024-07-04,United States,Boston,referral
2719,Jacob,Williams,jacob.williams@icloud.com,2024-02-03,Canada,Montreal,social_media
2720,Stephen,Gonzalez,stephen.gonzalez@outlook.com,2025-12-30,Canada,Calgary,referral
2721,Larry,Flores,larry.flores@hotmail.com,2025-07-29,United States,Boston,referral
2722,Anna,Anderson,anna.anderson@icloud.com,2025-12-01,United Kingdom,Glasgow,direct
2723,Larry,Davis,larry.davis@hotmail.com,2023-05-29,Canada,Calgary,paid_search
2724,Deborah,Nguyen,deborah.nguyen@hotmail.com,2023-06-08,United States,Denver,social_media
2725,Timothy,Johnson,timothy.johnson@icloud.com,2023-06-28,United States,New York,organic_search
2726,Carolyn,Carter,carolyn.carter@outlook.com,2025-12-05,United Kingdom,Bristol,social_media
2727,Lisa,Harris,lisa.harris@gmail.com,2023-01-12,United States,Los Angeles,referral
2728,Emma,White,emma.white@yahoo.com,2025-01-09,India,Hyderabad,paid_search
2729,Kenneth,Davis,kenneth.davis2@yahoo.com,2023-07-04,United Kingdom,Bristol,email
2730,Sarah,Young,sarah.young@outlook.com,2023-06-02,United States,Chicago,organic_search
2731,Gregory,Adams,gregory.adams@icloud.com,2025-04-04,United States,Los Angeles,direct
2732,Laura,Moore,laura.moore2@gmail.com,2024-11-15,United States,Denver,social_media
2733,Elizabeth,Lewis,elizabeth.lewis@gmail.com,2025-01-20,France,Marseille,paid_search
2734,Thomas,Miller,thomas.miller@icloud.com,2025-02-02,United States,Phoenix,social_media
2735,Jennifer,Lee,jennifer.lee2@outlook.com,2023-10-17,United States,Boston,organic_search
2736,George,Young,george.young@gmail.com,2023-04-12,Australia,Sydney,organic_search
2737,Rebecca,Anderson,rebecca.anderson@outlook.com,2025-07-29,United Kingdom,London,organic_search
2738,Sarah,Moore,sarah.moore@hotmail.com,2023-11-30,Mexico,Monterrey,direct
2739,Brandon,Lee,brandon.lee@outlook.com,2025-09-21,United States,Los Angeles,social_media
2740,Eric,Lopez,eric.lopez@yahoo.com,2024-05-07,Germany,Frankfurt,organic_search
2741,Sharon,Jones,sharon.jones@hotmail.com,2023-01-13,India,Bangalore,social_media
2742,Linda,Thompson,linda.thompson@icloud.com,2023-07-07,Germany,Berlin,organic_search
2743,Deborah,Smith,deborah.smith@icloud.com,2023-08-12,United States,Denver,affiliate
2744,Frank,Garcia,frank.garcia@outlook.com,2023-03-31,United States,Los Angeles,referral
2745,Sandra,Lewis,sandra.lewis@gmail.com,2024-02-13,France,Lyon,organic_search
2746,Kathleen,Jones,kathleen.jones@hotmail.com,2023-01-10,Canada,Toronto,affiliate
2747,Steven,Hall,steven.hall@gmail.com,2024-10-01,Brazil,Brasilia,social_media
2748,Carol,Hall,carol.hall@outlook.com,2025-12-04,United States,,social_media
2749,Nicole,Scott,nicole.scott@icloud.com,2024-12-06,United States,Seattle,organic_search
2750,Steven,Moore,steven.moore@hotmail.com,2023-06-30,Australia,Perth,affiliate
2751,Julie,Campbell,julie.campbell@icloud.com,2024-02-19,India,Hyderabad,referral
2752,Jonathan,Garcia,jonathan.garcia@yahoo.com,2023-05-25,Brazil,Brasilia,organic_search
2753,Kevin,Williams,kevin.williams@yahoo.com,2025-04-05,United States,Miami,paid_search
2754,Lisa,Jones,lisa.jones@hotmail.com,2025-01-07,Brazil,Sao Paulo,social_media
2755,Anna,Carter,anna.carter@yahoo.com,2025-05-11,United States,Chicago,social_media
2756,Rebecca,Moore,rebecca.moore@icloud.com,2025-05-29,United Kingdom,Bristol,social_media
2757,Nicole,Scott,nicole.scott2@outlook.com,2025-10-27,Mexico,Guadalajara,organic_search
2758,Joshua,Lopez,joshua.lopez@outlook.com,2024-09-02,France,Toulouse,social_media
2759,Sarah,Wright,sarah.wright@gmail.com,2025-07-01,United States,New York,referral
2760,Emily,Rivera,emily.rivera@gmail.com,2024-11-18,United States,Denver,paid_search
2761,George,Sanchez,george.sanchez@yahoo.com,2023-01-20,United States,Chicago,social_media
2762,Brenda,Perez,brenda.perez@outlook.com,2024-09-25,United States,Denver,referral
2763,Debra,Hill,debra.hill@gmail.com,2023-06-20,Brazil,Sao Paulo,affiliate
2764,Kathleen,Roberts,kathleen.roberts@icloud.com,2023-02-09,India,Mumbai,organic_search
2765,Donna,Rivera,donna.rivera@hotmail.com,2023-12-29,Germany,Berlin,organic_search
2766,Patricia,Sanchez,patricia.sanchez@icloud.com,2024-10-07,United States,Houston,referral
2767,Andrew,Hall,andrew.hall@gmail.com,2023-06-19,Germany,Berlin,email
2768,Lisa,Lewis,lisa.lewis@outlook.com,2023-05-02,France,Marseille,organic_search
2769,Sharon,Carter,sharon.carter@gmail.com,2024-11-21,United States,Los Angeles,organic_search
2770,Patrick,Lopez,patrick.lopez@outlook.com,2024-06-15,Mexico,Monterrey,social_media
2771,Samantha,Perez,samantha.perez@gmail.com,2025-10-05,United Kingdom,London,organic_search
2772,Jeffrey,Rivera,jeffrey.rivera@yahoo.com,2023-04-12,Netherlands,Rotterdam,direct
2773,Alexander,Mitchell,alexander.mitchell@icloud.com,2024-04-17,Germany,Berlin,email
2774,William,Brown,william.brown@gmail.com,2024-03-18,Mexico,Guadalajara,affiliate
2775,Jerry,Campbell,jerry.campbell@gmail.com,2023-08-31,United States,Boston,organic_search
2776,Brian,Rodriguez,brian.rodriguez2@gmail.com,2024-08-05,United Kingdom,Glasgow,organic_search
2777,Brenda,Martin,brenda.martin@icloud.com,2024-11-20,Brazil,Sao Paulo,direct
2778,Brandon,Lopez,brandon.lopez@icloud.com,2025-02-04,United States,Houston,email
2779,Amanda,Martinez,amanda.martinez@gmail.com,2023-03-10,United States,Los Angeles,organic_search
2780,Gary,Torres,gary.torres2@gmail.com,2025-05-27,Germany,Frankfurt,direct
2781,Stephen,Brown,stephen.brown@gmail.com,2025-09-04,Canada,Calgary,paid_search
2782,Diane,Hall,diane.hall@yahoo.com,2024-06-30,Mexico,Monterrey,email
2783,Thomas,Rivera,thomas.rivera@yahoo.com,2024-08-14,Germany,Cologne,paid_search
2784,Carolyn,White,carolyn.white@yahoo.com,2025-10-02,United States,Seattle,social_media
2785,Heather,Hernandez,heather.hernandez@outlook.com,2023-11-26,United States,Houston,email
2786,Mary,Jones,mary.jones2@gmail.com,2024-06-06,Mexico,Guadalajara,organic_search
2787,Ronald,Lopez,ronald.lopez@outlook.com,2024-06-05,United States,Miami,organic_search
2788,Linda,Green,linda.green@yahoo.com,2023-11-03,Germany,Cologne,organic_search
2789,Mark,Martin,mark.martin@outlook.com,2023-02-01,Netherlands,Amsterdam,referral
2790,Robert,Torres,robert.torres@gmail.com,2023-04-06,Germany,Frankfurt,paid_search
2791,James,Green,james.green@icloud.com,2025-11-11,Canada,Calgary,paid_search
2792,Mary,Martinez,mary.martinez@gmail.com,2025-06-28,United States,Seattle,organic_search
2793,Sarah,Flores,sarah.flores@gmail.com,2025-07-23,United States,Austin,paid_search
2794,Larry,Scott,larry.scott@icloud.com,2024-01-17,United Kingdom,Glasgow,organic_search
2795,Nicole,Mitchell,nicole.mitchell@icloud.com,2023-12-10,France,Marseille,paid_search
2796,Sandra,Thomas,sandra.thomas2@outlook.com,2023-01-18,France,Lyon,direct
2797,Charles,Robinson,charles.robinson@outlook.com,2023-06-09,United States,Chicago,paid_search
2798,Kathleen,Johnson,kathleen.johnson@icloud.com,2023-08-23,United States,Denver,organic_search
2799,Brian,Hernandez,brian.hernandez@yahoo.com,2024-01-06,Australia,Sydney,organic_search
2800,Carolyn,Hernandez,carolyn.hernandez@gmail.com,2023-12-17,Germany,Cologne,organic_search
2801,Anna,Davis,anna.davis2@outlook.com,2023-01-09,Brazil,Brasilia,email
2802,Larry,Miller,larry.miller@hotmail.com,2025-10-27,United States,Los Angeles,social_media
2803,Jonathan,White,jonathan.white@outlook.com,2024-10-02,Canada,Toronto,social_media
2804,Kathleen,Hall,kathleen.hall@hotmail.com,2025-02-20,United States,Los Angeles,social_media
2805,Jennifer,Rivera,jennifer.rivera@gmail.com,2024-04-29,Australia,Brisbane,social_media
2806,Heather,Hall,heather.hall2@gmail.com,2023-11-13,United States,Seattle,social_media
2807,Justin,Walker,justin.walker2@outlook.com,2023-04-20,United States,Phoenix,email
2808,Shirley,Rodriguez,shirley.rodriguez2@outlook.com,2023-01-03,Australia,Melbourne,organic_search
2809,Stephen,Wilson,stephen.wilson2@yahoo.com,2023-10-05,Canada,Vancouver,email
2810,Karen,Brown,karen.brown@outlook.com,2025-09-24,United States,Phoenix,affiliate
2811,Christine,Wilson,christine.wilson@yahoo.com,2023-05-16,India,Mumbai,social_media
2812,George,Torres,george.torres@icloud.com,2023-09-17,Australia,Sydney,referral
2813,Jack,Smith,jack.smith@yahoo.com,2023-04-14,United States,,paid_search
2814,Janet,Hall,janet.hall@yahoo.com,2023-09-25,United States,Chicago,email
2815,Angela,Thompson,angela.thompson@yahoo.com,2024-05-14,Germany,Berlin,paid_search
2816,Matthew,Williams,matthew.williams@yahoo.com,2024-11-18,United Kingdom,Leeds,direct
2817,Edward,Taylor,edward.taylor@hotmail.com,2024-12-06,United States,New York,email
2818,Scott,Anderson,scott.anderson@hotmail.com,2025-03-25,United Kingdom,Birmingham,direct
2819,Richard,Flores,richard.flores@icloud.com,2023-02-16,United States,Los Angeles,email
2820,Scott,Garcia,scott.garcia@hotmail.com,2025-08-19,Germany,Berlin,paid_search
2821,Helen,Williams,helen.williams@yahoo.com,2024-03-22,Canada,Ottawa,organic_search
2822,Tyler,Johnson,tyler.johnson@outlook.com,2024-07-19,United States,Miami,organic_search
2823,Stephanie,Sanchez,stephanie.sanchez@yahoo.com,2024-02-20,United States,Los Angeles,direct
2824,Sharon,Young,sharon.young@gmail.com,2025-04-11,United Kingdom,Birmingham,social_media
2825,Deborah,Clark,deborah.clark@hotmail.com,2025-02-23,United Kingdom,London,paid_search
2826,Ronald,Martinez,ronald.martinez@gmail.com,2025-01-11,Canada,Calgary,paid_search
2827,Joshua,Nguyen,joshua.nguyen@outlook.com,2024-09-07,France,Marseille,email
2828,Jeffrey,Ramirez,jeffrey.ramirez@hotmail.com,2024-09-19,Mexico,Monterrey,email
2829,Matthew,Rivera,matthew.rivera@yahoo.com,2023-01-18,Canada,Montreal,paid_search
2830,Helen,Harris,helen.harris@yahoo.com,2023-12-12,United Kingdom,Manchester,paid_search
2831,Laura,Davis,laura.davis@gmail.com,2024-06-07,United States,Chicago,organic_search
2832,Edward,Nelson,edward.nelson@yahoo.com,2024-10-18,India,Bangalore,paid_search
2833,Karen,Miller,karen.miller@icloud.com,2023-03-22,Netherlands,Utrecht,social_media
2834,Angela,Hill,angela.hill@icloud.com,2025-04-14,United States,Boston,organic_search
2835,Donald,Campbell,donald.campbell@outlook.com,2023-06-23,Brazil,Brasilia,email
2836,Emma,Baker,emma.baker@hotmail.com,2024-11-24,United States,Houston,referral
2837,Sarah,Campbell,sarah.campbell@outlook.com,2025-01-18,India,Delhi,email
2838,George,Wright,george.wright@yahoo.com,2024-02-19,United States,Phoenix,direct
2839,Robert,Hall,robert.hall@yahoo.com,2025-12-19,United States,Austin,social_media
2840,Patricia,White,patricia.white@outlook.com,2025-03-10,United States,Denver,direct
2841,Larry,Baker,larry.baker@outlook.com,2025-04-02,United Kingdom,Leeds,social_media
2842,Patrick,Moore,patrick.moore@outlook.com,2024-05-06,India,Bangalore,social_media
2843,Larry,Walker,larry.walker@outlook.com,2025-10-26,United States,Boston,paid_search
2844,William,Ramirez,william.ramirez@yahoo.com,2023-06-11,Brazil,Sao Paulo,organic_search
2845,Paul,White,paul.white2@outlook.com,2024-11-11,Germany,Berlin,direct
2846,Samantha,Martin,samantha.martin@icloud.com,2024-01-15,United States,Austin,referral
2847,Scott,Martinez,scott.martinez@outlook.com,2025-02-19,France,Marseille,paid_search
2848,Cynthia,Lopez,cynthia.lopez@gmail.com,2023-01-28,Netherlands,Amsterdam,social_media
2849,Emily,Rodriguez,emily.rodriguez@yahoo.com,2023-09-01,United States,Boston,paid_search
2850,Stephanie,Davis,stephanie.davis@outlook.com,2024-02-05,United States,Phoenix,paid_search
2851,Christopher,Clark,christopher.clark@gmail.com,2024-09-24,United States,Austin,organic_search
2852,Linda,Lewis,linda.lewis@icloud.com,2025-07-26,United Kingdom,Bristol,paid_search
2853,Rachel,Johnson,rachel.johnson@gmail.com,2025-10-12,Canada,Toronto,direct
2854,Melissa,Hernandez,melissa.hernandez@yahoo.com,2025-01-24,India,Mumbai,referral
2855,Cynthia,Garcia,cynthia.garcia@icloud.com,2024-03-04,United States,Chicago,paid_search
2856,Frank,Moore,frank.moore@yahoo.com,2025-08-01,United Kingdom,Glasgow,paid_search
2857,Rachel,Adams,rachel.adams@hotmail.com,2024-02-02,United States,Denver,email
2858,Christopher,Adams,christopher.adams@gmail.com,2024-11-30,Germany,Frankfurt,direct
2859,Charles,Anderson,charles.anderson@hotmail.com,2025-05-30,United Kingdom,Manchester,social_media
2860,Carol,Clark,carol.clark@yahoo.com,2023-08-17,United States,New York,paid_search
2861,Linda,Adams,linda.adams@gmail.com,2023-11-09,India,Bangalore,referral
2862,Jonathan,Jones,jonathan.jones@gmail.com,2024-10-28,India,Bangalore,email
2863,Frank,Williams,frank.williams@gmail.com,2025-09-17,United States,Chicago,direct
2864,Daniel,Campbell,daniel.campbell@yahoo.com,2024-10-16,United States,Chicago,social_media
2865,Matthew,Davis,matthew.davis2@gmail.com,2023-09-10,Canada,Vancouver,referral
2866,Margaret,Carter,margaret.carter@hotmail.com,2025-10-09,Canada,Toronto,affiliate
2867,Robert,Gonzalez,robert.gonzalez@gmail.com,2024-12-09,United States,Boston,paid_search
2868,Karen,King,karen.king@hotmail.com,2024-01-17,United States,New York,social_media
2869,Benjamin,Young,benjamin.young@yahoo.com,2024-12-22,United States,Austin,direct
2870,Frank,Baker,frank.baker@yahoo.com,2023-12-13,Brazil,Sao Paulo,organic_search
2871,Raymond,Roberts,raymond.roberts@hotmail.com,2024-01-25,United States,,direct
2872,Helen,Hill,helen.hill@yahoo.com,2025-08-28,United States,Austin,email
2873,Tyler,Anderson,tyler.anderson@outlook.com,2025-05-16,United States,,social_media
2874,Nicholas,Thompson,nicholas.thompson@gmail.com,2023-04-11,United Kingdom,London,social_media
2875,Ryan,Williams,ryan.williams2@gmail.com,2023-09-05,United States,Denver,referral
2876,Christopher,Gonzalez,christopher.gonzalez@hotmail.com,2025-10-03,United States,New York,organic_search
2877,Ronald,Miller,ronald.miller@outlook.com,2024-03-31,Germany,Cologne,direct
2878,Pamela,Baker,pamela.baker@icloud.com,2023-07-03,Germany,Munich,affiliate
2879,Angela,Nelson,angela.nelson@hotmail.com,2025-12-29,India,Bangalore,direct
2880,Diane,Sanchez,diane.sanchez@hotmail.com,2024-06-21,United States,,organic_search
2881,Anthony,Wilson,anthony.wilson@yahoo.com,2025-11-07,United States,Chicago,organic_search
2882,Susan,Carter,susan.carter@icloud.com,2024-12-09,United States,Chicago,social_media
2883,Debra,Mitchell,debra.mitchell@icloud.com,2024-01-01,United States,Chicago,referral
2884,Melissa,Sanchez,melissa.sanchez@gmail.com,2024-11-22,United States,Boston,organic_search
2885,Christine,Brown,christine.brown@hotmail.com,2024-05-16,United States,Denver,organic_search
2886,Samuel,Davis,samuel.davis@icloud.com,2025-10-04,United States,Seattle,paid_search
2887,Donald,Smith,donald.smith@hotmail.com,2024-09-16,Germany,Munich,referral
2888,Christine,Scott,christine.scott@outlook.com,2024-03-26,United States,Los Angeles,referral
2889,Daniel,Sanchez,daniel.sanchez@gmail.com,2025-03-28,United Kingdom,Birmingham,paid_search
2890,Patrick,Walker,patrick.walker@outlook.com,2024-07-20,United States,Austin,referral
2891,Jennifer,White,jennifer.white@outlook.com,2023-12-23,United States,Los Angeles,direct
2892,Frank,Jones,frank.jones2@gmail.com,2024-07-02,United Kingdom,Bristol,organic_search
2893,Larry,Roberts,larry.roberts@outlook.com,2023-02-04,United States,Phoenix,social_media
2894,Debra,Garcia,debra.garcia@icloud.com,2024-10-19,Australia,Melbourne,social_media
2895,Angela,Thompson,angela.thompson2@gmail.com,2023-10-08,United Kingdom,London,organic_search
2896,Nancy,Ramirez,nancy.ramirez@yahoo.com,2025-10-13,Germany,Berlin,organic_search
2897,Maria,Nelson,maria.nelson2@gmail.com,2024-05-13,United States,Houston,referral
2898,Laura,Flores,laura.flores@hotmail.com,2025-07-18,United Kingdom,Glasgow,social_media
2899,Larry,King,larry.king@hotmail.com,2025-05-23,United States,Chicago,social_media
2900,Amy,Anderson,amy.anderson2@outlook.com,2023-09-28,Mexico,Mexico City,social_media
2901,Stephanie,Baker,stephanie.baker@gmail.com,2025-12-22,United Kingdom,Birmingham,social_media
2902,Jacob,Adams,jacob.adams@icloud.com,2024-03-01,United Kingdom,Manchester,direct
2903,Rachel,Torres,rachel.torres@outlook.com,2023-07-07,United States,Boston,email
2904,Timothy,Perez,timothy.perez@outlook.com,2024-11-16,United States,,organic_search
2905,Jessica,Martinez,jessica.martinez@gmail.com,2023-05-22,United States,Boston,paid_search
2906,Patricia,Roberts,patricia.roberts2@yahoo.com,2024-08-02,France,Marseille,social_media
2907,Ryan,Jackson,ryan.jackson@hotmail.com,2023-01-03,United States,New York,organic_search
2908,Pamela,Robinson,pamela.robinson@hotmail.com,2025-06-10,United States,Miami,social_media
2909,Joshua,Torres,joshua.torres2@outlook.com,2023-07-02,United Kingdom,Birmingham,social_media
2910,Betty,Harris,betty.harris@outlook.com,2024-06-10,United Kingdom,London,direct
2911,Robert,Johnson,robert.johnson@hotmail.com,2024-03-27,United States,Austin,social_media
2912,Robert,Nguyen,robert.nguyen@hotmail.com,2025-05-23,Mexico,Monterrey,email
2913,Kathleen,Lewis,kathleen.lewis@gmail.com,2025-01-03,United States,Boston,organic_search
2914,Carolyn,Harris,carolyn.harris@yahoo.com,2025-01-29,United States,New York,social_media
2915,Patrick,Smith,patrick.smith@yahoo.com,2023-11-27,United States,Los Angeles,social_media
2916,Kathleen,Clark,kathleen.clark@yahoo.com,2023-06-10,United Kingdom,Manchester,direct
2917,Brandon,Jackson,brandon.jackson@icloud.com,2024-11-17,Germany,Cologne,email
2918,Brian,Jackson,brian.jackson@hotmail.com,2024-09-03,Germany,Munich,affiliate
2919,Dennis,Taylor,dennis.taylor2@outlook.com,2023-05-30,United States,Phoenix,referral
2920,Michelle,Flores,michelle.flores@gmail.com,2024-05-15,United States,Boston,referral
2921,Ashley,Rivera,ashley.rivera@outlook.com,2024-08-06,United States,Denver,paid_search
2922,Andrew,Clark,andrew.clark@outlook.com,2023-12-17,United States,Miami,organic_search
2923,Michael,Nguyen,michael.nguyen@outlook.com,2025-09-03,United Kingdom,Manchester,referral
2924,Margaret,Torres,margaret.torres@icloud.com,2024-07-06,Germany,Cologne,organic_search
2925,Christopher,Miller,christopher.miller@gmail.com,2025-07-01,Mexico,Monterrey,organic_search
2926,Raymond,Lopez,raymond.lopez@gmail.com,2025-09-07,Netherlands,Amsterdam,paid_search
2927,Eric,Thompson,eric.thompson@yahoo.com,2025-01-28,United States,Seattle,paid_search
2928,Justin,Rodriguez,justin.rodriguez@yahoo.com,2023-03-29,United States,New York,paid_search
2929,Larry,Ramirez,larry.ramirez@outlook.com,2023-10-31,United States,Los Angeles,referral
2930,Mark,Torres,mark.torres@gmail.com,2024-12-29,France,Lyon,organic_search
2931,Diane,Davis,diane.davis@yahoo.com,2024-11-13,Australia,Perth,direct
2932,Melissa,King,melissa.king@icloud.com,2024-11-21,United States,Austin,email
2933,Jacob,Smith,jacob.smith@icloud.com,2024-03-23,India,Mumbai,direct
2934,Kimberly,Rivera,kimberly.rivera@outlook.com,2024-06-15,Canada,Vancouver,email
2935,Ronald,Harris,ronald.harris@yahoo.com,2025-01-29,United States,Houston,organic_search
2936,Anthony,Jackson,anthony.jackson@yahoo.com,2023-11-19,United States,Seattle,direct
2937,Jack,Rodriguez,jack.rodriguez2@gmail.com,2024-08-22,United States,Denver,organic_search
2938,Edward,Wilson,edward.wilson@gmail.com,2025-07-12,United States,Houston,email
2939,Sharon,Allen,sharon.allen@hotmail.com,2023-03-08,France,Paris,social_media
2940,Christine,Lee,christine.lee@yahoo.com,2025-02-20,Canada,Montreal,referral
2941,Michael,Martinez,michael.martinez@gmail.com,2025-06-16,Germany,Frankfurt,direct
2942,William,Robinson,william.robinson2@gmail.com,2024-03-01,Mexico,Guadalajara,direct
2943,Linda,Martinez,linda.martinez@yahoo.com,2023-04-07,Canada,Montreal,organic_search
2944,Pamela,Flores,pamela.flores@outlook.com,2024-01-07,United Kingdom,Birmingham,social_media
2945,Amanda,Campbell,amanda.campbell@yahoo.com,2025-12-01,United States,Chicago,affiliate
2946,Samantha,Anderson,samantha.anderson@gmail.com,2024-11-07,United States,Chicago,social_media
2947,Susan,Wilson,susan.wilson@yahoo.com,2023-02-14,Brazil,Sao Paulo,organic_search
2948,Steven,Clark,steven.clark@hotmail.com,2023-09-09,United Kingdom,Bristol,email
2949,Jason,Robinson,jason.robinson@outlook.com,2025-06-15,India,Mumbai,direct
2950,Charles,Roberts,charles.roberts@hotmail.com,2024-10-07,Canada,Montreal,paid_search
2951,Olivia,Brown,olivia.brown@yahoo.com,2024-03-07,United States,Austin,organic_search
2952,Daniel,Anderson,daniel.anderson@icloud.com,2025-09-25,Canada,Montreal,organic_search
2953,Patricia,Wilson,patricia.wilson@outlook.com,2023-04-06,Australia,Melbourne,organic_search
2954,Donna,Robinson,donna.robinson@gmail.com,2023-07-06,India,Mumbai,social_media
2955,Christopher,Hernandez,christopher.hernandez@yahoo.com,2023-04-30,United States,Austin,social_media
2956,Patrick,Clark,patrick.clark@outlook.com,2025-08-05,Germany,Cologne,referral
2957,Susan,Walker,susan.walker@hotmail.com,2025-04-27,United States,Phoenix,organic_search
2958,Tyler,Hill,tyler.hill@yahoo.com,2025-03-02,India,Mumbai,paid_search
2959,Brenda,Anderson,brenda.anderson@icloud.com,2023-11-12,Brazil,Rio de Janeiro,referral
2960,Jacob,Green,jacob.green@yahoo.com,2024-01-04,United States,Los Angeles,organic_search
2961,Scott,Williams,scott.williams@icloud.com,2025-02-28,France,Marseille,paid_search
2962,Jonathan,Jackson,jonathan.jackson@outlook.com,2024-05-21,India,Delhi,social_media
2963,Benjamin,Gonzalez,benjamin.gonzalez@hotmail.com,2024-01-17,Canada,Toronto,organic_search
2964,David,Garcia,david.garcia@gmail.com,2025-11-17,United States,Denver,organic_search
2965,Carolyn,Thompson,carolyn.thompson@icloud.com,2023-04-13,United Kingdom,Bristol,email
2966,Elizabeth,Robinson,elizabeth.robinson@gmail.com,2024-08-19,Netherlands,Rotterdam,email
2967,Benjamin,Anderson,benjamin.anderson@icloud.com,2024-05-30,United States,Los Angeles,email
2968,Daniel,Hill,daniel.hill@outlook.com,2025-10-08,Australia,,organic_search
2969,Daniel,Martinez,daniel.martinez@hotmail.com,2024-05-26,India,Bangalore,paid_search
2970,Ryan,Lopez,ryan.lopez@yahoo.com,2023-11-03,United States,Phoenix,organic_search
2971,Timothy,Lopez,timothy.lopez@hotmail.com,2025-02-22,Germany,Hamburg,direct
2972,Matthew,Gonzalez,matthew.gonzalez@gmail.com,2024-02-19,Germany,Munich,affiliate
2973,Donna,Martin,donna.martin@hotmail.com,2024-09-16,Brazil,Sao Paulo,social_media
2974,Eric,Young,eric.young@icloud.com,2023-01-25,Canada,Montreal,paid_search
2975,John,Hernandez,john.hernandez@gmail.com,2025-02-12,Netherlands,Utrecht,referral
2976,Rachel,Thompson,rachel.thompson@gmail.com,2024-01-24,Canada,Montreal,referral
2977,Cynthia,Young,cynthia.young@outlook.com,2025-03-24,Germany,Munich,social_media
2978,Frank,Wilson,frank.wilson@yahoo.com,2025-04-28,India,,paid_search
2979,Lisa,Lewis,lisa.lewis@hotmail.com,2023-11-24,United Kingdom,Manchester,direct
2980,Larry,Martinez,larry.martinez@gmail.com,2024-12-16,United Kingdom,Leeds,social_media
2981,Charles,Hill,charles.hill2@gmail.com,2023-11-19,Germany,Cologne,organic_search
2982,Paul,Davis,paul.davis@gmail.com,2024-03-23,United States,Seattle,organic_search
2983,Nicole,Lee,nicole.lee2@outlook.com,2024-04-21,Australia,Perth,social_media
2984,Kathleen,Nelson,kathleen.nelson@yahoo.com,2024-08-30,Germany,Munich,email
2985,Lisa,Williams,lisa.williams@hotmail.com,2024-06-14,United States,,email
2986,Patricia,Adams,patricia.adams@icloud.com,2024-02-24,United States,Houston,referral
2987,Mark,Adams,mark.adams@icloud.com,2023-03-31,Australia,Sydney,paid_search
2988,Jonathan,Anderson,jonathan.anderson2@gmail.com,2023-12-29,France,Paris,direct
2989,Richard,Lopez,richard.lopez@gmail.com,2025-11-13,United States,Phoenix,email
2990,Joseph,Rivera,joseph.rivera@outlook.com,2025-05-04,Canada,Calgary,social_media
2991,Rebecca,Martin,rebecca.martin@gmail.com,2023-08-13,United States,Boston,social_media
2992,Kimberly,Scott,kimberly.scott@icloud.com,2024-09-17,United States,Phoenix,referral
2993,Gregory,Smith,gregory.smith@gmail.com,2025-10-26,France,Lyon,direct
2994,Angela,Lewis,angela.lewis@icloud.com,2025-12-02,United Kingdom,Birmingham,paid_search
2995,Jack,Harris,jack.harris@hotmail.com,2024-09-28,United States,Seattle,referral
2996,Jessica,Hill,jessica.hill@hotmail.com,2024-08-29,Australia,Melbourne,email
2997,Joseph,Flores,joseph.flores@yahoo.com,2023-10-24,Australia,Perth,organic_search
2998,Matthew,Lopez,matthew.lopez@gmail.com,2023-04-04,United States,Los Angeles,paid_search
2999,Brandon,Taylor,brandon.taylor@icloud.com,2024-07-30,United States,Los Angeles,referral
3000,Shirley,Torres,shirley.torres2@gmail.com,2025-07-03,United Kingdom,Glasgow,organic_search
