order_id,customer_id,order_date,status,payment_method,shipping_country,order_total
1,1,2024-09-29,completed,credit_card,France,196.97
2,1,2024-10-31,completed,paypal,France,48.94
3,1,2024-11-19,completed,debit_card,France,355.63
4,1,2024-11-19,completed,credit_card,France,374.5
5,3,2025-12-17,completed,credit_card,India,277.05
6,3,2025-12-26,completed,paypal,India,958.82
7,5,2025-06-23,refunded,credit_card,Netherlands,87.7
8,5,2025-07-12,completed,debit_card,Netherlands,307.86
9,5,2025-09-02,completed,credit_card,Netherlands,146.0
10,5,2025-10-17,completed,credit_card,Netherlands,251.34
11,8,2024-05-06,completed,paypal,United States,623.72
12,8,2024-05-20,completed,paypal,United States,630.64
13,8,2024-05-31,completed,debit_card,United States,185.3
14,8,2024-06-09,completed,credit_card,United States,169.62
15,8,2024-07-22,cancelled,paypal,United States,55.81
16,8,2024-07-26,cancelled,gift_card,United States,938.83
17,9,2023-04-14,completed,paypal,United States,59.56
18,9,2023-04-29,completed,credit_card,United States,106.72
19,9,2023-05-01,cancelled,credit_card,United States,274.21
20,10,2025-11-16,completed,credit_card,United States,598.8
21,10,2025-11-29,completed,credit_card,United States,84.99
22,11,2025-06-22,completed,credit_card,United States,135.62
23,11,2025-06-30,refunded,credit_card,United States,300.21
24,11,2025-07-08,completed,paypal,United States,59.23
25,12,2023-11-27,refunded,paypal,United Kingdom,332.36
26,12,2023-12-20,cancelled,credit_card,United Kingdom,272.95
27,13,2023-06-25,completed,paypal,Germany,84.99
28,13,2023-07-26,completed,credit_card,Germany,51.37
29,13,2023-07-27,refunded,debit_card,Germany,366.86
30,15,2023-07-17,refunded,paypal,Mexico,426.96
31,15,2023-09-01,completed,credit_card,Mexico,201.08
32,16,2024-10-23,cancelled,credit_card,United Kingdom,61.09
33,16,2024-11-25,cancelled,debit_card,United Kingdom,293.66
34,16,2024-12-08,refunded,debit_card,United Kingdom,254.63
35,17,2025-06-28,completed,credit_card,United States,338.34
36,18,2024-01-15,cancelled,credit_card,Germany,560.0
37,18,2024-01-21,cancelled,gift_card,Germany,160.83
38,18,2024-03-10,completed,credit_card,Germany,559.45
39,18,2024-03-11,refunded,credit_card,Germany,406.71
40,18,2024-04-25,completed,credit_card,Germany,972.35
41,18,2024-06-06,completed,paypal,Germany,318.68
42,18,2024-10-14,pending,debit_card,Germany,176.03
43,18,2024-12-14,completed,credit_card,Germany,66.53
44,18,2024-12-14,completed,paypal,Germany,49.75
45,18,2025-01-07,completed,debit_card,Germany,540.72
46,18,2025-02-02,completed,credit_card,Germany,282.79
47,18,2025-02-06,pending,credit_card,Germany,339.35
48,18,2025-02-12,pending,credit_card,Germany,96.7
49,18,2025-03-09,completed,paypal,Germany,30.55
50,18,2025-04-08,completed,credit_card,Germany,361.23
51,18,2025-04-09,completed,credit_card,Germany,340.99
52,18,2025-05-30,completed,debit_card,Germany,34.26
53,18,2025-05-31,pending,debit_card,Germany,486.61
54,18,2025-06-21,completed,gift_card,Germany,156.07
55,18,2025-07-12,cancelled,credit_card,Germany,156.19
56,18,2025-07-17,completed,credit_card,Germany,98.65
57,20,2025-09-13,completed,,United States,348.12
58,20,2025-11-16,completed,credit_card,United States,749.0
59,20,2025-11-19,completed,credit_card,United States,241.13
60,20,2025-12-12,pending,debit_card,United States,133.61
61,23,2024-10-07,completed,credit_card,United States,266.37
62,23,2024-10-09,completed,credit_card,United States,425.09
63,23,2024-12-04,completed,paypal,United States,48.94
64,23,2024-12-06,completed,credit_card,United States,33.06
65,23,2025-01-04,completed,paypal,United States,176.43
66,23,2025-02-11,completed,credit_card,United States,358.82
67,23,2025-03-06,completed,credit_card,United States,245.68
68,23,2025-05-17,completed,credit_card,United States,177.82
69,23,2025-07-19,completed,credit_card,United States,140.81
70,25,2025-01-28,completed,credit_card,France,119.12
71,26,2023-09-02,completed,credit_card,Germany,336.02
72,26,2023-12-01,completed,credit_card,Germany,659.21
73,26,2023-12-03,completed,credit_card,Germany,571.23
74,26,2023-12-03,completed,credit_card,Germany,125.25
75,26,2024-01-21,completed,paypal,Germany,489.29
76,26,2024-02-23,completed,credit_card,Germany,92.65
77,26,2024-03-19,completed,gift_card,Germany,131.29
78,26,2024-04-07,completed,credit_card,Germany,785.13
79,26,2024-04-08,completed,credit_card,Germany,135.87
80,26,2024-04-21,completed,credit_card,Germany,21.73
81,27,2025-09-27,completed,credit_card,France,327.7
82,28,2024-03-27,refunded,paypal,Australia,363.01
83,28,2024-05-31,completed,debit_card,Australia,349.54
84,28,2024-07-15,completed,credit_card,Australia,575.19
85,28,2024-08-20,completed,paypal,Australia,107.94
86,28,2024-09-08,completed,credit_card,Australia,195.39
87,28,2024-10-23,completed,paypal,Australia,68.79
88,28,2024-12-14,completed,credit_card,Australia,70.61
89,28,2024-12-26,pending,credit_card,Australia,185.3
90,28,2024-12-26,completed,debit_card,Australia,319.79
91,30,2023-06-17,completed,credit_card,France,297.78
92,33,2023-08-15,completed,credit_card,United States,291.22
93,33,2023-08-19,completed,credit_card,United States,756.66
94,34,2024-11-22,completed,paypal,Brazil,40.81
95,34,2024-12-12,completed,debit_card,Brazil,841.23
96,34,2025-02-12,completed,paypal,Brazil,121.18
97,34,2025-03-19,completed,paypal,Brazil,337.52
98,34,2025-03-26,refunded,paypal,Brazil,372.57
99,34,2025-04-11,completed,credit_card,Brazil,290.83
100,34,2025-05-15,completed,gift_card,Brazil,233.04
101,34,2025-05-20,completed,credit_card,Brazil,176.75
102,34,2025-06-02,completed,paypal,Brazil,164.11
103,35,2024-11-14,completed,credit_card,Germany,374.5
104,35,2024-12-26,completed,credit_card,Germany,302.06
105,35,2025-01-23,completed,credit_card,Germany,15.32
106,35,2025-02-07,completed,credit_card,Germany,356.43
107,35,2025-02-11,completed,credit_card,Germany,532.18
108,35,2025-03-17,refunded,credit_card,Germany,441.75
109,35,2025-03-25,completed,paypal,Germany,104.62
110,37,2025-05-18,completed,credit_card,United States,136.04
111,37,2025-05-20,completed,debit_card,United States,515.89
112,37,2025-06-20,completed,gift_card,United States,205.9
113,37,2025-07-05,completed,credit_card,United States,185.8
114,37,2025-09-14,completed,paypal,United States,398.47
115,37,2025-10-04,completed,credit_card,United States,365.12
116,37,2025-11-26,completed,debit_card,United States,66.53
117,41,2023-03-01,completed,debit_card,United States,250.23
118,41,2023-05-14,pending,credit_card,United States,281.41
119,41,2023-05-15,completed,paypal,United States,204.27
120,41,2023-07-21,refunded,credit_card,United States,240.73
121,41,2023-10-21,completed,credit_card,United States,945.42
122,41,2023-10-22,refunded,paypal,United States,667.63
123,41,2023-10-25,completed,credit_card,United States,237.89
124,41,2023-11-22,completed,debit_card,United States,439.1
125,41,2023-11-22,completed,debit_card,United States,41.71
126,42,2023-05-27,completed,paypal,France,422.44
127,43,2024-11-10,completed,credit_card,United States,426.96
128,43,2024-11-22,completed,credit_card,United States,346.45
129,43,2024-12-17,completed,credit_card,United States,109.6
130,43,2024-12-17,completed,gift_card,United States,402.64
131,43,2025-01-29,completed,credit_card,United States,74.84
132,43,2025-03-11,completed,credit_card,United States,259.71
133,43,2025-04-01,cancelled,paypal,United States,119.02
134,43,2025-07-11,completed,credit_card,United States,564.53
135,44,2024-03-20,completed,credit_card,United States,92.65
136,44,2024-03-21,completed,paypal,United States,328.85
137,44,2024-05-07,completed,credit_card,United States,88.3
138,45,2024-05-12,completed,credit_card,United States,294.71
139,47,2025-08-20,completed,paypal,France,925.54
140,47,2025-08-29,cancelled,credit_card,France,35.17
141,47,2025-09-28,completed,credit_card,France,733.35
142,47,2025-11-20,completed,gift_card,France,48.57
143,47,2025-11-28,completed,credit_card,France,268.94
144,47,2025-12-19,refunded,credit_card,France,45.56
145,50,2024-12-12,completed,credit_card,United States,339.96
146,50,2025-02-20,completed,paypal,United States,309.11
147,50,2025-03-29,cancelled,credit_card,United States,68.79
148,50,2025-04-22,completed,paypal,United States,14.33
149,50,2025-05-12,completed,credit_card,United States,297.18
150,50,2025-08-10,completed,debit_card,United States,116.26
151,50,2025-08-27,cancelled,credit_card,United States,233.82
152,50,2025-09-03,refunded,credit_card,United States,164.11
153,52,2025-06-04,cancelled,credit_card,Australia,78.75
154,52,2025-06-13,completed,credit_card,Australia,616.2
155,52,2025-06-20,cancelled,credit_card,Australia,172.37
156,52,2025-07-05,completed,credit_card,Australia,388.57
157,54,2023-11-27,completed,paypal,Germany,451.98
158,54,2023-12-12,completed,credit_card,Germany,268.84
159,54,2023-12-22,refunded,debit_card,Germany,92.65
160,54,2024-03-19,completed,credit_card,Germany,783.55
161,54,2024-03-31,completed,paypal,Germany,565.58
162,54,2024-04-14,completed,paypal,Germany,59.56
163,54,2024-06-18,completed,credit_card,Germany,331.95
164,54,2024-08-13,completed,gift_card,Germany,319.79
165,59,2025-02-11,completed,debit_card,United States,337.62
166,59,2025-03-30,completed,paypal,United States,395.07
167,59,2025-04-23,completed,paypal,United States,136.96
168,61,2023-01-31,completed,credit_card,India,539.91
169,61,2023-02-11,completed,,India,505.71
170,61,2023-02-13,completed,credit_card,India,350.04
171,62,2023-07-16,completed,credit_card,United States,142.4
172,62,2023-07-17,completed,gift_card,United States,340.87
173,62,2023-07-26,completed,gift_card,United States,74.46
174,62,2023-08-07,completed,debit_card,United States,110.47
175,62,2023-08-08,refunded,paypal,United States,274.21
176,62,2023-08-16,completed,credit_card,United States,216.24
177,62,2023-08-25,completed,credit_card,United States,208.91
178,62,2023-09-20,completed,gift_card,United States,133.22
179,63,2025-03-20,completed,credit_card,United Kingdom,233.87
180,63,2025-03-21,completed,credit_card,United Kingdom,721.1
181,63,2025-04-13,completed,credit_card,United Kingdom,624.05
182,63,2025-04-24,completed,paypal,United Kingdom,337.05
183,65,2025-10-18,completed,credit_card,United States,95.17
184,65,2025-10-31,completed,gift_card,United States,288.68
185,65,2025-12-07,cancelled,credit_card,United States,129.14
186,67,2024-09-27,completed,credit_card,United Kingdom,336.06
187,67,2024-09-28,completed,credit_card,United Kingdom,157.16
188,67,2024-12-12,cancelled,credit_card,United Kingdom,86.91
189,67,2024-12-12,completed,credit_card,United Kingdom,573.8
190,68,2024-04-24,completed,debit_card,United States,112.02
191,68,2024-05-19,completed,credit_card,United States,47.94
192,68,2024-07-07,completed,credit_card,United States,150.43
193,68,2024-07-08,cancelled,paypal,United States,221.88
194,68,2024-07-30,completed,debit_card,United States,834.42
195,68,2024-08-08,cancelled,paypal,United States,161.93
196,68,2024-09-08,completed,debit_card,United States,608.68
197,68,2024-09-16,completed,credit_card,United States,156.18
198,68,2024-10-17,completed,credit_card,United States,132.83
199,68,2024-10-31,completed,paypal,United States,56.53
200,68,2024-12-02,completed,credit_card,United States,455.01
201,68,2024-12-02,refunded,credit_card,United States,387.62
202,68,2025-02-12,completed,paypal,United States,147.39
203,68,2025-03-20,completed,paypal,United States,61.91
204,68,2025-06-10,completed,credit_card,United States,485.51
205,68,2025-10-21,completed,credit_card,United States,204.84
206,69,2025-10-22,completed,credit_card,United States,513.28
207,69,2025-11-06,completed,credit_card,United States,75.74
208,69,2025-12-08,completed,debit_card,United States,444.14
209,69,2025-12-08,completed,paypal,United States,819.6
210,71,2025-06-18,completed,debit_card,United States,43.66
211,71,2025-06-24,completed,credit_card,United States,41.71
212,71,2025-08-24,refunded,credit_card,United States,121.66
213,72,2025-05-18,completed,credit_card,United Kingdom,1052.0
214,72,2025-06-05,completed,debit_card,United Kingdom,370.53
215,72,2025-06-25,completed,debit_card,United Kingdom,88.03
216,72,2025-08-24,pending,debit_card,United Kingdom,452.4
217,72,2025-12-16,completed,credit_card,United Kingdom,35.72
218,75,2025-02-18,refunded,paypal,Brazil,19.14
219,75,2025-03-18,completed,paypal,Brazil,94.5
220,75,2025-03-28,completed,credit_card,Brazil,924.94
221,77,2024-06-09,refunded,credit_card,Australia,581.6
222,77,2024-08-20,completed,paypal,Australia,110.56
223,77,2024-09-13,completed,paypal,Australia,207.08
224,79,2024-10-29,refunded,credit_card,Australia,629.32
225,79,2024-11-28,completed,gift_card,Australia,549.72
226,79,2024-12-04,refunded,paypal,Australia,422.73
227,79,2024-12-12,completed,credit_card,Australia,52.03
228,79,2024-12-15,completed,credit_card,Australia,15.5
229,79,2024-12-21,completed,debit_card,Australia,129.71
230,79,2024-12-29,pending,credit_card,Australia,149.42
231,79,2025-01-17,completed,credit_card,Australia,1206.82
232,79,2025-05-11,completed,credit_card,Australia,69.53
233,81,2023-07-27,completed,credit_card,United States,446.28
234,81,2023-09-22,completed,credit_card,United States,97.09
235,81,2023-10-24,cancelled,debit_card,United States,340.68
236,81,2023-10-27,completed,paypal,United States,187.15
237,81,2023-12-27,completed,credit_card,United States,739.31
238,81,2024-01-15,completed,gift_card,United States,191.66
239,81,2024-03-20,completed,credit_card,United States,491.24
240,81,2024-04-29,refunded,debit_card,United States,399.88
241,82,2023-06-14,completed,,United States,51.37
242,82,2023-07-06,completed,gift_card,United States,92.65
243,84,2025-11-08,completed,paypal,United States,219.61
244,84,2025-11-11,completed,credit_card,United States,66.53
245,85,2023-06-29,completed,paypal,France,134.64
246,85,2023-08-17,completed,credit_card,France,500.04
247,87,2025-05-05,completed,debit_card,India,98.65
248,87,2025-05-06,completed,paypal,India,615.48
249,87,2025-06-11,completed,credit_card,India,244.53
250,87,2025-07-13,completed,credit_card,India,52.36
251,87,2025-11-10,completed,credit_card,India,148.24
252,87,2025-12-12,completed,paypal,India,507.22
253,87,2025-12-12,completed,credit_card,India,677.31
254,87,2025-12-25,completed,credit_card,India,431.43
255,88,2023-08-29,completed,debit_card,France,291.22
256,88,2023-09-15,completed,credit_card,France,42.95
257,88,2023-09-18,completed,credit_card,France,251.23
258,89,2024-02-07,completed,credit_card,United States,450.36
259,89,2024-02-12,completed,debit_card,United States,194.03
260,89,2024-08-09,completed,debit_card,United States,561.59
261,89,2024-08-18,cancelled,credit_card,United States,328.61
262,89,2024-08-24,completed,credit_card,United States,957.72
263,89,2024-11-01,completed,credit_card,United States,464.64
264,89,2024-11-21,completed,credit_card,United States,147.0
265,89,2024-11-21,completed,paypal,United States,47.94
266,89,2025-01-20,cancelled,credit_card,United States,185.3
267,89,2025-04-22,completed,paypal,United States,117.45
268,92,2025-12-29,completed,paypal,United States,209.07
269,93,2025-10-01,completed,credit_card,India,348.67
270,93,2025-11-14,completed,credit_card,India,104.8
271,93,2025-11-30,completed,credit_card,India,308.97
272,93,2025-11-30,completed,credit_card,India,297.93
273,94,2025-12-24,completed,debit_card,United States,292.81
274,96,2024-01-18,completed,credit_card,Netherlands,337.83
275,96,2024-02-04,completed,credit_card,Netherlands,708.96
276,96,2024-03-09,completed,credit_card,Netherlands,134.64
277,96,2024-03-30,completed,debit_card,Netherlands,135.98
278,96,2024-05-12,completed,credit_card,Netherlands,31.27
279,96,2024-06-25,completed,paypal,Netherlands,13.12
280,96,2024-10-21,completed,credit_card,Netherlands,162.16
281,96,2024-11-07,completed,,Netherlands,68.79
282,96,2024-11-07,pending,paypal,Netherlands,1313.79
283,98,2024-11-29,cancelled,credit_card,United States,121.18
284,98,2024-11-29,refunded,paypal,United States,284.81
285,98,2025-01-17,completed,credit_card,United States,17.86
286,98,2025-01-18,completed,credit_card,United States,92.73
287,98,2025-01-23,completed,credit_card,United States,226.9
288,99,2025-07-25,refunded,credit_card,United States,272.29
289,99,2025-07-27,completed,credit_card,United States,87.92
290,99,2025-11-01,completed,paypal,United States,104.63
291,99,2025-11-01,completed,paypal,United States,115.02
292,99,2025-11-04,completed,paypal,United States,238.09
293,102,2023-06-26,completed,paypal,Netherlands,135.72
294,102,2023-07-20,pending,gift_card,Netherlands,74.12
295,102,2023-08-19,completed,debit_card,Netherlands,101.52
296,102,2023-08-30,completed,debit_card,Netherlands,924.69
297,102,2023-09-09,completed,credit_card,Netherlands,501.19
298,102,2023-09-12,cancelled,paypal,Netherlands,917.96
299,102,2023-11-02,cancelled,credit_card,Netherlands,505.65
300,102,2023-11-02,completed,credit_card,Netherlands,57.51
301,102,2023-11-21,completed,gift_card,Netherlands,1314.03
302,102,2023-12-20,completed,debit_card,Netherlands,436.53
303,102,2024-02-20,completed,paypal,Netherlands,306.09
304,102,2024-03-13,completed,credit_card,Netherlands,79.98
305,102,2024-03-27,completed,credit_card,Netherlands,225.7
306,102,2024-04-29,completed,credit_card,Netherlands,298.14
307,102,2024-05-27,completed,credit_card,Netherlands,164.11
308,102,2024-05-30,completed,credit_card,Netherlands,93.65
309,102,2024-05-31,cancelled,paypal,Netherlands,984.93
310,102,2024-08-05,completed,credit_card,Netherlands,613.83
311,102,2024-08-07,completed,credit_card,Netherlands,289.54
312,104,2023-04-30,completed,credit_card,India,13.12
313,104,2023-06-15,completed,gift_card,India,282.79
314,104,2023-06-25,completed,credit_card,India,255.65
315,104,2023-06-30,completed,credit_card,India,142.95
316,105,2024-04-08,completed,credit_card,Mexico,728.49
317,105,2024-05-27,completed,paypal,Mexico,363.61
318,105,2024-08-08,completed,paypal,Mexico,374.5
319,105,2024-08-21,completed,credit_card,Mexico,602.66
320,105,2024-11-27,completed,paypal,Mexico,284.29
321,105,2024-12-30,completed,credit_card,Mexico,11.52
322,105,2025-02-12,completed,debit_card,Mexico,151.67
323,105,2025-02-19,cancelled,credit_card,Mexico,882.42
324,105,2025-03-19,completed,credit_card,Mexico,52.71
325,105,2025-06-12,completed,paypal,Mexico,583.25
326,105,2025-06-23,refunded,gift_card,Mexico,152.22
327,105,2025-06-30,completed,credit_card,Mexico,45.56
328,105,2025-07-12,pending,credit_card,Mexico,420.44
329,105,2025-07-24,completed,credit_card,Mexico,234.25
330,105,2025-09-30,completed,,Mexico,216.83
331,105,2025-10-08,completed,credit_card,Mexico,196.03
332,106,2023-07-05,completed,gift_card,France,448.31
333,106,2023-07-16,completed,credit_card,France,687.34
334,108,2025-12-29,completed,paypal,United States,333.25
335,110,2023-04-03,completed,credit_card,United States,173.38
336,110,2023-04-20,completed,credit_card,United States,243.24
337,110,2023-05-03,completed,credit_card,United States,707.5
338,110,2023-08-02,completed,,United States,64.81
339,110,2023-08-12,completed,credit_card,United States,173.82
340,110,2023-08-25,cancelled,credit_card,United States,173.82
341,110,2023-09-20,completed,credit_card,United States,66.53
342,113,2025-09-09,completed,credit_card,Canada,470.17
343,113,2025-09-23,completed,credit_card,Canada,236.21
344,114,2023-06-01,completed,credit_card,Australia,68.79
345,114,2023-08-10,cancelled,paypal,Australia,228.6
346,116,2025-08-28,completed,credit_card,Netherlands,87.55
347,116,2025-10-09,completed,paypal,Netherlands,72.93
348,116,2025-10-28,completed,credit_card,Netherlands,92.65
349,116,2025-11-01,completed,credit_card,Netherlands,232.26
350,118,2024-11-04,completed,paypal,Brazil,537.68
351,118,2024-11-04,completed,credit_card,Brazil,61.85
352,119,2024-10-03,completed,paypal,United States,101.25
353,122,2023-08-02,completed,credit_card,France,972.25
354,122,2023-09-20,completed,credit_card,France,425.41
355,123,2024-11-19,cancelled,credit_card,United States,282.44
356,123,2025-01-12,completed,credit_card,United States,875.49
357,123,2025-01-27,completed,paypal,United States,615.76
358,123,2025-02-02,completed,debit_card,United States,220.77
359,123,2025-05-19,completed,credit_card,United States,185.3
360,123,2025-06-16,completed,credit_card,United States,554.77
361,123,2025-07-22,completed,paypal,United States,1254.06
362,123,2025-07-30,completed,credit_card,United States,319.24
363,123,2025-08-22,completed,debit_card,United States,274.21
364,123,2025-09-15,completed,paypal,United States,713.46
365,123,2025-10-03,completed,paypal,United States,315.97
366,123,2025-10-18,completed,debit_card,United States,56.49
367,123,2025-12-26,cancelled,credit_card,United States,74.46
368,125,2024-10-09,completed,paypal,Canada,347.25
369,125,2024-11-19,completed,credit_card,Canada,292.94
370,125,2025-01-12,completed,credit_card,Canada,955.24
371,126,2025-03-18,completed,credit_card,Germany,733.71
372,126,2025-05-03,refunded,debit_card,Germany,156.02
373,126,2025-05-15,completed,paypal,Germany,467.95
374,126,2025-05-21,completed,debit_card,Germany,391.15
375,126,2025-08-08,refunded,credit_card,Germany,164.11
376,126,2025-08-11,completed,credit_card,Germany,926.31
377,126,2025-09-11,completed,debit_card,Germany,99.5
378,128,2023-03-20,completed,debit_card,United States,196.54
379,128,2023-03-29,completed,debit_card,United States,25.6
380,128,2023-04-01,completed,gift_card,United States,55.03
381,128,2023-05-09,completed,paypal,United States,728.77
382,128,2023-07-07,completed,gift_card,United States,295.86
383,128,2023-07-08,completed,credit_card,United States,571.83
384,128,2023-07-20,completed,gift_card,United States,132.43
385,128,2023-08-24,completed,credit_card,United States,187.33
386,128,2023-10-16,completed,credit_card,United States,593.47
387,128,2023-10-21,completed,gift_card,United States,296.92
388,128,2023-11-01,completed,paypal,United States,323.14
389,128,2023-11-20,completed,credit_card,United States,611.64
390,134,2024-09-08,completed,credit_card,Australia,192.24
391,134,2024-11-15,completed,gift_card,Australia,438.4
392,134,2025-04-02,completed,credit_card,Australia,103.0
393,134,2025-04-03,completed,paypal,Australia,831.73
394,134,2025-05-30,completed,debit_card,Australia,255.14
395,134,2025-06-28,completed,credit_card,Australia,277.95
396,134,2025-08-11,completed,gift_card,Australia,143.85
397,134,2025-09-25,completed,debit_card,Australia,274.17
398,134,2025-11-23,refunded,debit_card,Australia,553.3
399,134,2025-12-13,completed,credit_card,Australia,23.97
400,134,2025-12-16,completed,credit_card,Australia,181.46
401,134,2025-12-16,completed,credit_card,Australia,357.28
402,134,2025-12-22,completed,credit_card,Australia,35.49
403,134,2025-12-22,completed,credit_card,Australia,507.64
404,136,2025-01-19,cancelled,paypal,France,83.39
405,136,2025-02-19,completed,credit_card,France,350.13
406,136,2025-02-28,completed,paypal,France,20.37
407,136,2025-05-06,completed,credit_card,France,417.87
408,136,2025-05-10,completed,credit_card,France,571.29
409,136,2025-05-28,pending,debit_card,France,273.17
410,139,2025-12-26,completed,paypal,United Kingdom,101.2
411,144,2024-01-10,completed,credit_card,India,725.63
412,144,2024-04-06,completed,credit_card,India,83.39
413,144,2024-04-27,completed,credit_card,India,213.48
414,145,2023-05-04,pending,credit_card,Netherlands,544.53
415,145,2023-05-09,completed,credit_card,Netherlands,282.79
416,145,2023-05-28,completed,paypal,Netherlands,121.18
417,145,2023-06-20,completed,gift_card,Netherlands,79.98
418,149,2025-08-25,completed,debit_card,United Kingdom,68.79
419,149,2025-09-11,completed,credit_card,United Kingdom,105.74
420,149,2025-09-13,refunded,credit_card,United Kingdom,789.36
421,150,2025-01-15,completed,credit_card,Netherlands,369.42
422,150,2025-01-23,completed,credit_card,Netherlands,164.34
423,150,2025-02-04,cancelled,debit_card,Netherlands,664.56
424,151,2024-10-29,completed,gift_card,United Kingdom,648.31
425,151,2024-12-27,completed,debit_card,United Kingdom,115.75
426,152,2023-08-16,completed,credit_card,United States,262.06
427,153,2024-12-24,cancelled,debit_card,United States,16.46
428,153,2025-01-31,refunded,credit_card,United States,230.14
429,153,2025-06-06,completed,credit_card,United States,753.15
430,156,2024-09-10,refunded,paypal,United States,304.44
431,157,2023-08-10,completed,paypal,United States,606.78
432,157,2023-08-16,completed,credit_card,United States,356.35
433,157,2023-09-13,completed,paypal,United States,30.67
434,157,2023-10-11,completed,paypal,United States,576.46
435,157,2023-12-28,completed,credit_card,United States,800.43
436,157,2024-01-02,completed,credit_card,United States,118.15
437,157,2024-01-11,completed,credit_card,United States,496.06
438,159,2023-06-15,completed,debit_card,United States,68.79
439,159,2023-06-24,completed,credit_card,United States,125.85
440,159,2023-07-06,completed,debit_card,United States,326.08
441,160,2023-11-20,completed,paypal,United States,495.79
442,160,2024-04-02,completed,paypal,United States,295.39
443,161,2025-03-31,completed,debit_card,France,14.07
444,161,2025-04-16,completed,paypal,France,368.38
445,162,2023-04-10,completed,credit_card,United Kingdom,82.88
446,162,2023-05-09,completed,credit_card,United Kingdom,724.77
447,162,2023-05-18,refunded,credit_card,United Kingdom,68.55
448,163,2025-11-24,cancelled,credit_card,United Kingdom,59.81
449,163,2025-12-17,refunded,credit_card,United Kingdom,434.14
450,163,2025-12-17,cancelled,debit_card,United Kingdom,449.39
451,166,2024-11-30,completed,credit_card,Germany,87.7
452,166,2024-11-30,completed,debit_card,Germany,323.09
453,166,2024-12-05,completed,credit_card,Germany,23.97
454,166,2025-01-26,completed,credit_card,Germany,96.85
455,166,2025-03-11,completed,gift_card,Germany,136.43
456,166,2025-03-15,completed,credit_card,Germany,805.4
457,166,2025-04-02,cancelled,credit_card,Germany,23.95
458,166,2025-05-02,completed,credit_card,Germany,274.78
459,166,2025-05-27,completed,credit_card,Germany,43.96
460,166,2025-06-26,completed,credit_card,Germany,863.57
461,167,2024-04-25,completed,credit_card,Canada,285.93
462,167,2024-05-08,completed,paypal,Canada,42.95
463,167,2024-05-17,completed,debit_card,Canada,389.66
464,167,2024-08-06,cancelled,debit_card,Canada,548.34
465,167,2024-08-07,refunded,credit_card,Canada,352.06
466,169,2024-03-12,completed,credit_card,Canada,333.11
467,170,2025-05-31,completed,credit_card,United Kingdom,966.43
468,170,2025-07-06,completed,credit_card,United Kingdom,1511.81
469,170,2025-07-15,completed,credit_card,United Kingdom,132.49
470,171,2024-12-03,completed,debit_card,Australia,1082.55
471,171,2024-12-31,completed,credit_card,Australia,378.55
472,171,2025-02-05,completed,credit_card,Australia,101.57
473,171,2025-03-18,completed,credit_card,Australia,194.76
474,171,2025-04-14,completed,credit_card,Australia,179.33
475,171,2025-06-17,refunded,credit_card,Australia,323.46
476,173,2025-10-18,refunded,credit_card,Germany,592.83
477,175,2024-08-09,completed,debit_card,United States,149.31
478,175,2024-08-10,completed,debit_card,United States,101.49
479,175,2024-09-14,completed,credit_card,United States,344.77
480,175,2024-10-20,completed,credit_card,United States,374.5
481,175,2025-01-27,completed,paypal,United States,1004.53
482,176,2025-02-03,completed,credit_card,United States,760.95
483,176,2025-02-12,completed,credit_card,United States,279.67
484,176,2025-04-14,completed,debit_card,United States,213.48
485,176,2025-04-27,completed,credit_card,United States,509.81
486,177,2024-12-26,refunded,debit_card,United States,328.22
487,177,2025-02-22,completed,paypal,United States,130.67
488,177,2025-02-24,completed,paypal,United States,203.87
489,177,2025-03-28,completed,credit_card,United States,68.02
490,177,2025-04-04,pending,paypal,United States,116.26
491,177,2025-05-21,refunded,debit_card,United States,185.38
492,177,2025-08-20,completed,credit_card,United States,97.88
493,179,2024-05-09,completed,,United States,76.49
494,179,2024-06-19,completed,debit_card,United States,305.26
495,179,2024-06-21,pending,credit_card,United States,62.54
496,180,2023-08-11,completed,paypal,Germany,176.03
497,180,2023-08-19,completed,credit_card,Germany,89.28
498,180,2023-12-29,cancelled,paypal,Germany,347.59
499,181,2023-02-21,completed,gift_card,Germany,105.11
500,181,2023-02-25,cancelled,debit_card,Germany,679.4
501,181,2023-03-17,cancelled,credit_card,Germany,86.56
502,181,2023-04-18,refunded,credit_card,Germany,23.97
503,181,2023-06-23,refunded,paypal,Germany,614.73
504,182,2024-10-08,refunded,gift_card,United Kingdom,749.0
505,182,2024-11-06,completed,credit_card,United Kingdom,757.73
506,182,2024-11-17,completed,credit_card,United Kingdom,176.19
507,185,2023-05-24,completed,credit_card,India,111.36
508,185,2023-07-02,completed,credit_card,India,238.99
509,185,2023-08-04,completed,paypal,India,197.34
510,185,2023-08-29,cancelled,credit_card,India,598.8
511,185,2023-09-26,completed,debit_card,India,362.81
512,185,2023-10-17,completed,debit_card,India,372.41
513,185,2023-11-23,completed,paypal,India,670.84
514,185,2023-12-07,completed,credit_card,India,515.39
515,186,2024-08-18,completed,paypal,India,92.73
516,186,2024-08-21,completed,credit_card,India,74.84
517,189,2024-01-23,completed,credit_card,France,168.6
518,191,2023-01-22,completed,debit_card,United States,556.59
519,191,2023-02-21,completed,credit_card,United States,268.4
520,191,2023-03-04,completed,paypal,United States,460.33
521,191,2023-04-27,completed,paypal,United States,362.98
522,191,2023-05-19,completed,credit_card,United States,212.11
523,191,2023-06-08,completed,credit_card,United States,21.76
524,191,2023-06-29,completed,credit_card,United States,179.88
525,191,2023-09-04,completed,credit_card,United States,490.2
526,191,2023-10-14,completed,credit_card,United States,401.99
527,193,2025-09-03,cancelled,credit_card,United States,14.07
528,193,2025-09-27,completed,credit_card,United States,196.65
529,193,2025-10-07,completed,paypal,United States,250.16
530,193,2025-10-13,refunded,gift_card,United States,518.48
531,193,2025-10-15,completed,credit_card,United States,437.62
532,194,2023-09-13,completed,paypal,India,690.24
533,194,2023-11-23,completed,credit_card,India,447.59
534,194,2023-11-23,completed,gift_card,India,282.76
535,195,2025-11-16,completed,credit_card,United States,178.47
536,195,2025-12-27,completed,paypal,United States,14.07
537,196,2025-09-16,completed,credit_card,United Kingdom,59.23
538,197,2023-06-25,refunded,debit_card,Germany,82.88
539,197,2023-07-26,completed,credit_card,Germany,258.04
540,197,2023-09-17,completed,credit_card,Germany,119.24
541,197,2023-09-23,cancelled,gift_card,Germany,69.29
542,197,2024-01-15,completed,credit_card,Germany,101.25
543,197,2024-02-13,cancelled,paypal,Germany,448.23
544,197,2024-02-21,completed,credit_card,Germany,86.26
545,197,2024-03-03,completed,credit_card,Germany,149.63
546,197,2024-04-29,completed,credit_card,Germany,501.05
547,199,2024-04-29,completed,debit_card,Canada,374.03
548,199,2024-05-08,pending,credit_card,Canada,139.77
549,199,2024-08-18,completed,paypal,Canada,794.93
550,199,2024-08-31,completed,credit_card,Canada,1030.19
551,199,2024-09-26,completed,gift_card,Canada,116.62
552,199,2024-10-24,completed,debit_card,Canada,387.14
553,199,2024-11-28,cancelled,credit_card,Canada,169.98
554,199,2024-12-06,completed,credit_card,Canada,375.92
555,200,2025-10-31,completed,paypal,Germany,39.57
556,201,2025-06-23,completed,paypal,United Kingdom,559.88
557,201,2025-08-10,completed,credit_card,United Kingdom,195.77
558,201,2025-10-31,completed,credit_card,United Kingdom,537.88
559,202,2023-03-15,completed,credit_card,Germany,30.74
560,204,2025-09-29,refunded,debit_card,India,444.3
561,204,2025-10-01,completed,debit_card,India,482.76
562,204,2025-10-23,refunded,gift_card,India,378.85
563,204,2025-12-05,cancelled,paypal,India,454.74
564,205,2025-02-23,cancelled,credit_card,Australia,246.66
565,205,2025-05-11,completed,credit_card,Australia,256.68
566,206,2023-10-14,refunded,paypal,United States,505.06
567,206,2023-10-21,completed,credit_card,United States,262.14
568,206,2023-12-29,cancelled,gift_card,United States,754.6
569,206,2024-02-18,completed,paypal,United States,329.23
570,206,2024-03-05,completed,debit_card,United States,537.68
571,206,2024-04-05,completed,credit_card,United States,405.04
572,207,2025-12-21,completed,credit_card,Mexico,469.8
573,207,2025-12-21,completed,credit_card,Mexico,204.27
574,208,2025-08-02,cancelled,debit_card,Mexico,59.92
575,208,2025-08-09,completed,credit_card,Mexico,12.8
576,208,2025-09-03,refunded,paypal,Mexico,898.45
577,208,2025-09-19,completed,paypal,Mexico,285.77
578,208,2025-09-25,refunded,credit_card,Mexico,315.07
579,208,2025-11-15,completed,paypal,Mexico,33.9
580,208,2025-11-27,completed,credit_card,Mexico,1478.16
581,208,2025-11-27,completed,credit_card,Mexico,194.9
582,210,2023-03-25,cancelled,credit_card,United States,89.78
583,210,2023-09-01,completed,debit_card,United States,47.94
584,210,2023-10-03,completed,credit_card,United States,41.71
585,212,2023-05-14,completed,paypal,United States,446.58
586,212,2023-05-26,completed,paypal,United States,148.74
587,212,2023-08-10,completed,credit_card,United States,39.8
588,212,2023-09-10,completed,paypal,United States,274.17
589,212,2023-09-11,completed,paypal,United States,91.81
590,212,2023-10-01,refunded,credit_card,United States,464.34
591,212,2023-10-18,completed,credit_card,United States,403.85
592,212,2023-10-30,completed,debit_card,United States,727.88
593,212,2024-01-09,completed,credit_card,United States,131.26
594,212,2024-02-18,completed,credit_card,United States,173.82
595,212,2024-03-03,completed,credit_card,United States,1199.86
596,212,2024-03-10,pending,gift_card,United States,430.3
597,212,2024-03-15,completed,paypal,United States,79.14
598,212,2024-03-24,completed,gift_card,United States,56.29
599,212,2024-09-13,pending,credit_card,United States,11.52
600,212,2025-02-01,completed,debit_card,United States,23.97
601,212,2025-04-07,pending,debit_card,United States,701.22
602,212,2025-04-11,completed,credit_card,United States,391.27
603,215,2025-11-20,completed,gift_card,Germany,255.08
604,215,2025-11-20,completed,debit_card,Germany,151.86
605,217,2024-07-16,completed,credit_card,Australia,92.65
606,217,2024-09-01,completed,credit_card,Australia,282.79
607,217,2024-10-12,completed,credit_card,Australia,368.3
608,218,2025-05-01,completed,debit_card,France,61.91
609,218,2025-07-04,completed,credit_card,France,8.05
610,218,2025-08-30,completed,paypal,France,45.56
611,218,2025-10-05,refunded,paypal,France,233.84
612,219,2024-03-21,completed,paypal,United States,43.96
613,219,2024-04-23,completed,credit_card,United States,838.44
614,220,2023-06-10,cancelled,credit_card,United States,234.24
615,221,2024-01-23,completed,credit_card,United States,54.72
616,221,2024-02-13,pending,,United States,10.49
617,222,2024-11-21,completed,gift_card,United States,326.73
618,224,2024-11-08,refunded,debit_card,United States,206.71
619,224,2024-11-08,completed,credit_card,United States,547.93
620,225,2024-07-20,pending,credit_card,Germany,143.82
621,225,2024-07-23,completed,credit_card,Germany,226.65
622,225,2024-08-08,completed,paypal,Germany,104.95
623,225,2024-08-09,completed,debit_card,Germany,398.82
624,225,2024-10-01,refunded,credit_card,Germany,31.27
625,225,2024-10-28,completed,paypal,Germany,433.63
626,225,2024-12-13,cancelled,credit_card,Germany,354.38
627,225,2025-04-20,completed,paypal,Germany,165.41
628,226,2025-01-16,completed,credit_card,France,662.21
629,227,2023-11-15,completed,paypal,United States,11.23
630,229,2025-01-16,completed,credit_card,Netherlands,111.12
631,229,2025-01-17,completed,paypal,Netherlands,435.54
632,231,2023-05-05,completed,paypal,United States,287.37
633,231,2023-05-14,completed,paypal,United States,280.2
634,231,2023-08-31,completed,debit_card,United States,432.29
635,231,2023-09-14,completed,debit_card,United States,119.12
636,232,2023-12-16,cancelled,credit_card,Australia,488.94
637,232,2024-01-27,completed,debit_card,Australia,67.88
638,232,2024-03-24,completed,credit_card,Australia,791.5
639,232,2024-04-01,completed,gift_card,Australia,65.54
640,232,2024-04-19,completed,paypal,Australia,533.57
641,232,2024-05-06,completed,paypal,Australia,106.61
642,232,2024-08-02,completed,credit_card,Australia,295.39
643,233,2025-07-23,completed,paypal,United States,12.56
644,233,2025-08-01,completed,credit_card,United States,708.22
645,233,2025-09-01,completed,debit_card,United States,234.14
646,233,2025-11-11,completed,credit_card,United States,176.03
647,233,2025-11-26,completed,credit_card,United States,82.21
648,235,2024-08-17,refunded,credit_card,Canada,305.74
649,237,2024-06-17,completed,paypal,United States,19.77
650,237,2024-07-03,completed,paypal,United States,515.53
651,237,2024-07-09,cancelled,credit_card,United States,505.44
652,238,2025-09-03,completed,paypal,United States,908.41
653,238,2025-09-19,completed,credit_card,United States,274.17
654,238,2025-11-02,completed,credit_card,United States,135.08
655,238,2025-12-22,completed,credit_card,United States,85.25
656,239,2023-05-27,completed,paypal,Germany,268.94
657,239,2023-07-21,completed,credit_card,Germany,93.12
658,240,2023-02-21,completed,credit_card,United Kingdom,36.73
659,240,2023-06-21,completed,credit_card,United Kingdom,43.96
660,240,2023-06-23,completed,debit_card,United Kingdom,206.37
661,241,2023-10-13,completed,paypal,Germany,930.92
662,241,2023-11-21,refunded,paypal,Germany,82.54
663,241,2023-12-20,cancelled,credit_card,Germany,1381.29
664,241,2023-12-20,completed,paypal,Germany,903.87
665,243,2023-03-31,completed,paypal,Brazil,294.14
666,243,2023-05-30,completed,gift_card,Brazil,799.76
667,243,2023-08-05,refunded,credit_card,Brazil,54.78
668,243,2023-09-15,completed,credit_card,Brazil,440.14
669,243,2023-09-27,completed,credit_card,Brazil,49.75
670,243,2023-11-04,completed,credit_card,Brazil,399.88
671,243,2023-11-04,completed,credit_card,Brazil,26.24
672,243,2023-11-17,completed,,Brazil,1475.36
673,243,2023-11-19,cancelled,credit_card,Brazil,83.39
674,243,2023-11-28,cancelled,credit_card,Brazil,533.16
675,243,2023-11-28,completed,credit_card,Brazil,81.9
676,243,2024-01-16,completed,credit_card,Brazil,1076.46
677,243,2024-02-17,completed,credit_card,Brazil,24.71
678,243,2024-03-06,completed,paypal,Brazil,291.19
679,243,2024-04-11,completed,credit_card,Brazil,299.39
680,243,2024-06-21,refunded,credit_card,Brazil,240.31
681,243,2024-09-05,completed,credit_card,Brazil,60.49
682,243,2024-10-17,completed,credit_card,Brazil,241.96
683,243,2024-10-21,refunded,credit_card,Brazil,92.65
684,243,2024-12-03,completed,credit_card,Brazil,258.35
685,243,2025-02-25,cancelled,credit_card,Brazil,84.99
686,243,2025-03-01,completed,credit_card,Brazil,68.79
687,245,2024-11-15,completed,credit_card,Netherlands,348.64
688,245,2024-12-23,completed,paypal,Netherlands,431.44
689,248,2025-12-02,completed,paypal,France,52.92
690,248,2025-12-29,completed,debit_card,France,271.1
691,248,2025-12-29,cancelled,credit_card,France,87.33
692,249,2025-04-15,completed,credit_card,United States,231.69
693,249,2025-04-28,completed,credit_card,United States,436.67
694,250,2024-08-21,completed,paypal,Australia,59.23
695,250,2024-09-09,cancelled,credit_card,Australia,207.18
696,250,2024-09-14,completed,credit_card,Australia,213.48
697,250,2024-10-06,completed,credit_card,Australia,165.81
698,250,2024-10-27,completed,credit_card,Australia,851.0
699,250,2024-11-06,completed,credit_card,Australia,22.46
700,250,2024-11-23,completed,debit_card,Australia,711.91
701,250,2024-12-08,completed,paypal,Australia,97.68
702,250,2025-02-16,completed,credit_card,Australia,964.08
703,250,2025-02-17,completed,credit_card,Australia,98.0
704,251,2025-02-27,completed,credit_card,Australia,27.12
705,251,2025-03-19,completed,gift_card,Australia,224.23
706,251,2025-06-04,refunded,credit_card,Australia,380.31
707,251,2025-06-11,cancelled,credit_card,Australia,478.09
708,251,2025-07-12,completed,credit_card,Australia,43.96
709,251,2025-07-13,completed,credit_card,Australia,228.31
710,251,2025-07-17,cancelled,credit_card,Australia,92.65
711,251,2025-08-20,completed,paypal,Australia,31.27
712,251,2025-09-11,completed,credit_card,Australia,83.16
713,251,2025-09-22,completed,credit_card,Australia,458.28
714,251,2025-10-02,completed,credit_card,Australia,604.25
715,251,2025-11-19,completed,credit_card,Australia,208.01
716,252,2023-09-01,completed,paypal,United States,104.53
717,253,2025-04-25,completed,paypal,Canada,338.01
718,254,2025-01-21,completed,credit_card,United States,778.16
719,254,2025-03-04,completed,paypal,United States,43.96
720,254,2025-03-14,completed,credit_card,United States,537.68
721,254,2025-03-17,completed,paypal,United States,465.93
722,254,2025-04-08,completed,paypal,United States,761.83
723,254,2025-06-05,completed,credit_card,United States,92.65
724,254,2025-06-24,completed,credit_card,United States,92.65
725,254,2025-07-10,completed,credit_card,United States,129.44
726,254,2025-08-21,completed,credit_card,United States,212.63
727,254,2025-12-10,completed,credit_card,United States,92.65
728,255,2024-07-11,completed,debit_card,United States,82.21
729,255,2024-09-04,cancelled,paypal,United States,116.12
730,255,2024-09-16,completed,credit_card,United States,307.62
731,255,2024-10-05,completed,paypal,United States,295.99
732,255,2024-11-27,completed,paypal,United States,45.56
733,256,2024-09-21,completed,credit_card,United States,175.5
734,256,2024-10-03,completed,credit_card,United States,262.49
735,257,2024-09-14,completed,gift_card,United Kingdom,284.54
736,257,2024-09-22,pending,credit_card,United Kingdom,216.76
737,257,2024-12-09,refunded,credit_card,United Kingdom,159.96
738,257,2024-12-09,completed,credit_card,United Kingdom,95.17
739,257,2025-03-14,completed,paypal,United Kingdom,274.17
740,257,2025-03-24,completed,debit_card,United Kingdom,242.36
741,257,2025-05-23,completed,credit_card,United Kingdom,644.05
742,257,2025-06-07,completed,credit_card,United Kingdom,558.87
743,257,2025-09-15,completed,credit_card,United Kingdom,133.94
744,260,2023-11-21,pending,gift_card,United Kingdom,997.93
745,260,2023-12-01,completed,paypal,United Kingdom,98.72
746,260,2024-01-08,cancelled,paypal,United Kingdom,242.36
747,260,2024-01-29,completed,credit_card,United Kingdom,92.65
748,260,2024-03-27,completed,credit_card,United Kingdom,145.28
749,261,2025-05-16,completed,credit_card,United Kingdom,1016.91
750,261,2025-09-21,completed,credit_card,United Kingdom,290.71
751,261,2025-09-23,completed,credit_card,United Kingdom,264.1
752,263,2024-03-31,pending,credit_card,United States,87.36
753,264,2024-04-20,completed,credit_card,United States,175.23
754,265,2025-10-23,completed,gift_card,France,250.0
755,265,2025-11-12,completed,credit_card,France,86.05
756,265,2025-11-16,completed,credit_card,France,300.73
757,266,2025-03-15,completed,paypal,Germany,24.15
758,267,2025-05-16,completed,credit_card,United Kingdom,483.98
759,267,2025-06-13,completed,credit_card,United Kingdom,69.53
760,267,2025-09-30,completed,credit_card,United Kingdom,213.43
761,267,2025-10-30,refunded,debit_card,United Kingdom,121.32
762,267,2025-11-17,completed,paypal,United Kingdom,75.67
763,267,2025-11-17,completed,credit_card,United Kingdom,23.97
764,269,2023-04-13,completed,paypal,United States,292.42
765,269,2023-04-20,completed,credit_card,United States,816.95
766,269,2023-07-19,cancelled,credit_card,United States,357.49
767,270,2025-06-02,completed,paypal,Mexico,399.25
768,270,2025-06-14,completed,credit_card,Mexico,14.07
769,270,2025-07-11,cancelled,credit_card,Mexico,70.5
770,271,2024-07-07,cancelled,debit_card,United Kingdom,552.59
771,273,2023-11-07,completed,debit_card,United Kingdom,1160.8
772,273,2023-11-26,completed,credit_card,United Kingdom,1061.68
773,273,2024-01-01,completed,paypal,United Kingdom,92.65
774,273,2024-01-02,completed,paypal,United Kingdom,270.23
775,273,2024-01-18,refunded,credit_card,United Kingdom,200.6
776,273,2024-02-09,completed,credit_card,United Kingdom,270.94
777,273,2024-10-04,completed,credit_card,United Kingdom,103.89
778,273,2024-10-25,completed,credit_card,United Kingdom,309.75
779,273,2024-10-26,completed,credit_card,United Kingdom,115.75
780,273,2024-11-13,completed,credit_card,United Kingdom,69.0
781,273,2024-12-14,completed,credit_card,United Kingdom,198.54
782,273,2024-12-18,refunded,credit_card,United Kingdom,452.14
783,274,2024-03-31,completed,debit_card,United States,495.89
784,274,2024-04-12,completed,gift_card,United States,116.14
785,276,2023-08-25,completed,credit_card,United States,399.31
786,276,2023-11-17,completed,credit_card,United States,91.61
787,276,2023-11-22,completed,debit_card,United States,40.26
788,278,2024-01-29,completed,paypal,France,1024.66
789,279,2025-07-20,completed,gift_card,Australia,32.93
790,280,2023-08-15,refunded,credit_card,United States,43.03
791,280,2023-10-15,completed,credit_card,United States,729.12
792,280,2023-11-26,completed,credit_card,United States,324.67
793,282,2025-03-16,completed,gift_card,Canada,176.03
794,282,2025-07-06,completed,paypal,Canada,390.5
795,282,2025-08-10,completed,credit_card,Canada,58.22
796,283,2023-08-13,completed,credit_card,Canada,485.21
797,283,2023-10-29,pending,gift_card,Canada,68.44
798,283,2024-02-29,completed,credit_card,Canada,80.52
799,286,2024-01-04,pending,debit_card,Germany,12.8
800,287,2023-04-26,completed,paypal,Netherlands,377.68
801,287,2023-05-15,completed,credit_card,Netherlands,628.98
802,287,2023-05-21,cancelled,debit_card,Netherlands,127.07
803,287,2023-08-26,completed,debit_card,Netherlands,249.88
804,288,2025-12-17,completed,gift_card,United States,277.95
805,290,2024-04-19,completed,credit_card,United States,282.79
806,290,2024-05-31,completed,debit_card,United States,186.05
807,290,2024-06-04,completed,paypal,United States,12.8
808,290,2024-06-23,cancelled,gift_card,United States,135.87
809,292,2023-04-03,completed,paypal,France,149.0
810,293,2024-09-30,cancelled,credit_card,Mexico,50.62
811,293,2024-11-14,completed,credit_card,Mexico,139.72
812,294,2025-07-10,completed,credit_card,United States,52.82
813,294,2025-07-19,completed,credit_card,United States,84.32
814,294,2025-08-31,completed,credit_card,United States,68.79
815,295,2025-02-14,completed,credit_card,United States,338.77
816,295,2025-02-15,completed,credit_card,United States,228.52
817,295,2025-04-01,completed,paypal,United States,406.86
818,295,2025-04-17,completed,credit_card,United States,418.97
819,295,2025-04-19,completed,credit_card,United States,204.57
820,295,2025-04-27,completed,credit_card,United States,318.21
821,295,2025-07-06,completed,credit_card,United States,218.12
822,295,2025-08-09,cancelled,credit_card,United States,558.3
823,295,2025-08-10,completed,credit_card,United States,180.41
824,295,2025-08-24,completed,credit_card,United States,59.56
825,295,2025-09-19,completed,credit_card,United States,269.28
826,296,2024-07-11,completed,paypal,United States,928.37
827,296,2024-07-13,completed,credit_card,United States,968.28
828,296,2024-07-17,refunded,paypal,United States,243.87
829,297,2024-01-11,pending,credit_card,Canada,184.13
830,297,2024-01-16,completed,debit_card,Canada,763.53
831,297,2024-02-23,completed,debit_card,Canada,217.77
832,299,2024-02-06,completed,paypal,Mexico,300.52
833,299,2024-03-28,completed,credit_card,Mexico,112.62
834,299,2024-07-27,completed,debit_card,Mexico,426.96
835,300,2025-03-20,completed,credit_card,Australia,901.22
836,300,2025-03-23,completed,paypal,Australia,495.17
837,300,2025-04-23,cancelled,paypal,Australia,133.44
838,300,2025-05-02,completed,credit_card,Australia,65.39
839,300,2025-05-31,completed,credit_card,Australia,280.22
840,300,2025-06-02,refunded,paypal,Australia,88.27
841,300,2025-07-18,cancelled,paypal,Australia,59.23
842,300,2025-09-13,completed,debit_card,Australia,25.6
843,300,2025-10-03,completed,paypal,Australia,348.07
844,300,2025-10-19,completed,paypal,Australia,226.52
845,300,2025-11-25,refunded,credit_card,Australia,864.24
846,300,2025-12-24,completed,gift_card,Australia,83.39
847,302,2024-07-27,completed,credit_card,United Kingdom,630.38
848,302,2024-10-18,completed,paypal,United Kingdom,89.28
849,302,2024-12-03,completed,gift_card,United Kingdom,322.03
850,302,2024-12-03,completed,credit_card,United Kingdom,69.51
851,306,2023-04-20,completed,gift_card,France,292.68
852,306,2023-06-10,completed,paypal,France,317.62
853,307,2025-07-29,completed,paypal,United States,92.65
854,307,2025-08-08,completed,credit_card,United States,268.94
855,307,2025-08-13,completed,paypal,United States,118.76
856,307,2025-08-23,completed,credit_card,United States,940.87
857,307,2025-09-21,completed,paypal,United States,50.62
858,307,2025-09-22,completed,paypal,United States,137.58
859,307,2025-11-06,completed,credit_card,United States,59.56
860,307,2025-11-08,completed,credit_card,United States,43.96
861,308,2024-01-21,completed,paypal,Brazil,915.4
862,308,2024-01-28,refunded,credit_card,Brazil,101.24
863,308,2024-03-05,completed,credit_card,Brazil,369.97
864,309,2024-03-09,completed,credit_card,United States,337.19
865,309,2024-03-10,completed,gift_card,United States,195.4
866,309,2024-03-24,completed,credit_card,United States,208.12
867,309,2024-04-04,completed,,United States,337.7
868,309,2024-04-16,completed,,United States,277.74
869,309,2024-05-12,completed,credit_card,United States,331.07
870,309,2024-06-05,completed,gift_card,United States,12.8
871,309,2024-06-06,completed,paypal,United States,472.97
872,310,2023-07-18,completed,credit_card,United Kingdom,240.91
873,310,2023-08-30,completed,paypal,United Kingdom,159.78
874,310,2023-09-11,completed,credit_card,United Kingdom,640.12
875,310,2023-11-10,completed,credit_card,United Kingdom,294.14
876,310,2023-12-10,completed,paypal,United Kingdom,277.57
877,310,2023-12-10,completed,credit_card,United Kingdom,225.35
878,310,2024-01-28,completed,credit_card,United Kingdom,480.88
879,310,2024-02-09,completed,paypal,United Kingdom,120.99
880,310,2024-02-19,refunded,gift_card,United Kingdom,269.92
881,310,2024-03-30,completed,debit_card,United Kingdom,461.81
882,310,2024-04-17,completed,credit_card,United Kingdom,821.31
883,310,2024-06-03,completed,credit_card,United Kingdom,180.27
884,310,2024-06-12,completed,paypal,United Kingdom,14.07
885,310,2024-09-02,completed,gift_card,United Kingdom,562.39
886,310,2024-09-05,completed,paypal,United Kingdom,335.62
887,310,2024-10-20,completed,credit_card,United Kingdom,468.75
888,310,2024-11-04,completed,paypal,United Kingdom,546.7
889,310,2024-11-25,completed,paypal,United Kingdom,249.5
890,310,2024-12-07,completed,debit_card,United Kingdom,111.22
891,311,2025-10-07,completed,credit_card,Canada,396.53
892,313,2023-08-19,cancelled,credit_card,Australia,23.97
893,313,2023-09-27,completed,paypal,Australia,294.14
894,313,2023-10-02,cancelled,debit_card,Australia,125.69
895,313,2023-12-30,completed,paypal,Australia,1003.9
896,313,2023-12-30,completed,credit_card,Australia,102.81
897,313,2024-01-20,refunded,credit_card,Australia,303.75
898,313,2024-04-05,completed,paypal,Australia,177.15
899,313,2024-04-13,completed,debit_card,Australia,268.84
900,313,2024-05-11,completed,debit_card,Australia,396.5
901,313,2024-07-20,completed,credit_card,Australia,62.01
902,313,2024-08-15,completed,paypal,Australia,158.14
903,313,2024-09-01,completed,debit_card,Australia,66.12
904,313,2024-10-15,completed,credit_card,Australia,90.29
905,313,2024-10-21,completed,paypal,Australia,350.01
906,313,2024-10-22,cancelled,gift_card,Australia,133.14
907,313,2024-11-11,completed,credit_card,Australia,195.56
908,313,2025-02-05,completed,credit_card,Australia,196.89
909,315,2024-12-31,completed,paypal,Germany,731.4
910,316,2024-03-29,refunded,paypal,India,137.58
911,316,2024-04-13,refunded,credit_card,India,627.75
912,316,2024-05-14,completed,debit_card,India,438.46
913,316,2024-05-30,completed,paypal,India,295.5
914,316,2024-07-17,completed,paypal,India,274.17
915,316,2024-08-27,completed,paypal,India,43.45
916,316,2024-10-04,completed,credit_card,India,266.47
917,318,2024-06-28,completed,credit_card,United States,56.2
918,320,2023-04-27,completed,credit_card,Australia,213.48
919,320,2023-05-13,completed,credit_card,Australia,731.41
920,320,2023-06-18,completed,credit_card,Australia,179.27
921,321,2025-11-04,completed,gift_card,United States,185.3
922,321,2025-12-09,completed,credit_card,United States,20.99
923,321,2025-12-09,completed,credit_card,United States,92.65
924,322,2023-12-17,refunded,gift_card,Mexico,816.33
925,322,2023-12-17,completed,paypal,Mexico,137.0
926,322,2024-01-25,completed,credit_card,Mexico,121.4
927,322,2024-02-02,completed,paypal,Mexico,240.92
928,322,2024-07-21,cancelled,credit_card,Mexico,565.6
929,322,2024-09-04,cancelled,debit_card,Mexico,101.25
930,322,2024-09-18,completed,paypal,Mexico,36.16
931,322,2024-09-24,refunded,credit_card,Mexico,92.65
932,322,2024-10-26,refunded,paypal,Mexico,222.36
933,322,2024-11-06,completed,credit_card,Mexico,213.48
934,323,2025-09-19,completed,credit_card,Canada,242.36
935,323,2025-11-10,cancelled,paypal,Canada,132.87
936,323,2025-12-07,completed,paypal,Canada,306.92
937,327,2024-11-04,completed,credit_card,Mexico,856.7
938,327,2024-12-08,completed,credit_card,Mexico,398.69
939,327,2024-12-17,completed,gift_card,Mexico,226.52
940,327,2024-12-17,refunded,credit_card,Mexico,477.11
941,327,2025-02-04,completed,credit_card,Mexico,46.83
942,327,2025-02-08,pending,paypal,Mexico,1506.31
943,327,2025-03-13,completed,paypal,Mexico,181.35
944,327,2025-04-30,completed,debit_card,Mexico,339.01
945,327,2025-06-26,completed,debit_card,Mexico,275.6
946,327,2025-06-27,completed,credit_card,Mexico,80.26
947,327,2025-08-14,completed,gift_card,Mexico,11.23
948,327,2025-09-03,completed,credit_card,Mexico,49.42
949,327,2025-09-27,completed,credit_card,Mexico,207.44
950,327,2025-10-18,completed,credit_card,Mexico,927.26
951,327,2025-11-17,completed,credit_card,Mexico,720.52
952,327,2025-11-24,completed,credit_card,Mexico,75.74
953,327,2025-11-24,completed,credit_card,Mexico,53.97
954,327,2025-12-27,completed,paypal,Mexico,263.62
955,328,2024-06-20,completed,credit_card,United States,177.32
956,328,2024-11-24,completed,debit_card,United States,279.73
957,328,2024-12-14,pending,debit_card,United States,99.2
958,328,2024-12-14,completed,credit_card,United States,149.5
959,328,2024-12-25,completed,debit_card,United States,710.02
960,328,2024-12-25,completed,paypal,United States,109.43
961,328,2025-01-05,cancelled,paypal,United States,92.65
962,330,2023-03-24,completed,paypal,United States,69.51
963,330,2023-04-24,cancelled,credit_card,United States,183.7
964,330,2023-06-05,cancelled,paypal,United States,204.27
965,330,2023-06-06,completed,credit_card,United States,905.59
966,330,2023-06-20,completed,credit_card,United States,61.85
967,330,2023-08-06,completed,paypal,United States,158.05
968,330,2023-08-11,completed,credit_card,United States,129.26
969,331,2023-12-21,completed,debit_card,France,240.37
970,331,2023-12-31,completed,paypal,France,331.83
971,331,2024-03-28,completed,credit_card,France,196.03
972,331,2024-04-01,completed,credit_card,France,309.77
973,331,2024-05-16,completed,paypal,France,40.26
974,331,2024-06-03,completed,paypal,France,292.94
975,331,2024-06-06,completed,credit_card,France,235.33
976,331,2024-06-15,completed,paypal,France,97.04
977,332,2023-03-31,cancelled,paypal,Australia,633.06
978,332,2023-07-03,completed,paypal,Australia,205.17
979,333,2023-06-13,completed,debit_card,United States,354.33
980,334,2024-02-08,completed,gift_card,United Kingdom,415.98
981,334,2024-03-05,completed,paypal,United Kingdom,851.82
982,334,2024-04-17,completed,debit_card,United Kingdom,176.04
983,334,2024-05-15,cancelled,gift_card,United Kingdom,115.75
984,334,2024-05-27,cancelled,debit_card,United Kingdom,67.88
985,334,2024-07-06,completed,paypal,United Kingdom,878.82
986,334,2024-07-29,completed,debit_card,United Kingdom,685.45
987,334,2024-08-07,cancelled,credit_card,United Kingdom,476.95
988,334,2024-08-11,completed,credit_card,United Kingdom,43.45
989,334,2024-08-16,completed,credit_card,United Kingdom,454.33
990,335,2023-08-31,completed,credit_card,Brazil,328.22
991,335,2023-09-07,refunded,credit_card,Brazil,240.89
992,335,2023-10-08,completed,credit_card,Brazil,371.6
993,335,2023-12-23,completed,credit_card,Brazil,125.63
994,335,2023-12-23,cancelled,credit_card,Brazil,159.96
995,335,2024-01-19,completed,paypal,Brazil,475.81
996,335,2024-02-26,completed,debit_card,Brazil,164.47
997,335,2024-03-01,completed,paypal,Brazil,508.93
998,335,2024-06-30,completed,credit_card,Brazil,169.12
999,335,2024-07-09,completed,debit_card,Brazil,145.31
1000,335,2024-07-19,completed,credit_card,Brazil,274.43
1001,335,2024-08-08,refunded,paypal,Brazil,352.59
1002,335,2024-08-12,completed,paypal,Brazil,295.8
1003,335,2024-08-22,completed,credit_card,Brazil,318.26
1004,335,2024-09-06,completed,credit_card,Brazil,480.78
1005,335,2024-09-14,completed,credit_card,Brazil,176.03
1006,335,2024-10-22,completed,gift_card,Brazil,754.44
1007,336,2024-05-26,completed,gift_card,Netherlands,26.76
1008,336,2024-06-15,completed,paypal,Netherlands,494.91
1009,336,2024-06-23,completed,credit_card,Netherlands,52.9
1010,336,2024-08-18,completed,paypal,Netherlands,53.97
1011,336,2024-11-13,completed,credit_card,Netherlands,849.05
1012,336,2024-11-23,completed,credit_card,Netherlands,656.17
1013,336,2024-12-01,cancelled,paypal,Netherlands,111.43
1014,339,2023-04-19,completed,credit_card,United States,92.65
1015,339,2023-06-27,completed,debit_card,United States,12.8
1016,339,2023-07-08,completed,paypal,United States,55.81
1017,339,2024-01-25,completed,credit_card,United States,33.9
1018,339,2024-01-26,completed,credit_card,United States,548.76
1019,339,2024-03-14,completed,credit_card,United States,358.82
1020,339,2024-04-29,completed,credit_card,United States,88.09
1021,339,2024-06-12,completed,,United States,375.76
1022,342,2024-02-12,completed,debit_card,Canada,11.15
1023,342,2024-02-14,completed,credit_card,Canada,130.35
1024,342,2024-03-02,completed,paypal,Canada,177.24
1025,342,2024-04-25,completed,debit_card,Canada,17.43
1026,343,2023-03-09,completed,credit_card,United States,142.58
1027,343,2023-06-21,cancelled,debit_card,United States,783.18
1028,343,2023-07-20,refunded,paypal,United States,604.12
1029,344,2025-02-12,refunded,credit_card,India,459.43
1030,344,2025-03-26,cancelled,gift_card,India,1135.09
1031,344,2025-03-31,completed,credit_card,India,51.23
1032,349,2024-11-07,completed,credit_card,Australia,257.76
1033,349,2024-12-18,pending,debit_card,Australia,367.21
1034,349,2024-12-22,completed,credit_card,Australia,130.19
1035,349,2024-12-22,completed,credit_card,Australia,392.19
1036,351,2025-01-14,completed,credit_card,United Kingdom,289.58
1037,351,2025-01-25,completed,paypal,United Kingdom,10.11
1038,352,2023-07-29,completed,gift_card,United Kingdom,49.0
1039,353,2024-02-02,pending,credit_card,United States,224.86
1040,353,2024-03-06,cancelled,debit_card,United States,639.81
1041,354,2025-01-20,completed,credit_card,United Kingdom,548.34
1042,354,2025-04-13,completed,paypal,United Kingdom,1002.02
1043,354,2025-06-04,completed,credit_card,United Kingdom,417.55
1044,355,2024-06-13,completed,debit_card,Netherlands,297.23
1045,358,2024-11-16,completed,credit_card,France,507.21
1046,358,2024-11-21,completed,paypal,France,48.94
1047,358,2024-11-29,completed,credit_card,France,91.01
1048,358,2024-11-29,completed,credit_card,France,147.7
1049,358,2024-11-30,completed,debit_card,France,171.13
1050,358,2024-11-30,completed,credit_card,France,377.84
1051,358,2024-12-09,completed,credit_card,France,177.52
1052,358,2025-03-13,completed,credit_card,France,202.74
1053,358,2025-07-04,completed,paypal,France,277.95
1054,358,2025-07-26,completed,paypal,France,154.42
1055,358,2025-08-10,completed,credit_card,France,220.12
1056,358,2025-08-15,completed,credit_card,France,43.45
1057,358,2025-08-23,completed,credit_card,France,83.39
1058,358,2025-08-31,pending,credit_card,France,395.54
1059,358,2025-09-09,completed,debit_card,France,104.42
1060,358,2025-11-13,refunded,credit_card,France,1234.79
1061,358,2025-12-15,completed,debit_card,France,153.56
1062,359,2025-03-21,completed,credit_card,India,69.29
1063,359,2025-04-23,completed,paypal,India,711.71
1064,359,2025-06-06,refunded,debit_card,India,74.46
1065,359,2025-06-15,completed,debit_card,India,157.15
1066,359,2025-06-22,completed,paypal,India,197.3
1067,359,2025-07-13,completed,gift_card,India,349.09
1068,359,2025-08-04,completed,credit_card,India,481.05
1069,360,2024-01-24,completed,gift_card,United States,234.98
1070,360,2024-02-06,completed,paypal,United States,1199.59
1071,360,2024-04-05,completed,debit_card,United States,93.22
1072,361,2024-05-23,cancelled,paypal,Canada,77.81
1073,361,2024-07-17,completed,gift_card,Canada,282.79
1074,361,2024-10-16,completed,debit_card,Canada,575.12
1075,361,2024-11-04,completed,paypal,Canada,12.8
1076,361,2024-11-28,completed,paypal,Canada,101.25
1077,361,2025-07-12,completed,credit_card,Canada,262.24
1078,361,2025-08-14,completed,credit_card,Canada,271.98
1079,361,2025-09-10,completed,credit_card,Canada,293.44
1080,361,2025-12-25,refunded,paypal,Canada,320.07
1081,361,2025-12-25,completed,credit_card,Canada,384.42
1082,362,2024-08-25,completed,credit_card,United Kingdom,275.13
1083,362,2024-10-30,completed,credit_card,United Kingdom,186.57
1084,364,2025-01-14,completed,debit_card,United Kingdom,286.5
1085,364,2025-02-03,completed,gift_card,United Kingdom,391.52
1086,365,2024-10-28,completed,paypal,United States,13.02
1087,365,2024-10-30,completed,credit_card,United States,37.19
1088,365,2025-01-11,completed,debit_card,United States,1183.8
1089,365,2025-01-27,cancelled,debit_card,United States,26.04
1090,365,2025-03-05,completed,credit_card,United States,91.71
1091,365,2025-04-11,completed,credit_card,United States,233.41
1092,365,2025-05-10,refunded,paypal,United States,183.03
1093,365,2025-05-18,completed,credit_card,United States,25.46
1094,366,2025-12-29,cancelled,credit_card,United States,64.52
1095,367,2024-07-03,completed,debit_card,United States,73.04
1096,367,2024-10-02,completed,paypal,United States,97.77
1097,367,2024-12-11,completed,debit_card,United States,561.68
1098,367,2025-01-01,completed,credit_card,United States,145.02
1099,367,2025-01-31,completed,credit_card,United States,479.86
1100,367,2025-03-24,completed,credit_card,United States,35.22
1101,368,2025-04-25,completed,credit_card,Australia,449.83
1102,368,2025-04-30,completed,credit_card,Australia,68.79
1103,369,2023-04-15,completed,debit_card,Canada,99.84
1104,369,2023-05-16,completed,paypal,Canada,312.99
1105,369,2023-06-25,completed,credit_card,Canada,131.26
1106,370,2025-10-27,completed,debit_card,United States,417.43
1107,370,2025-10-30,completed,credit_card,United States,174.8
1108,371,2024-04-13,completed,credit_card,United States,224.81
1109,371,2024-07-03,pending,paypal,United States,120.78
1110,371,2024-08-07,completed,credit_card,United States,253.75
1111,371,2024-09-09,completed,paypal,United States,204.31
1112,374,2023-08-11,pending,gift_card,United States,46.23
1113,374,2023-08-23,completed,credit_card,United States,86.9
1114,374,2023-08-29,pending,paypal,United States,101.24
1115,374,2023-09-11,completed,paypal,United States,474.92
1116,374,2023-09-13,completed,credit_card,United States,125.49
1117,374,2023-10-04,refunded,credit_card,United States,200.43
1118,374,2023-10-14,cancelled,credit_card,United States,164.11
1119,375,2025-10-15,completed,credit_card,Australia,83.05
1120,375,2025-10-31,completed,paypal,Australia,1177.07
1121,375,2025-12-16,completed,credit_card,Australia,695.89
1122,378,2023-03-19,completed,credit_card,United States,78.75
1123,378,2023-04-20,completed,paypal,United States,282.72
1124,378,2023-05-15,completed,,United States,841.65
1125,379,2025-10-30,cancelled,credit_card,Germany,30.35
1126,380,2024-01-03,completed,credit_card,United States,718.94
1127,380,2024-02-02,completed,credit_card,United States,548.34
1128,380,2024-02-07,completed,credit_card,United States,228.58
1129,380,2024-02-14,completed,credit_card,United States,681.01
1130,380,2024-02-20,completed,credit_card,United States,162.98
1131,382,2023-05-08,completed,credit_card,France,470.52
1132,382,2023-06-06,pending,credit_card,France,65.63
1133,382,2023-08-14,completed,credit_card,France,348.54
1134,382,2023-09-08,completed,credit_card,France,185.8
1135,382,2023-10-01,completed,credit_card,France,166.77
1136,382,2023-11-04,cancelled,paypal,France,218.8
1137,382,2023-11-05,completed,paypal,France,325.58
1138,382,2023-11-05,completed,paypal,France,97.45
1139,382,2023-12-05,completed,credit_card,France,335.62
1140,382,2023-12-05,completed,credit_card,France,109.15
1141,382,2023-12-31,completed,credit_card,France,519.61
1142,382,2024-01-26,completed,,France,302.37
1143,382,2024-03-17,completed,paypal,France,235.42
1144,382,2024-04-14,completed,debit_card,France,50.62
1145,382,2024-05-23,completed,gift_card,France,71.91
1146,382,2024-07-05,completed,debit_card,France,204.27
1147,382,2024-08-08,completed,credit_card,France,25.13
1148,382,2024-11-14,completed,gift_card,France,341.28
1149,382,2025-03-06,completed,gift_card,France,98.0
1150,382,2025-04-14,completed,gift_card,France,124.49
1151,382,2025-05-08,completed,credit_card,France,559.25
1152,382,2025-05-22,completed,paypal,France,394.79
1153,384,2023-12-03,refunded,paypal,France,402.93
1154,384,2023-12-10,completed,credit_card,France,99.77
1155,384,2023-12-10,completed,credit_card,France,548.34
1156,384,2023-12-21,completed,paypal,France,858.57
1157,384,2023-12-21,completed,debit_card,France,31.66
1158,384,2024-03-16,cancelled,paypal,France,46.94
1159,384,2024-04-17,completed,paypal,France,53.97
1160,384,2024-07-15,completed,credit_card,France,1160.86
1161,385,2023-06-02,completed,paypal,United States,297.11
1162,385,2023-06-16,cancelled,paypal,United States,343.99
1163,385,2023-06-22,cancelled,credit_card,United States,211.77
1164,385,2023-07-13,pending,credit_card,United States,229.68
1165,385,2023-09-08,completed,credit_card,United States,15.32
1166,385,2023-09-12,completed,credit_card,United States,162.76
1167,385,2023-09-18,completed,credit_card,United States,298.37
1168,386,2025-01-28,refunded,gift_card,Canada,174.22
1169,386,2025-02-01,completed,debit_card,Canada,167.17
1170,386,2025-03-30,completed,debit_card,Canada,70.5
1171,387,2025-10-07,cancelled,credit_card,India,359.1
1172,387,2025-10-09,completed,credit_card,India,426.96
1173,388,2024-07-02,completed,paypal,Mexico,15.32
1174,388,2024-08-15,completed,credit_card,Mexico,176.03
1175,388,2024-10-07,completed,credit_card,Mexico,326.77
1176,389,2025-10-03,completed,debit_card,United States,179.87
1177,389,2025-10-24,completed,credit_card,United States,287.41
1178,389,2025-12-03,cancelled,gift_card,United States,87.0
1179,389,2025-12-08,completed,credit_card,United States,268.0
1180,393,2025-01-30,completed,paypal,United States,274.17
1181,393,2025-08-04,completed,paypal,United States,43.15
1182,393,2025-08-06,completed,paypal,United States,141.06
1183,394,2024-07-05,completed,gift_card,United Kingdom,151.67
1184,394,2024-09-15,completed,debit_card,United Kingdom,98.0
1185,394,2024-09-20,completed,credit_card,United Kingdom,242.36
1186,394,2024-10-07,completed,gift_card,United Kingdom,408.54
1187,394,2024-10-12,pending,debit_card,United Kingdom,434.92
1188,394,2024-12-24,completed,credit_card,United Kingdom,324.49
1189,394,2025-02-01,completed,credit_card,United Kingdom,228.06
1190,397,2025-10-24,completed,credit_card,Canada,31.15
1191,397,2025-11-22,completed,credit_card,Canada,141.0
1192,397,2025-11-22,completed,credit_card,Canada,661.39
1193,397,2025-12-03,completed,paypal,Canada,35.61
1194,398,2023-11-09,pending,credit_card,United Kingdom,703.3
1195,398,2023-11-22,completed,paypal,United Kingdom,293.12
1196,399,2024-03-29,completed,credit_card,India,220.08
1197,399,2024-05-19,completed,credit_card,India,11.52
1198,400,2024-03-06,completed,debit_card,United States,282.79
1199,400,2024-03-18,completed,credit_card,United States,165.14
1200,400,2024-05-05,completed,credit_card,United States,845.03
1201,400,2024-05-07,completed,credit_card,United States,559.24
1202,400,2024-06-15,completed,paypal,United States,223.76
1203,400,2024-07-26,completed,credit_card,United States,188.09
1204,400,2024-08-12,completed,credit_card,United States,84.22
1205,401,2023-11-07,completed,credit_card,United States,181.46
1206,401,2023-12-14,completed,credit_card,United States,304.95
1207,402,2025-07-31,completed,credit_card,Netherlands,228.59
1208,402,2025-09-20,cancelled,paypal,Netherlands,65.63
1209,402,2025-11-15,completed,credit_card,Netherlands,500.9
1210,402,2025-12-26,completed,gift_card,Netherlands,343.16
1211,403,2023-10-07,completed,credit_card,Canada,10.24
1212,404,2023-10-07,completed,paypal,Canada,963.61
1213,404,2023-10-12,completed,credit_card,Canada,213.48
1214,405,2024-07-07,completed,credit_card,Brazil,26.24
1215,405,2024-07-18,cancelled,credit_card,Brazil,370.99
1216,405,2024-07-23,completed,credit_card,Brazil,185.8
1217,405,2024-08-06,completed,credit_card,Brazil,229.68
1218,405,2024-09-16,completed,,Brazil,71.87
1219,406,2024-08-29,completed,paypal,United Kingdom,336.12
1220,406,2024-09-04,refunded,debit_card,United Kingdom,82.03
1221,407,2024-05-19,completed,credit_card,United States,33.63
1222,407,2024-06-21,completed,credit_card,United States,1450.24
1223,407,2024-07-29,cancelled,credit_card,United States,92.65
1224,408,2024-11-19,completed,credit_card,United States,274.17
1225,408,2025-02-02,cancelled,gift_card,United States,66.12
1226,408,2025-02-12,completed,credit_card,United States,201.38
1227,411,2023-06-24,completed,credit_card,Australia,351.3
1228,412,2023-12-29,pending,paypal,Australia,189.58
1229,412,2024-03-06,completed,paypal,Australia,88.85
1230,415,2025-07-09,completed,credit_card,Germany,36.23
1231,415,2025-08-28,completed,paypal,Germany,43.96
1232,415,2025-09-26,completed,credit_card,Germany,12.8
1233,415,2025-10-03,cancelled,credit_card,Germany,162.45
1234,415,2025-10-19,refunded,paypal,Germany,74.75
1235,415,2025-10-22,completed,credit_card,Germany,285.92
1236,415,2025-11-06,pending,gift_card,Germany,42.23
1237,416,2024-12-18,completed,debit_card,Canada,92.65
1238,416,2025-04-09,completed,credit_card,Canada,383.84
1239,416,2025-04-21,completed,paypal,Canada,294.14
1240,416,2025-06-20,cancelled,paypal,Canada,405.47
1241,416,2025-06-21,completed,credit_card,Canada,109.97
1242,416,2025-07-01,completed,paypal,Canada,116.14
1243,416,2025-07-25,completed,gift_card,Canada,147.4
1244,416,2025-08-18,completed,debit_card,Canada,386.18
1245,417,2023-05-28,completed,credit_card,United States,627.52
1246,417,2023-06-22,completed,credit_card,United States,84.59
1247,417,2023-06-26,completed,credit_card,United States,595.1
1248,417,2023-07-07,cancelled,credit_card,United States,191.72
1249,417,2023-07-12,completed,,United States,490.16
1250,417,2023-09-06,completed,paypal,United States,20.37
1251,417,2023-09-07,completed,gift_card,United States,68.79
1252,417,2023-10-23,completed,credit_card,United States,88.09
1253,417,2023-11-05,completed,paypal,United States,168.06
1254,418,2024-04-19,completed,credit_card,Netherlands,322.77
1255,418,2024-05-18,completed,credit_card,Netherlands,437.78
1256,418,2024-05-27,completed,paypal,Netherlands,80.28
1257,418,2024-06-26,completed,paypal,Netherlands,182.38
1258,418,2024-08-23,completed,paypal,Netherlands,278.9
1259,418,2024-09-23,completed,credit_card,Netherlands,185.02
1260,418,2024-10-27,refunded,credit_card,Netherlands,487.42
1261,418,2024-11-10,completed,credit_card,Netherlands,37.3
1262,420,2024-04-11,completed,credit_card,Canada,378.71
1263,420,2024-04-13,completed,debit_card,Canada,1251.12
1264,421,2025-04-24,completed,paypal,United Kingdom,510.28
1265,421,2025-04-25,completed,,United Kingdom,177.19
1266,421,2025-05-16,completed,credit_card,United Kingdom,56.2
1267,421,2025-08-31,pending,paypal,United Kingdom,908.9
1268,421,2025-09-13,refunded,credit_card,United Kingdom,386.84
1269,422,2025-04-03,completed,credit_card,Germany,83.39
1270,426,2025-12-06,completed,credit_card,Germany,1055.43
1271,426,2025-12-31,completed,credit_card,Germany,457.04
1272,428,2025-01-14,completed,debit_card,Germany,798.67
1273,428,2025-01-26,completed,credit_card,Germany,1431.75
1274,429,2025-08-27,completed,paypal,United States,301.93
1275,429,2025-09-09,completed,debit_card,United States,537.08
1276,429,2025-09-14,completed,gift_card,United States,213.48
1277,429,2025-09-26,completed,paypal,United States,185.3
1278,429,2025-10-17,completed,debit_card,United States,204.92
1279,429,2025-12-23,cancelled,credit_card,United States,226.52
1280,430,2025-01-19,completed,paypal,Australia,527.42
1281,431,2025-07-11,completed,credit_card,Australia,123.67
1282,431,2025-08-10,completed,paypal,Australia,344.74
1283,431,2025-08-11,completed,debit_card,Australia,919.42
1284,432,2023-10-07,completed,paypal,Canada,271.74
1285,432,2023-10-13,completed,debit_card,Canada,53.97
1286,432,2023-11-02,pending,debit_card,Canada,147.18
1287,432,2023-11-06,completed,paypal,Canada,486.25
1288,432,2023-12-01,refunded,gift_card,Canada,477.14
1289,432,2024-02-24,completed,paypal,Canada,203.87
1290,433,2025-09-10,completed,credit_card,India,16.86
1291,433,2025-10-24,completed,paypal,India,289.92
1292,435,2025-08-13,completed,credit_card,United States,392.06
1293,437,2023-12-03,completed,credit_card,United States,41.71
1294,443,2025-01-28,completed,paypal,Mexico,83.2
1295,444,2024-03-29,refunded,credit_card,United States,254.54
1296,444,2024-05-29,pending,credit_card,United States,359.28
1297,444,2024-05-30,completed,credit_card,United States,292.89
1298,444,2024-10-02,refunded,credit_card,United States,245.83
1299,444,2025-03-07,completed,paypal,United States,302.06
1300,444,2025-04-24,completed,credit_card,United States,1010.86
1301,444,2025-05-17,cancelled,gift_card,United States,119.12
1302,444,2025-05-24,completed,paypal,United States,113.76
1303,444,2025-05-27,completed,paypal,United States,694.44
1304,444,2025-09-01,completed,credit_card,United States,288.46
1305,444,2025-10-18,completed,credit_card,United States,67.88
1306,444,2025-11-24,completed,,United States,132.91
1307,444,2025-12-07,completed,debit_card,United States,11.23
1308,444,2025-12-14,completed,credit_card,United States,213.48
1309,445,2025-03-16,completed,paypal,United States,206.44
1310,445,2025-04-05,cancelled,gift_card,United States,713.91
1311,445,2025-06-15,completed,debit_card,United States,92.65
1312,445,2025-08-03,completed,paypal,United States,705.93
1313,445,2025-12-01,completed,debit_card,United States,264.43
1314,445,2025-12-11,completed,credit_card,United States,98.65
1315,445,2025-12-26,cancelled,credit_card,United States,748.88
1316,446,2023-07-25,pending,paypal,Germany,146.74
1317,446,2023-12-30,completed,,Germany,431.04
1318,446,2023-12-30,completed,credit_card,Germany,678.84
1319,446,2024-02-06,completed,gift_card,Germany,76.49
1320,446,2024-06-15,cancelled,credit_card,Germany,114.15
1321,446,2024-07-18,cancelled,debit_card,Germany,241.42
1322,446,2024-07-28,cancelled,credit_card,Germany,83.39
1323,446,2024-09-04,pending,debit_card,Germany,12.8
1324,447,2025-07-08,refunded,credit_card,Germany,268.84
1325,447,2025-08-01,completed,credit_card,Germany,131.26
1326,450,2023-08-31,completed,credit_card,United States,144.5
1327,450,2023-09-07,completed,credit_card,United States,564.24
1328,450,2023-10-03,cancelled,debit_card,United States,50.62
1329,450,2023-12-03,pending,paypal,United States,548.34
1330,450,2023-12-03,completed,credit_card,United States,318.08
1331,450,2023-12-07,completed,paypal,United States,66.93
1332,450,2023-12-07,completed,credit_card,United States,366.53
1333,450,2024-01-01,completed,credit_card,United States,193.9
1334,450,2024-01-13,completed,credit_card,United States,183.57
1335,450,2024-01-20,completed,paypal,United States,385.17
1336,450,2024-01-30,completed,paypal,United States,304.44
1337,451,2025-01-11,completed,credit_card,Netherlands,1185.03
1338,451,2025-01-22,completed,credit_card,Netherlands,167.4
1339,452,2025-09-14,completed,paypal,Canada,967.23
1340,452,2025-09-30,completed,credit_card,Canada,138.68
1341,453,2025-11-04,completed,paypal,Brazil,595.83
1342,453,2025-12-07,completed,gift_card,Brazil,52.18
1343,454,2024-06-30,completed,paypal,United States,1145.5
1344,454,2024-07-03,completed,paypal,United States,1324.05
1345,454,2024-08-08,cancelled,paypal,United States,112.01
1346,455,2023-12-30,completed,credit_card,United Kingdom,253.69
1347,455,2023-12-30,completed,credit_card,United Kingdom,118.71
1348,457,2025-02-14,completed,credit_card,Germany,194.9
1349,457,2025-05-01,completed,credit_card,Germany,550.97
1350,458,2025-02-08,completed,credit_card,Brazil,513.21
1351,458,2025-05-12,completed,credit_card,Brazil,279.94
1352,458,2025-05-28,refunded,credit_card,Brazil,37.48
1353,458,2025-06-04,completed,credit_card,Brazil,53.31
1354,459,2024-08-12,completed,paypal,United Kingdom,321.3
1355,461,2025-10-13,completed,debit_card,United States,867.2
1356,461,2025-12-15,completed,credit_card,United States,45.7
1357,463,2025-08-05,completed,credit_card,India,251.66
1358,465,2023-07-23,completed,credit_card,Canada,100.46
1359,465,2023-08-22,completed,paypal,Canada,278.99
1360,465,2023-08-23,completed,paypal,Canada,28.14
1361,465,2023-09-02,completed,credit_card,Canada,101.67
1362,465,2023-09-19,completed,credit_card,Canada,132.43
1363,465,2023-09-25,completed,debit_card,Canada,82.4
1364,467,2025-12-09,completed,credit_card,United States,43.96
1365,467,2025-12-09,completed,gift_card,United States,34.83
1366,469,2025-04-13,pending,paypal,United States,587.66
1367,469,2025-05-14,completed,credit_card,United States,74.97
1368,472,2024-09-23,cancelled,paypal,Canada,528.15
1369,472,2024-11-09,completed,paypal,Canada,274.17
1370,472,2024-12-03,completed,credit_card,Canada,422.11
1371,472,2025-01-08,completed,debit_card,Canada,148.36
1372,472,2025-04-20,completed,credit_card,Canada,86.91
1373,473,2023-06-20,completed,credit_card,India,198.99
1374,473,2023-07-25,completed,gift_card,India,290.75
1375,473,2023-08-14,completed,credit_card,India,554.27
1376,474,2025-01-23,refunded,credit_card,Australia,553.15
1377,475,2024-09-22,completed,gift_card,United States,534.84
1378,475,2024-09-24,completed,gift_card,United States,587.39
1379,475,2024-11-22,completed,credit_card,United States,569.36
1380,479,2025-07-29,refunded,paypal,United States,226.52
1381,479,2025-07-31,completed,credit_card,United States,485.22
1382,479,2025-08-11,completed,credit_card,United States,202.5
1383,479,2025-09-04,pending,credit_card,United States,823.2
1384,479,2025-09-07,completed,debit_card,United States,213.48
1385,479,2025-10-29,completed,credit_card,United States,116.26
1386,480,2025-08-07,completed,credit_card,United States,116.14
1387,481,2023-10-04,refunded,paypal,Germany,282.79
1388,481,2023-11-09,completed,credit_card,Germany,394.69
1389,481,2024-02-03,completed,paypal,Germany,8.98
1390,483,2024-09-16,completed,,United States,739.81
1391,483,2024-09-21,completed,credit_card,United States,23.97
1392,483,2024-11-02,completed,paypal,United States,274.17
1393,483,2024-12-10,completed,credit_card,United States,41.44
1394,483,2024-12-10,completed,debit_card,United States,31.27
1395,483,2025-01-28,completed,credit_card,United States,957.72
1396,483,2025-03-31,completed,paypal,United States,580.8
1397,483,2025-04-09,cancelled,credit_card,United States,102.91
1398,483,2025-04-10,completed,credit_card,United States,170.9
1399,484,2024-09-25,completed,credit_card,Canada,348.07
1400,484,2024-10-16,completed,credit_card,Canada,66.12
1401,485,2024-03-30,completed,credit_card,Germany,214.3
1402,485,2024-05-10,refunded,credit_card,Germany,76.13
1403,485,2024-05-21,completed,credit_card,Germany,67.8
1404,485,2024-06-06,completed,credit_card,Germany,208.95
1405,487,2025-10-25,completed,paypal,Australia,97.88
1406,487,2025-11-15,completed,credit_card,Australia,323.1
1407,487,2025-11-16,completed,,Australia,57.51
1408,489,2023-12-25,completed,paypal,United States,289.26
1409,489,2023-12-27,completed,paypal,United States,225.67
1410,489,2024-01-01,completed,credit_card,United States,282.79
1411,489,2024-01-23,cancelled,credit_card,United States,136.61
1412,489,2024-03-04,completed,credit_card,United States,423.44
1413,489,2024-04-06,refunded,,United States,383.19
1414,490,2024-09-22,completed,credit_card,Australia,40.81
1415,492,2024-05-19,completed,paypal,Netherlands,156.07
1416,492,2024-06-07,completed,credit_card,Netherlands,563.07
1417,493,2024-08-29,completed,credit_card,United Kingdom,223.91
1418,493,2024-09-18,cancelled,credit_card,United Kingdom,157.26
1419,493,2024-12-28,cancelled,gift_card,United Kingdom,249.0
1420,493,2024-12-28,completed,gift_card,United Kingdom,61.91
1421,493,2025-02-01,completed,credit_card,United Kingdom,497.36
1422,494,2024-10-09,completed,credit_card,United Kingdom,274.91
1423,494,2024-11-02,completed,credit_card,United Kingdom,121.18
1424,496,2024-03-28,completed,credit_card,Australia,392.98
1425,496,2024-04-08,pending,debit_card,Australia,38.01
1426,496,2024-04-25,completed,credit_card,Australia,36.16
1427,496,2024-05-14,completed,paypal,Australia,349.54
1428,496,2024-08-08,completed,debit_card,Australia,13.02
1429,496,2024-09-09,completed,credit_card,Australia,344.74
1430,496,2024-09-13,completed,credit_card,Australia,835.21
1431,496,2024-10-02,pending,debit_card,Australia,250.89
1432,496,2025-01-28,completed,credit_card,Australia,152.22
1433,496,2025-04-02,completed,credit_card,Australia,229.22
1434,496,2025-08-17,completed,credit_card,Australia,559.66
1435,496,2025-11-05,completed,credit_card,Australia,92.65
1436,497,2025-12-24,completed,credit_card,United States,92.65
1437,498,2024-01-05,completed,credit_card,Canada,92.91
1438,498,2024-01-20,completed,paypal,Canada,414.75
1439,498,2024-01-21,completed,debit_card,Canada,529.04
1440,500,2025-10-16,completed,credit_card,France,1016.58
1441,500,2025-11-01,completed,credit_card,France,763.12
1442,500,2025-11-23,completed,credit_card,France,234.02
1443,500,2025-12-27,completed,gift_card,France,248.78
1444,503,2024-12-06,completed,credit_card,United States,84.59
1445,503,2024-12-11,completed,credit_card,United States,1052.08
1446,503,2024-12-11,completed,credit_card,United States,92.65
1447,503,2024-12-29,completed,credit_card,United States,23.97
1448,503,2024-12-29,completed,credit_card,United States,265.79
1449,503,2025-02-05,completed,credit_card,United States,99.2
1450,503,2025-04-22,completed,,United States,124.46
1451,503,2025-05-17,completed,credit_card,United States,299.06
1452,503,2025-06-21,refunded,credit_card,United States,220.93
1453,503,2025-07-10,completed,paypal,United States,355.8
1454,503,2025-07-27,completed,credit_card,United States,444.73
1455,505,2024-06-28,completed,credit_card,Brazil,53.97
1456,505,2024-08-28,completed,paypal,Brazil,240.37
1457,505,2024-09-01,completed,paypal,Brazil,14.07
1458,506,2025-03-02,completed,credit_card,India,13.96
1459,506,2025-04-16,completed,gift_card,India,928.56
1460,506,2025-06-02,completed,credit_card,India,160.81
1461,506,2025-06-16,completed,credit_card,India,229.63
1462,506,2025-10-05,completed,credit_card,India,904.15
1463,506,2025-12-23,cancelled,paypal,India,429.85
1464,508,2024-10-29,pending,credit_card,United States,842.7
1465,511,2023-04-05,refunded,paypal,United States,327.24
1466,511,2023-04-10,completed,credit_card,United States,506.69
1467,511,2023-04-20,completed,credit_card,United States,213.48
1468,511,2023-05-31,completed,debit_card,United States,92.65
1469,511,2023-07-07,completed,paypal,United States,175.15
1470,511,2023-10-04,refunded,paypal,United States,106.02
1471,513,2024-10-28,cancelled,credit_card,Germany,406.14
1472,513,2024-11-12,completed,credit_card,Germany,75.74
1473,513,2024-12-01,completed,credit_card,Germany,267.17
1474,513,2024-12-25,completed,paypal,Germany,182.4
1475,513,2025-01-05,completed,paypal,Germany,656.13
1476,513,2025-01-24,refunded,paypal,Germany,34.56
1477,513,2025-01-28,cancelled,debit_card,Germany,36.23
1478,513,2025-02-13,completed,debit_card,Germany,92.73
1479,513,2025-02-21,completed,credit_card,Germany,312.24
1480,515,2023-08-15,completed,credit_card,United States,213.48
1481,515,2023-09-28,completed,paypal,United States,213.48
1482,515,2023-10-08,completed,credit_card,United States,26.24
1483,515,2023-10-18,pending,credit_card,United States,386.94
1484,515,2024-01-14,pending,debit_card,United States,368.62
1485,515,2024-02-01,completed,paypal,United States,350.65
1486,515,2024-03-17,completed,paypal,United States,290.95
1487,515,2024-03-21,completed,credit_card,United States,566.81
1488,515,2024-04-05,completed,debit_card,United States,39.57
1489,515,2024-06-01,completed,credit_card,United States,108.31
1490,515,2024-06-22,completed,paypal,United States,240.92
1491,516,2025-02-26,refunded,credit_card,United States,132.24
1492,516,2025-03-28,completed,credit_card,United States,582.34
1493,517,2023-12-16,cancelled,debit_card,United States,343.8
1494,517,2023-12-16,cancelled,debit_card,United States,325.54
1495,517,2024-01-27,pending,paypal,United States,66.12
1496,518,2024-10-03,completed,credit_card,Mexico,287.33
1497,518,2024-10-27,completed,gift_card,Mexico,285.28
1498,518,2024-11-05,completed,gift_card,Mexico,197.34
1499,518,2024-12-09,completed,gift_card,Mexico,120.09
1500,519,2023-11-06,completed,paypal,India,602.98
1501,519,2023-11-06,completed,credit_card,India,173.82
1502,519,2023-11-16,completed,credit_card,India,515.33
1503,519,2023-11-19,completed,credit_card,India,625.8
1504,519,2023-11-19,completed,paypal,India,462.07
1505,519,2023-11-30,completed,credit_card,India,52.03
1506,519,2023-12-30,completed,credit_card,India,315.46
1507,519,2024-01-08,completed,gift_card,India,121.18
1508,520,2023-07-01,completed,credit_card,United States,639.78
1509,520,2023-08-11,completed,credit_card,United States,1066.55
1510,520,2023-08-29,completed,paypal,United States,173.17
1511,521,2023-11-22,completed,credit_card,United States,335.62
1512,521,2023-11-26,completed,,United States,133.95
1513,521,2023-11-26,completed,credit_card,United States,1230.58
1514,521,2023-12-17,completed,paypal,United States,1435.91
1515,523,2024-06-06,completed,credit_card,United States,116.36
1516,524,2023-11-08,completed,credit_card,India,179.88
1517,524,2023-11-30,completed,paypal,India,524.34
1518,527,2025-08-30,completed,credit_card,United States,83.39
1519,527,2025-09-23,completed,credit_card,United States,276.52
1520,527,2025-10-02,completed,paypal,United States,83.39
1521,527,2025-10-16,refunded,credit_card,United States,434.22
1522,527,2025-10-30,completed,credit_card,United States,570.67
1523,527,2025-12-17,completed,credit_card,United States,194.26
1524,528,2025-07-12,completed,debit_card,Brazil,565.8
1525,528,2025-08-15,completed,paypal,Brazil,374.5
1526,528,2025-12-08,completed,paypal,Brazil,397.53
1527,528,2025-12-08,completed,credit_card,Brazil,415.3
1528,531,2024-03-17,completed,credit_card,France,23.97
1529,531,2024-05-15,completed,credit_card,France,186.33
1530,531,2024-07-07,completed,credit_card,France,463.39
1531,531,2024-07-28,completed,paypal,France,417.5
1532,531,2024-08-15,refunded,paypal,France,268.84
1533,531,2024-09-13,completed,credit_card,France,25.6
1534,531,2024-09-14,refunded,paypal,France,56.27
1535,531,2024-09-17,completed,debit_card,France,98.72
1536,532,2025-12-03,refunded,credit_card,Brazil,493.7
1537,532,2025-12-03,completed,credit_card,Brazil,165.62
1538,536,2025-01-21,pending,credit_card,Australia,159.23
1539,537,2024-05-13,completed,credit_card,United States,168.6
1540,537,2024-06-17,refunded,paypal,United States,567.32
1541,537,2024-06-20,completed,debit_card,United States,746.45
1542,537,2024-08-09,completed,credit_card,United States,187.33
1543,537,2024-11-11,completed,credit_card,United States,185.3
1544,537,2024-11-11,completed,credit_card,United States,392.06
1545,537,2024-12-28,completed,paypal,United States,551.35
1546,537,2024-12-28,refunded,debit_card,United States,374.5
1547,538,2023-04-22,completed,credit_card,United States,403.92
1548,538,2023-05-25,completed,gift_card,United States,847.36
1549,538,2023-06-01,completed,paypal,United States,366.89
1550,538,2023-06-14,completed,gift_card,United States,514.65
1551,538,2023-08-14,completed,credit_card,United States,121.18
1552,538,2023-10-12,completed,credit_card,United States,144.39
1553,538,2023-11-05,completed,credit_card,United States,41.44
1554,538,2023-11-05,completed,credit_card,United States,324.4
1555,538,2024-01-22,completed,debit_card,United States,317.54
1556,538,2024-02-10,refunded,credit_card,United States,294.14
1557,539,2024-07-04,completed,paypal,Australia,55.11
1558,539,2024-08-28,completed,paypal,Australia,83.39
1559,539,2024-09-02,completed,credit_card,Australia,692.89
1560,539,2024-10-20,completed,credit_card,Australia,556.17
1561,539,2024-11-07,completed,debit_card,Australia,440.49
1562,539,2024-11-23,cancelled,credit_card,Australia,193.11
1563,539,2024-12-06,completed,credit_card,Australia,498.58
1564,541,2025-09-26,pending,credit_card,United Kingdom,185.3
1565,541,2025-12-04,refunded,credit_card,United Kingdom,374.5
1566,543,2023-12-17,completed,gift_card,United States,491.43
1567,543,2024-01-21,completed,credit_card,United States,398.56
1568,544,2023-09-30,completed,gift_card,United Kingdom,36.75
1569,546,2023-04-12,completed,,United States,84.89
1570,546,2023-04-15,pending,debit_card,United States,477.96
1571,547,2025-12-05,completed,paypal,United States,318.95
1572,549,2024-01-28,completed,credit_card,Mexico,180.33
1573,549,2024-02-17,completed,credit_card,Mexico,315.27
1574,549,2024-02-19,completed,credit_card,Mexico,1123.5
1575,549,2024-03-10,pending,credit_card,Mexico,290.46
1576,551,2024-04-26,completed,credit_card,India,706.04
1577,551,2024-06-26,completed,credit_card,India,737.95
1578,551,2024-06-29,completed,paypal,India,59.56
1579,551,2024-08-12,completed,credit_card,India,271.01
1580,551,2024-08-15,refunded,credit_card,India,808.34
1581,551,2024-09-07,completed,credit_card,India,875.71
1582,551,2024-12-11,cancelled,credit_card,India,382.47
1583,551,2024-12-11,completed,,India,148.24
1584,551,2025-01-06,pending,credit_card,India,9.55
1585,551,2025-01-20,completed,credit_card,India,60.64
1586,551,2025-01-29,cancelled,credit_card,India,745.72
1587,551,2025-02-05,completed,gift_card,India,74.13
1588,551,2025-02-20,completed,gift_card,India,280.01
1589,551,2025-07-01,completed,gift_card,India,158.53
1590,551,2025-08-08,completed,credit_card,India,229.1
1591,551,2025-11-27,completed,paypal,India,115.05
1592,551,2025-12-28,completed,paypal,India,158.77
1593,551,2025-12-29,completed,paypal,India,367.49
1594,552,2025-05-12,completed,credit_card,United States,270.46
1595,552,2025-07-22,completed,credit_card,United States,403.6
1596,553,2023-04-08,completed,credit_card,United Kingdom,509.02
1597,555,2023-06-04,completed,debit_card,Canada,667.61
1598,555,2023-07-08,completed,credit_card,Canada,151.05
1599,555,2023-09-06,cancelled,debit_card,Canada,225.99
1600,555,2023-11-29,completed,credit_card,Canada,185.3
1601,555,2023-12-01,completed,paypal,Canada,588.28
1602,556,2025-02-15,completed,credit_card,France,292.94
1603,556,2025-03-06,completed,credit_card,France,49.0
1604,556,2025-06-24,completed,credit_card,France,284.89
1605,556,2025-07-24,cancelled,credit_card,France,392.06
1606,556,2025-09-23,completed,credit_card,France,725.1
1607,556,2025-10-09,completed,debit_card,France,67.29
1608,556,2025-10-22,refunded,paypal,France,808.91
1609,556,2025-12-17,completed,credit_card,France,224.5
1610,556,2025-12-17,completed,credit_card,France,151.34
1611,557,2024-06-16,completed,credit_card,United States,114.24
1612,557,2024-06-28,completed,paypal,United States,90.65
1613,557,2024-07-15,completed,credit_card,United States,340.85
1614,557,2024-08-12,completed,credit_card,United States,84.99
1615,557,2024-09-29,completed,gift_card,United States,442.48
1616,557,2024-10-19,completed,credit_card,United States,726.62
1617,557,2024-10-22,completed,credit_card,United States,565.58
1618,558,2025-08-13,cancelled,paypal,Canada,524.9
1619,558,2025-09-07,completed,credit_card,Canada,96.26
1620,559,2025-12-09,completed,credit_card,Canada,80.28
1621,559,2025-12-15,cancelled,credit_card,Canada,200.78
1622,559,2025-12-15,completed,credit_card,Canada,460.09
1623,560,2023-11-20,completed,paypal,United Kingdom,92.65
1624,560,2023-12-22,completed,credit_card,United Kingdom,210.68
1625,561,2025-02-14,completed,paypal,Netherlands,80.52
1626,563,2025-01-18,completed,gift_card,United States,113.67
1627,563,2025-02-13,completed,paypal,United States,352.73
1628,563,2025-02-16,completed,credit_card,United States,254.84
1629,564,2023-09-21,completed,credit_card,Netherlands,393.67
1630,564,2023-12-01,completed,paypal,Netherlands,92.73
1631,564,2023-12-01,completed,credit_card,Netherlands,176.39
1632,564,2024-02-10,completed,paypal,Netherlands,812.56
1633,566,2023-10-13,completed,credit_card,United States,139.49
1634,566,2024-01-02,completed,gift_card,United States,196.81
1635,566,2024-03-10,refunded,credit_card,United States,199.05
1636,566,2024-03-19,refunded,credit_card,United States,459.27
1637,566,2024-03-21,completed,credit_card,United States,257.06
1638,566,2024-07-08,completed,gift_card,United States,325.74
1639,566,2024-07-15,completed,credit_card,United States,1144.9
1640,566,2024-08-02,pending,debit_card,United States,49.0
1641,566,2024-09-17,cancelled,credit_card,United States,536.06
1642,567,2024-04-24,completed,credit_card,United States,326.64
1643,567,2024-04-27,completed,credit_card,United States,90.36
1644,567,2024-05-15,cancelled,debit_card,United States,282.79
1645,567,2024-07-05,completed,credit_card,United States,105.39
1646,567,2024-07-23,completed,credit_card,United States,677.32
1647,567,2024-10-01,completed,debit_card,United States,124.44
1648,567,2024-10-25,completed,credit_card,United States,317.65
1649,567,2024-10-27,completed,credit_card,United States,47.94
1650,567,2025-03-04,refunded,credit_card,United States,246.38
1651,569,2023-01-25,completed,credit_card,Germany,323.56
1652,571,2024-05-21,completed,credit_card,Germany,893.31
1653,571,2024-05-30,completed,debit_card,Germany,114.43
1654,571,2024-07-08,completed,credit_card,Germany,345.93
1655,571,2024-08-14,completed,gift_card,Germany,451.76
1656,571,2024-09-05,completed,credit_card,Germany,476.5
1657,571,2024-12-19,completed,credit_card,Germany,213.8
1658,571,2025-03-12,completed,paypal,Germany,370.61
1659,571,2025-04-08,completed,credit_card,Germany,54.84
1660,571,2025-04-18,completed,credit_card,Germany,207.16
1661,574,2024-04-09,completed,credit_card,United States,542.01
1662,574,2024-04-21,completed,paypal,United States,121.18
1663,574,2024-06-30,completed,credit_card,United States,291.01
1664,574,2024-07-30,completed,gift_card,United States,322.15
1665,574,2024-08-15,completed,paypal,United States,346.1
1666,574,2024-10-26,completed,credit_card,United States,210.92
1667,574,2024-11-09,completed,credit_card,United States,204.27
1668,574,2024-12-04,completed,credit_card,United States,626.94
1669,574,2025-01-01,pending,credit_card,United States,51.37
1670,574,2025-01-04,completed,credit_card,United States,21.73
1671,574,2025-01-20,completed,paypal,United States,83.07
1672,574,2025-02-08,cancelled,paypal,United States,91.09
1673,574,2025-03-31,completed,credit_card,United States,542.09
1674,574,2025-04-05,completed,credit_card,United States,237.19
1675,574,2025-05-18,completed,credit_card,United States,633.03
1676,574,2025-11-26,completed,credit_card,United States,71.69
1677,574,2025-12-08,completed,paypal,United States,441.8
1678,574,2025-12-11,completed,paypal,United States,97.94
1679,574,2025-12-26,completed,credit_card,United States,354.35
1680,576,2023-09-26,completed,paypal,United Kingdom,469.9
1681,576,2023-11-23,completed,credit_card,United Kingdom,158.05
1682,576,2024-01-04,completed,credit_card,United Kingdom,116.26
1683,576,2024-01-07,completed,credit_card,United Kingdom,156.79
1684,576,2024-04-10,completed,gift_card,United Kingdom,719.48
1685,576,2024-06-26,completed,paypal,United Kingdom,257.57
1686,577,2025-03-03,completed,credit_card,United States,684.4
1687,578,2025-09-17,completed,credit_card,Mexico,242.35
1688,579,2024-04-19,completed,credit_card,United States,88.79
1689,579,2024-06-07,completed,paypal,United States,219.84
1690,580,2024-08-12,completed,paypal,India,135.87
1691,580,2024-10-07,completed,credit_card,India,279.6
1692,582,2025-10-22,completed,paypal,United States,698.94
1693,582,2025-11-10,completed,credit_card,United States,176.11
1694,583,2024-07-25,refunded,credit_card,Brazil,155.95
1695,583,2024-09-15,refunded,credit_card,Brazil,240.92
1696,583,2024-11-05,completed,credit_card,Brazil,137.58
1697,584,2023-10-16,completed,credit_card,United States,255.14
1698,584,2024-01-28,completed,credit_card,United States,671.96
1699,584,2024-01-31,cancelled,gift_card,United States,106.45
1700,584,2024-02-01,cancelled,credit_card,United States,66.46
1701,584,2024-02-03,completed,credit_card,United States,412.45
1702,584,2024-03-29,refunded,paypal,United States,304.87
1703,584,2024-04-07,completed,paypal,United States,227.52
1704,585,2023-04-08,refunded,credit_card,Canada,113.76
1705,585,2023-05-29,completed,credit_card,Canada,83.39
1706,585,2023-06-04,refunded,credit_card,Canada,369.84
1707,585,2023-08-07,refunded,debit_card,Canada,89.53
1708,585,2023-10-04,completed,paypal,Canada,479.7
1709,585,2023-10-05,completed,paypal,Canada,43.96
1710,585,2023-10-23,completed,credit_card,Canada,868.41
1711,585,2023-11-27,cancelled,credit_card,Canada,84.99
1712,585,2024-02-18,completed,credit_card,Canada,101.49
1713,585,2024-03-07,completed,credit_card,Canada,508.63
1714,585,2024-03-30,completed,credit_card,Canada,1067.56
1715,585,2024-04-26,completed,paypal,Canada,407.15
1716,586,2024-09-03,completed,credit_card,United Kingdom,166.99
1717,586,2024-09-05,completed,credit_card,United Kingdom,508.28
1718,586,2024-09-13,completed,credit_card,United Kingdom,636.14
1719,587,2024-01-07,completed,credit_card,United States,966.81
1720,587,2024-01-11,completed,paypal,United States,102.38
1721,588,2025-04-04,refunded,credit_card,United States,356.08
1722,588,2025-07-14,completed,credit_card,United States,1049.8
1723,590,2023-08-14,completed,gift_card,Germany,83.42
1724,590,2023-10-12,refunded,credit_card,Germany,99.2
1725,591,2024-07-09,completed,credit_card,Canada,8.98
1726,591,2024-07-10,completed,debit_card,Canada,114.39
1727,592,2024-04-11,completed,debit_card,United States,296.04
1728,592,2024-05-13,cancelled,credit_card,United States,750.88
1729,592,2024-07-20,completed,paypal,United States,406.2
1730,592,2024-08-17,completed,debit_card,United States,690.74
1731,592,2024-09-02,completed,credit_card,United States,101.25
1732,592,2024-09-26,completed,debit_card,United States,69.62
1733,592,2024-09-30,cancelled,paypal,United States,833.96
1734,597,2023-04-16,refunded,credit_card,United States,92.91
1735,597,2023-06-14,completed,paypal,United States,40.26
1736,597,2023-07-02,cancelled,credit_card,United States,274.21
1737,597,2023-07-08,completed,credit_card,United States,16.86
1738,597,2023-07-22,refunded,credit_card,United States,66.46
1739,597,2023-07-24,completed,debit_card,United States,211.48
1740,597,2023-09-14,completed,credit_card,United States,957.72
1741,597,2023-10-01,completed,credit_card,United States,73.87
1742,597,2023-10-07,completed,gift_card,United States,255.71
1743,599,2024-06-27,completed,credit_card,United States,92.65
1744,600,2024-02-18,completed,debit_card,Netherlands,112.48
1745,602,2024-09-13,refunded,gift_card,Brazil,243.28
1746,602,2024-09-27,refunded,credit_card,Brazil,240.92
1747,602,2024-11-24,completed,credit_card,Brazil,199.2
1748,603,2025-04-19,completed,gift_card,United Kingdom,118.25
1749,603,2025-06-06,completed,credit_card,United Kingdom,496.15
1750,603,2025-07-03,cancelled,paypal,United Kingdom,741.94
1751,603,2025-07-20,refunded,credit_card,United Kingdom,137.0
1752,603,2025-08-26,completed,credit_card,United Kingdom,1177.5
1753,603,2025-09-08,completed,gift_card,United Kingdom,336.12
1754,603,2025-11-21,refunded,credit_card,United Kingdom,399.96
1755,603,2025-11-30,refunded,debit_card,United Kingdom,282.79
1756,604,2024-10-16,cancelled,credit_card,United States,505.71
1757,604,2024-12-11,completed,credit_card,United States,1110.07
1758,604,2024-12-11,completed,paypal,United States,412.02
1759,605,2025-09-02,completed,credit_card,Germany,43.46
1760,607,2024-04-12,pending,paypal,Germany,464.05
1761,607,2024-06-19,completed,credit_card,Germany,926.38
1762,609,2023-12-09,completed,gift_card,United States,237.0
1763,609,2024-01-25,completed,paypal,United States,185.46
1764,609,2024-02-10,refunded,credit_card,United States,86.91
1765,610,2025-10-07,completed,paypal,United States,394.83
1766,610,2025-10-09,completed,paypal,United States,419.34
1767,612,2024-04-20,cancelled,credit_card,Canada,88.1
1768,612,2024-04-23,completed,credit_card,Canada,121.18
1769,612,2024-05-19,completed,paypal,Canada,420.69
1770,612,2024-07-13,completed,paypal,Canada,53.97
1771,612,2024-08-06,completed,debit_card,Canada,69.82
1772,615,2025-12-18,completed,credit_card,United States,176.38
1773,616,2025-12-13,completed,debit_card,United Kingdom,144.9
1774,619,2024-06-28,completed,paypal,France,107.09
1775,619,2024-08-05,completed,credit_card,France,66.46
1776,620,2024-08-13,completed,gift_card,Australia,149.5
1777,620,2024-09-29,completed,credit_card,Australia,318.21
1778,620,2024-10-22,refunded,paypal,Australia,314.21
1779,620,2024-10-31,completed,credit_card,Australia,452.33
1780,620,2024-11-03,completed,credit_card,Australia,425.12
1781,620,2024-12-10,completed,credit_card,Australia,92.73
1782,620,2025-01-09,completed,credit_card,Australia,92.65
1783,620,2025-06-03,completed,debit_card,Australia,295.18
1784,620,2025-07-21,completed,credit_card,Australia,155.95
1785,620,2025-07-30,completed,credit_card,Australia,662.32
1786,620,2025-08-23,completed,paypal,Australia,256.82
1787,623,2024-01-31,completed,paypal,Mexico,346.66
1788,623,2024-06-05,completed,gift_card,Mexico,130.6
1789,623,2024-08-24,completed,debit_card,Mexico,155.46
1790,623,2024-09-06,completed,paypal,Mexico,566.11
1791,623,2024-12-02,completed,credit_card,Mexico,334.63
1792,623,2024-12-16,completed,gift_card,Mexico,283.25
1793,623,2025-03-22,completed,credit_card,Mexico,763.53
1794,623,2025-05-06,completed,,Mexico,365.87
1795,623,2025-07-28,pending,gift_card,Mexico,768.55
1796,623,2025-07-30,pending,credit_card,Mexico,878.38
1797,623,2025-08-15,completed,credit_card,Mexico,98.65
1798,623,2025-09-28,completed,credit_card,Mexico,195.7
1799,623,2025-10-14,completed,gift_card,Mexico,39.29
1800,624,2024-05-14,completed,credit_card,Australia,920.38
1801,624,2024-07-17,cancelled,paypal,Australia,69.29
1802,624,2024-09-13,cancelled,gift_card,Australia,161.99
1803,626,2023-05-05,completed,credit_card,United States,275.13
1804,626,2023-05-30,refunded,credit_card,United States,519.61
1805,626,2023-06-12,refunded,credit_card,United States,69.82
1806,626,2023-08-08,completed,credit_card,United States,66.12
1807,626,2023-09-01,completed,debit_card,United States,19.37
1808,626,2023-10-01,completed,credit_card,United States,158.21
1809,626,2023-10-29,cancelled,credit_card,United States,1080.73
1810,626,2023-11-21,completed,credit_card,United States,49.0
1811,626,2023-11-21,completed,credit_card,United States,39.57
1812,626,2024-01-18,completed,paypal,United States,180.37
1813,627,2025-03-07,completed,paypal,United States,183.84
1814,627,2025-05-12,completed,credit_card,United States,396.77
1815,627,2025-06-20,pending,credit_card,United States,764.32
1816,627,2025-06-22,completed,debit_card,United States,104.53
1817,627,2025-07-09,completed,paypal,United States,101.25
1818,628,2024-07-19,completed,credit_card,France,102.4
1819,628,2024-08-03,completed,credit_card,France,379.2
1820,629,2025-12-24,completed,credit_card,Australia,331.79
1821,629,2025-12-27,completed,credit_card,Australia,365.63
1822,632,2023-12-13,completed,paypal,Netherlands,82.21
1823,632,2023-12-17,completed,debit_card,Netherlands,113.95
1824,632,2024-01-17,completed,gift_card,Netherlands,98.71
1825,632,2024-01-19,completed,credit_card,Netherlands,217.76
1826,632,2024-01-20,completed,credit_card,Netherlands,664.82
1827,632,2024-03-05,completed,credit_card,Netherlands,41.71
1828,632,2024-04-05,completed,paypal,Netherlands,61.91
1829,632,2024-04-25,completed,credit_card,Netherlands,477.23
1830,633,2024-01-26,completed,paypal,United States,151.34
1831,633,2024-02-03,completed,paypal,United States,19.77
1832,633,2024-04-20,completed,credit_card,United States,274.17
1833,633,2024-05-25,completed,paypal,United States,57.51
1834,633,2024-07-19,completed,credit_card,United States,205.45
1835,633,2024-07-26,completed,paypal,United States,105.74
1836,633,2024-09-07,completed,credit_card,United States,45.56
1837,633,2024-10-09,completed,,United States,206.07
1838,633,2024-10-30,completed,credit_card,United States,94.01
1839,633,2025-01-07,completed,credit_card,United States,120.57
1840,633,2025-01-10,completed,credit_card,United States,86.91
1841,633,2025-03-09,completed,credit_card,United States,564.87
1842,633,2025-03-27,completed,credit_card,United States,179.88
1843,633,2025-03-30,cancelled,paypal,United States,264.68
1844,633,2025-05-11,completed,paypal,United States,589.1
1845,633,2025-06-02,completed,paypal,United States,677.96
1846,633,2025-07-29,completed,debit_card,United States,747.65
1847,633,2025-10-24,completed,credit_card,United States,454.45
1848,633,2025-12-07,completed,gift_card,United States,420.42
1849,633,2025-12-31,completed,credit_card,United States,548.3
1850,634,2024-01-07,completed,credit_card,Canada,292.94
1851,635,2024-12-07,completed,credit_card,United Kingdom,101.24
1852,636,2023-08-24,completed,paypal,United States,454.76
1853,636,2023-08-28,completed,gift_card,United States,361.94
1854,640,2024-01-02,pending,debit_card,Australia,178.66
1855,640,2024-02-17,completed,credit_card,Australia,67.99
1856,640,2024-03-26,completed,paypal,Australia,81.62
1857,641,2025-07-24,refunded,paypal,France,138.14
1858,641,2025-09-16,completed,credit_card,France,362.9
1859,642,2025-01-16,completed,credit_card,Australia,39.36
1860,643,2025-04-08,refunded,credit_card,Germany,279.67
1861,643,2025-05-24,completed,credit_card,Germany,385.76
1862,643,2025-07-11,completed,credit_card,Germany,79.36
1863,644,2025-01-09,completed,credit_card,United States,252.22
1864,644,2025-03-02,completed,debit_card,United States,812.53
1865,644,2025-03-05,completed,paypal,United States,524.28
1866,644,2025-03-19,completed,debit_card,United States,384.06
1867,645,2023-04-05,completed,gift_card,Canada,139.01
1868,646,2024-02-11,completed,credit_card,United States,188.4
1869,647,2024-08-08,refunded,debit_card,Germany,905.5
1870,653,2025-07-30,completed,paypal,United States,180.27
1871,653,2025-08-08,completed,debit_card,United States,1010.31
1872,653,2025-08-31,completed,credit_card,United States,215.07
1873,653,2025-12-12,cancelled,credit_card,United States,469.25
1874,653,2025-12-17,completed,paypal,United States,58.9
1875,653,2025-12-17,cancelled,credit_card,United States,291.92
1876,653,2025-12-25,completed,credit_card,United States,211.48
1877,656,2024-06-01,completed,gift_card,France,219.34
1878,656,2024-07-06,completed,debit_card,France,386.98
1879,656,2024-08-19,cancelled,credit_card,France,388.6
1880,656,2024-10-22,completed,paypal,France,663.58
1881,656,2024-11-12,cancelled,credit_card,France,479.89
1882,656,2024-12-01,completed,credit_card,France,398.69
1883,656,2025-01-03,completed,credit_card,France,433.38
1884,656,2025-01-11,completed,gift_card,France,282.79
1885,657,2025-02-18,completed,paypal,India,227.52
1886,657,2025-04-09,completed,gift_card,India,230.6
1887,657,2025-04-17,completed,debit_card,India,398.69
1888,657,2025-06-06,completed,paypal,India,44.1
1889,657,2025-07-14,completed,credit_card,India,185.3
1890,657,2025-08-04,completed,credit_card,India,316.42
1891,658,2023-05-21,completed,credit_card,Australia,65.63
1892,658,2023-07-25,completed,gift_card,Australia,87.92
1893,660,2023-12-11,completed,paypal,United Kingdom,629.24
1894,660,2024-02-23,completed,debit_card,United Kingdom,240.14
1895,660,2024-02-24,completed,debit_card,United Kingdom,346.15
1896,662,2023-07-18,completed,credit_card,United States,335.62
1897,663,2023-07-24,completed,credit_card,United Kingdom,50.62
1898,664,2024-11-26,pending,paypal,United States,61.47
1899,664,2024-12-23,completed,paypal,United States,256.52
1900,664,2024-12-23,completed,gift_card,United States,227.52
1901,664,2025-03-09,completed,paypal,United States,180.27
1902,664,2025-05-13,completed,credit_card,United States,636.15
1903,664,2025-08-30,completed,gift_card,United States,62.36
1904,664,2025-09-11,completed,gift_card,United States,423.02
1905,667,2023-05-21,completed,credit_card,Germany,13.69
1906,667,2023-06-11,completed,debit_card,Germany,101.49
1907,667,2023-06-24,pending,credit_card,Germany,295.91
1908,667,2023-07-09,cancelled,credit_card,Germany,92.73
1909,667,2023-07-16,completed,gift_card,Germany,57.51
1910,667,2023-07-18,completed,,Germany,840.78
1911,669,2025-09-21,completed,credit_card,United States,127.33
1912,669,2025-10-20,completed,credit_card,United States,370.99
1913,670,2025-11-30,completed,credit_card,United States,55.35
1914,670,2025-11-30,completed,credit_card,United States,708.0
1915,671,2025-12-03,completed,credit_card,United Kingdom,192.13
1916,671,2025-12-03,completed,paypal,United Kingdom,274.17
1917,672,2024-06-29,cancelled,credit_card,Canada,145.32
1918,672,2024-08-03,completed,credit_card,Canada,1469.15
1919,672,2024-10-26,completed,credit_card,Canada,161.58
1920,672,2024-10-29,completed,credit_card,Canada,148.39
1921,672,2024-12-11,completed,debit_card,Canada,433.08
1922,672,2024-12-25,pending,paypal,Canada,806.06
1923,672,2025-04-23,completed,gift_card,Canada,161.44
1924,672,2025-06-05,completed,credit_card,Canada,115.21
1925,672,2025-08-13,completed,credit_card,Canada,68.79
1926,672,2025-09-16,completed,debit_card,Canada,265.0
1927,672,2025-09-18,completed,paypal,Canada,79.64
1928,672,2025-09-28,completed,credit_card,Canada,54.72
1929,673,2023-10-31,cancelled,credit_card,United States,168.39
1930,674,2025-01-23,completed,paypal,United States,38.4
1931,674,2025-07-21,completed,credit_card,United States,582.44
1932,674,2025-08-16,completed,debit_card,United States,66.12
1933,674,2025-09-22,completed,gift_card,United States,772.93
1934,674,2025-11-03,completed,credit_card,United States,145.84
1935,674,2025-11-17,completed,paypal,United States,282.27
1936,674,2025-11-18,completed,credit_card,United States,725.3
1937,675,2025-06-29,completed,credit_card,Mexico,312.86
1938,675,2025-08-02,completed,debit_card,Mexico,50.62
1939,675,2025-08-18,completed,debit_card,Mexico,209.61
1940,675,2025-10-05,completed,credit_card,Mexico,799.91
1941,675,2025-10-14,pending,credit_card,Mexico,356.42
1942,677,2023-12-03,completed,credit_card,United States,176.03
1943,680,2023-10-30,completed,paypal,United Kingdom,641.81
1944,680,2023-12-23,completed,credit_card,United Kingdom,176.79
1945,680,2023-12-23,completed,paypal,United Kingdom,194.81
1946,681,2023-04-24,cancelled,credit_card,Canada,23.97
1947,681,2023-05-31,completed,paypal,Canada,362.12
1948,681,2023-06-07,completed,credit_card,Canada,32.15
1949,681,2023-06-13,completed,gift_card,Canada,97.88
1950,681,2023-07-19,completed,credit_card,Canada,159.11
1951,681,2023-07-21,completed,paypal,Canada,243.46
1952,681,2023-08-09,refunded,credit_card,Canada,208.83
1953,681,2023-09-23,completed,gift_card,Canada,805.13
1954,682,2023-05-05,completed,credit_card,France,68.79
1955,682,2023-06-25,completed,credit_card,France,244.57
1956,682,2023-07-05,completed,paypal,France,1504.79
1957,682,2023-07-14,cancelled,credit_card,France,66.53
1958,682,2023-07-15,completed,credit_card,France,414.28
1959,682,2023-07-31,completed,credit_card,France,247.84
1960,682,2023-08-22,cancelled,paypal,France,906.89
1961,684,2023-09-01,completed,credit_card,Mexico,228.49
1962,684,2023-10-20,completed,credit_card,Mexico,311.42
1963,684,2023-11-24,completed,credit_card,Mexico,216.79
1964,684,2024-01-16,completed,paypal,Mexico,92.65
1965,684,2024-06-19,completed,debit_card,Mexico,426.96
1966,684,2024-08-27,completed,credit_card,Mexico,360.83
1967,684,2024-09-15,refunded,paypal,Mexico,538.3
1968,684,2024-11-08,completed,paypal,Mexico,122.45
1969,684,2024-11-24,completed,credit_card,Mexico,576.0
1970,684,2025-01-04,completed,credit_card,Mexico,137.45
1971,684,2025-02-16,pending,paypal,Mexico,146.6
1972,684,2025-06-07,completed,credit_card,Mexico,345.79
1973,684,2025-06-19,pending,credit_card,Mexico,699.49
1974,684,2025-10-27,completed,credit_card,Mexico,134.64
1975,684,2025-11-12,completed,credit_card,Mexico,66.92
1976,686,2025-01-12,completed,credit_card,United States,40.26
1977,686,2025-01-16,completed,debit_card,United States,187.96
1978,686,2025-02-27,completed,credit_card,United States,240.53
1979,687,2025-02-08,completed,paypal,United States,74.75
1980,688,2025-03-26,completed,paypal,France,174.18
1981,688,2025-05-23,completed,debit_card,France,91.71
1982,689,2025-04-06,cancelled,debit_card,United States,14.07
1983,692,2023-10-26,completed,paypal,Canada,492.87
1984,692,2024-06-25,completed,credit_card,Canada,158.19
1985,692,2024-07-10,completed,credit_card,Canada,249.17
1986,692,2024-09-22,completed,paypal,Canada,635.51
1987,692,2024-10-11,completed,debit_card,Canada,303.34
1988,692,2024-11-01,completed,debit_card,Canada,232.12
1989,692,2024-11-01,completed,paypal,Canada,172.53
1990,692,2024-11-24,cancelled,paypal,Canada,183.29
1991,692,2025-04-19,cancelled,credit_card,Canada,566.42
1992,693,2023-11-26,completed,gift_card,United Kingdom,1108.74
1993,693,2023-11-26,completed,paypal,United Kingdom,13.12
1994,693,2024-02-09,completed,debit_card,United Kingdom,102.45
1995,694,2023-03-10,completed,paypal,United States,39.2
1996,694,2023-03-27,completed,credit_card,United States,296.75
1997,694,2023-03-28,completed,credit_card,United States,607.24
1998,695,2024-10-19,completed,credit_card,United Kingdom,69.82
1999,695,2024-12-06,completed,credit_card,United Kingdom,65.63
2000,695,2024-12-21,completed,credit_card,United Kingdom,310.8
2001,695,2025-02-27,completed,paypal,United Kingdom,1028.97
2002,695,2025-03-25,completed,credit_card,United Kingdom,132.83
2003,695,2025-04-01,completed,gift_card,United Kingdom,481.08
2004,695,2025-05-26,completed,credit_card,United Kingdom,98.0
2005,695,2025-06-24,cancelled,credit_card,United Kingdom,257.58
2006,696,2024-07-04,cancelled,credit_card,United States,136.73
2007,696,2024-09-06,completed,credit_card,United States,68.79
2008,699,2023-12-09,completed,paypal,United Kingdom,363.32
2009,701,2025-12-18,completed,credit_card,United States,822.51
2010,701,2025-12-18,completed,debit_card,United States,70.42
2011,702,2025-02-23,pending,credit_card,United Kingdom,433.44
2012,702,2025-03-04,completed,credit_card,United Kingdom,91.75
2013,702,2025-05-07,cancelled,credit_card,United Kingdom,842.88
2014,702,2025-05-16,completed,credit_card,United Kingdom,463.06
2015,702,2025-06-01,completed,credit_card,United Kingdom,266.97
2016,702,2025-06-12,completed,gift_card,United Kingdom,667.29
2017,702,2025-06-21,completed,credit_card,United Kingdom,23.97
2018,703,2023-05-24,completed,credit_card,Canada,166.63
2019,704,2025-12-16,completed,credit_card,Brazil,25.6
2020,705,2024-02-28,completed,credit_card,United States,260.55
2021,705,2024-03-24,refunded,credit_card,United States,615.16
2022,705,2024-04-06,completed,gift_card,United States,423.73
2023,707,2025-11-29,completed,credit_card,Brazil,323.98
2024,709,2024-03-10,completed,credit_card,United Kingdom,83.39
2025,709,2024-03-11,completed,credit_card,United Kingdom,23.93
2026,712,2024-12-15,completed,gift_card,United States,103.43
2027,713,2023-05-15,completed,credit_card,Netherlands,312.56
2028,713,2023-08-11,completed,gift_card,Netherlands,47.65
2029,713,2023-08-31,completed,debit_card,Netherlands,241.5
2030,713,2023-09-07,cancelled,paypal,Netherlands,474.6
2031,713,2023-10-08,cancelled,credit_card,Netherlands,49.0
2032,713,2023-12-10,completed,debit_card,Netherlands,92.65
2033,714,2023-09-13,completed,credit_card,United States,533.36
2034,714,2023-10-30,completed,debit_card,United States,84.99
2035,714,2023-11-19,completed,paypal,United States,113.48
2036,714,2024-02-02,completed,credit_card,United States,208.52
2037,714,2024-02-17,completed,credit_card,United States,172.5
2038,714,2024-02-26,completed,credit_card,United States,373.75
2039,714,2024-03-04,completed,credit_card,United States,203.31
2040,714,2024-04-07,completed,gift_card,United States,105.36
2041,714,2024-04-12,refunded,credit_card,United States,87.92
2042,714,2024-05-19,completed,gift_card,United States,371.74
2043,714,2024-05-23,completed,credit_card,United States,70.5
2044,714,2024-06-03,completed,credit_card,United States,297.8
2045,714,2024-08-11,completed,credit_card,United States,159.32
2046,714,2024-10-30,completed,credit_card,United States,125.69
2047,714,2024-11-13,refunded,debit_card,United States,103.47
2048,714,2024-11-20,completed,paypal,United States,70.5
2049,714,2024-11-29,completed,credit_card,United States,39.36
2050,714,2024-11-29,completed,credit_card,United States,162.53
2051,714,2024-12-01,completed,credit_card,United States,601.16
2052,714,2024-12-18,completed,credit_card,United States,202.89
2053,714,2025-02-03,completed,gift_card,United States,121.18
2054,714,2025-03-11,completed,credit_card,United States,360.87
2055,714,2025-04-09,pending,paypal,United States,133.06
2056,714,2025-04-14,completed,paypal,United States,743.18
2057,715,2025-08-05,completed,credit_card,Australia,316.41
2058,715,2025-08-11,completed,paypal,Australia,328.22
2059,715,2025-09-07,completed,credit_card,Australia,59.56
2060,715,2025-09-14,completed,credit_card,Australia,180.47
2061,715,2025-09-17,completed,credit_card,Australia,640.68
2062,715,2025-10-23,completed,credit_card,Australia,759.31
2063,715,2025-11-10,completed,paypal,Australia,328.22
2064,715,2025-11-10,completed,credit_card,Australia,1170.32
2065,717,2023-01-15,completed,paypal,United Kingdom,195.19
2066,717,2023-01-17,completed,credit_card,United Kingdom,113.76
2067,718,2023-04-30,completed,paypal,Germany,466.26
2068,718,2023-05-15,completed,paypal,Germany,199.32
2069,718,2023-06-12,completed,credit_card,Germany,388.65
2070,718,2023-06-18,pending,debit_card,Germany,277.95
2071,718,2023-09-12,refunded,paypal,Germany,452.43
2072,718,2024-01-01,completed,credit_card,Germany,147.7
2073,718,2024-04-08,completed,credit_card,Germany,110.56
2074,718,2024-04-12,cancelled,credit_card,Germany,744.11
2075,718,2024-07-20,completed,,Germany,92.65
2076,718,2024-08-18,pending,paypal,Germany,1098.2
2077,718,2024-09-01,completed,paypal,Germany,197.66
2078,718,2024-10-29,cancelled,paypal,Germany,268.84
2079,718,2024-12-10,completed,credit_card,Germany,54.1
2080,718,2024-12-28,completed,credit_card,Germany,231.6
2081,718,2025-01-24,completed,paypal,Germany,237.44
2082,718,2025-05-01,completed,credit_card,Germany,143.27
2083,718,2025-05-10,completed,credit_card,Germany,49.0
2084,718,2025-06-09,completed,credit_card,Germany,105.73
2085,718,2025-06-18,completed,paypal,Germany,160.56
2086,718,2025-06-22,completed,gift_card,Germany,337.67
2087,718,2025-07-21,completed,credit_card,Germany,179.88
2088,718,2025-08-17,completed,paypal,Germany,169.53
2089,718,2025-12-04,completed,debit_card,Germany,784.21
2090,721,2024-01-13,completed,gift_card,Canada,131.53
2091,721,2024-01-21,refunded,credit_card,Canada,59.56
2092,723,2024-09-15,completed,credit_card,Netherlands,119.48
2093,723,2024-09-28,completed,credit_card,Netherlands,225.14
2094,725,2023-07-12,completed,credit_card,United States,160.97
2095,725,2023-10-03,completed,gift_card,United States,681.4
2096,726,2024-09-06,completed,paypal,United Kingdom,176.87
2097,726,2024-10-16,completed,debit_card,United Kingdom,124.0
2098,726,2024-11-08,completed,debit_card,United Kingdom,644.29
2099,728,2024-09-04,completed,credit_card,Brazil,53.97
2100,728,2024-09-17,completed,credit_card,Brazil,23.97
2101,728,2024-11-18,completed,paypal,Brazil,250.16
2102,728,2025-01-17,pending,paypal,Brazil,121.18
2103,728,2025-01-19,completed,credit_card,Brazil,79.64
2104,728,2025-01-30,completed,credit_card,Brazil,345.37
2105,728,2025-02-02,completed,credit_card,Brazil,84.99
2106,728,2025-05-18,cancelled,credit_card,Brazil,196.03
2107,729,2024-03-20,completed,debit_card,United Kingdom,141.75
2108,729,2024-05-17,completed,debit_card,United Kingdom,189.13
2109,729,2024-06-07,pending,credit_card,United Kingdom,696.64
2110,729,2024-07-14,cancelled,credit_card,United Kingdom,39.56
2111,729,2024-07-23,completed,credit_card,United Kingdom,287.18
2112,729,2024-08-11,completed,credit_card,United Kingdom,299.25
2113,729,2024-09-30,completed,paypal,United Kingdom,231.03
2114,730,2024-05-11,completed,paypal,United States,468.63
2115,730,2024-05-21,refunded,credit_card,United States,1108.66
2116,730,2024-05-23,completed,gift_card,United States,265.7
2117,730,2024-07-07,completed,credit_card,United States,337.52
2118,730,2024-07-17,completed,paypal,United States,101.25
2119,730,2024-07-31,completed,credit_card,United States,1094.67
2120,731,2024-10-01,completed,paypal,United States,378.15
2121,731,2024-10-18,completed,gift_card,United States,133.18
2122,731,2024-10-21,completed,credit_card,United States,284.22
2123,731,2024-10-29,completed,credit_card,United States,101.65
2124,731,2024-12-18,completed,debit_card,United States,860.59
2125,731,2025-03-27,completed,credit_card,United States,15.17
2126,731,2025-04-25,completed,credit_card,United States,405.93
2127,731,2025-04-27,completed,credit_card,United States,325.27
2128,731,2025-05-04,completed,paypal,United States,69.82
2129,734,2025-10-21,completed,credit_card,France,132.43
2130,735,2023-04-28,completed,debit_card,United Kingdom,96.94
2131,735,2023-06-20,completed,paypal,United Kingdom,232.17
2132,735,2023-06-29,completed,credit_card,United Kingdom,40.26
2133,737,2023-03-06,completed,paypal,Mexico,70.5
2134,739,2023-03-09,refunded,credit_card,Australia,517.9
2135,741,2023-07-18,cancelled,credit_card,France,216.89
2136,742,2025-12-02,completed,credit_card,United States,392.06
2137,742,2025-12-02,completed,credit_card,United States,588.92
2138,743,2025-12-28,completed,paypal,United States,535.51
2139,745,2025-10-01,refunded,credit_card,Brazil,208.79
2140,745,2025-10-10,completed,credit_card,Brazil,32.54
2141,745,2025-12-16,completed,gift_card,Brazil,98.56
2142,745,2025-12-16,completed,credit_card,Brazil,80.96
2143,745,2025-12-24,completed,credit_card,Brazil,226.52
2144,745,2025-12-24,completed,credit_card,Brazil,181.46
2145,746,2024-08-10,completed,debit_card,United States,534.49
2146,746,2024-09-22,completed,credit_card,United States,62.23
2147,746,2024-09-26,completed,credit_card,United States,554.75
2148,747,2024-01-04,refunded,credit_card,Canada,59.51
2149,747,2024-01-26,completed,credit_card,Canada,12.8
2150,747,2024-02-07,pending,debit_card,Canada,157.93
2151,747,2024-04-12,completed,paypal,Canada,130.35
2152,747,2024-04-26,completed,credit_card,Canada,321.52
2153,747,2024-05-13,completed,,Canada,722.76
2154,747,2024-06-20,completed,credit_card,Canada,481.84
2155,747,2024-07-27,completed,credit_card,Canada,661.5
2156,747,2024-08-31,completed,credit_card,Canada,117.54
2157,747,2024-10-06,completed,gift_card,Canada,118.46
2158,747,2024-11-28,completed,credit_card,Canada,237.69
2159,747,2025-01-09,completed,credit_card,Canada,309.36
2160,747,2025-03-10,completed,credit_card,Canada,188.45
2161,747,2025-06-07,completed,credit_card,Canada,549.06
2162,747,2025-06-13,completed,paypal,Canada,454.44
2163,747,2025-06-20,completed,credit_card,Canada,173.82
2164,747,2025-07-11,refunded,credit_card,Canada,450.53
2165,747,2025-09-20,completed,gift_card,Canada,273.22
2166,747,2025-11-16,completed,paypal,Canada,151.67
2167,747,2025-12-27,completed,credit_card,Canada,101.88
2168,747,2025-12-27,completed,credit_card,Canada,230.02
2169,749,2024-08-27,completed,credit_card,United States,147.93
2170,750,2025-07-24,completed,credit_card,Canada,91.71
2171,750,2025-08-13,cancelled,credit_card,Canada,78.22
2172,750,2025-09-20,completed,credit_card,Canada,279.1
2173,750,2025-10-21,completed,credit_card,Canada,224.91
2174,750,2025-11-14,completed,paypal,Canada,614.07
2175,750,2025-11-14,completed,credit_card,Canada,258.12
2176,752,2025-01-20,completed,credit_card,Germany,109.51
2177,753,2023-10-04,completed,gift_card,United States,131.28
2178,753,2023-10-05,completed,credit_card,United States,43.96
2179,754,2025-09-27,completed,paypal,United Kingdom,335.99
2180,754,2025-12-05,completed,paypal,United Kingdom,248.78
2181,754,2025-12-05,completed,paypal,United Kingdom,77.95
2182,755,2025-04-03,cancelled,paypal,United States,217.77
2183,755,2025-06-03,completed,debit_card,United States,566.34
2184,755,2025-07-10,completed,,United States,401.06
2185,755,2025-08-06,completed,debit_card,United States,13.12
2186,755,2025-08-15,completed,paypal,United States,423.96
2187,755,2025-10-04,pending,debit_card,United States,768.73
2188,755,2025-10-16,cancelled,gift_card,United States,181.78
2189,755,2025-11-08,completed,paypal,United States,173.82
2190,755,2025-11-08,cancelled,paypal,United States,87.92
2191,755,2025-11-26,cancelled,gift_card,United States,179.83
2192,755,2025-11-27,completed,debit_card,United States,565.21
2193,756,2023-05-18,completed,paypal,United Kingdom,160.56
2194,756,2023-05-26,completed,gift_card,United Kingdom,77.23
2195,756,2023-08-19,completed,paypal,United Kingdom,148.74
2196,756,2023-08-30,completed,paypal,United Kingdom,69.88
2197,757,2025-01-06,completed,credit_card,Netherlands,393.89
2198,757,2025-02-10,completed,credit_card,Netherlands,325.67
2199,757,2025-02-19,completed,credit_card,Netherlands,118.33
2200,757,2025-04-06,completed,credit_card,Netherlands,127.21
2201,757,2025-04-17,pending,credit_card,Netherlands,25.6
2202,757,2025-04-22,completed,credit_card,Netherlands,86.91
2203,757,2025-05-03,completed,paypal,Netherlands,47.65
2204,757,2025-05-15,completed,credit_card,Netherlands,282.79
2205,758,2023-09-28,completed,credit_card,United Kingdom,332.86
2206,758,2023-10-05,completed,credit_card,United Kingdom,31.27
2207,758,2023-11-08,cancelled,debit_card,United Kingdom,671.04
2208,758,2024-01-09,completed,gift_card,United Kingdom,771.73
2209,758,2024-01-27,refunded,credit_card,United Kingdom,23.95
2210,760,2023-07-13,completed,gift_card,Mexico,97.45
2211,760,2023-09-06,completed,credit_card,Mexico,150.71
2212,760,2023-09-07,completed,debit_card,Mexico,44.1
2213,760,2023-10-26,completed,credit_card,Mexico,426.96
2214,760,2023-11-09,cancelled,paypal,Mexico,314.22
2215,760,2023-12-21,completed,credit_card,Mexico,173.41
2216,760,2023-12-21,completed,credit_card,Mexico,121.34
2217,760,2023-12-28,cancelled,credit_card,Mexico,12.8
2218,760,2024-01-09,completed,credit_card,Mexico,156.05
2219,760,2024-01-11,completed,credit_card,Mexico,545.27
2220,760,2024-01-23,completed,paypal,Mexico,107.83
2221,760,2024-03-08,completed,paypal,Mexico,332.55
2222,760,2024-03-14,completed,credit_card,Mexico,82.88
2223,760,2024-05-31,refunded,gift_card,Mexico,303.15
2224,760,2024-08-25,completed,credit_card,Mexico,207.0
2225,760,2025-01-10,completed,credit_card,Mexico,48.94
2226,760,2025-02-08,completed,credit_card,Mexico,179.88
2227,760,2025-03-07,completed,paypal,Mexico,83.39
2228,760,2025-03-16,cancelled,credit_card,Mexico,602.16
2229,760,2025-03-28,completed,credit_card,Mexico,850.28
2230,760,2025-04-11,refunded,debit_card,Mexico,366.9
2231,760,2025-04-21,completed,credit_card,Mexico,292.94
2232,760,2025-05-21,cancelled,credit_card,Mexico,218.49
2233,760,2025-09-29,completed,credit_card,Mexico,49.0
2234,760,2025-12-06,completed,credit_card,Mexico,198.66
2235,760,2025-12-11,completed,credit_card,Mexico,8.05
2236,761,2025-01-08,completed,paypal,France,389.48
2237,761,2025-01-27,completed,debit_card,France,620.84
2238,762,2023-09-14,refunded,credit_card,Australia,92.65
2239,762,2023-10-06,completed,credit_card,Australia,515.43
2240,762,2023-10-14,completed,credit_card,Australia,23.97
2241,762,2023-11-04,completed,paypal,Australia,98.68
2242,762,2024-04-20,refunded,debit_card,Australia,274.17
2243,762,2024-07-21,completed,credit_card,Australia,40.26
2244,762,2024-07-22,completed,paypal,Australia,739.23
2245,762,2024-08-12,completed,paypal,Australia,434.13
2246,762,2024-11-04,completed,credit_card,Australia,352.81
2247,762,2025-01-19,cancelled,credit_card,Australia,72.63
2248,762,2025-02-21,completed,paypal,Australia,450.36
2249,762,2025-03-01,completed,credit_card,Australia,357.71
2250,762,2025-03-25,completed,debit_card,Australia,408.54
2251,762,2025-04-07,completed,credit_card,Australia,379.76
2252,762,2025-05-13,completed,credit_card,Australia,387.78
2253,762,2025-06-21,completed,paypal,Australia,557.83
2254,762,2025-07-10,completed,paypal,Australia,116.44
2255,762,2025-07-12,completed,credit_card,Australia,277.75
2256,762,2025-07-20,completed,credit_card,Australia,116.14
2257,762,2025-08-08,completed,gift_card,Australia,112.57
2258,762,2025-09-28,cancelled,credit_card,Australia,31.27
2259,762,2025-10-03,completed,credit_card,Australia,234.92
2260,762,2025-10-11,pending,credit_card,Australia,200.46
2261,762,2025-10-13,pending,paypal,Australia,347.76
2262,763,2024-01-13,completed,credit_card,United States,21.73
2263,763,2024-02-13,completed,credit_card,United States,311.79
2264,763,2024-02-16,cancelled,credit_card,United States,318.21
2265,763,2024-05-03,completed,credit_card,United States,477.65
2266,763,2024-05-04,completed,,United States,126.33
2267,763,2024-06-10,completed,credit_card,United States,66.12
2268,763,2024-06-26,completed,credit_card,United States,340.14
2269,763,2024-07-11,completed,debit_card,United States,256.3
2270,763,2024-07-16,completed,paypal,United States,305.55
2271,763,2024-07-25,cancelled,credit_card,United States,69.82
2272,765,2023-02-07,completed,debit_card,United States,240.33
2273,765,2023-02-17,completed,credit_card,United States,175.69
2274,765,2023-03-21,completed,paypal,United States,727.19
2275,765,2023-09-16,completed,paypal,United States,170.66
2276,765,2023-11-12,completed,paypal,United States,460.3
2277,765,2024-01-30,completed,debit_card,United States,151.48
2278,765,2024-03-16,completed,credit_card,United States,303.05
2279,765,2024-03-17,completed,credit_card,United States,1060.82
2280,766,2025-08-10,completed,credit_card,Canada,802.97
2281,766,2025-08-11,completed,paypal,Canada,341.42
2282,766,2025-08-20,completed,paypal,Canada,602.18
2283,766,2025-09-07,completed,gift_card,Canada,185.38
2284,766,2025-12-06,completed,credit_card,Canada,60.17
2285,767,2025-09-10,completed,credit_card,Canada,324.82
2286,767,2025-09-11,completed,paypal,Canada,483.36
2287,767,2025-09-15,completed,paypal,Canada,1620.66
2288,767,2025-10-01,refunded,debit_card,Canada,459.0
2289,767,2025-12-15,completed,credit_card,Canada,195.79
2290,769,2023-02-22,completed,credit_card,Brazil,202.62
2291,770,2025-08-25,completed,credit_card,Netherlands,39.0
2292,770,2025-08-30,completed,credit_card,Netherlands,71.69
2293,770,2025-10-02,completed,paypal,Netherlands,194.9
2294,770,2025-10-05,refunded,credit_card,Netherlands,397.81
2295,770,2025-11-28,refunded,credit_card,Netherlands,213.48
2296,771,2025-03-07,completed,credit_card,Australia,236.64
2297,771,2025-05-26,cancelled,paypal,Australia,136.61
2298,771,2025-06-08,completed,credit_card,Australia,175.72
2299,773,2023-10-05,pending,credit_card,United States,185.3
2300,773,2023-10-18,completed,credit_card,United States,104.56
2301,773,2023-10-25,completed,gift_card,United States,104.53
2302,773,2023-12-02,completed,debit_card,United States,213.48
2303,773,2023-12-03,completed,credit_card,United States,66.12
2304,773,2024-02-17,completed,paypal,United States,359.32
2305,773,2024-02-19,completed,paypal,United States,156.48
2306,773,2024-04-08,completed,gift_card,United States,170.78
2307,773,2024-04-21,completed,gift_card,United States,527.25
2308,775,2025-10-01,completed,gift_card,Germany,182.68
2309,779,2025-10-09,refunded,credit_card,Australia,329.53
2310,780,2025-10-08,completed,paypal,Mexico,40.26
2311,780,2025-11-27,completed,credit_card,Mexico,265.92
2312,782,2025-08-20,completed,credit_card,United Kingdom,435.68
2313,784,2023-09-08,completed,paypal,France,399.16
2314,784,2023-09-24,cancelled,debit_card,France,421.89
2315,784,2023-10-05,completed,credit_card,France,67.88
2316,784,2023-10-21,completed,credit_card,France,219.68
2317,784,2023-10-24,cancelled,paypal,France,165.66
2318,785,2023-04-04,completed,,United States,97.84
2319,785,2023-04-13,refunded,credit_card,United States,185.3
2320,785,2023-05-21,completed,credit_card,United States,284.94
2321,786,2024-06-17,completed,credit_card,United States,55.81
2322,786,2024-06-27,completed,paypal,United States,131.97
2323,786,2024-08-04,completed,credit_card,United States,89.19
2324,787,2024-02-04,completed,gift_card,United States,351.27
2325,787,2024-04-13,completed,credit_card,United States,551.01
2326,787,2024-04-22,completed,paypal,United States,591.79
2327,790,2025-04-25,completed,credit_card,Netherlands,25.92
2328,790,2025-05-30,completed,credit_card,Netherlands,11.66
2329,790,2025-06-23,completed,debit_card,Netherlands,48.94
2330,790,2025-08-16,completed,credit_card,Netherlands,157.79
2331,790,2025-08-20,completed,paypal,Netherlands,74.12
2332,790,2025-11-11,cancelled,credit_card,Netherlands,459.89
2333,791,2023-05-23,completed,credit_card,United States,426.94
2334,791,2023-06-13,pending,,United States,67.88
2335,791,2023-07-13,completed,credit_card,United States,447.17
2336,792,2025-09-15,completed,paypal,United States,92.65
2337,792,2025-11-17,completed,credit_card,United States,565.38
2338,792,2025-12-10,completed,credit_card,United States,229.26
2339,792,2025-12-26,refunded,paypal,United States,1482.45
2340,792,2025-12-26,completed,credit_card,United States,573.54
2341,793,2025-10-22,cancelled,paypal,United States,375.03
2342,795,2025-01-07,completed,debit_card,United States,316.09
2343,795,2025-03-02,cancelled,paypal,United States,304.1
2344,795,2025-03-15,completed,debit_card,United States,295.96
2345,796,2023-07-24,completed,credit_card,United States,407.27
2346,797,2024-03-25,pending,debit_card,France,1507.22
2347,797,2024-05-09,pending,credit_card,France,1003.21
2348,797,2024-05-19,completed,credit_card,France,43.96
2349,798,2023-01-29,completed,paypal,United States,179.33
2350,798,2023-02-15,pending,debit_card,United States,405.84
2351,798,2023-04-21,completed,paypal,United States,106.83
2352,798,2023-05-11,completed,credit_card,United States,139.64
2353,798,2023-06-28,completed,credit_card,United States,74.12
2354,798,2023-08-05,cancelled,credit_card,United States,134.64
2355,802,2024-01-30,completed,paypal,Germany,1000.89
2356,803,2025-07-31,pending,credit_card,United States,497.95
2357,803,2025-08-21,completed,gift_card,United States,268.84
2358,803,2025-08-29,completed,credit_card,United States,412.79
2359,803,2025-10-03,completed,credit_card,United States,26.24
2360,803,2025-12-09,cancelled,credit_card,United States,217.78
2361,804,2024-08-03,completed,debit_card,Germany,11.81
2362,804,2024-11-25,completed,credit_card,Germany,377.59
2363,804,2024-11-25,completed,credit_card,Germany,152.22
2364,804,2024-12-24,completed,credit_card,Germany,405.63
2365,804,2025-01-03,cancelled,credit_card,Germany,484.77
2366,804,2025-02-18,completed,paypal,Germany,309.23
2367,804,2025-02-25,completed,credit_card,Germany,154.74
2368,804,2025-06-19,completed,paypal,Germany,390.02
2369,804,2025-06-30,completed,paypal,Germany,425.32
2370,804,2025-07-26,refunded,debit_card,Germany,268.84
2371,804,2025-12-06,completed,paypal,Germany,57.51
2372,804,2025-12-06,completed,credit_card,Germany,385.47
2373,804,2025-12-24,completed,credit_card,Germany,166.32
2374,805,2023-05-07,pending,credit_card,United States,1103.91
2375,805,2023-05-14,completed,credit_card,United States,148.24
2376,805,2023-07-16,completed,credit_card,United States,917.08
2377,808,2023-06-23,completed,paypal,United States,151.95
2378,810,2025-03-29,completed,paypal,United States,86.91
2379,810,2025-06-02,completed,credit_card,United States,717.08
2380,810,2025-06-15,completed,credit_card,United States,105.8
2381,810,2025-06-21,completed,credit_card,United States,187.3
2382,810,2025-07-28,completed,,United States,60.82
2383,810,2025-07-31,completed,,United States,385.73
2384,810,2025-08-09,completed,credit_card,United States,18.47
2385,810,2025-09-03,completed,gift_card,United States,43.96
2386,810,2025-11-18,completed,debit_card,United States,92.65
2387,811,2023-06-30,refunded,credit_card,United Kingdom,357.98
2388,811,2023-07-19,cancelled,debit_card,United Kingdom,118.3
2389,811,2024-01-29,completed,paypal,United Kingdom,549.71
2390,811,2024-02-06,completed,credit_card,United Kingdom,781.36
2391,811,2024-02-21,completed,paypal,United Kingdom,282.79
2392,812,2025-02-01,completed,credit_card,United States,498.35
2393,812,2025-03-06,completed,credit_card,United States,23.97
2394,812,2025-06-25,completed,,United States,40.26
2395,812,2025-07-21,completed,credit_card,United States,421.85
2396,812,2025-07-26,cancelled,paypal,United States,68.79
2397,812,2025-09-21,completed,credit_card,United States,119.73
2398,812,2025-10-07,completed,paypal,United States,459.86
2399,812,2025-12-09,completed,gift_card,United States,135.87
2400,814,2024-03-23,completed,credit_card,Australia,64.11
2401,814,2024-06-18,completed,debit_card,Australia,41.44
2402,816,2024-02-06,completed,debit_card,Brazil,183.84
2403,816,2024-03-31,completed,credit_card,Brazil,134.64
2404,816,2024-04-02,completed,credit_card,Brazil,365.11
2405,816,2024-04-19,completed,credit_card,Brazil,122.84
2406,816,2024-06-23,completed,paypal,Brazil,276.86
2407,816,2024-07-11,completed,debit_card,Brazil,699.13
2408,816,2024-08-06,completed,credit_card,Brazil,111.62
2409,816,2024-10-28,completed,credit_card,Brazil,867.65
2410,816,2024-12-30,completed,credit_card,Brazil,341.52
2411,816,2025-01-06,completed,credit_card,Brazil,228.51
2412,816,2025-01-28,completed,paypal,Brazil,66.12
2413,816,2025-02-22,completed,credit_card,Brazil,512.78
2414,816,2025-03-20,completed,credit_card,Brazil,63.21
2415,816,2025-03-26,completed,credit_card,Brazil,461.85
2416,816,2025-04-23,completed,credit_card,Brazil,66.12
2417,816,2025-06-08,completed,paypal,Brazil,59.56
2418,816,2025-07-01,completed,debit_card,Brazil,12.8
2419,816,2025-08-18,completed,credit_card,Brazil,448.88
2420,816,2025-09-25,completed,gift_card,Brazil,206.71
2421,816,2025-10-06,completed,debit_card,Brazil,159.23
2422,816,2025-10-21,completed,credit_card,Brazil,588.6
2423,816,2025-10-22,completed,debit_card,Brazil,229.68
2424,817,2023-06-26,completed,credit_card,United States,237.45
2425,817,2023-07-29,completed,credit_card,United States,479.0
2426,820,2023-03-21,completed,paypal,Canada,570.55
2427,820,2023-05-25,cancelled,credit_card,Canada,395.48
2428,821,2023-06-06,completed,debit_card,United Kingdom,168.3
2429,821,2023-06-21,completed,credit_card,United Kingdom,180.17
2430,823,2023-07-07,completed,paypal,United States,185.8
2431,823,2023-09-07,completed,credit_card,United States,115.75
2432,823,2023-09-19,completed,credit_card,United States,215.48
2433,823,2023-11-04,completed,credit_card,United States,82.83
2434,823,2023-11-08,cancelled,paypal,United States,84.99
2435,823,2023-12-03,completed,paypal,United States,202.84
2436,823,2023-12-09,completed,debit_card,United States,48.94
2437,826,2023-04-28,completed,credit_card,United States,612.64
2438,826,2023-07-21,completed,credit_card,United States,532.99
2439,826,2023-09-13,cancelled,credit_card,United States,824.13
2440,826,2023-09-19,completed,credit_card,United States,83.05
2441,826,2023-10-15,completed,debit_card,United States,239.99
2442,826,2023-11-02,cancelled,paypal,United States,487.68
2443,826,2024-02-08,completed,gift_card,United States,154.02
2444,826,2024-02-20,completed,paypal,United States,636.97
2445,826,2024-03-24,cancelled,credit_card,United States,52.03
2446,827,2023-12-18,completed,credit_card,United States,750.35
2447,827,2023-12-18,completed,credit_card,United States,45.56
2448,827,2023-12-28,completed,credit_card,United States,203.16
2449,827,2024-04-22,completed,gift_card,United States,859.53
2450,827,2024-04-26,completed,credit_card,United States,411.3
2451,827,2024-05-15,refunded,gift_card,United States,430.13
2452,829,2023-02-10,refunded,gift_card,United States,83.07
2453,830,2024-08-08,cancelled,credit_card,United States,15.17
2454,830,2024-10-03,cancelled,credit_card,United States,52.03
2455,831,2024-02-14,completed,credit_card,Germany,221.53
2456,831,2024-03-06,pending,credit_card,Germany,298.67
2457,833,2025-02-28,cancelled,paypal,India,91.71
2458,833,2025-07-07,completed,credit_card,India,263.65
2459,833,2025-08-04,completed,gift_card,India,21.57
2460,833,2025-08-27,completed,credit_card,India,262.61
2461,833,2025-10-12,completed,credit_card,India,13.12
2462,835,2024-08-13,completed,debit_card,United States,66.12
2463,835,2024-08-29,completed,,United States,478.67
2464,836,2023-04-14,completed,gift_card,United Kingdom,282.79
2465,837,2025-07-20,completed,gift_card,United Kingdom,40.1
2466,839,2025-05-28,completed,paypal,Canada,235.27
2467,840,2024-04-17,completed,paypal,France,15.17
2468,840,2024-05-21,refunded,credit_card,France,483.98
2469,840,2024-09-06,completed,credit_card,France,59.51
2470,840,2024-10-18,completed,credit_card,France,738.59
2471,840,2024-11-11,completed,paypal,France,556.91
2472,840,2024-11-11,completed,debit_card,France,166.32
2473,840,2025-02-25,completed,credit_card,France,122.84
2474,840,2025-03-23,completed,credit_card,France,297.7
2475,840,2025-04-08,completed,paypal,France,171.13
2476,840,2025-04-15,completed,paypal,France,887.14
2477,842,2025-10-04,cancelled,credit_card,United States,362.96
2478,842,2025-10-13,completed,paypal,United States,393.73
2479,842,2025-11-18,cancelled,credit_card,United States,603.55
2480,843,2024-08-20,completed,gift_card,Australia,315.02
2481,843,2024-08-27,completed,credit_card,Australia,40.26
2482,843,2024-08-31,completed,credit_card,Australia,410.7
2483,844,2023-10-11,completed,credit_card,United States,467.15
2484,844,2023-11-18,completed,paypal,United States,252.06
2485,844,2023-11-18,completed,credit_card,United States,197.7
2486,844,2023-11-19,completed,paypal,United States,69.82
2487,844,2023-11-19,completed,gift_card,United States,161.36
2488,844,2023-12-03,completed,credit_card,United States,79.64
2489,844,2023-12-03,completed,paypal,United States,82.21
2490,844,2023-12-18,completed,paypal,United States,206.37
2491,844,2023-12-18,completed,credit_card,United States,374.5
2492,845,2024-09-17,completed,credit_card,Australia,905.61
2493,846,2024-04-30,completed,debit_card,Canada,189.0
2494,848,2024-05-06,completed,paypal,United States,328.22
2495,848,2024-05-13,completed,debit_card,United States,146.82
2496,848,2024-05-22,completed,credit_card,United States,591.4
2497,848,2024-06-12,completed,paypal,United States,124.39
2498,848,2024-08-19,completed,credit_card,United States,536.18
2499,849,2023-05-01,cancelled,credit_card,Brazil,91.71
2500,849,2023-07-06,completed,paypal,Brazil,256.11
2501,849,2023-08-15,completed,credit_card,Brazil,104.17
2502,850,2025-05-03,completed,,United States,631.0
2503,850,2025-06-05,completed,credit_card,United States,1352.84
2504,850,2025-08-06,completed,credit_card,United States,227.52
2505,851,2023-03-03,completed,paypal,United Kingdom,71.68
2506,851,2023-03-12,completed,paypal,United Kingdom,554.86
2507,851,2023-03-29,completed,paypal,United Kingdom,550.65
2508,851,2023-05-14,completed,credit_card,United Kingdom,224.39
2509,851,2023-06-24,cancelled,credit_card,United Kingdom,461.46
2510,851,2023-07-22,completed,paypal,United Kingdom,40.26
2511,851,2023-08-19,completed,credit_card,United Kingdom,199.66
2512,851,2023-10-25,completed,paypal,United Kingdom,66.53
2513,851,2023-12-04,completed,credit_card,United Kingdom,144.53
2514,853,2025-08-05,completed,credit_card,Australia,92.65
2515,853,2025-08-18,completed,credit_card,Australia,159.85
2516,856,2024-03-15,cancelled,paypal,Germany,571.84
2517,859,2024-05-18,completed,credit_card,Germany,82.54
2518,861,2025-11-14,pending,paypal,United States,148.17
2519,862,2025-10-24,completed,debit_card,United States,194.9
2520,862,2025-11-13,completed,credit_card,United States,205.44
2521,862,2025-11-13,completed,debit_card,United States,119.12
2522,862,2025-11-28,completed,credit_card,United States,43.96
2523,862,2025-12-18,completed,debit_card,United States,341.42
2524,862,2025-12-18,completed,credit_card,United States,543.76
2525,862,2025-12-28,completed,paypal,United States,53.97
2526,862,2025-12-31,completed,credit_card,United States,594.65
2527,863,2024-09-30,completed,paypal,Germany,445.26
2528,863,2024-10-26,cancelled,paypal,Germany,108.89
2529,863,2024-12-04,completed,credit_card,Germany,186.4
2530,863,2025-02-04,pending,debit_card,Germany,346.68
2531,863,2025-03-06,completed,debit_card,Germany,83.07
2532,865,2023-10-07,completed,paypal,United States,492.33
2533,866,2024-09-09,completed,credit_card,Canada,99.2
2534,866,2024-09-16,completed,,Canada,1031.94
2535,866,2024-11-17,completed,credit_card,Canada,858.84
2536,866,2024-11-17,completed,credit_card,Canada,101.24
2537,867,2025-09-30,completed,credit_card,United Kingdom,727.88
2538,867,2025-10-04,cancelled,credit_card,United Kingdom,251.36
2539,867,2025-10-17,completed,credit_card,United Kingdom,232.17
2540,869,2025-11-11,completed,credit_card,Germany,101.49
2541,869,2025-11-12,completed,gift_card,Germany,537.68
2542,869,2025-11-12,completed,paypal,Germany,128.59
2543,869,2025-11-17,completed,credit_card,Germany,101.25
2544,870,2023-11-12,completed,credit_card,United Kingdom,92.65
2545,870,2024-01-22,completed,credit_card,United Kingdom,45.51
2546,870,2024-03-30,completed,credit_card,United Kingdom,296.37
2547,870,2024-04-21,completed,gift_card,United Kingdom,722.86
2548,870,2024-06-11,completed,paypal,United Kingdom,1152.16
2549,870,2024-06-19,completed,debit_card,United Kingdom,278.19
2550,870,2024-07-04,completed,credit_card,United Kingdom,87.7
2551,870,2024-07-25,completed,credit_card,United Kingdom,308.48
2552,870,2024-10-04,completed,credit_card,United Kingdom,590.69
2553,870,2024-11-24,completed,credit_card,United Kingdom,462.41
2554,870,2024-11-24,completed,paypal,United Kingdom,98.0
2555,871,2024-08-20,completed,gift_card,United States,79.98
2556,871,2024-09-06,completed,debit_card,United States,36.16
2557,871,2024-12-11,completed,paypal,United States,234.14
2558,873,2023-11-28,completed,credit_card,Netherlands,434.49
2559,874,2024-11-07,completed,credit_card,Canada,250.58
2560,874,2024-11-07,completed,debit_card,Canada,96.71
2561,876,2025-07-09,completed,paypal,United States,131.29
2562,877,2023-01-24,completed,credit_card,India,417.22
2563,879,2024-11-26,completed,paypal,France,507.76
2564,879,2025-01-24,completed,credit_card,France,34.98
2565,880,2023-09-13,completed,debit_card,United States,101.25
2566,881,2024-11-19,completed,credit_card,United Kingdom,295.59
2567,881,2024-12-05,refunded,paypal,United Kingdom,213.48
2568,881,2025-01-28,completed,gift_card,United Kingdom,23.97
2569,881,2025-02-07,completed,,United Kingdom,877.45
2570,881,2025-02-24,refunded,credit_card,United Kingdom,382.35
2571,881,2025-03-18,pending,credit_card,United Kingdom,243.68
2572,881,2025-06-05,pending,paypal,United Kingdom,511.25
2573,881,2025-07-10,completed,credit_card,United Kingdom,390.53
2574,881,2025-07-13,completed,gift_card,United Kingdom,676.28
2575,881,2025-09-01,completed,credit_card,United Kingdom,303.78
2576,881,2025-09-05,refunded,paypal,United Kingdom,84.99
2577,881,2025-09-29,completed,paypal,United Kingdom,232.14
2578,881,2025-10-05,completed,gift_card,United Kingdom,23.97
2579,881,2025-12-01,completed,credit_card,United Kingdom,358.82
2580,881,2025-12-18,completed,credit_card,United Kingdom,231.5
2581,881,2025-12-18,refunded,credit_card,United Kingdom,158.28
2582,881,2025-12-19,completed,credit_card,United Kingdom,444.19
2583,882,2024-02-27,completed,credit_card,Canada,308.31
2584,882,2024-07-05,completed,paypal,Canada,56.22
2585,882,2024-08-10,refunded,debit_card,Canada,227.4
2586,883,2024-02-20,cancelled,credit_card,Mexico,242.35
2587,883,2024-04-19,completed,credit_card,Mexico,577.72
2588,884,2025-03-29,completed,credit_card,India,1120.1
2589,884,2025-08-15,completed,credit_card,India,638.48
2590,885,2024-12-13,completed,credit_card,United States,100.98
2591,885,2024-12-13,completed,paypal,United States,1081.53
2592,885,2025-01-27,cancelled,paypal,United States,299.0
2593,885,2025-06-19,completed,credit_card,United States,213.48
2594,885,2025-07-06,completed,paypal,United States,370.41
2595,885,2025-07-12,completed,paypal,United States,160.13
2596,885,2025-09-04,completed,credit_card,United States,541.89
2597,885,2025-09-23,cancelled,paypal,United States,79.46
2598,885,2025-10-30,cancelled,paypal,United States,1032.79
2599,886,2025-05-16,completed,gift_card,United States,398.69
2600,886,2025-05-24,completed,credit_card,United States,205.27
2601,886,2025-07-16,completed,paypal,United States,306.13
2602,886,2025-08-17,completed,gift_card,United States,171.4
2603,886,2025-09-23,cancelled,credit_card,United States,353.12
2604,886,2025-10-22,pending,credit_card,United States,487.23
2605,886,2025-11-24,completed,gift_card,United States,719.17
2606,887,2023-12-01,completed,debit_card,Australia,48.94
2607,887,2023-12-04,completed,paypal,Australia,458.35
2608,887,2023-12-05,cancelled,paypal,Australia,259.85
2609,887,2023-12-16,completed,credit_card,Australia,213.48
2610,887,2023-12-16,completed,credit_card,Australia,212.78
2611,887,2023-12-23,completed,paypal,Australia,425.2
2612,887,2024-01-17,cancelled,debit_card,Australia,814.07
2613,887,2024-01-25,refunded,credit_card,Australia,741.72
2614,887,2024-02-06,completed,credit_card,Australia,270.48
2615,887,2024-02-28,completed,gift_card,Australia,270.48
2616,887,2024-03-11,completed,credit_card,Australia,42.95
2617,887,2024-05-12,completed,credit_card,Australia,446.01
2618,887,2024-06-29,completed,debit_card,Australia,86.05
2619,887,2024-08-14,completed,paypal,Australia,213.83
2620,887,2024-10-24,completed,paypal,Australia,403.64
2621,887,2024-11-20,completed,credit_card,Australia,628.61
2622,887,2024-11-29,completed,credit_card,Australia,427.75
2623,887,2025-01-20,pending,credit_card,Australia,84.99
2624,887,2025-02-01,completed,credit_card,Australia,229.68
2625,887,2025-03-07,refunded,credit_card,Australia,306.46
2626,887,2025-03-21,completed,credit_card,Australia,240.37
2627,887,2025-07-01,completed,credit_card,Australia,319.85
2628,892,2023-11-16,completed,,United States,224.87
2629,894,2025-11-29,completed,credit_card,United States,59.23
2630,896,2025-04-04,completed,credit_card,Mexico,656.5
2631,896,2025-04-06,completed,credit_card,Mexico,194.9
2632,897,2023-11-01,cancelled,debit_card,United States,261.83
2633,897,2024-01-17,completed,credit_card,United States,217.77
2634,898,2025-01-31,completed,debit_card,United States,715.46
2635,899,2025-12-07,cancelled,credit_card,United States,11.96
2636,903,2025-11-04,completed,debit_card,United States,92.73
2637,904,2025-12-31,completed,credit_card,Germany,31.27
2638,905,2023-09-19,completed,credit_card,United Kingdom,181.41
2639,909,2025-06-24,completed,credit_card,United States,39.36
2640,910,2023-10-20,completed,credit_card,Canada,332.68
2641,910,2024-03-21,completed,credit_card,Canada,428.17
2642,913,2025-12-01,completed,debit_card,United States,111.88
2643,913,2025-12-04,cancelled,credit_card,United States,554.72
2644,913,2025-12-12,completed,paypal,United States,367.99
2645,913,2025-12-12,completed,paypal,United States,652.85
2646,914,2023-03-08,completed,credit_card,Canada,92.65
2647,914,2023-03-31,cancelled,debit_card,Canada,75.67
2648,914,2023-04-14,completed,credit_card,Canada,270.72
2649,915,2023-01-22,cancelled,credit_card,United States,124.39
2650,915,2023-02-17,completed,debit_card,United States,172.97
2651,916,2025-06-02,completed,credit_card,Netherlands,695.27
2652,916,2025-06-12,pending,credit_card,Netherlands,351.93
2653,916,2025-06-23,completed,debit_card,Netherlands,328.78
2654,918,2023-10-04,completed,debit_card,United States,161.18
2655,918,2023-10-25,completed,debit_card,United States,482.21
2656,918,2023-11-20,cancelled,paypal,United States,117.68
2657,918,2024-01-24,completed,paypal,United States,185.84
2658,918,2024-03-21,completed,credit_card,United States,775.04
2659,919,2023-04-20,completed,gift_card,Australia,589.66
2660,919,2023-05-11,completed,debit_card,Australia,1151.94
2661,919,2023-06-20,completed,paypal,Australia,185.3
2662,919,2023-08-01,completed,credit_card,Australia,18.47
2663,919,2023-08-16,completed,,Australia,78.75
2664,919,2023-08-31,completed,paypal,Australia,111.25
2665,919,2023-11-10,refunded,credit_card,Australia,930.74
2666,919,2023-11-10,completed,credit_card,Australia,36.16
2667,919,2024-01-25,completed,debit_card,Australia,130.13
2668,919,2024-02-27,refunded,debit_card,Australia,256.77
2669,919,2024-04-18,completed,credit_card,Australia,42.23
2670,919,2024-07-22,completed,credit_card,Australia,49.0
2671,919,2024-09-06,completed,credit_card,Australia,9.33
2672,919,2024-09-20,completed,credit_card,Australia,343.6
2673,919,2024-10-10,completed,credit_card,Australia,580.72
2674,919,2024-11-11,cancelled,paypal,Australia,250.16
2675,919,2024-12-17,completed,credit_card,Australia,1094.5
2676,919,2024-12-17,completed,credit_card,Australia,186.53
2677,919,2025-02-02,cancelled,paypal,Australia,306.76
2678,919,2025-02-09,completed,gift_card,Australia,340.19
2679,919,2025-03-08,completed,credit_card,Australia,294.31
2680,919,2025-03-27,completed,debit_card,Australia,96.94
2681,919,2025-04-13,completed,credit_card,Australia,340.18
2682,919,2025-07-05,completed,paypal,Australia,157.34
2683,920,2024-10-24,completed,credit_card,United States,273.25
2684,920,2024-11-07,completed,paypal,United States,413.79
2685,920,2024-12-10,completed,paypal,United States,27.92
2686,920,2024-12-18,completed,credit_card,United States,51.5
2687,920,2024-12-18,refunded,credit_card,United States,156.08
2688,920,2025-01-10,pending,credit_card,United States,100.38
2689,920,2025-02-11,completed,credit_card,United States,83.39
2690,921,2024-01-25,completed,credit_card,United Kingdom,303.73
2691,921,2024-02-22,completed,credit_card,United Kingdom,400.83
2692,922,2023-08-13,completed,paypal,United States,335.62
2693,922,2023-08-31,completed,credit_card,United States,57.51
2694,922,2023-09-18,completed,credit_card,United States,177.05
2695,922,2023-10-11,completed,,United States,41.71
2696,922,2023-10-29,completed,credit_card,United States,88.2
2697,922,2024-01-02,completed,paypal,United States,749.0
2698,922,2024-02-06,completed,credit_card,United States,313.74
2699,922,2024-07-13,completed,gift_card,United States,86.91
2700,922,2024-08-05,completed,paypal,United States,551.33
2701,922,2024-09-08,completed,paypal,United States,293.54
2702,922,2024-09-28,cancelled,credit_card,United States,274.11
2703,922,2024-10-04,completed,paypal,United States,383.05
2704,922,2024-10-20,cancelled,credit_card,United States,204.04
2705,922,2024-10-22,completed,credit_card,United States,47.94
2706,922,2024-10-25,completed,credit_card,United States,397.53
2707,922,2024-12-12,completed,credit_card,United States,22.46
2708,922,2025-01-19,refunded,credit_card,United States,355.91
2709,925,2025-12-09,completed,,Netherlands,260.06
2710,927,2025-07-25,completed,credit_card,United Kingdom,588.28
2711,927,2025-08-21,completed,credit_card,United Kingdom,666.62
2712,927,2025-09-15,pending,credit_card,United Kingdom,171.65
2713,927,2025-09-19,completed,paypal,United Kingdom,254.51
2714,927,2025-10-16,completed,credit_card,United Kingdom,871.92
2715,927,2025-11-10,completed,gift_card,United Kingdom,196.03
2716,927,2025-11-28,completed,paypal,United Kingdom,226.57
2717,927,2025-11-28,completed,debit_card,United Kingdom,599.96
2718,927,2025-12-14,completed,debit_card,United Kingdom,1696.63
2719,927,2025-12-25,cancelled,debit_card,United Kingdom,87.92
2720,928,2023-04-18,refunded,debit_card,United States,121.18
2721,928,2023-06-11,completed,debit_card,United States,278.64
2722,928,2023-08-01,completed,credit_card,United States,62.36
2723,928,2023-11-13,completed,debit_card,United States,1277.86
2724,928,2023-11-14,completed,credit_card,United States,604.25
2725,928,2023-12-13,completed,debit_card,United States,655.16
2726,928,2023-12-13,cancelled,credit_card,United States,92.65
2727,928,2024-01-23,completed,credit_card,United States,367.47
2728,928,2024-02-26,completed,credit_card,United States,36.73
2729,930,2023-10-26,cancelled,gift_card,Germany,234.14
2730,930,2023-11-10,completed,credit_card,Germany,272.25
2731,930,2023-11-10,completed,debit_card,Germany,131.87
2732,930,2023-12-14,completed,credit_card,Germany,1037.19
2733,930,2023-12-14,completed,credit_card,Germany,11.81
2734,930,2024-01-10,completed,credit_card,Germany,229.68
2735,930,2024-01-13,pending,credit_card,Germany,66.46
2736,930,2024-02-06,completed,credit_card,Germany,14.07
2737,930,2024-02-13,completed,paypal,Germany,768.82
2738,930,2024-05-18,completed,credit_card,Germany,282.79
2739,930,2024-06-11,completed,credit_card,Germany,197.13
2740,931,2024-09-08,completed,paypal,France,182.71
2741,931,2024-09-22,completed,gift_card,France,585.88
2742,932,2023-03-06,completed,gift_card,Canada,277.81
2743,932,2023-03-16,completed,credit_card,Canada,399.88
2744,934,2023-12-20,pending,credit_card,Canada,304.25
2745,934,2023-12-31,completed,credit_card,Canada,21.73
2746,934,2024-02-07,completed,credit_card,Canada,41.6
2747,934,2024-03-15,completed,paypal,Canada,25.82
2748,934,2024-04-30,cancelled,credit_card,Canada,388.33
2749,934,2024-07-08,completed,gift_card,Canada,207.96
2750,934,2024-07-26,completed,credit_card,Canada,134.64
2751,934,2024-09-08,completed,paypal,Canada,229.68
2752,934,2024-09-10,completed,paypal,Canada,219.34
2753,934,2024-09-18,completed,credit_card,Canada,199.93
2754,934,2024-09-28,completed,debit_card,Canada,213.48
2755,934,2024-10-30,completed,paypal,Canada,259.52
2756,934,2024-12-03,completed,credit_card,Canada,152.22
2757,935,2025-10-24,cancelled,paypal,United Kingdom,295.86
2758,935,2025-11-11,completed,paypal,United Kingdom,53.97
2759,935,2025-11-11,completed,paypal,United Kingdom,382.54
2760,935,2025-11-18,completed,debit_card,United Kingdom,43.18
2761,935,2025-12-17,completed,paypal,United Kingdom,77.23
2762,935,2025-12-17,completed,credit_card,United Kingdom,311.81
2763,936,2023-12-02,completed,credit_card,United Kingdom,461.82
2764,936,2023-12-05,completed,paypal,United Kingdom,267.97
2765,936,2023-12-05,completed,credit_card,United Kingdom,615.0
2766,936,2023-12-31,completed,credit_card,United Kingdom,78.75
2767,936,2023-12-31,refunded,paypal,United Kingdom,260.72
2768,936,2024-02-05,completed,paypal,United Kingdom,170.78
2769,936,2024-02-28,completed,debit_card,United Kingdom,232.52
2770,936,2024-03-08,completed,credit_card,United Kingdom,39.2
2771,936,2024-03-12,completed,debit_card,United Kingdom,105.78
2772,936,2024-06-16,completed,credit_card,United Kingdom,357.71
2773,936,2024-06-27,completed,credit_card,United Kingdom,229.63
2774,937,2025-03-03,completed,credit_card,Canada,62.23
2775,937,2025-03-19,completed,credit_card,Canada,146.62
2776,937,2025-03-30,completed,credit_card,Canada,11.52
2777,939,2025-03-11,completed,credit_card,United States,41.71
2778,939,2025-03-17,pending,gift_card,United States,648.06
2779,939,2025-03-27,completed,paypal,United States,27.19
2780,939,2025-04-20,completed,credit_card,United States,1128.35
2781,939,2025-07-08,completed,paypal,United States,237.59
2782,939,2025-07-24,completed,debit_card,United States,362.92
2783,940,2024-06-06,completed,debit_card,United States,47.9
2784,940,2024-06-25,completed,credit_card,United States,1095.88
2785,940,2024-07-08,completed,debit_card,United States,23.97
2786,940,2024-09-01,completed,credit_card,United States,204.27
2787,940,2024-09-10,completed,paypal,United States,92.65
2788,940,2024-10-15,pending,paypal,United States,85.09
2789,940,2024-10-22,completed,paypal,United States,674.33
2790,940,2024-12-11,completed,credit_card,United States,133.87
2791,940,2025-01-26,completed,credit_card,United States,17.86
2792,940,2025-02-11,completed,credit_card,United States,380.24
2793,940,2025-03-01,completed,credit_card,United States,87.92
2794,940,2025-03-07,completed,paypal,United States,253.46
2795,940,2025-03-19,completed,credit_card,United States,92.65
2796,940,2025-04-28,refunded,paypal,United States,723.45
2797,940,2025-04-29,completed,paypal,United States,295.4
2798,940,2025-05-17,refunded,debit_card,United States,164.74
2799,942,2025-07-17,completed,paypal,United States,92.65
2800,942,2025-07-19,completed,credit_card,United States,54.72
2801,942,2025-07-21,cancelled,credit_card,United States,146.16
2802,942,2025-07-31,completed,gift_card,United States,59.51
2803,944,2025-10-05,refunded,credit_card,United States,84.59
2804,944,2025-10-18,completed,paypal,United States,49.0
2805,944,2025-11-04,completed,debit_card,United States,109.05
2806,944,2025-11-20,completed,debit_card,United States,307.99
2807,946,2024-03-23,cancelled,paypal,United States,145.33
2808,946,2024-04-08,completed,credit_card,United States,68.79
2809,946,2024-05-11,completed,paypal,United States,99.2
2810,946,2024-08-12,refunded,paypal,United States,92.65
2811,946,2024-09-03,completed,debit_card,United States,159.11
2812,952,2024-08-06,completed,gift_card,Germany,595.49
2813,952,2024-09-27,completed,credit_card,Germany,87.96
2814,952,2024-09-28,completed,paypal,Germany,49.75
2815,956,2023-09-26,completed,debit_card,United States,43.03
2816,959,2025-10-05,completed,credit_card,United States,113.76
2817,961,2024-05-16,completed,credit_card,United States,164.11
2818,961,2024-06-29,completed,paypal,United States,174.63
2819,961,2024-07-21,completed,debit_card,United States,181.67
2820,961,2024-07-30,completed,gift_card,United States,553.91
2821,961,2024-08-09,completed,debit_card,United States,63.29
2822,961,2024-08-13,completed,paypal,United States,66.12
2823,961,2024-08-15,completed,credit_card,United States,102.44
2824,961,2024-08-25,completed,paypal,United States,382.43
2825,961,2024-09-23,completed,gift_card,United States,636.62
2826,961,2024-11-03,completed,credit_card,United States,11.66
2827,961,2024-11-30,completed,debit_card,United States,292.91
2828,961,2025-02-03,completed,credit_card,United States,114.44
2829,961,2025-02-12,completed,credit_card,United States,226.23
2830,961,2025-03-27,completed,paypal,United States,35.17
2831,964,2023-11-02,completed,debit_card,India,248.4
2832,964,2023-12-09,completed,paypal,India,294.14
2833,964,2023-12-28,cancelled,credit_card,India,255.8
2834,964,2023-12-28,completed,credit_card,India,10.49
2835,964,2024-01-10,completed,credit_card,India,555.16
2836,964,2024-02-03,completed,paypal,India,176.11
2837,964,2024-04-04,completed,debit_card,India,144.48
2838,965,2023-04-29,completed,paypal,United Kingdom,658.93
2839,965,2023-05-16,cancelled,paypal,United Kingdom,137.19
2840,965,2023-05-21,completed,credit_card,United Kingdom,810.18
2841,965,2023-06-19,completed,credit_card,United Kingdom,117.15
2842,965,2023-06-22,completed,debit_card,United Kingdom,1099.51
2843,965,2023-08-21,completed,credit_card,United Kingdom,134.64
2844,965,2024-03-24,completed,credit_card,United Kingdom,268.84
2845,965,2024-04-07,cancelled,credit_card,United Kingdom,523.17
2846,965,2024-04-26,completed,gift_card,United Kingdom,279.18
2847,967,2024-09-27,completed,credit_card,United Kingdom,38.4
2848,967,2024-11-11,completed,credit_card,United Kingdom,135.71
2849,967,2025-01-13,completed,credit_card,United Kingdom,11.52
2850,971,2025-07-12,completed,credit_card,United States,148.92
2851,971,2025-07-31,completed,gift_card,United States,198.54
2852,972,2023-09-29,completed,paypal,France,1043.75
2853,972,2023-10-15,completed,credit_card,France,56.2
2854,973,2025-06-07,completed,gift_card,India,299.5
2855,973,2025-08-15,completed,credit_card,India,240.32
2856,977,2023-12-16,completed,,Canada,399.78
2857,980,2025-01-24,completed,debit_card,United States,280.97
2858,980,2025-03-13,completed,credit_card,United States,92.65
2859,981,2024-05-11,completed,debit_card,United States,282.79
2860,981,2024-07-31,completed,debit_card,United States,101.49
2861,981,2024-11-03,completed,credit_card,United States,272.31
2862,981,2024-11-19,completed,paypal,United States,500.13
2863,981,2025-01-27,completed,paypal,United States,278.27
2864,981,2025-05-15,completed,credit_card,United States,23.93
2865,981,2025-06-03,refunded,paypal,United States,97.45
2866,983,2024-01-12,completed,gift_card,United States,298.47
2867,983,2024-02-02,cancelled,credit_card,United States,122.43
2868,983,2024-02-17,completed,credit_card,United States,61.22
2869,983,2024-04-14,completed,paypal,United States,170.2
2870,983,2024-04-18,cancelled,credit_card,United States,263.94
2871,983,2024-04-19,completed,debit_card,United States,332.4
2872,983,2024-04-20,completed,credit_card,United States,167.17
2873,983,2024-05-29,completed,credit_card,United States,187.33
2874,983,2024-07-21,completed,paypal,United States,254.97
2875,985,2024-10-22,completed,credit_card,India,357.37
2876,985,2024-11-14,completed,credit_card,India,405.86
2877,985,2024-12-14,completed,credit_card,India,262.22
2878,985,2024-12-14,completed,credit_card,India,143.03
2879,985,2025-02-17,completed,paypal,India,72.24
2880,986,2024-03-23,cancelled,debit_card,Netherlands,21.73
2881,986,2024-05-23,completed,paypal,Netherlands,39.56
2882,987,2023-11-13,pending,paypal,United Kingdom,82.83
2883,987,2023-11-25,completed,paypal,United Kingdom,73.87
2884,987,2023-12-15,refunded,gift_card,United Kingdom,39.57
2885,989,2024-11-05,pending,paypal,United States,584.64
2886,989,2024-11-17,completed,credit_card,United States,127.37
2887,989,2024-12-26,cancelled,credit_card,United States,41.44
2888,989,2025-06-23,completed,credit_card,United States,556.25
2889,989,2025-08-15,pending,debit_card,United States,235.77
2890,989,2025-09-10,completed,paypal,United States,634.68
2891,989,2025-09-17,cancelled,credit_card,United States,104.17
2892,989,2025-11-25,completed,credit_card,United States,69.82
2893,990,2024-07-12,completed,credit_card,Australia,213.48
2894,990,2024-08-01,completed,gift_card,Australia,73.3
2895,990,2024-08-05,completed,paypal,Australia,173.41
2896,991,2025-09-08,cancelled,credit_card,United States,173.82
2897,991,2025-11-28,completed,gift_card,United States,708.63
2898,991,2025-12-15,completed,debit_card,United States,71.69
2899,991,2025-12-15,completed,credit_card,United States,268.84
2900,991,2025-12-17,completed,credit_card,United States,491.34
2901,991,2025-12-23,cancelled,credit_card,United States,561.99
2902,991,2025-12-23,cancelled,credit_card,United States,806.82
2903,992,2023-01-12,completed,paypal,Australia,115.1
2904,992,2023-02-18,completed,paypal,Australia,185.3
2905,992,2023-03-05,completed,paypal,Australia,137.0
2906,993,2025-02-25,pending,debit_card,Mexico,95.17
2907,993,2025-03-12,cancelled,gift_card,Mexico,146.74
2908,995,2025-06-17,completed,gift_card,United States,175.81
2909,995,2025-07-28,completed,credit_card,United States,609.24
2910,995,2025-09-17,cancelled,credit_card,United States,1142.5
2911,995,2025-10-10,completed,debit_card,United States,256.76
2912,997,2025-11-30,completed,paypal,Canada,190.14
2913,999,2024-07-01,completed,paypal,United States,359.36
2914,999,2024-10-09,completed,credit_card,United States,533.14
2915,999,2024-10-30,completed,credit_card,United States,228.71
2916,999,2025-01-18,completed,credit_card,United States,372.56
2917,999,2025-02-14,completed,credit_card,United States,92.65
2918,999,2025-03-19,completed,debit_card,United States,247.78
2919,999,2025-05-15,completed,debit_card,United States,339.4
2920,999,2025-05-31,cancelled,credit_card,United States,164.11
2921,1003,2025-12-15,pending,gift_card,United States,446.05
2922,1003,2025-12-15,completed,debit_card,United States,187.33
2923,1003,2025-12-21,completed,credit_card,United States,298.72
2924,1003,2025-12-28,completed,paypal,United States,213.48
2925,1005,2023-08-11,cancelled,debit_card,United States,22.24
2926,1005,2023-10-11,cancelled,paypal,United States,168.06
2927,1006,2025-09-23,completed,credit_card,United Kingdom,221.35
2928,1006,2025-09-28,completed,debit_card,United Kingdom,139.49
2929,1006,2025-09-29,cancelled,gift_card,United Kingdom,86.9
2930,1006,2025-11-10,completed,debit_card,United Kingdom,617.42
2931,1006,2025-12-18,completed,debit_card,United Kingdom,124.39
2932,1006,2025-12-19,completed,paypal,United Kingdom,66.12
2933,1007,2025-07-17,completed,credit_card,United States,74.75
2934,1008,2024-08-11,completed,paypal,United States,481.84
2935,1008,2024-08-21,completed,credit_card,United States,41.44
2936,1008,2025-04-29,pending,credit_card,United States,63.21
2937,1008,2025-05-31,cancelled,credit_card,United States,669.45
2938,1008,2025-07-02,completed,gift_card,United States,663.59
2939,1008,2025-07-11,completed,paypal,United States,188.45
2940,1008,2025-07-15,completed,credit_card,United States,455.01
2941,1008,2025-09-21,completed,credit_card,United States,176.91
2942,1008,2025-11-19,completed,credit_card,United States,577.22
2943,1008,2025-12-16,completed,paypal,United States,488.26
2944,1010,2023-09-01,completed,gift_card,Mexico,22.24
2945,1010,2023-11-09,completed,debit_card,Mexico,373.9
2946,1010,2023-11-09,completed,credit_card,Mexico,311.67
2947,1010,2023-12-11,completed,paypal,Mexico,227.52
2948,1011,2023-11-18,completed,credit_card,France,226.52
2949,1011,2023-12-31,completed,credit_card,France,744.1
2950,1011,2024-02-15,completed,credit_card,France,848.56
2951,1011,2024-03-09,cancelled,credit_card,France,264.06
2952,1011,2024-03-30,completed,credit_card,France,278.1
2953,1011,2024-05-31,completed,credit_card,France,695.88
2954,1011,2024-08-02,completed,paypal,France,168.6
2955,1011,2024-08-05,completed,paypal,France,264.77
2956,1011,2024-08-22,completed,credit_card,France,474.17
2957,1013,2025-03-10,completed,paypal,United States,246.3
2958,1013,2025-04-15,completed,credit_card,United States,233.03
2959,1013,2025-05-25,completed,paypal,United States,784.31
2960,1014,2025-02-14,refunded,paypal,United States,570.29
2961,1014,2025-02-24,completed,debit_card,United States,173.41
2962,1014,2025-02-28,completed,credit_card,United States,90.88
2963,1014,2025-06-07,completed,credit_card,United States,774.11
2964,1014,2025-08-03,completed,paypal,United States,212.98
2965,1014,2025-09-21,completed,credit_card,United States,737.47
2966,1014,2025-10-24,completed,credit_card,United States,168.6
2967,1017,2024-11-08,cancelled,credit_card,United States,66.88
2968,1017,2024-11-15,completed,debit_card,United States,171.13
2969,1017,2025-03-23,cancelled,gift_card,United States,113.76
2970,1018,2023-10-01,completed,credit_card,Canada,407.79
2971,1018,2023-10-18,cancelled,credit_card,Canada,97.45
2972,1023,2024-06-22,cancelled,credit_card,United States,11.15
2973,1023,2024-11-02,completed,credit_card,United States,127.78
2974,1023,2024-11-02,completed,,United States,59.51
2975,1023,2025-01-26,completed,debit_card,United States,74.12
2976,1024,2023-11-30,completed,credit_card,United States,558.91
2977,1024,2023-12-07,cancelled,credit_card,United States,921.57
2978,1024,2024-02-01,completed,gift_card,United States,66.12
2979,1024,2024-03-13,completed,credit_card,United States,81.19
2980,1024,2024-04-29,completed,credit_card,United States,62.54
2981,1024,2024-06-01,completed,paypal,United States,318.32
2982,1024,2024-06-05,completed,paypal,United States,431.48
2983,1024,2024-10-02,completed,credit_card,United States,21.57
2984,1024,2024-11-08,refunded,credit_card,United States,72.25
2985,1024,2024-11-14,refunded,credit_card,United States,40.26
2986,1024,2024-11-14,completed,paypal,United States,115.02
2987,1024,2024-12-28,completed,credit_card,United States,293.74
2988,1024,2025-02-04,completed,credit_card,United States,115.78
2989,1024,2025-03-10,completed,credit_card,United States,183.25
2990,1024,2025-04-26,completed,credit_card,United States,44.05
2991,1024,2025-07-04,completed,paypal,United States,1113.17
2992,1024,2025-07-11,completed,credit_card,United States,83.42
2993,1027,2023-03-22,cancelled,credit_card,Germany,707.26
2994,1028,2024-02-13,completed,credit_card,United Kingdom,236.26
2995,1028,2024-04-06,refunded,credit_card,United Kingdom,116.62
2996,1028,2024-04-18,completed,credit_card,United Kingdom,590.76
2997,1028,2024-04-28,completed,credit_card,United Kingdom,35.61
2998,1028,2024-05-03,refunded,credit_card,United Kingdom,590.95
2999,1028,2024-05-23,completed,paypal,United Kingdom,279.67
3000,1028,2024-05-31,cancelled,credit_card,United Kingdom,20.37
3001,1028,2024-06-07,completed,paypal,United Kingdom,93.65
3002,1028,2024-07-27,pending,credit_card,United Kingdom,172.37
3003,1028,2024-12-14,completed,credit_card,United Kingdom,181.15
3004,1028,2025-02-14,completed,paypal,United Kingdom,254.51
3005,1028,2025-02-22,completed,credit_card,United Kingdom,289.08
3006,1028,2025-03-25,completed,credit_card,United Kingdom,97.45
3007,1028,2025-04-23,completed,debit_card,United Kingdom,396.61
3008,1028,2025-05-02,completed,credit_card,United Kingdom,83.16
3009,1028,2025-06-08,completed,credit_card,United Kingdom,374.5
3010,1030,2023-02-24,completed,credit_card,Mexico,82.14
3011,1030,2023-03-10,refunded,credit_card,Mexico,58.47
3012,1030,2023-07-03,completed,paypal,Mexico,449.42
3013,1030,2023-07-20,completed,credit_card,Mexico,155.97
3014,1030,2023-09-15,completed,paypal,Mexico,23.97
3015,1030,2023-10-26,completed,credit_card,Mexico,50.62
3016,1030,2024-01-23,completed,credit_card,Mexico,35.88
3017,1030,2024-03-22,completed,paypal,Mexico,226.68
3018,1031,2023-04-17,pending,paypal,United States,68.79
3019,1032,2024-09-05,completed,credit_card,Mexico,79.98
3020,1035,2024-12-25,refunded,paypal,United States,379.74
3021,1035,2024-12-28,completed,credit_card,United States,685.09
3022,1035,2024-12-28,completed,credit_card,United States,12.8
3023,1039,2025-09-16,completed,credit_card,United States,75.08
3024,1039,2025-09-17,completed,paypal,United States,40.72
3025,1040,2025-12-08,completed,paypal,United Kingdom,241.96
3026,1040,2025-12-29,completed,credit_card,United Kingdom,173.78
3027,1040,2025-12-29,completed,paypal,United Kingdom,40.26
3028,1040,2025-12-31,completed,credit_card,United Kingdom,43.18
3029,1042,2025-06-18,completed,credit_card,France,714.39
3030,1045,2025-07-29,completed,gift_card,India,242.5
3031,1045,2025-08-14,completed,credit_card,India,551.07
3032,1046,2023-04-07,completed,credit_card,Canada,319.49
3033,1046,2023-09-29,completed,paypal,Canada,268.84
3034,1046,2023-10-08,completed,paypal,Canada,139.06
3035,1046,2023-10-15,completed,credit_card,Canada,116.44
3036,1046,2023-10-20,completed,credit_card,Canada,91.71
3037,1047,2023-12-02,completed,paypal,Brazil,324.92
3038,1047,2023-12-17,completed,,Brazil,406.1
3039,1047,2023-12-30,completed,paypal,Brazil,321.94
3040,1047,2024-01-19,completed,debit_card,Brazil,211.06
3041,1047,2024-02-28,completed,credit_card,Brazil,1134.65
3042,1047,2024-03-22,completed,credit_card,Brazil,760.06
3043,1047,2024-05-08,completed,credit_card,Brazil,44.1
3044,1047,2024-05-27,completed,debit_card,Brazil,133.93
3045,1047,2024-08-04,completed,credit_card,Brazil,330.54
3046,1047,2024-08-05,completed,gift_card,Brazil,924.15
3047,1047,2024-08-07,cancelled,debit_card,Brazil,217.77
3048,1047,2024-09-04,completed,,Brazil,129.38
3049,1047,2024-09-17,completed,credit_card,Brazil,132.24
3050,1047,2024-10-12,completed,gift_card,Brazil,294.14
3051,1047,2024-10-18,completed,gift_card,Brazil,258.17
3052,1047,2024-12-02,completed,credit_card,Brazil,889.53
3053,1047,2024-12-02,cancelled,credit_card,Brazil,338.89
3054,1047,2025-03-16,completed,credit_card,Brazil,125.13
3055,1047,2025-03-29,cancelled,credit_card,Brazil,160.73
3056,1048,2023-12-29,completed,credit_card,United Kingdom,231.5
3057,1048,2024-01-03,completed,credit_card,United Kingdom,652.47
3058,1050,2023-12-21,completed,gift_card,United States,358.4
3059,1050,2024-01-24,completed,credit_card,United States,60.59
3060,1050,2024-01-31,completed,credit_card,United States,107.89
3061,1050,2024-03-13,completed,paypal,United States,923.23
3062,1050,2024-03-18,refunded,paypal,United States,176.03
3063,1050,2024-03-20,completed,debit_card,United States,282.13
3064,1050,2024-05-21,refunded,paypal,United States,92.65
3065,1050,2024-06-17,completed,gift_card,United States,61.83
3066,1050,2024-07-01,completed,credit_card,United States,167.42
3067,1050,2024-08-22,completed,credit_card,United States,141.22
3068,1050,2024-09-16,completed,credit_card,United States,286.95
3069,1050,2024-10-16,completed,credit_card,United States,121.35
3070,1050,2024-10-19,completed,credit_card,United States,49.0
3071,1050,2024-10-24,completed,credit_card,United States,92.73
3072,1050,2024-11-20,completed,paypal,United States,213.48
3073,1050,2024-12-04,refunded,paypal,United States,92.65
3074,1050,2024-12-13,pending,debit_card,United States,284.66
3075,1050,2024-12-13,completed,credit_card,United States,140.82
3076,1050,2025-03-27,completed,debit_card,United States,149.86
3077,1050,2025-04-24,completed,gift_card,United States,300.97
3078,1050,2025-05-29,completed,paypal,United States,198.54
3079,1050,2025-06-13,completed,credit_card,United States,59.07
3080,1050,2025-07-19,completed,credit_card,United States,509.03
3081,1050,2025-12-17,cancelled,credit_card,United States,209.09
3082,1050,2025-12-17,completed,credit_card,United States,134.64
3083,1050,2025-12-20,completed,credit_card,United States,1032.32
3084,1052,2025-07-09,completed,credit_card,United States,399.24
3085,1052,2025-10-11,completed,paypal,United States,680.67
3086,1052,2025-10-26,completed,gift_card,United States,469.81
3087,1052,2025-11-15,completed,credit_card,United States,97.96
3088,1052,2025-12-27,cancelled,credit_card,United States,55.66
3089,1052,2025-12-27,refunded,paypal,United States,811.24
3090,1055,2023-12-30,pending,,United States,181.64
3091,1055,2024-02-04,completed,paypal,United States,652.82
3092,1055,2024-04-06,refunded,credit_card,United States,601.63
3093,1055,2024-08-20,cancelled,paypal,United States,39.56
3094,1055,2024-08-21,refunded,paypal,United States,1013.66
3095,1055,2024-10-10,completed,paypal,United States,213.48
3096,1055,2024-10-11,completed,paypal,United States,699.07
3097,1055,2024-11-12,completed,paypal,United States,92.78
3098,1055,2024-12-01,completed,paypal,United States,910.58
3099,1055,2024-12-01,completed,credit_card,United States,374.5
3100,1055,2024-12-18,completed,debit_card,United States,67.88
3101,1055,2024-12-21,completed,gift_card,United States,460.87
3102,1055,2024-12-28,completed,paypal,United States,78.75
3103,1055,2024-12-29,completed,paypal,United States,122.84
3104,1055,2025-01-01,completed,credit_card,United States,348.19
3105,1055,2025-01-05,completed,debit_card,United States,405.58
3106,1055,2025-01-30,completed,credit_card,United States,184.36
3107,1055,2025-03-11,completed,credit_card,United States,79.98
3108,1055,2025-05-06,completed,credit_card,United States,145.89
3109,1055,2025-06-29,completed,paypal,United States,473.16
3110,1056,2025-04-24,completed,,Mexico,407.64
3111,1056,2025-06-06,completed,credit_card,Mexico,78.75
3112,1056,2025-06-27,completed,paypal,Mexico,168.41
3113,1057,2025-02-01,completed,credit_card,Australia,78.75
3114,1057,2025-03-09,completed,debit_card,Australia,213.48
3115,1058,2025-07-13,completed,credit_card,India,170.28
3116,1058,2025-09-07,completed,credit_card,India,92.65
3117,1058,2025-09-14,completed,credit_card,India,161.47
3118,1060,2023-09-23,completed,credit_card,Canada,151.48
3119,1060,2023-09-26,completed,credit_card,Canada,482.32
3120,1060,2024-03-09,completed,paypal,Canada,159.28
3121,1060,2024-04-28,pending,credit_card,Canada,177.35
3122,1060,2024-07-24,completed,paypal,Canada,455.57
3123,1061,2024-10-12,completed,credit_card,United States,411.74
3124,1061,2024-10-19,completed,paypal,United States,70.82
3125,1062,2024-08-17,cancelled,credit_card,United States,254.97
3126,1062,2024-09-24,cancelled,paypal,United States,68.79
3127,1062,2024-10-14,completed,credit_card,United States,13.12
3128,1062,2024-11-07,completed,paypal,United States,571.98
3129,1062,2024-11-07,pending,credit_card,United States,301.68
3130,1062,2024-12-09,cancelled,credit_card,United States,21.57
3131,1062,2025-01-05,completed,paypal,United States,23.97
3132,1062,2025-01-07,completed,paypal,United States,86.91
3133,1063,2023-06-17,cancelled,credit_card,Mexico,58.99
3134,1063,2023-06-18,completed,credit_card,Mexico,240.37
3135,1064,2023-09-18,cancelled,credit_card,United States,83.39
3136,1064,2023-11-12,completed,paypal,United States,518.86
3137,1065,2025-12-29,completed,credit_card,United Kingdom,81.62
3138,1067,2024-03-04,completed,paypal,United States,132.24
3139,1068,2025-04-27,refunded,credit_card,United States,164.11
3140,1069,2023-07-08,completed,debit_card,United Kingdom,816.68
3141,1069,2023-07-10,completed,debit_card,United Kingdom,203.87
3142,1070,2024-06-28,completed,credit_card,Canada,279.67
3143,1070,2024-07-06,completed,credit_card,Canada,12.8
3144,1070,2024-07-17,completed,credit_card,Canada,386.75
3145,1073,2025-08-29,completed,paypal,Germany,205.38
3146,1074,2025-05-10,completed,credit_card,India,715.74
3147,1074,2025-07-02,completed,gift_card,India,227.29
3148,1074,2025-10-22,completed,credit_card,India,227.44
3149,1074,2025-11-16,completed,credit_card,India,280.64
3150,1075,2023-09-03,completed,paypal,United States,406.47
3151,1075,2023-09-04,completed,debit_card,United States,60.49
3152,1076,2023-10-21,cancelled,credit_card,United Kingdom,199.59
3153,1076,2024-03-07,completed,credit_card,United Kingdom,154.88
3154,1076,2024-03-10,completed,paypal,United Kingdom,77.96
3155,1076,2024-03-21,completed,credit_card,United Kingdom,633.3
3156,1077,2024-02-12,completed,credit_card,Brazil,254.13
3157,1077,2024-03-01,completed,paypal,Brazil,157.41
3158,1077,2024-07-07,cancelled,credit_card,Brazil,54.42
3159,1077,2024-08-09,cancelled,gift_card,Brazil,309.42
3160,1077,2024-11-04,completed,credit_card,Brazil,329.13
3161,1077,2024-11-08,completed,credit_card,Brazil,577.81
3162,1077,2024-11-08,completed,gift_card,Brazil,171.16
3163,1077,2024-11-28,completed,credit_card,Brazil,359.89
3164,1077,2024-11-30,cancelled,credit_card,Brazil,154.46
3165,1077,2025-03-12,completed,credit_card,Brazil,474.19
3166,1079,2025-07-30,completed,credit_card,United Kingdom,251.51
3167,1079,2025-10-04,completed,credit_card,United Kingdom,494.24
3168,1080,2025-07-15,completed,paypal,Australia,718.83
3169,1080,2025-08-24,completed,credit_card,Australia,44.65
3170,1080,2025-08-30,completed,credit_card,Australia,235.91
3171,1080,2025-09-17,completed,paypal,Australia,102.72
3172,1081,2025-05-22,completed,credit_card,United States,101.49
3173,1081,2025-06-30,completed,credit_card,United States,356.76
3174,1081,2025-07-14,completed,paypal,United States,61.91
3175,1081,2025-08-11,cancelled,paypal,United States,99.5
3176,1081,2025-08-27,completed,paypal,United States,207.79
3177,1082,2024-07-23,refunded,debit_card,United States,335.62
3178,1082,2024-07-31,completed,credit_card,United States,453.48
3179,1082,2024-08-20,completed,credit_card,United States,157.75
3180,1082,2024-09-28,pending,gift_card,United States,423.71
3181,1082,2024-10-19,completed,paypal,United States,43.96
3182,1082,2024-11-13,completed,credit_card,United States,344.38
3183,1082,2024-12-12,completed,credit_card,United States,204.77
3184,1082,2025-03-15,cancelled,paypal,United States,12.66
3185,1082,2025-04-04,completed,credit_card,United States,199.88
3186,1082,2025-05-06,completed,paypal,United States,156.07
3187,1082,2025-06-27,refunded,gift_card,United States,14.07
3188,1082,2025-08-19,cancelled,,United States,282.79
3189,1082,2025-08-27,completed,credit_card,United States,59.56
3190,1082,2025-09-08,completed,paypal,United States,679.56
3191,1082,2025-09-09,refunded,credit_card,United States,234.6
3192,1082,2025-09-10,cancelled,gift_card,United States,244.57
3193,1082,2025-09-28,cancelled,credit_card,United States,493.51
3194,1082,2025-10-11,completed,,United States,489.69
3195,1082,2025-10-15,completed,debit_card,United States,83.05
3196,1083,2024-01-20,completed,paypal,Canada,1152.71
3197,1083,2024-01-22,completed,paypal,Canada,463.77
3198,1083,2024-04-24,pending,credit_card,Canada,440.47
3199,1083,2024-04-28,completed,paypal,Canada,64.19
3200,1083,2024-06-07,cancelled,gift_card,Canada,7.25
3201,1083,2024-06-19,completed,debit_card,Canada,632.06
3202,1083,2024-09-03,completed,credit_card,Canada,769.14
3203,1083,2024-09-14,completed,gift_card,Canada,510.28
3204,1083,2024-10-23,completed,credit_card,Canada,192.13
3205,1083,2025-01-31,completed,gift_card,Canada,66.53
3206,1083,2025-02-24,completed,credit_card,Canada,152.22
3207,1083,2025-03-09,completed,gift_card,Canada,902.86
3208,1083,2025-03-13,completed,credit_card,Canada,276.49
3209,1083,2025-04-19,completed,credit_card,Canada,376.21
3210,1083,2025-05-11,completed,credit_card,Canada,77.23
3211,1085,2024-03-17,cancelled,credit_card,United States,328.22
3212,1085,2024-04-15,completed,debit_card,United States,714.26
3213,1087,2023-02-20,cancelled,credit_card,Canada,690.91
3214,1087,2023-04-09,cancelled,credit_card,Canada,124.39
3215,1087,2023-06-14,completed,credit_card,Canada,505.87
3216,1087,2023-07-03,completed,paypal,Canada,284.3
3217,1087,2023-07-18,completed,debit_card,Canada,254.65
3218,1087,2023-09-25,completed,credit_card,Canada,263.97
3219,1087,2023-10-28,completed,paypal,Canada,271.74
3220,1087,2023-11-11,completed,credit_card,Canada,176.03
3221,1087,2023-12-25,completed,credit_card,Canada,40.31
3222,1087,2023-12-25,completed,credit_card,Canada,77.23
3223,1087,2023-12-28,refunded,credit_card,Canada,197.42
3224,1088,2023-08-06,completed,paypal,United States,407.79
3225,1088,2023-09-11,completed,credit_card,United States,69.29
3226,1088,2023-09-12,completed,credit_card,United States,473.32
3227,1088,2023-11-07,completed,credit_card,United States,8.05
3228,1088,2023-12-24,completed,,United States,268.84
3229,1088,2024-01-02,completed,paypal,United States,66.53
3230,1088,2024-01-19,cancelled,credit_card,United States,239.94
3231,1088,2024-01-20,completed,credit_card,United States,117.07
3232,1089,2024-07-10,cancelled,paypal,United States,217.77
3233,1089,2024-07-17,completed,credit_card,United States,253.29
3234,1089,2024-12-05,completed,paypal,United States,586.67
3235,1089,2024-12-08,cancelled,credit_card,United States,852.18
3236,1089,2025-03-17,completed,credit_card,United States,68.48
3237,1089,2025-04-14,completed,credit_card,United States,72.24
3238,1089,2025-05-15,completed,debit_card,United States,126.43
3239,1089,2025-05-27,completed,debit_card,United States,269.36
3240,1089,2025-06-27,completed,credit_card,United States,390.46
3241,1089,2025-10-06,completed,credit_card,United States,775.35
3242,1089,2025-10-17,cancelled,paypal,United States,166.77
3243,1089,2025-11-27,completed,credit_card,United States,340.34
3244,1089,2025-11-27,refunded,paypal,United States,248.36
3245,1090,2024-10-29,completed,credit_card,Germany,240.92
3246,1090,2024-11-24,completed,paypal,Germany,185.3
3247,1090,2024-11-24,completed,credit_card,Germany,116.14
3248,1090,2024-12-20,pending,debit_card,Germany,325.94
3249,1090,2024-12-29,refunded,credit_card,Germany,291.64
3250,1090,2024-12-29,completed,paypal,Germany,43.96
3251,1090,2025-02-02,completed,paypal,Germany,217.77
3252,1090,2025-03-12,completed,gift_card,Germany,321.13
3253,1090,2025-03-29,completed,paypal,Germany,59.88
3254,1090,2025-06-26,completed,paypal,Germany,333.26
3255,1090,2025-07-09,completed,credit_card,Germany,87.89
3256,1090,2025-07-15,completed,credit_card,Germany,628.45
3257,1090,2025-09-09,completed,paypal,Germany,86.91
3258,1090,2025-09-22,completed,credit_card,Germany,210.06
3259,1090,2025-10-29,pending,credit_card,Germany,131.88
3260,1090,2025-12-04,completed,paypal,Germany,48.94
3261,1090,2025-12-30,completed,credit_card,Germany,403.72
3262,1091,2023-12-24,pending,credit_card,United States,40.5
3263,1091,2024-02-22,completed,credit_card,United States,50.62
3264,1091,2024-04-15,completed,credit_card,United States,453.04
3265,1091,2024-06-01,completed,paypal,United States,111.95
3266,1091,2024-07-08,completed,credit_card,United States,92.65
3267,1093,2025-12-20,completed,paypal,United States,285.78
3268,1093,2025-12-20,completed,credit_card,United States,156.82
3269,1095,2024-08-02,completed,paypal,India,334.96
3270,1095,2024-08-12,completed,paypal,India,36.16
3271,1095,2024-09-12,completed,debit_card,India,123.92
3272,1095,2024-09-17,completed,credit_card,India,242.36
3273,1095,2024-09-30,completed,credit_card,India,175.41
3274,1095,2024-10-25,completed,debit_card,India,127.55
3275,1095,2024-10-29,completed,credit_card,India,68.79
3276,1095,2024-11-16,completed,debit_card,India,79.98
3277,1095,2024-12-16,completed,debit_card,India,412.98
3278,1096,2023-09-26,completed,credit_card,United States,84.88
3279,1097,2024-02-27,completed,credit_card,Netherlands,745.07
3280,1097,2024-06-01,completed,credit_card,Netherlands,92.65
3281,1097,2024-08-19,completed,credit_card,Netherlands,225.49
3282,1097,2025-01-17,completed,credit_card,Netherlands,83.39
3283,1097,2025-01-24,completed,credit_card,Netherlands,65.74
3284,1097,2025-02-05,completed,debit_card,Netherlands,167.7
3285,1098,2025-06-08,completed,credit_card,Mexico,276.86
3286,1098,2025-06-23,completed,credit_card,Mexico,12.8
3287,1099,2024-09-01,completed,paypal,United States,379.08
3288,1100,2024-08-29,completed,credit_card,India,75.74
3289,1100,2024-09-26,completed,,India,472.56
3290,1103,2024-04-26,completed,paypal,Mexico,411.76
3291,1103,2024-08-29,completed,debit_card,Mexico,459.9
3292,1103,2024-10-27,completed,paypal,Mexico,595.32
3293,1103,2024-11-30,cancelled,credit_card,Mexico,86.27
3294,1103,2025-02-13,completed,paypal,Mexico,761.65
3295,1103,2025-03-05,completed,credit_card,Mexico,654.8
3296,1103,2025-03-15,completed,credit_card,Mexico,238.98
3297,1103,2025-03-31,refunded,credit_card,Mexico,145.82
3298,1103,2025-05-03,completed,credit_card,Mexico,377.7
3299,1105,2024-12-29,refunded,credit_card,United Kingdom,204.78
3300,1105,2025-03-06,refunded,credit_card,United Kingdom,1354.83
3301,1105,2025-04-25,completed,credit_card,United Kingdom,86.91
3302,1108,2025-01-06,completed,credit_card,United States,889.62
3303,1109,2024-06-22,completed,credit_card,United States,59.23
3304,1109,2024-07-09,completed,debit_card,United States,139.64
3305,1109,2024-09-01,completed,debit_card,United States,572.36
3306,1109,2024-09-18,completed,paypal,United States,822.63
3307,1109,2024-09-20,completed,paypal,United States,60.49
3308,1110,2024-02-02,completed,credit_card,Australia,396.4
3309,1112,2024-04-03,completed,credit_card,United Kingdom,68.79
3310,1112,2024-04-07,completed,credit_card,United Kingdom,638.48
3311,1113,2025-12-22,cancelled,credit_card,Netherlands,74.76
3312,1119,2023-04-16,completed,credit_card,Brazil,68.02
3313,1119,2023-05-01,cancelled,credit_card,Brazil,83.39
3314,1119,2023-06-24,completed,credit_card,Brazil,51.48
3315,1119,2023-06-28,completed,credit_card,Brazil,449.48
3316,1119,2023-08-06,completed,credit_card,Brazil,407.33
3317,1119,2023-10-20,completed,debit_card,Brazil,547.89
3318,1119,2023-10-26,refunded,credit_card,Brazil,426.96
3319,1119,2023-10-29,completed,debit_card,Brazil,346.82
3320,1119,2023-11-01,cancelled,debit_card,Brazil,25.82
3321,1119,2023-11-04,completed,paypal,Brazil,39.56
3322,1119,2023-11-04,refunded,paypal,Brazil,297.96
3323,1119,2023-11-16,completed,,Brazil,250.91
3324,1120,2024-03-31,completed,paypal,United States,30.51
3325,1121,2023-07-30,completed,paypal,Mexico,328.18
3326,1121,2023-08-21,refunded,credit_card,Mexico,221.46
3327,1121,2023-09-28,completed,credit_card,Mexico,851.76
3328,1121,2024-01-14,completed,gift_card,Mexico,85.16
3329,1121,2024-04-10,completed,paypal,Mexico,754.38
3330,1121,2024-05-24,cancelled,credit_card,Mexico,183.11
3331,1121,2024-06-01,completed,debit_card,Mexico,121.34
3332,1122,2023-03-21,completed,debit_card,United States,650.82
3333,1122,2023-04-03,completed,paypal,United States,517.21
3334,1122,2023-04-08,completed,credit_card,United States,74.46
3335,1124,2023-06-10,completed,paypal,United Kingdom,66.12
3336,1126,2024-01-23,cancelled,credit_card,United States,122.64
3337,1126,2024-02-02,completed,credit_card,United States,603.04
3338,1126,2024-02-22,completed,credit_card,United States,380.27
3339,1126,2024-04-11,completed,credit_card,United States,53.22
3340,1126,2024-04-24,completed,credit_card,United States,89.45
3341,1126,2024-04-29,completed,credit_card,United States,975.35
3342,1126,2024-06-06,completed,credit_card,United States,116.94
3343,1128,2025-04-14,pending,credit_card,United States,1157.22
3344,1128,2025-04-23,completed,credit_card,United States,668.34
3345,1128,2025-07-14,completed,debit_card,United States,11.26
3346,1130,2023-03-25,completed,paypal,Canada,460.47
3347,1130,2023-08-08,completed,paypal,Canada,227.52
3348,1131,2023-11-27,completed,credit_card,United States,202.5
3349,1131,2023-11-27,cancelled,credit_card,United States,483.04
3350,1131,2023-12-06,completed,paypal,United States,106.94
3351,1131,2023-12-06,refunded,credit_card,United States,46.07
3352,1131,2023-12-24,completed,credit_card,United States,1106.9
3353,1131,2024-03-06,completed,credit_card,United States,226.01
3354,1131,2024-04-18,completed,debit_card,United States,343.59
3355,1132,2025-01-06,completed,credit_card,Germany,151.34
3356,1133,2023-05-08,refunded,gift_card,United States,334.7
3357,1133,2023-05-17,completed,gift_card,United States,779.36
3358,1133,2023-06-05,refunded,paypal,United States,255.14
3359,1133,2023-09-17,completed,credit_card,United States,545.23
3360,1133,2023-09-20,completed,credit_card,United States,349.41
3361,1133,2023-10-26,completed,credit_card,United States,278.88
3362,1133,2023-11-27,cancelled,credit_card,United States,634.62
3363,1134,2025-02-19,completed,,United Kingdom,35.04
3364,1134,2025-03-13,completed,credit_card,United Kingdom,607.48
3365,1134,2025-03-16,completed,credit_card,United Kingdom,511.3
3366,1134,2025-05-22,refunded,paypal,United Kingdom,76.3
3367,1134,2025-06-27,completed,gift_card,United Kingdom,249.48
3368,1134,2025-07-10,completed,credit_card,United Kingdom,333.94
3369,1134,2025-09-15,completed,credit_card,United Kingdom,84.99
3370,1134,2025-09-23,completed,credit_card,United Kingdom,607.37
3371,1134,2025-10-07,completed,credit_card,United Kingdom,44.2
3372,1135,2024-12-16,completed,credit_card,United States,59.88
3373,1135,2024-12-16,completed,credit_card,United States,209.27
3374,1135,2025-01-29,completed,credit_card,United States,229.35
3375,1135,2025-02-07,completed,credit_card,United States,49.0
3376,1135,2025-07-28,pending,paypal,United States,124.93
3377,1135,2025-09-25,cancelled,paypal,United States,71.69
3378,1135,2025-10-06,completed,paypal,United States,337.05
3379,1136,2023-05-11,completed,credit_card,Germany,729.44
3380,1136,2023-06-19,completed,debit_card,Germany,53.97
3381,1139,2024-03-08,completed,credit_card,United States,374.66
3382,1139,2024-04-09,completed,credit_card,United States,213.91
3383,1142,2023-03-23,refunded,credit_card,United States,556.41
3384,1142,2023-04-07,completed,credit_card,United States,326.36
3385,1143,2025-01-15,refunded,credit_card,United States,67.99
3386,1143,2025-01-23,completed,debit_card,United States,302.83
3387,1144,2024-09-29,completed,gift_card,United States,131.26
3388,1144,2024-10-17,completed,credit_card,United States,303.02
3389,1144,2024-12-25,completed,credit_card,United States,250.84
3390,1144,2025-01-16,refunded,credit_card,United States,295.59
3391,1144,2025-01-24,completed,paypal,United States,331.84
3392,1145,2024-02-09,refunded,debit_card,United States,485.44
3393,1145,2024-02-18,cancelled,credit_card,United States,388.68
3394,1145,2024-03-23,completed,credit_card,United States,229.26
3395,1146,2024-12-21,completed,credit_card,United States,412.32
3396,1147,2024-02-08,completed,credit_card,United States,840.18
3397,1147,2024-03-11,completed,credit_card,United States,572.34
3398,1148,2024-01-27,completed,debit_card,United States,407.6
3399,1148,2024-02-08,completed,debit_card,United States,86.91
3400,1148,2024-03-05,cancelled,gift_card,United States,399.05
3401,1149,2024-09-05,completed,credit_card,United States,102.5
3402,1149,2024-09-23,completed,credit_card,United States,579.46
3403,1149,2024-10-27,completed,credit_card,United States,240.26
3404,1151,2023-10-07,completed,paypal,Germany,123.19
3405,1151,2023-11-08,completed,credit_card,Germany,635.9
3406,1151,2023-11-08,completed,,Germany,608.11
3407,1154,2025-10-16,completed,paypal,Germany,837.32
3408,1154,2025-11-25,completed,credit_card,Germany,201.53
3409,1154,2025-12-03,completed,credit_card,Germany,158.85
3410,1155,2024-07-12,pending,gift_card,Germany,520.29
3411,1155,2024-08-01,cancelled,credit_card,Germany,24.32
3412,1156,2025-04-03,completed,paypal,United States,287.33
3413,1157,2024-09-23,refunded,debit_card,United States,92.65
3414,1157,2024-12-08,completed,credit_card,United States,73.08
3415,1157,2024-12-08,completed,paypal,United States,328.22
3416,1157,2025-01-03,completed,credit_card,United States,53.97
3417,1158,2024-12-02,completed,debit_card,United States,164.11
3418,1158,2025-02-16,completed,credit_card,United States,229.68
3419,1158,2025-02-17,completed,credit_card,United States,267.81
3420,1158,2025-02-28,completed,gift_card,United States,261.23
3421,1158,2025-03-09,completed,paypal,United States,213.48
3422,1158,2025-03-23,completed,credit_card,United States,241.57
3423,1158,2025-03-29,completed,credit_card,United States,75.74
3424,1158,2025-04-11,completed,paypal,United States,158.15
3425,1158,2025-06-03,completed,debit_card,United States,49.48
3426,1159,2024-11-03,completed,credit_card,United States,439.09
3427,1159,2025-03-04,completed,paypal,United States,418.78
3428,1159,2025-03-26,completed,paypal,United States,80.52
3429,1159,2025-04-09,cancelled,credit_card,United States,246.27
3430,1159,2025-05-08,completed,gift_card,United States,185.46
3431,1159,2025-05-19,completed,credit_card,United States,392.06
3432,1159,2025-08-14,completed,paypal,United States,472.89
3433,1161,2024-10-03,completed,paypal,Canada,91.01
3434,1161,2024-12-31,completed,credit_card,Canada,40.31
3435,1163,2024-03-25,completed,credit_card,United States,49.0
3436,1165,2025-08-31,pending,credit_card,France,164.38
3437,1167,2025-02-03,completed,debit_card,Australia,535.11
3438,1167,2025-02-09,completed,paypal,Australia,268.08
3439,1167,2025-03-14,refunded,credit_card,Australia,553.24
3440,1167,2025-06-05,completed,credit_card,Australia,939.13
3441,1167,2025-07-11,completed,,Australia,43.45
3442,1167,2025-07-24,completed,gift_card,Australia,287.35
3443,1170,2025-06-27,cancelled,gift_card,United States,207.7
3444,1170,2025-08-17,completed,credit_card,United States,774.2
3445,1170,2025-09-11,completed,credit_card,United States,620.92
3446,1171,2023-03-17,completed,debit_card,United States,171.4
3447,1171,2023-03-29,cancelled,credit_card,United States,613.9
3448,1171,2023-04-21,completed,credit_card,United States,518.56
3449,1172,2025-04-05,pending,debit_card,Mexico,152.71
3450,1172,2025-04-30,completed,debit_card,Mexico,142.86
3451,1172,2025-07-22,completed,paypal,Mexico,470.56
3452,1175,2023-06-12,completed,gift_card,United States,686.74
3453,1176,2023-05-31,completed,paypal,United States,546.81
3454,1176,2023-07-14,completed,credit_card,United States,49.78
3455,1176,2023-09-04,completed,credit_card,United States,537.68
3456,1178,2023-05-23,completed,paypal,United Kingdom,20.34
3457,1178,2023-05-25,completed,credit_card,United Kingdom,39.04
3458,1180,2025-07-29,completed,paypal,United Kingdom,136.54
3459,1180,2025-08-07,completed,credit_card,United Kingdom,166.06
3460,1181,2024-09-09,completed,debit_card,United States,250.49
3461,1184,2024-01-20,cancelled,debit_card,United Kingdom,249.09
3462,1184,2024-02-17,completed,debit_card,United Kingdom,567.35
3463,1184,2024-03-16,cancelled,paypal,United Kingdom,173.41
3464,1186,2025-12-09,completed,paypal,Germany,316.64
3465,1186,2025-12-22,completed,paypal,Germany,344.78
3466,1186,2025-12-22,completed,credit_card,Germany,916.54
3467,1187,2023-08-10,completed,paypal,Mexico,538.21
3468,1187,2023-09-02,completed,debit_card,Mexico,591.53
3469,1187,2023-09-05,completed,credit_card,Mexico,213.48
3470,1187,2023-11-16,completed,credit_card,Mexico,12.8
3471,1187,2023-11-26,completed,credit_card,Mexico,536.92
3472,1187,2024-01-13,completed,debit_card,Mexico,92.65
3473,1187,2024-01-19,cancelled,credit_card,Mexico,194.9
3474,1187,2024-02-17,completed,paypal,Mexico,71.69
3475,1187,2024-02-26,completed,paypal,Mexico,679.41
3476,1187,2024-04-24,completed,credit_card,Mexico,106.36
3477,1187,2024-04-30,completed,debit_card,Mexico,588.78
3478,1187,2024-06-07,completed,paypal,Mexico,1372.85
3479,1187,2024-06-10,cancelled,debit_card,Mexico,318.94
3480,1187,2024-07-22,completed,credit_card,Mexico,249.17
3481,1187,2024-08-10,completed,credit_card,Mexico,161.89
3482,1187,2024-12-05,completed,credit_card,Mexico,17.43
3483,1187,2024-12-16,completed,debit_card,Mexico,857.4
3484,1187,2024-12-16,refunded,paypal,Mexico,116.14
3485,1187,2025-01-10,completed,paypal,Mexico,119.02
3486,1187,2025-02-13,completed,paypal,Mexico,1152.14
3487,1187,2025-05-28,completed,,Mexico,166.67
3488,1187,2025-06-13,completed,credit_card,Mexico,86.91
3489,1187,2025-07-12,completed,credit_card,Mexico,152.22
3490,1187,2025-08-17,completed,credit_card,Mexico,74.75
3491,1187,2025-08-27,completed,debit_card,Mexico,275.76
3492,1189,2025-03-06,refunded,paypal,Germany,371.67
3493,1189,2025-03-09,cancelled,credit_card,Germany,435.79
3494,1189,2025-03-29,completed,credit_card,Germany,828.26
3495,1189,2025-04-16,completed,paypal,Germany,176.03
3496,1189,2025-04-21,completed,credit_card,Germany,227.3
3497,1189,2025-05-25,completed,paypal,Germany,561.35
3498,1189,2025-06-03,completed,debit_card,Germany,225.56
3499,1190,2023-09-19,completed,credit_card,United States,182.81
3500,1190,2023-09-28,refunded,gift_card,United States,430.8
3501,1191,2023-07-27,completed,debit_card,United Kingdom,340.14
3502,1192,2023-12-09,completed,credit_card,United States,240.89
3503,1192,2023-12-16,cancelled,gift_card,United States,91.72
3504,1192,2024-01-04,completed,paypal,United States,305.87
3505,1196,2025-04-25,refunded,credit_card,Germany,48.94
3506,1197,2024-03-28,completed,paypal,United States,255.17
3507,1198,2023-05-30,completed,gift_card,United States,211.84
3508,1198,2023-06-15,refunded,credit_card,United States,92.65
3509,1198,2023-07-01,completed,credit_card,United States,759.49
3510,1198,2023-07-10,refunded,credit_card,United States,672.31
3511,1198,2023-08-17,pending,credit_card,United States,365.1
3512,1198,2024-03-28,completed,credit_card,United States,74.12
3513,1198,2024-04-06,completed,credit_card,United States,367.95
3514,1198,2024-04-18,completed,paypal,United States,109.94
3515,1198,2024-04-27,completed,credit_card,United States,134.64
3516,1199,2023-12-20,completed,credit_card,United States,239.1
3517,1201,2025-05-30,completed,,India,587.37
3518,1201,2025-06-18,completed,credit_card,India,255.14
3519,1201,2025-07-24,completed,paypal,India,182.26
3520,1201,2025-08-13,completed,credit_card,India,855.09
3521,1202,2025-04-04,refunded,debit_card,United States,36.77
3522,1202,2025-05-28,completed,debit_card,United States,317.83
3523,1202,2025-07-24,completed,credit_card,United States,50.62
3524,1202,2025-10-01,refunded,paypal,United States,630.9
3525,1202,2025-10-02,completed,paypal,United States,69.51
3526,1202,2025-10-14,completed,credit_card,United States,49.0
3527,1202,2025-10-23,completed,credit_card,United States,416.8
3528,1202,2025-11-01,completed,credit_card,United States,80.28
3529,1203,2024-08-18,refunded,paypal,United Kingdom,59.92
3530,1203,2024-08-25,completed,debit_card,United Kingdom,763.03
3531,1203,2024-09-22,completed,credit_card,United Kingdom,35.61
3532,1204,2024-11-15,refunded,credit_card,Brazil,643.44
3533,1204,2024-12-15,completed,credit_card,Brazil,83.42
3534,1204,2024-12-15,completed,credit_card,Brazil,121.18
3535,1204,2025-01-21,pending,paypal,Brazil,131.29
3536,1204,2025-02-13,completed,debit_card,Brazil,66.31
3537,1204,2025-03-12,completed,gift_card,Brazil,91.71
3538,1204,2025-03-14,refunded,credit_card,Brazil,313.39
3539,1204,2025-03-16,completed,gift_card,Brazil,25.6
3540,1205,2024-08-23,completed,paypal,France,335.23
3541,1205,2024-08-25,completed,paypal,France,80.52
3542,1206,2025-04-18,completed,paypal,Germany,272.16
3543,1206,2025-05-11,refunded,gift_card,Germany,1177.39
3544,1206,2025-05-12,refunded,debit_card,Germany,173.5
3545,1207,2025-11-01,refunded,credit_card,Mexico,40.26
3546,1207,2025-11-01,completed,paypal,Mexico,348.07
3547,1207,2025-12-03,cancelled,credit_card,Mexico,11.15
3548,1208,2024-05-17,completed,credit_card,United Kingdom,107.94
3549,1208,2024-05-18,refunded,paypal,United Kingdom,79.14
3550,1209,2024-10-04,completed,paypal,United States,176.03
3551,1209,2024-12-05,completed,paypal,United States,66.53
3552,1209,2024-12-25,completed,credit_card,United States,506.24
3553,1209,2025-03-14,completed,credit_card,United States,47.65
3554,1209,2025-04-10,completed,credit_card,United States,164.11
3555,1209,2025-05-01,completed,gift_card,United States,299.6
3556,1209,2025-05-20,completed,debit_card,United States,143.16
3557,1210,2024-01-08,completed,credit_card,Canada,567.65
3558,1210,2024-01-21,completed,paypal,Canada,74.12
3559,1210,2024-01-28,completed,credit_card,Canada,1352.14
3560,1210,2024-02-20,completed,paypal,Canada,304.42
3561,1213,2024-12-06,completed,paypal,Australia,97.88
3562,1213,2025-01-07,completed,paypal,Australia,232.52
3563,1213,2025-01-16,refunded,credit_card,Australia,83.16
3564,1213,2025-01-22,completed,paypal,Australia,224.99
3565,1213,2025-02-04,completed,credit_card,Australia,428.77
3566,1213,2025-04-09,completed,gift_card,Australia,304.77
3567,1213,2025-04-29,pending,paypal,Australia,952.75
3568,1213,2025-05-02,completed,credit_card,Australia,92.65
3569,1213,2025-05-14,completed,credit_card,Australia,953.9
3570,1214,2024-06-15,cancelled,credit_card,Brazil,277.95
3571,1214,2024-06-30,completed,debit_card,Brazil,349.32
3572,1214,2024-10-11,completed,credit_card,Brazil,250.16
3573,1214,2024-11-02,completed,gift_card,Brazil,43.03
3574,1214,2025-03-03,completed,credit_card,Brazil,732.26
3575,1214,2025-03-23,cancelled,credit_card,Brazil,132.24
3576,1216,2023-06-08,refunded,paypal,United States,289.55
3577,1216,2023-07-04,completed,credit_card,United States,521.18
3578,1216,2023-08-07,completed,paypal,United States,82.52
3579,1216,2023-09-05,completed,gift_card,United States,87.87
3580,1216,2023-10-16,completed,credit_card,United States,278.45
3581,1216,2023-12-18,completed,credit_card,United States,45.87
3582,1216,2024-01-04,completed,credit_card,United States,689.37
3583,1216,2024-02-12,refunded,credit_card,United States,162.36
3584,1216,2024-03-07,completed,gift_card,United States,375.44
3585,1216,2024-04-14,completed,credit_card,United States,144.22
3586,1216,2024-08-20,completed,credit_card,United States,12.8
3587,1216,2024-09-28,completed,credit_card,United States,151.34
3588,1216,2024-11-27,completed,credit_card,United States,745.04
3589,1216,2024-12-19,completed,credit_card,United States,240.37
3590,1216,2024-12-25,completed,credit_card,United States,858.3
3591,1216,2025-02-19,completed,credit_card,United States,92.65
3592,1216,2025-05-28,completed,gift_card,United States,83.39
3593,1216,2025-06-14,completed,paypal,United States,13.12
3594,1216,2025-07-29,completed,credit_card,United States,142.85
3595,1218,2025-09-07,completed,credit_card,United Kingdom,495.94
3596,1218,2025-09-09,completed,debit_card,United Kingdom,122.25
3597,1219,2024-10-30,completed,paypal,United Kingdom,392.69
3598,1221,2025-07-13,completed,debit_card,United States,645.77
3599,1221,2025-10-22,completed,paypal,United States,21.54
3600,1221,2025-12-15,cancelled,gift_card,United States,281.26
3601,1222,2023-02-14,refunded,,France,468.09
3602,1222,2023-02-21,completed,gift_card,France,36.16
3603,1222,2023-06-14,completed,paypal,France,402.42
3604,1223,2024-03-21,completed,credit_card,Canada,671.24
3605,1224,2025-11-17,completed,credit_card,United States,355.31
3606,1224,2025-11-17,refunded,credit_card,United States,362.13
3607,1228,2024-02-03,completed,credit_card,India,54.45
3608,1228,2024-02-10,completed,gift_card,India,1012.98
3609,1230,2025-09-16,completed,credit_card,Australia,92.65
3610,1230,2025-10-21,completed,paypal,Australia,565.58
3611,1230,2025-10-27,completed,credit_card,Australia,319.46
3612,1230,2025-11-01,completed,credit_card,Australia,520.96
3613,1230,2025-11-14,completed,debit_card,Australia,33.72
3614,1230,2025-12-30,completed,credit_card,Australia,206.7
3615,1231,2024-08-02,completed,credit_card,Germany,547.87
3616,1231,2024-09-15,completed,paypal,Germany,117.07
3617,1231,2024-10-23,completed,credit_card,Germany,209.51
3618,1231,2024-11-23,completed,credit_card,Germany,248.78
3619,1231,2024-12-13,completed,credit_card,Germany,97.45
3620,1231,2025-01-18,completed,credit_card,Germany,92.65
3621,1231,2025-02-21,cancelled,credit_card,Germany,379.58
3622,1231,2025-02-24,completed,credit_card,Germany,219.65
3623,1231,2025-06-26,completed,credit_card,Germany,509.9
3624,1232,2024-01-05,completed,paypal,United States,87.92
3625,1233,2023-06-30,refunded,credit_card,United States,187.12
3626,1233,2023-07-05,completed,credit_card,United States,170.77
3627,1233,2023-08-16,completed,credit_card,United States,277.95
3628,1233,2023-09-20,completed,credit_card,United States,102.38
3629,1234,2024-11-22,refunded,credit_card,France,557.02
3630,1234,2024-11-22,refunded,credit_card,France,59.81
3631,1234,2025-01-19,completed,paypal,France,465.8
3632,1234,2025-02-20,refunded,credit_card,France,263.94
3633,1234,2025-03-04,refunded,credit_card,France,431.14
3634,1234,2025-03-12,completed,gift_card,France,279.67
3635,1234,2025-04-02,completed,credit_card,France,187.33
3636,1234,2025-04-17,completed,credit_card,France,146.51
3637,1234,2025-06-25,completed,credit_card,France,501.45
3638,1234,2025-08-05,completed,credit_card,France,186.63
3639,1234,2025-08-15,completed,credit_card,France,135.87
3640,1234,2025-08-27,cancelled,credit_card,France,575.36
3641,1234,2025-10-22,cancelled,credit_card,France,102.38
3642,1234,2025-11-08,completed,paypal,France,392.06
3643,1235,2023-07-12,completed,gift_card,Canada,211.48
3644,1236,2024-03-15,completed,credit_card,France,275.52
3645,1236,2024-05-10,completed,credit_card,France,113.76
3646,1236,2024-06-13,completed,paypal,France,381.29
3647,1236,2024-07-03,completed,debit_card,France,365.33
3648,1236,2024-09-01,completed,paypal,France,59.07
3649,1237,2025-10-28,completed,paypal,United States,402.24
3650,1237,2025-11-10,completed,paypal,United States,54.72
3651,1237,2025-12-27,completed,paypal,United States,79.64
3652,1237,2025-12-27,completed,credit_card,United States,64.26
3653,1238,2025-07-07,completed,credit_card,Canada,23.97
3654,1238,2025-08-04,refunded,paypal,Canada,106.34
3655,1238,2025-10-25,completed,paypal,Canada,67.88
3656,1238,2025-12-10,completed,debit_card,Canada,374.5
3657,1238,2025-12-10,completed,credit_card,Canada,227.29
3658,1240,2024-02-05,completed,gift_card,United States,510.84
3659,1240,2024-02-07,completed,paypal,United States,36.16
3660,1240,2024-05-07,pending,paypal,United States,459.16
3661,1240,2024-06-07,completed,credit_card,United States,232.02
3662,1240,2024-08-11,cancelled,paypal,United States,23.95
3663,1240,2024-08-30,completed,paypal,United States,314.49
3664,1240,2024-08-31,completed,credit_card,United States,357.57
3665,1240,2024-09-23,completed,paypal,United States,92.65
3666,1240,2024-09-24,completed,credit_card,United States,680.96
3667,1240,2024-09-27,completed,credit_card,United States,57.08
3668,1240,2024-10-09,completed,credit_card,United States,404.88
3669,1240,2024-11-27,completed,credit_card,United States,439.88
3670,1240,2025-02-01,completed,credit_card,United States,161.12
3671,1240,2025-02-11,completed,credit_card,United States,104.6
3672,1240,2025-03-24,completed,credit_card,United States,93.81
3673,1240,2025-04-07,completed,debit_card,United States,305.46
3674,1240,2025-05-01,refunded,credit_card,United States,384.82
3675,1240,2025-05-13,completed,credit_card,United States,37.54
3676,1240,2025-06-30,completed,paypal,United States,9.55
3677,1240,2025-12-19,completed,credit_card,United States,43.96
3678,1240,2025-12-24,completed,credit_card,United States,316.28
3679,1242,2024-07-26,cancelled,credit_card,United States,216.47
3680,1242,2024-11-09,completed,credit_card,United States,105.84
3681,1242,2024-11-20,completed,debit_card,United States,280.56
3682,1242,2024-12-10,completed,paypal,United States,638.4
3683,1242,2024-12-19,completed,credit_card,United States,178.03
3684,1242,2025-02-06,completed,debit_card,United States,808.88
3685,1242,2025-10-02,refunded,paypal,United States,75.74
3686,1242,2025-10-21,completed,credit_card,United States,437.34
3687,1243,2023-07-31,completed,credit_card,United Kingdom,322.88
3688,1244,2023-08-03,completed,credit_card,Germany,665.49
3689,1244,2023-08-08,completed,paypal,Germany,166.82
3690,1244,2023-10-18,cancelled,credit_card,Germany,388.87
3691,1244,2023-12-03,cancelled,credit_card,Germany,83.39
3692,1244,2023-12-03,completed,credit_card,Germany,204.77
3693,1244,2023-12-06,completed,credit_card,Germany,390.98
3694,1244,2024-02-03,completed,gift_card,Germany,20.85
3695,1244,2024-03-02,completed,gift_card,Germany,97.41
3696,1244,2024-05-13,completed,credit_card,Germany,123.71
3697,1244,2024-06-07,completed,gift_card,Germany,657.27
3698,1244,2024-07-13,completed,gift_card,Germany,49.0
3699,1244,2024-08-05,completed,gift_card,Germany,146.23
3700,1244,2024-11-04,completed,paypal,Germany,213.48
3701,1244,2024-12-02,completed,credit_card,Germany,277.11
3702,1244,2024-12-20,completed,,Germany,149.5
3703,1246,2024-11-23,completed,credit_card,United States,1009.84
3704,1246,2024-12-26,completed,credit_card,United States,885.08
3705,1248,2023-10-25,completed,paypal,Brazil,251.96
3706,1250,2024-02-02,cancelled,credit_card,United Kingdom,155.13
3707,1250,2024-02-20,completed,debit_card,United Kingdom,368.99
3708,1250,2024-03-02,completed,credit_card,United Kingdom,545.84
3709,1250,2024-03-31,completed,paypal,United Kingdom,71.69
3710,1250,2024-04-06,completed,credit_card,United Kingdom,172.53
3711,1250,2024-04-27,completed,credit_card,United Kingdom,159.5
3712,1250,2024-09-02,completed,credit_card,United Kingdom,16.1
3713,1250,2024-09-14,completed,credit_card,United Kingdom,417.91
3714,1250,2024-10-15,refunded,credit_card,United Kingdom,47.94
3715,1253,2024-03-14,completed,credit_card,Australia,472.65
3716,1254,2023-10-05,completed,credit_card,United States,92.65
3717,1254,2023-10-24,completed,debit_card,United States,84.59
3718,1256,2023-12-18,completed,credit_card,United States,66.12
3719,1257,2025-03-11,completed,credit_card,India,407.18
3720,1258,2023-10-26,completed,gift_card,Germany,295.32
3721,1258,2023-11-12,completed,credit_card,Germany,323.63
3722,1258,2023-12-21,completed,paypal,Germany,899.24
3723,1258,2024-04-16,refunded,gift_card,Germany,379.36
3724,1259,2024-04-13,completed,credit_card,United States,104.63
3725,1259,2024-05-20,completed,paypal,United States,38.26
3726,1259,2024-06-06,refunded,paypal,United States,230.61
3727,1259,2024-06-24,completed,paypal,United States,173.41
3728,1259,2024-09-02,pending,paypal,United States,274.17
3729,1259,2024-09-15,cancelled,paypal,United States,306.97
3730,1259,2024-09-29,completed,debit_card,United States,435.54
3731,1259,2024-10-14,completed,debit_card,United States,980.17
3732,1260,2025-04-09,completed,paypal,Germany,831.64
3733,1260,2025-05-10,completed,credit_card,Germany,74.37
3734,1260,2025-06-16,completed,paypal,Germany,285.29
3735,1260,2025-07-11,completed,credit_card,Germany,802.46
3736,1260,2025-10-20,completed,paypal,Germany,118.71
3737,1260,2025-11-27,completed,credit_card,Germany,190.95
3738,1261,2024-06-26,completed,paypal,France,400.22
3739,1261,2024-07-07,completed,credit_card,France,11.52
3740,1261,2024-09-05,cancelled,credit_card,France,306.13
3741,1261,2024-10-02,refunded,credit_card,France,202.0
3742,1261,2024-11-08,completed,credit_card,France,16.86
3743,1261,2024-11-08,refunded,credit_card,France,353.93
3744,1261,2024-11-11,completed,paypal,France,274.68
3745,1261,2024-12-19,completed,debit_card,France,226.97
3746,1261,2025-01-19,completed,credit_card,France,155.64
3747,1261,2025-01-31,completed,paypal,France,213.48
3748,1261,2025-02-14,completed,credit_card,France,316.73
3749,1261,2025-05-10,completed,credit_card,France,638.94
3750,1261,2025-08-13,completed,paypal,France,185.3
3751,1261,2025-12-20,completed,debit_card,France,397.74
3752,1262,2024-02-01,completed,credit_card,United States,87.7
3753,1262,2024-04-07,pending,credit_card,United States,287.64
3754,1262,2024-05-20,completed,debit_card,United States,278.45
3755,1263,2025-02-18,completed,credit_card,United States,149.69
3756,1263,2025-03-15,completed,paypal,United States,617.92
3757,1263,2025-05-09,cancelled,paypal,United States,475.41
3758,1263,2025-05-29,completed,paypal,United States,262.56
3759,1263,2025-09-24,cancelled,credit_card,United States,468.09
3760,1264,2025-03-10,completed,debit_card,Canada,189.06
3761,1266,2025-10-03,completed,paypal,United States,271.37
3762,1267,2024-08-30,completed,credit_card,Germany,147.7
3763,1267,2024-11-27,completed,debit_card,Germany,157.51
3764,1267,2024-11-27,completed,credit_card,Germany,66.12
3765,1267,2024-12-29,completed,credit_card,Germany,97.45
3766,1267,2025-02-05,completed,credit_card,Germany,59.56
3767,1267,2025-03-04,refunded,credit_card,Germany,363.2
3768,1267,2025-06-15,completed,debit_card,Germany,236.09
3769,1267,2025-08-29,completed,paypal,Germany,255.82
3770,1267,2025-10-12,completed,credit_card,Germany,92.65
3771,1268,2025-12-10,completed,paypal,Canada,323.83
3772,1269,2025-11-10,completed,credit_card,United Kingdom,40.26
3773,1271,2025-07-13,cancelled,debit_card,Netherlands,97.45
3774,1273,2024-10-12,completed,credit_card,United States,41.71
3775,1273,2024-11-28,completed,credit_card,United States,70.59
3776,1273,2025-03-04,completed,credit_card,United States,288.16
3777,1273,2025-03-06,completed,gift_card,United States,558.3
3778,1273,2025-03-24,completed,paypal,United States,443.24
3779,1273,2025-03-26,completed,credit_card,United States,238.25
3780,1273,2025-04-27,completed,paypal,United States,742.04
3781,1274,2024-11-10,cancelled,credit_card,United States,83.39
3782,1274,2024-11-10,completed,paypal,United States,268.84
3783,1275,2023-11-23,completed,paypal,United Kingdom,316.46
3784,1275,2024-04-10,completed,credit_card,United Kingdom,294.48
3785,1275,2024-05-14,completed,credit_card,United Kingdom,297.7
3786,1275,2024-05-28,completed,paypal,United Kingdom,889.3
3787,1275,2024-06-20,completed,credit_card,United Kingdom,117.07
3788,1276,2023-03-27,completed,credit_card,United States,61.63
3789,1276,2023-05-08,pending,credit_card,United States,56.2
3790,1276,2023-05-21,pending,debit_card,United States,515.76
3791,1276,2023-06-25,completed,credit_card,United States,41.32
3792,1276,2023-08-01,completed,gift_card,United States,178.69
3793,1276,2023-08-18,completed,paypal,United States,673.75
3794,1276,2023-10-17,refunded,paypal,United States,1384.12
3795,1276,2023-12-08,completed,credit_card,United States,12.8
3796,1276,2023-12-31,completed,credit_card,United States,66.12
3797,1277,2023-12-17,completed,credit_card,United States,213.48
3798,1277,2024-05-04,completed,credit_card,United States,92.65
3799,1277,2024-05-11,completed,credit_card,United States,213.48
3800,1277,2024-07-12,completed,credit_card,United States,320.16
3801,1277,2024-08-05,completed,credit_card,United States,287.39
3802,1277,2024-08-18,completed,paypal,United States,23.97
3803,1277,2024-08-27,completed,paypal,United States,238.09
3804,1277,2024-09-17,completed,debit_card,United States,398.69
3805,1277,2024-11-09,refunded,credit_card,United States,537.23
3806,1278,2023-09-02,completed,credit_card,United States,369.63
3807,1278,2023-09-12,completed,paypal,United States,133.93
3808,1278,2023-10-15,refunded,paypal,United States,166.77
3809,1280,2024-04-24,completed,paypal,United Kingdom,630.07
3810,1280,2024-06-27,completed,credit_card,United Kingdom,245.68
3811,1281,2024-07-24,pending,gift_card,France,291.31
3812,1281,2024-10-03,completed,gift_card,France,97.45
3813,1281,2024-12-10,completed,debit_card,France,302.06
3814,1281,2024-12-10,completed,paypal,France,191.44
3815,1281,2025-01-13,pending,paypal,France,87.7
3816,1281,2025-01-30,completed,credit_card,France,517.48
3817,1281,2025-02-12,completed,credit_card,France,13.12
3818,1281,2025-02-15,completed,credit_card,France,95.88
3819,1285,2024-02-08,completed,credit_card,United States,24.15
3820,1287,2024-03-03,completed,credit_card,Australia,173.82
3821,1287,2024-03-26,completed,credit_card,Australia,59.23
3822,1288,2025-07-13,refunded,debit_card,Germany,696.55
3823,1288,2025-08-17,completed,credit_card,Germany,185.3
3824,1288,2025-08-18,completed,gift_card,Germany,643.92
3825,1288,2025-09-12,refunded,gift_card,Germany,176.43
3826,1288,2025-09-27,completed,credit_card,Germany,971.89
3827,1288,2025-10-17,completed,debit_card,Germany,496.09
3828,1288,2025-10-24,completed,paypal,Germany,237.72
3829,1288,2025-11-13,completed,credit_card,Germany,177.64
3830,1288,2025-11-21,completed,gift_card,Germany,173.41
3831,1288,2025-12-10,completed,debit_card,Germany,301.15
3832,1288,2025-12-28,completed,credit_card,Germany,444.23
3833,1290,2024-09-07,completed,credit_card,Mexico,514.9
3834,1290,2024-09-15,refunded,credit_card,Mexico,625.92
3835,1290,2024-09-26,cancelled,paypal,Mexico,216.0
3836,1290,2024-11-27,completed,credit_card,Mexico,446.95
3837,1290,2025-02-22,refunded,debit_card,Mexico,403.07
3838,1290,2025-04-12,completed,credit_card,Mexico,285.33
3839,1293,2025-11-30,completed,credit_card,India,428.22
3840,1294,2023-12-13,completed,paypal,United States,245.68
3841,1294,2023-12-20,completed,credit_card,United States,318.95
3842,1294,2023-12-24,completed,gift_card,United States,47.39
3843,1294,2024-01-20,completed,credit_card,United States,294.5
3844,1295,2025-03-24,completed,credit_card,Canada,59.56
3845,1295,2025-05-14,completed,credit_card,Canada,451.58
3846,1295,2025-05-23,completed,paypal,Canada,629.96
3847,1295,2025-06-12,completed,credit_card,Canada,455.44
3848,1295,2025-06-19,completed,debit_card,Canada,230.55
3849,1296,2024-07-02,completed,paypal,United States,781.05
3850,1296,2024-07-11,completed,debit_card,United States,468.64
3851,1296,2024-10-14,completed,credit_card,United States,40.26
3852,1296,2024-10-15,refunded,gift_card,United States,220.29
3853,1296,2024-10-17,completed,paypal,United States,295.32
3854,1296,2024-11-22,completed,credit_card,United States,59.56
3855,1296,2024-12-07,completed,debit_card,United States,956.34
3856,1296,2025-02-08,cancelled,debit_card,United States,246.75
3857,1296,2025-02-17,completed,paypal,United States,674.49
3858,1296,2025-02-25,completed,credit_card,United States,116.45
3859,1296,2025-05-14,completed,credit_card,United States,811.47
3860,1296,2025-06-18,refunded,paypal,United States,494.89
3861,1296,2025-07-17,completed,paypal,United States,208.1
3862,1296,2025-07-28,completed,credit_card,United States,391.02
3863,1296,2025-08-15,completed,credit_card,United States,41.71
3864,1296,2025-08-29,completed,credit_card,United States,194.07
3865,1298,2024-04-14,completed,credit_card,United States,151.34
3866,1299,2024-11-19,completed,credit_card,United States,369.46
3867,1299,2024-11-24,completed,credit_card,United States,224.45
3868,1299,2024-12-05,completed,credit_card,United States,201.32
3869,1299,2025-03-03,cancelled,paypal,United States,49.0
3870,1299,2025-03-20,completed,gift_card,United States,282.79
3871,1299,2025-05-03,completed,gift_card,United States,607.68
3872,1299,2025-05-09,completed,debit_card,United States,755.68
3873,1299,2025-08-01,completed,credit_card,United States,53.97
3874,1299,2025-08-09,completed,paypal,United States,195.99
3875,1300,2023-06-12,completed,credit_card,Mexico,58.22
3876,1300,2023-09-19,completed,credit_card,Mexico,137.58
3877,1300,2023-12-05,completed,debit_card,Mexico,129.37
3878,1300,2023-12-05,refunded,credit_card,Mexico,59.51
3879,1300,2023-12-18,completed,gift_card,Mexico,104.06
3880,1301,2023-07-12,completed,credit_card,United Kingdom,268.69
3881,1301,2023-09-10,pending,gift_card,United Kingdom,31.27
3882,1303,2024-02-29,completed,paypal,India,92.65
3883,1303,2024-06-26,completed,credit_card,India,274.53
3884,1304,2024-08-27,completed,paypal,Canada,1354.8
3885,1304,2024-08-29,completed,credit_card,Canada,959.04
3886,1304,2024-11-25,refunded,credit_card,Canada,498.25
3887,1304,2024-12-12,completed,paypal,Canada,135.98
3888,1304,2024-12-17,completed,paypal,Canada,204.57
3889,1304,2025-04-05,completed,gift_card,Canada,129.69
3890,1304,2025-05-04,completed,debit_card,Canada,542.78
3891,1304,2025-06-06,completed,credit_card,Canada,60.88
3892,1304,2025-06-13,completed,gift_card,Canada,1168.48
3893,1305,2024-03-05,completed,credit_card,United States,33.63
3894,1305,2024-03-08,pending,credit_card,United States,228.51
3895,1305,2024-04-13,completed,credit_card,United States,451.06
3896,1305,2024-09-01,pending,credit_card,United States,124.39
3897,1306,2025-09-15,cancelled,credit_card,Canada,116.57
3898,1306,2025-10-10,completed,credit_card,Canada,12.8
3899,1306,2025-10-26,completed,paypal,Canada,426.3
3900,1306,2025-11-28,completed,credit_card,Canada,333.16
3901,1307,2023-11-03,completed,credit_card,Australia,68.48
3902,1307,2023-11-03,completed,credit_card,Australia,92.65
3903,1307,2023-11-08,pending,paypal,Australia,612.2
3904,1307,2023-11-08,completed,debit_card,Australia,102.65
3905,1307,2023-11-20,completed,gift_card,Australia,20.37
3906,1307,2023-11-30,completed,debit_card,Australia,287.67
3907,1307,2023-11-30,completed,debit_card,Australia,75.74
3908,1307,2023-12-10,refunded,credit_card,Australia,414.76
3909,1307,2024-03-15,completed,credit_card,Australia,68.48
3910,1307,2024-05-08,completed,credit_card,Australia,529.57
3911,1308,2024-06-14,completed,credit_card,India,149.61
3912,1310,2024-10-26,completed,paypal,India,1331.99
3913,1310,2024-10-29,completed,credit_card,India,1203.35
3914,1310,2024-11-14,completed,paypal,India,12.26
3915,1310,2024-11-14,completed,credit_card,India,489.87
3916,1310,2024-11-25,completed,credit_card,India,120.11
3917,1310,2024-11-25,refunded,paypal,India,406.9
3918,1310,2025-01-21,cancelled,credit_card,India,326.78
3919,1310,2025-01-31,completed,paypal,India,537.68
3920,1311,2023-07-24,completed,credit_card,France,552.02
3921,1311,2023-07-27,completed,debit_card,France,279.67
3922,1311,2023-09-08,completed,credit_card,France,330.08
3923,1314,2023-02-21,completed,gift_card,Germany,537.8
3924,1314,2023-04-23,completed,credit_card,Germany,175.79
3925,1314,2023-06-08,completed,credit_card,Germany,1168.12
3926,1314,2023-06-22,completed,credit_card,Germany,248.78
3927,1316,2024-02-03,refunded,credit_card,United States,239.32
3928,1316,2024-02-24,completed,credit_card,United States,583.5
3929,1316,2024-03-24,completed,credit_card,United States,248.19
3930,1316,2024-04-27,completed,credit_card,United States,55.66
3931,1316,2024-06-11,completed,credit_card,United States,560.25
3932,1316,2024-08-15,pending,gift_card,United States,100.7
3933,1316,2024-08-19,pending,credit_card,United States,266.32
3934,1316,2024-10-25,completed,credit_card,United States,166.32
3935,1316,2024-11-17,completed,credit_card,United States,49.0
3936,1316,2025-01-18,completed,credit_card,United States,288.01
3937,1316,2025-01-29,completed,credit_card,United States,450.19
3938,1316,2025-02-16,completed,credit_card,United States,706.68
3939,1316,2025-05-14,refunded,paypal,United States,764.66
3940,1316,2025-05-19,completed,credit_card,United States,234.35
3941,1316,2025-08-12,completed,credit_card,United States,243.44
3942,1316,2025-10-17,completed,debit_card,United States,211.89
3943,1316,2025-10-23,completed,credit_card,United States,420.88
3944,1316,2025-12-01,cancelled,debit_card,United States,150.63
3945,1316,2025-12-01,cancelled,credit_card,United States,432.56
3946,1317,2023-11-23,completed,credit_card,United States,311.52
3947,1317,2023-11-23,cancelled,gift_card,United States,122.28
3948,1317,2023-12-07,completed,paypal,United States,857.49
3949,1317,2023-12-07,completed,credit_card,United States,791.61
3950,1317,2024-03-01,completed,credit_card,United States,784.9
3951,1318,2023-08-26,completed,credit_card,United States,218.99
3952,1318,2023-11-11,completed,credit_card,United States,68.48
3953,1318,2023-11-11,completed,credit_card,United States,559.41
3954,1318,2023-11-21,completed,credit_card,United States,226.23
3955,1318,2023-12-06,completed,credit_card,United States,566.68
3956,1318,2023-12-06,completed,credit_card,United States,110.17
3957,1318,2024-01-01,completed,debit_card,United States,373.43
3958,1318,2024-02-16,completed,credit_card,United States,43.96
3959,1318,2024-03-07,completed,credit_card,United States,73.99
3960,1319,2024-08-27,completed,credit_card,Netherlands,977.1
3961,1319,2024-08-31,completed,paypal,Netherlands,394.16
3962,1321,2025-08-21,completed,credit_card,France,84.75
3963,1321,2025-09-06,completed,credit_card,France,160.81
3964,1321,2025-09-28,completed,credit_card,France,133.56
3965,1321,2025-10-18,cancelled,credit_card,France,112.01
3966,1321,2025-10-24,completed,gift_card,France,650.04
3967,1321,2025-10-25,completed,credit_card,France,574.1
3968,1321,2025-11-03,completed,credit_card,France,74.12
3969,1321,2025-12-03,cancelled,credit_card,France,397.27
3970,1321,2025-12-26,completed,gift_card,France,198.39
3971,1321,2025-12-26,completed,debit_card,France,98.65
3972,1322,2025-02-10,completed,credit_card,United States,580.11
3973,1322,2025-03-06,completed,credit_card,United States,299.83
3974,1322,2025-03-08,completed,credit_card,United States,426.96
3975,1322,2025-03-16,completed,credit_card,United States,530.71
3976,1322,2025-03-27,completed,credit_card,United States,199.47
3977,1322,2025-04-14,completed,credit_card,United States,57.53
3978,1322,2025-05-18,completed,credit_card,United States,521.57
3979,1322,2025-07-04,completed,gift_card,United States,95.98
3980,1322,2025-07-10,completed,paypal,United States,577.04
3981,1322,2025-07-17,refunded,paypal,United States,83.05
3982,1322,2025-11-05,completed,credit_card,United States,297.48
3983,1322,2025-11-07,completed,credit_card,United States,187.33
3984,1322,2025-12-14,refunded,credit_card,United States,166.77
3985,1322,2025-12-23,completed,debit_card,United States,260.32
3986,1323,2025-04-09,completed,debit_card,Brazil,106.45
3987,1323,2025-04-19,completed,paypal,Brazil,235.94
3988,1323,2025-04-29,completed,credit_card,Brazil,573.27
3989,1323,2025-06-05,refunded,credit_card,Brazil,132.29
3990,1323,2025-07-15,completed,paypal,Brazil,186.64
3991,1323,2025-11-27,cancelled,gift_card,Brazil,43.46
3992,1323,2025-11-27,completed,credit_card,Brazil,376.56
3993,1326,2024-07-21,completed,paypal,Brazil,487.81
3994,1326,2024-07-24,completed,credit_card,Brazil,339.5
3995,1326,2024-08-03,completed,gift_card,Brazil,1120.81
3996,1326,2024-08-04,completed,credit_card,Brazil,82.21
3997,1326,2024-09-05,completed,debit_card,Brazil,559.34
3998,1327,2025-07-07,pending,credit_card,United States,11.23
3999,1327,2025-07-16,cancelled,credit_card,United States,311.87
4000,1328,2023-10-03,refunded,debit_card,United States,634.22
4001,1329,2025-10-16,completed,credit_card,United States,87.73
4002,1330,2023-12-18,completed,credit_card,United Kingdom,418.6
4003,1330,2024-01-14,completed,credit_card,United Kingdom,164.11
4004,1331,2025-03-20,refunded,credit_card,United Kingdom,157.49
4005,1331,2025-07-18,completed,credit_card,United Kingdom,316.05
4006,1331,2025-07-30,completed,debit_card,United Kingdom,173.82
4007,1333,2023-04-10,completed,gift_card,United Kingdom,393.07
4008,1333,2023-04-14,completed,credit_card,United Kingdom,61.02
4009,1333,2023-05-17,completed,credit_card,United Kingdom,246.39
4010,1334,2024-07-26,completed,debit_card,United States,255.14
4011,1334,2024-08-03,completed,debit_card,United States,174.16
4012,1334,2024-08-04,refunded,debit_card,United States,108.48
4013,1334,2024-11-30,completed,debit_card,United States,325.1
4014,1334,2024-11-30,completed,credit_card,United States,838.89
4015,1334,2024-12-08,cancelled,paypal,United States,80.38
4016,1334,2024-12-08,cancelled,paypal,United States,170.25
4017,1334,2025-05-16,completed,gift_card,United States,61.28
4018,1334,2025-07-25,completed,credit_card,United States,213.48
4019,1334,2025-07-26,completed,credit_card,United States,191.4
4020,1334,2025-08-31,completed,gift_card,United States,422.89
4021,1334,2025-09-26,completed,credit_card,United States,1424.26
4022,1334,2025-10-31,completed,debit_card,United States,803.79
4023,1334,2025-11-17,completed,paypal,United States,386.79
4024,1335,2024-07-21,completed,debit_card,United States,172.21
4025,1335,2024-08-03,completed,credit_card,United States,215.15
4026,1335,2024-08-05,completed,credit_card,United States,190.2
4027,1335,2024-12-07,completed,credit_card,United States,173.82
4028,1335,2024-12-19,completed,debit_card,United States,278.46
4029,1335,2025-02-16,cancelled,credit_card,United States,465.04
4030,1335,2025-02-18,completed,credit_card,United States,430.89
4031,1335,2025-03-20,completed,credit_card,United States,754.69
4032,1335,2025-04-06,completed,credit_card,United States,93.38
4033,1335,2025-04-24,completed,gift_card,United States,126.9
4034,1335,2025-05-18,completed,paypal,United States,92.65
4035,1335,2025-06-08,refunded,paypal,United States,492.97
4036,1335,2025-07-14,completed,credit_card,United States,526.7
4037,1335,2025-07-27,completed,credit_card,United States,332.35
4038,1335,2025-08-14,cancelled,credit_card,United States,101.25
4039,1336,2025-10-26,cancelled,paypal,United States,92.65
4040,1336,2025-10-29,completed,paypal,United States,92.65
4041,1336,2025-12-06,completed,credit_card,United States,830.79
4042,1337,2025-05-05,completed,credit_card,United States,423.17
4043,1337,2025-05-15,completed,paypal,United States,57.57
4044,1337,2025-05-29,completed,credit_card,United States,68.1
4045,1337,2025-06-09,completed,credit_card,United States,200.76
4046,1338,2023-08-04,completed,gift_card,United States,102.38
4047,1338,2023-09-08,completed,paypal,United States,487.06
4048,1339,2024-04-05,completed,credit_card,United States,282.79
4049,1339,2024-04-11,refunded,paypal,United States,443.77
4050,1339,2024-05-21,completed,debit_card,United States,653.99
4051,1339,2024-06-11,completed,paypal,United States,150.97
4052,1339,2024-06-30,completed,credit_card,United States,437.89
4053,1339,2024-07-12,refunded,debit_card,United States,330.16
4054,1339,2024-07-23,completed,debit_card,United States,154.53
4055,1339,2024-09-20,completed,credit_card,United States,292.94
4056,1339,2024-09-22,pending,credit_card,United States,492.96
4057,1339,2024-10-05,completed,credit_card,United States,364.33
4058,1339,2024-11-12,completed,credit_card,United States,432.77
4059,1339,2025-01-12,completed,paypal,United States,111.19
4060,1339,2025-02-25,completed,credit_card,United States,57.82
4061,1341,2025-01-08,completed,debit_card,Australia,109.06
4062,1341,2025-01-17,completed,credit_card,Australia,153.58
4063,1341,2025-02-07,cancelled,credit_card,Australia,66.53
4064,1341,2025-03-28,completed,debit_card,Australia,374.5
4065,1341,2025-05-02,completed,paypal,Australia,92.65
4066,1342,2024-03-14,completed,paypal,United States,392.07
4067,1342,2024-04-12,pending,credit_card,United States,1000.1
4068,1342,2024-04-15,completed,credit_card,United States,165.66
4069,1342,2024-04-26,completed,credit_card,United States,307.45
4070,1343,2025-11-09,completed,credit_card,United Kingdom,607.72
4071,1343,2025-11-09,cancelled,paypal,United Kingdom,294.14
4072,1344,2023-09-27,cancelled,credit_card,Germany,371.19
4073,1344,2023-10-30,pending,credit_card,Germany,98.65
4074,1344,2023-11-27,completed,credit_card,Germany,190.37
4075,1344,2023-12-20,completed,debit_card,Germany,244.89
4076,1344,2023-12-22,completed,credit_card,Germany,555.1
4077,1345,2024-05-05,completed,credit_card,Canada,372.4
4078,1345,2024-07-14,completed,credit_card,Canada,203.69
4079,1345,2024-07-24,completed,paypal,Canada,123.67
4080,1345,2024-08-21,pending,credit_card,Canada,298.17
4081,1346,2024-01-18,completed,debit_card,United States,50.03
4082,1346,2024-03-29,refunded,paypal,United States,142.68
4083,1348,2025-09-03,completed,credit_card,Canada,23.97
4084,1348,2025-09-25,completed,paypal,Canada,227.73
4085,1348,2025-10-11,completed,paypal,Canada,541.43
4086,1348,2025-12-25,completed,paypal,Canada,213.48
4087,1348,2025-12-27,completed,paypal,Canada,187.33
4088,1348,2025-12-30,completed,credit_card,Canada,641.8
4089,1349,2025-05-11,completed,credit_card,United States,1331.44
4090,1351,2025-12-19,completed,gift_card,United Kingdom,23.93
4091,1351,2025-12-20,completed,gift_card,United Kingdom,198.22
4092,1352,2024-11-29,completed,credit_card,Germany,91.71
4093,1352,2025-01-08,completed,debit_card,Germany,629.56
4094,1353,2025-10-24,completed,debit_card,Australia,70.61
4095,1353,2025-10-29,completed,gift_card,Australia,96.7
4096,1354,2025-04-01,completed,credit_card,United Kingdom,78.65
4097,1354,2025-04-24,completed,paypal,United Kingdom,692.52
4098,1354,2025-05-08,completed,credit_card,United Kingdom,634.82
4099,1354,2025-06-24,completed,paypal,United Kingdom,40.26
4100,1354,2025-06-27,cancelled,credit_card,United Kingdom,124.39
4101,1354,2025-08-03,pending,paypal,United Kingdom,826.86
4102,1355,2023-02-20,completed,credit_card,United States,359.61
4103,1355,2023-03-09,completed,credit_card,United States,157.46
4104,1355,2023-06-12,pending,debit_card,United States,708.51
4105,1358,2024-05-31,completed,credit_card,United States,285.79
4106,1359,2023-04-21,completed,credit_card,India,72.32
4107,1359,2023-04-25,completed,paypal,India,675.27
4108,1359,2023-05-27,completed,paypal,India,144.19
4109,1359,2023-08-18,completed,credit_card,India,76.49
4110,1359,2023-08-21,completed,paypal,India,248.18
4111,1359,2023-09-14,completed,paypal,India,203.87
4112,1359,2023-09-27,pending,credit_card,India,174.89
4113,1359,2023-10-03,completed,paypal,India,510.28
4114,1359,2023-11-20,completed,paypal,India,181.87
4115,1359,2023-12-07,completed,credit_card,India,25.6
4116,1359,2023-12-13,completed,paypal,India,45.87
4117,1359,2023-12-14,completed,credit_card,India,161.93
4118,1359,2023-12-30,completed,credit_card,India,299.6
4119,1359,2023-12-30,completed,credit_card,India,580.6
4120,1360,2025-02-26,pending,paypal,United States,366.63
4121,1360,2025-02-28,completed,credit_card,United States,472.82
4122,1361,2024-10-29,completed,debit_card,Australia,362.78
4123,1361,2024-11-10,cancelled,paypal,Australia,277.95
4124,1365,2025-08-30,completed,debit_card,United Kingdom,158.53
4125,1365,2025-11-16,pending,credit_card,United Kingdom,97.45
4126,1366,2024-04-20,completed,paypal,United States,92.6
4127,1366,2024-06-20,completed,credit_card,United States,48.96
4128,1366,2024-09-12,completed,credit_card,United States,262.32
4129,1366,2024-10-20,completed,paypal,United States,39.57
4130,1366,2024-12-03,completed,credit_card,United States,255.86
4131,1366,2024-12-06,completed,debit_card,United States,83.39
4132,1366,2024-12-18,completed,credit_card,United States,159.23
4133,1366,2024-12-18,completed,paypal,United States,522.65
4134,1366,2024-12-20,cancelled,debit_card,United States,66.53
4135,1366,2025-05-12,completed,paypal,United States,185.3
4136,1366,2025-05-28,cancelled,credit_card,United States,275.41
4137,1366,2025-07-08,refunded,paypal,United States,180.27
4138,1366,2025-08-25,completed,credit_card,United States,173.82
4139,1366,2025-09-02,completed,paypal,United States,121.18
4140,1366,2025-10-01,completed,credit_card,United States,236.05
4141,1366,2025-10-31,cancelled,gift_card,United States,181.49
4142,1366,2025-12-21,completed,credit_card,United States,108.1
4143,1366,2025-12-21,completed,debit_card,United States,246.79
4144,1368,2023-07-13,completed,debit_card,United States,110.19
4145,1368,2023-08-06,completed,debit_card,United States,285.29
4146,1368,2023-08-24,completed,paypal,United States,92.95
4147,1369,2023-11-08,completed,debit_card,United States,605.09
4148,1369,2023-11-09,completed,paypal,United States,470.35
4149,1369,2023-11-28,completed,credit_card,United States,64.69
4150,1369,2023-12-23,completed,credit_card,United States,536.15
4151,1369,2023-12-25,completed,credit_card,United States,209.67
4152,1369,2024-01-21,completed,credit_card,United States,309.11
4153,1369,2024-04-05,completed,credit_card,United States,270.68
4154,1369,2024-04-14,refunded,paypal,United States,340.86
4155,1369,2024-05-19,refunded,gift_card,United States,829.2
4156,1369,2024-06-28,pending,debit_card,United States,227.52
4157,1369,2024-07-14,completed,gift_card,United States,565.58
4158,1369,2024-07-27,completed,credit_card,United States,307.6
4159,1369,2024-08-15,pending,debit_card,United States,734.26
4160,1369,2024-09-08,completed,credit_card,United States,164.11
4161,1369,2024-09-12,completed,debit_card,United States,423.5
4162,1369,2024-11-07,completed,credit_card,United States,345.79
4163,1370,2023-08-31,completed,credit_card,United States,447.88
4164,1370,2023-09-25,completed,credit_card,United States,585.66
4165,1370,2023-10-03,completed,paypal,United States,235.06
4166,1370,2023-10-28,completed,credit_card,United States,136.61
4167,1370,2023-12-02,completed,credit_card,United States,106.61
4168,1370,2024-01-18,completed,debit_card,United States,257.47
4169,1371,2024-10-26,completed,paypal,United States,92.65
4170,1371,2024-10-30,refunded,credit_card,United States,49.78
4171,1371,2024-11-08,completed,credit_card,United States,261.43
4172,1371,2024-12-01,refunded,paypal,United States,11.66
4173,1371,2025-01-16,completed,credit_card,United States,137.58
4174,1371,2025-01-28,completed,paypal,United States,48.94
4175,1371,2025-02-03,completed,credit_card,United States,140.65
4176,1372,2023-09-02,completed,credit_card,France,1110.56
4177,1372,2023-11-11,completed,credit_card,France,501.79
4178,1372,2023-12-01,refunded,paypal,France,79.35
4179,1372,2024-01-10,completed,credit_card,France,87.97
4180,1372,2024-03-08,completed,credit_card,France,443.73
4181,1372,2024-03-10,completed,credit_card,France,291.58
4182,1372,2024-03-16,cancelled,credit_card,France,23.97
4183,1372,2024-04-05,completed,paypal,France,37.48
4184,1372,2024-06-27,completed,credit_card,France,325.53
4185,1374,2024-07-04,completed,credit_card,United States,286.32
4186,1374,2024-07-10,pending,debit_card,United States,255.14
4187,1374,2024-07-12,cancelled,credit_card,United States,79.24
4188,1376,2024-05-03,cancelled,credit_card,India,227.09
4189,1377,2023-09-07,completed,credit_card,United States,42.23
4190,1377,2023-10-07,completed,credit_card,United States,101.25
4191,1377,2023-10-12,refunded,gift_card,United States,476.17
4192,1378,2025-01-09,completed,gift_card,India,451.17
4193,1379,2023-04-09,completed,credit_card,India,411.91
4194,1379,2023-04-14,completed,credit_card,India,477.64
4195,1379,2023-05-16,completed,paypal,India,389.41
4196,1381,2024-12-28,completed,credit_card,Germany,629.9
4197,1381,2025-03-08,completed,paypal,Germany,481.12
4198,1381,2025-04-04,cancelled,credit_card,Germany,83.05
4199,1381,2025-05-15,completed,credit_card,Germany,217.77
4200,1381,2025-11-01,completed,credit_card,Germany,225.66
4201,1384,2024-08-23,completed,credit_card,United States,67.98
4202,1384,2024-09-10,completed,gift_card,United States,32.58
4203,1384,2024-10-02,completed,credit_card,United States,496.42
4204,1384,2024-10-28,completed,credit_card,United States,23.97
4205,1384,2024-10-30,completed,credit_card,United States,248.74
4206,1385,2025-05-28,completed,credit_card,United States,156.07
4207,1385,2025-06-10,completed,credit_card,United States,310.17
4208,1385,2025-06-23,completed,gift_card,United States,168.76
4209,1386,2025-05-18,completed,debit_card,United States,309.78
4210,1386,2025-07-22,completed,credit_card,United States,920.94
4211,1387,2024-04-24,completed,credit_card,United Kingdom,82.47
4212,1387,2024-05-11,completed,paypal,United Kingdom,716.32
4213,1387,2024-07-12,refunded,paypal,United Kingdom,151.34
4214,1387,2024-08-19,completed,credit_card,United Kingdom,203.56
4215,1387,2024-08-31,completed,credit_card,United Kingdom,178.71
4216,1388,2023-06-30,completed,credit_card,Canada,135.87
4217,1388,2023-07-11,completed,credit_card,Canada,628.76
4218,1389,2023-11-05,completed,credit_card,United States,767.73
4219,1389,2023-11-05,completed,paypal,United States,195.62
4220,1389,2024-01-12,completed,credit_card,United States,213.48
4221,1389,2024-02-10,completed,debit_card,United States,987.97
4222,1389,2024-04-27,completed,credit_card,United States,42.95
4223,1390,2024-10-08,completed,paypal,Netherlands,308.65
4224,1391,2023-05-23,completed,credit_card,United States,322.98
4225,1391,2023-06-07,completed,paypal,United States,173.41
4226,1392,2025-05-29,completed,gift_card,United States,60.49
4227,1392,2025-06-29,completed,gift_card,United States,63.03
4228,1393,2023-11-21,completed,credit_card,United States,426.67
4229,1393,2023-12-14,completed,paypal,United States,394.49
4230,1394,2025-08-12,completed,credit_card,United States,289.83
4231,1394,2025-11-05,completed,paypal,United States,294.61
4232,1394,2025-12-07,pending,paypal,United States,194.56
4233,1394,2025-12-07,completed,,United States,458.75
4234,1395,2025-09-03,completed,gift_card,Australia,384.73
4235,1401,2025-09-29,completed,debit_card,Netherlands,10.24
4236,1402,2023-05-17,completed,debit_card,France,527.12
4237,1403,2023-06-15,completed,debit_card,United States,183.84
4238,1403,2023-06-30,completed,gift_card,United States,1319.58
4239,1404,2023-08-31,completed,credit_card,United States,295.39
4240,1407,2025-04-05,completed,paypal,Mexico,185.8
4241,1408,2023-08-29,refunded,credit_card,Australia,341.78
4242,1409,2023-03-02,completed,paypal,France,444.46
4243,1409,2023-03-05,completed,debit_card,France,177.89
4244,1409,2023-04-02,completed,credit_card,France,217.39
4245,1409,2023-07-31,completed,paypal,France,452.58
4246,1409,2023-08-09,completed,credit_card,France,237.13
4247,1410,2024-09-16,completed,credit_card,Netherlands,264.66
4248,1410,2024-09-29,cancelled,debit_card,Netherlands,289.79
4249,1415,2023-06-08,completed,credit_card,United States,228.44
4250,1415,2023-06-18,completed,credit_card,United States,190.8
4251,1415,2023-06-30,completed,debit_card,United States,459.6
4252,1417,2025-01-18,completed,debit_card,United Kingdom,345.19
4253,1417,2025-01-21,completed,debit_card,United Kingdom,803.61
4254,1417,2025-02-26,completed,paypal,United Kingdom,239.64
4255,1417,2025-03-11,cancelled,paypal,United Kingdom,557.52
4256,1417,2025-05-22,completed,credit_card,United Kingdom,593.59
4257,1418,2023-07-19,completed,paypal,Canada,102.8
4258,1418,2023-07-27,completed,credit_card,Canada,870.33
4259,1418,2023-08-24,completed,credit_card,Canada,142.28
4260,1418,2023-09-09,completed,paypal,Canada,260.89
4261,1418,2023-10-12,completed,credit_card,Canada,124.39
4262,1418,2023-10-17,completed,credit_card,Canada,59.51
4263,1418,2023-10-27,completed,gift_card,Canada,102.38
4264,1418,2023-12-03,completed,credit_card,Canada,92.65
4265,1418,2023-12-03,refunded,credit_card,Canada,198.36
4266,1420,2023-04-11,completed,credit_card,India,828.66
4267,1420,2023-05-21,cancelled,credit_card,India,74.46
4268,1420,2023-06-02,completed,credit_card,India,50.63
4269,1420,2023-06-03,completed,paypal,India,592.13
4270,1420,2023-06-27,completed,paypal,India,33.99
4271,1420,2023-07-16,completed,credit_card,India,274.21
4272,1420,2023-09-20,completed,paypal,India,518.31
4273,1420,2024-01-13,completed,gift_card,India,362.04
4274,1420,2024-02-10,completed,debit_card,India,36.28
4275,1420,2024-02-19,completed,credit_card,India,351.21
4276,1420,2024-03-15,cancelled,credit_card,India,692.9
4277,1420,2024-07-23,cancelled,gift_card,India,368.54
4278,1420,2024-08-25,refunded,debit_card,India,346.82
4279,1420,2024-08-27,refunded,paypal,India,43.96
4280,1420,2024-11-15,completed,credit_card,India,69.51
4281,1420,2024-11-23,completed,credit_card,India,600.94
4282,1421,2023-10-15,completed,credit_card,Netherlands,326.87
4283,1421,2023-12-04,completed,credit_card,Netherlands,568.51
4284,1421,2024-01-12,completed,credit_card,Netherlands,270.69
4285,1424,2025-04-08,completed,paypal,Netherlands,253.77
4286,1424,2025-06-10,completed,paypal,Netherlands,99.2
4287,1424,2025-06-14,pending,credit_card,Netherlands,124.56
4288,1424,2025-06-28,completed,debit_card,Netherlands,1023.36
4289,1425,2023-07-21,completed,credit_card,United States,1253.7
4290,1427,2025-04-26,completed,credit_card,Australia,239.0
4291,1427,2025-05-20,completed,credit_card,Australia,687.4
4292,1427,2025-05-30,completed,credit_card,Australia,426.73
4293,1428,2025-09-07,completed,credit_card,United Kingdom,144.87
4294,1428,2025-10-10,refunded,credit_card,United Kingdom,97.45
4295,1428,2025-10-21,completed,paypal,United Kingdom,163.27
4296,1428,2025-11-09,completed,credit_card,United Kingdom,100.46
4297,1430,2023-06-11,completed,paypal,Mexico,92.13
4298,1430,2023-06-30,completed,credit_card,Mexico,375.44
4299,1430,2023-07-22,completed,gift_card,Mexico,255.14
4300,1430,2023-07-28,completed,debit_card,Mexico,208.99
4301,1430,2023-08-17,completed,credit_card,Mexico,644.33
4302,1430,2023-10-19,completed,credit_card,Mexico,282.79
4303,1430,2023-11-09,completed,credit_card,Mexico,1174.95
4304,1430,2023-11-16,completed,paypal,Mexico,593.69
4305,1431,2023-03-10,completed,paypal,United States,415.73
4306,1436,2025-04-11,completed,credit_card,United States,236.35
4307,1436,2025-04-21,completed,credit_card,United States,197.44
4308,1436,2025-06-25,completed,paypal,United States,35.12
4309,1436,2025-07-23,completed,credit_card,United States,272.21
4310,1436,2025-07-24,completed,credit_card,United States,116.14
4311,1437,2023-11-13,completed,paypal,United States,81.62
4312,1437,2023-11-29,completed,credit_card,United States,574.63
4313,1437,2023-11-29,completed,credit_card,United States,98.65
4314,1438,2023-11-30,completed,credit_card,United States,83.46
4315,1439,2025-07-12,completed,credit_card,United States,148.92
4316,1439,2025-08-08,pending,credit_card,United States,192.13
4317,1439,2025-08-09,completed,paypal,United States,378.99
4318,1442,2025-02-02,completed,credit_card,India,40.81
4319,1442,2025-02-17,refunded,paypal,India,424.66
4320,1442,2025-03-06,cancelled,credit_card,India,23.97
4321,1442,2025-04-09,completed,credit_card,India,129.44
4322,1442,2025-04-17,completed,credit_card,India,85.24
4323,1442,2025-04-22,completed,credit_card,India,453.85
4324,1442,2025-05-15,cancelled,credit_card,India,297.96
4325,1442,2025-07-12,completed,,India,305.16
4326,1442,2025-08-08,completed,debit_card,India,172.28
4327,1442,2025-09-15,completed,gift_card,India,114.44
4328,1442,2025-10-01,completed,paypal,India,1189.22
4329,1442,2025-11-14,completed,credit_card,India,22.46
4330,1442,2025-12-22,completed,credit_card,India,889.73
4331,1442,2025-12-22,completed,paypal,India,352.8
4332,1443,2025-05-08,refunded,credit_card,Germany,294.18
4333,1443,2025-05-26,refunded,credit_card,Germany,139.2
4334,1443,2025-06-05,pending,debit_card,Germany,274.17
4335,1445,2024-01-23,completed,paypal,United States,212.25
4336,1446,2023-08-24,cancelled,credit_card,Germany,12.8
4337,1447,2023-08-08,completed,gift_card,Canada,68.02
4338,1448,2025-12-12,completed,gift_card,United States,702.76
4339,1450,2023-12-15,completed,paypal,United States,1245.77
4340,1450,2024-01-25,completed,debit_card,United States,213.46
4341,1450,2024-01-29,completed,credit_card,United States,361.02
4342,1451,2025-03-22,completed,credit_card,Brazil,109.06
4343,1451,2025-03-25,cancelled,,Brazil,160.51
4344,1451,2025-04-11,completed,credit_card,Brazil,49.0
4345,1454,2024-11-26,pending,credit_card,France,1391.92
4346,1455,2024-08-18,completed,debit_card,Canada,181.46
4347,1455,2024-08-23,refunded,paypal,Canada,119.75
4348,1455,2024-09-23,completed,paypal,Canada,274.17
4349,1455,2024-09-25,completed,credit_card,Canada,328.57
4350,1455,2024-11-21,completed,credit_card,Canada,204.27
4351,1455,2025-01-07,completed,gift_card,Canada,50.62
4352,1455,2025-02-11,completed,paypal,Canada,92.65
4353,1455,2025-03-02,completed,debit_card,Canada,649.62
4354,1455,2025-03-12,completed,credit_card,Canada,389.67
4355,1457,2024-05-18,completed,paypal,United Kingdom,72.25
4356,1457,2024-05-20,completed,paypal,United Kingdom,86.99
4357,1457,2024-06-23,completed,debit_card,United Kingdom,350.28
4358,1457,2024-07-18,completed,credit_card,United Kingdom,1087.21
4359,1457,2024-08-22,completed,paypal,United Kingdom,75.02
4360,1457,2024-09-29,completed,gift_card,United Kingdom,541.68
4361,1457,2024-11-13,completed,credit_card,United Kingdom,113.76
4362,1457,2024-11-24,completed,credit_card,United Kingdom,143.36
4363,1457,2025-02-22,completed,credit_card,United Kingdom,1072.84
4364,1457,2025-03-22,completed,credit_card,United Kingdom,235.98
4365,1457,2025-04-09,completed,gift_card,United Kingdom,616.12
4366,1457,2025-04-11,cancelled,credit_card,United Kingdom,822.82
4367,1461,2025-01-06,cancelled,gift_card,Mexico,455.53
4368,1461,2025-03-03,completed,paypal,Mexico,304.18
4369,1461,2025-03-19,completed,credit_card,Mexico,74.18
4370,1462,2025-03-10,completed,paypal,United States,204.27
4371,1463,2023-04-07,completed,paypal,United States,116.44
4372,1463,2023-04-30,completed,paypal,United States,170.91
4373,1463,2023-06-07,refunded,credit_card,United States,85.25
4374,1463,2023-06-29,refunded,paypal,United States,48.94
4375,1463,2023-07-30,completed,debit_card,United States,292.94
4376,1463,2023-08-10,completed,credit_card,United States,116.21
4377,1463,2023-09-20,completed,paypal,United States,139.96
4378,1463,2023-10-24,completed,credit_card,United States,189.45
4379,1463,2023-10-30,completed,debit_card,United States,209.46
4380,1464,2023-09-15,completed,paypal,United Kingdom,698.01
4381,1465,2024-03-10,completed,credit_card,United States,326.35
4382,1465,2024-03-25,completed,credit_card,United States,612.9
4383,1465,2024-05-23,completed,credit_card,United States,515.34
4384,1465,2024-05-30,completed,paypal,United States,607.84
4385,1465,2024-06-06,refunded,credit_card,United States,318.38
4386,1465,2024-09-28,cancelled,credit_card,United States,158.77
4387,1465,2024-10-07,completed,paypal,United States,133.06
4388,1465,2024-10-30,completed,paypal,United States,42.23
4389,1465,2024-11-11,completed,credit_card,United States,23.04
4390,1466,2024-06-07,completed,credit_card,United States,268.68
4391,1466,2024-08-30,completed,paypal,United States,68.79
4392,1466,2024-09-26,completed,credit_card,United States,225.36
4393,1468,2023-09-26,completed,debit_card,Germany,341.84
4394,1468,2023-11-01,cancelled,credit_card,Germany,88.51
4395,1468,2023-11-29,cancelled,credit_card,Germany,407.44
4396,1468,2024-01-02,completed,credit_card,Germany,447.3
4397,1468,2024-02-10,cancelled,credit_card,Germany,212.72
4398,1468,2024-03-06,completed,credit_card,Germany,111.65
4399,1468,2024-04-15,completed,credit_card,Germany,735.93
4400,1468,2024-04-28,completed,credit_card,Germany,348.22
4401,1468,2024-05-30,completed,debit_card,Germany,996.97
4402,1468,2024-07-09,completed,credit_card,Germany,363.3
4403,1468,2024-07-12,completed,paypal,Germany,18.47
4404,1470,2025-11-27,completed,credit_card,United States,71.69
4405,1471,2023-03-15,completed,credit_card,United States,193.9
4406,1471,2023-04-04,completed,credit_card,United States,269.78
4407,1471,2023-04-12,cancelled,credit_card,United States,413.37
4408,1472,2024-03-30,completed,paypal,United States,207.64
4409,1472,2024-04-12,completed,debit_card,United States,36.77
4410,1473,2025-10-24,refunded,debit_card,Germany,121.35
4411,1473,2025-11-10,completed,credit_card,Germany,156.71
4412,1473,2025-11-10,completed,debit_card,Germany,397.09
4413,1473,2025-11-29,refunded,paypal,Germany,392.06
4414,1473,2025-11-29,completed,gift_card,Germany,75.74
4415,1473,2025-12-23,cancelled,credit_card,Germany,350.55
4416,1474,2025-03-20,cancelled,credit_card,United States,790.07
4417,1474,2025-04-17,cancelled,credit_card,United States,357.51
4418,1475,2025-09-29,cancelled,,United States,172.37
4419,1475,2025-11-16,completed,credit_card,United States,113.76
4420,1476,2023-08-15,completed,credit_card,Australia,693.31
4421,1477,2025-10-15,completed,debit_card,United States,81.28
4422,1477,2025-11-02,completed,debit_card,United States,146.68
4423,1477,2025-11-30,completed,credit_card,United States,525.17
4424,1479,2024-01-19,completed,credit_card,France,86.91
4425,1479,2024-02-09,pending,paypal,France,132.22
4426,1479,2024-04-15,completed,debit_card,France,488.64
4427,1479,2024-06-30,completed,gift_card,France,74.37
4428,1479,2024-07-24,completed,credit_card,France,245.68
4429,1479,2024-08-26,completed,debit_card,France,83.42
4430,1479,2024-08-28,completed,credit_card,France,957.72
4431,1479,2024-09-06,completed,credit_card,France,1004.47
4432,1480,2023-10-07,completed,paypal,United States,259.47
4433,1480,2023-12-02,completed,debit_card,United States,96.6
4434,1480,2023-12-06,completed,gift_card,United States,806.52
4435,1483,2025-06-22,completed,paypal,India,605.85
4436,1486,2023-01-12,completed,paypal,United States,332.04
4437,1486,2023-04-28,completed,paypal,United States,269.36
4438,1486,2023-06-01,completed,credit_card,United States,191.3
4439,1486,2023-07-10,completed,credit_card,United States,136.04
4440,1486,2023-10-16,refunded,credit_card,United States,212.06
4441,1486,2023-10-30,completed,paypal,United States,83.07
4442,1486,2024-01-13,completed,credit_card,United States,239.11
4443,1486,2024-03-09,completed,credit_card,United States,336.76
4444,1486,2024-04-02,completed,paypal,United States,678.02
4445,1486,2024-05-20,refunded,paypal,United States,240.92
4446,1487,2025-12-29,refunded,credit_card,United States,530.78
4447,1487,2025-12-29,completed,credit_card,United States,1186.33
4448,1487,2025-12-30,completed,,United States,23.32
4449,1487,2025-12-30,completed,gift_card,United States,249.03
4450,1489,2025-10-24,cancelled,credit_card,United States,209.59
4451,1489,2025-10-25,completed,credit_card,United States,211.74
4452,1489,2025-10-28,cancelled,credit_card,United States,156.07
4453,1490,2023-09-25,completed,debit_card,United Kingdom,123.73
4454,1490,2023-10-21,completed,debit_card,United Kingdom,66.53
4455,1490,2023-11-22,completed,,United Kingdom,80.28
4456,1492,2024-03-18,cancelled,paypal,United States,60.49
4457,1492,2024-03-26,completed,paypal,United States,119.44
4458,1492,2024-04-11,completed,debit_card,United States,48.94
4459,1492,2024-09-12,completed,paypal,United States,68.79
4460,1492,2024-10-05,completed,credit_card,United States,146.82
4461,1494,2024-06-25,completed,gift_card,India,257.58
4462,1495,2025-08-25,completed,credit_card,Germany,66.12
4463,1495,2025-08-26,pending,credit_card,Germany,66.12
4464,1499,2025-11-01,completed,paypal,Germany,374.5
4465,1499,2025-11-27,cancelled,paypal,Germany,250.29
4466,1499,2025-12-13,completed,credit_card,Germany,261.04
4467,1501,2024-10-16,completed,debit_card,Australia,13.02
4468,1501,2024-12-17,cancelled,gift_card,Australia,111.71
4469,1501,2024-12-17,completed,credit_card,Australia,480.68
4470,1501,2024-12-20,completed,paypal,Australia,294.33
4471,1502,2024-04-15,refunded,credit_card,United States,88.74
4472,1502,2024-07-13,completed,credit_card,United States,12.8
4473,1502,2024-10-23,completed,paypal,United States,375.44
4474,1502,2024-11-28,completed,credit_card,United States,493.14
4475,1502,2024-12-01,refunded,gift_card,United States,92.65
4476,1502,2025-01-11,cancelled,credit_card,United States,76.17
4477,1502,2025-01-31,completed,credit_card,United States,447.61
4478,1502,2025-03-13,completed,credit_card,United States,252.87
4479,1502,2025-04-01,completed,credit_card,United States,480.57
4480,1502,2025-04-24,completed,paypal,United States,236.36
4481,1502,2025-05-01,completed,credit_card,United States,626.86
4482,1502,2025-05-10,completed,credit_card,United States,313.9
4483,1502,2025-08-22,completed,gift_card,United States,207.55
4484,1502,2025-11-20,completed,gift_card,United States,121.18
4485,1502,2025-11-20,completed,credit_card,United States,268.94
4486,1503,2024-03-07,completed,credit_card,United Kingdom,151.34
4487,1503,2024-03-10,refunded,credit_card,United Kingdom,94.54
4488,1503,2024-05-02,completed,credit_card,United Kingdom,744.92
4489,1503,2024-06-08,completed,debit_card,United Kingdom,49.0
4490,1503,2024-07-02,cancelled,credit_card,United Kingdom,275.58
4491,1503,2024-08-22,completed,gift_card,United Kingdom,132.43
4492,1504,2023-10-30,completed,credit_card,India,206.0
4493,1504,2023-11-20,cancelled,credit_card,India,1015.15
4494,1504,2023-11-20,completed,paypal,India,909.06
4495,1504,2023-12-28,completed,credit_card,India,637.73
4496,1504,2024-02-08,refunded,credit_card,India,277.95
4497,1504,2024-05-23,completed,credit_card,India,849.56
4498,1504,2024-07-29,completed,,India,88.79
4499,1504,2024-08-30,completed,credit_card,India,602.39
4500,1505,2024-01-28,completed,paypal,United States,384.65
4501,1505,2024-02-15,completed,credit_card,United States,112.51
4502,1505,2024-02-19,completed,credit_card,United States,736.28
4503,1505,2024-04-10,completed,paypal,United States,348.54
4504,1505,2024-04-19,completed,gift_card,United States,447.63
4505,1505,2024-05-15,completed,credit_card,United States,124.42
4506,1505,2024-05-19,completed,credit_card,United States,117.62
4507,1505,2024-08-02,completed,debit_card,United States,413.43
4508,1506,2023-10-16,refunded,paypal,United Kingdom,249.17
4509,1506,2023-11-25,completed,credit_card,United Kingdom,366.76
4510,1506,2023-12-22,completed,credit_card,United Kingdom,425.85
4511,1506,2023-12-22,refunded,credit_card,United Kingdom,233.29
4512,1506,2024-01-21,pending,credit_card,United Kingdom,59.51
4513,1506,2024-01-31,completed,debit_card,United Kingdom,192.13
4514,1506,2024-02-24,completed,credit_card,United Kingdom,412.32
4515,1506,2024-02-28,cancelled,credit_card,United Kingdom,1764.82
4516,1506,2024-04-15,refunded,credit_card,United Kingdom,1326.15
4517,1507,2025-12-14,completed,credit_card,United States,683.39
4518,1508,2023-04-12,completed,credit_card,United States,379.97
4519,1508,2023-04-22,completed,debit_card,United States,92.73
4520,1508,2023-05-02,completed,credit_card,United States,537.68
4521,1509,2024-01-03,completed,credit_card,United States,442.86
4522,1509,2024-01-05,completed,credit_card,United States,625.6
4523,1509,2024-02-25,completed,debit_card,United States,567.94
4524,1509,2024-05-10,cancelled,debit_card,United States,105.74
4525,1509,2024-06-15,completed,credit_card,United States,49.75
4526,1509,2024-08-17,completed,paypal,United States,576.4
4527,1510,2023-04-22,completed,credit_card,United Kingdom,122.06
4528,1510,2023-05-02,completed,paypal,United Kingdom,460.4
4529,1510,2023-05-26,completed,credit_card,United Kingdom,154.51
4530,1510,2023-06-11,completed,credit_card,United Kingdom,149.63
4531,1510,2023-06-18,completed,gift_card,United Kingdom,234.61
4532,1510,2023-08-28,completed,credit_card,United Kingdom,376.44
4533,1511,2024-07-18,pending,debit_card,Brazil,133.49
4534,1511,2024-09-01,completed,credit_card,Brazil,145.72
4535,1511,2024-10-19,completed,credit_card,Brazil,35.61
4536,1511,2024-11-27,completed,debit_card,Brazil,453.04
4537,1511,2024-11-27,completed,credit_card,Brazil,23.97
4538,1512,2025-05-08,completed,gift_card,United States,1027.06
4539,1512,2025-05-10,refunded,debit_card,United States,241.96
4540,1512,2025-06-16,completed,paypal,United States,232.28
4541,1512,2025-08-30,completed,,United States,284.37
4542,1512,2025-10-03,cancelled,credit_card,United States,179.76
4543,1512,2025-10-13,completed,credit_card,United States,537.47
4544,1513,2024-03-03,completed,credit_card,United Kingdom,514.56
4545,1513,2024-07-01,completed,credit_card,United Kingdom,340.29
4546,1513,2024-07-13,completed,debit_card,United Kingdom,49.75
4547,1515,2023-12-30,completed,credit_card,Australia,304.44
4548,1515,2024-01-07,pending,paypal,Australia,525.83
4549,1515,2024-01-22,completed,credit_card,Australia,37.3
4550,1515,2024-04-24,cancelled,debit_card,Australia,535.68
4551,1515,2024-07-01,completed,credit_card,Australia,148.69
4552,1515,2024-12-28,completed,paypal,Australia,135.87
4553,1515,2024-12-31,completed,debit_card,Australia,98.72
4554,1515,2025-01-31,completed,credit_card,Australia,654.48
4555,1516,2023-12-05,completed,credit_card,United States,256.08
4556,1516,2023-12-05,cancelled,credit_card,United States,91.34
4557,1516,2024-01-03,completed,credit_card,United States,167.71
4558,1516,2024-01-08,completed,debit_card,United States,719.12
4559,1516,2024-01-14,completed,credit_card,United States,284.99
4560,1516,2024-05-02,cancelled,credit_card,United States,92.65
4561,1516,2024-06-19,completed,credit_card,United States,131.88
4562,1516,2024-06-28,completed,credit_card,United States,43.96
4563,1516,2024-08-18,completed,credit_card,United States,468.62
4564,1519,2024-09-13,completed,credit_card,United States,274.17
4565,1519,2024-09-15,completed,gift_card,United States,943.2
4566,1519,2024-10-04,completed,credit_card,United States,272.1
4567,1520,2023-08-19,completed,paypal,Australia,12.8
4568,1520,2023-10-05,completed,credit_card,Australia,185.3
4569,1520,2023-10-31,pending,credit_card,Australia,302.16
4570,1520,2023-12-03,refunded,gift_card,Australia,1103.26
4571,1520,2023-12-03,pending,credit_card,Australia,377.45
4572,1520,2023-12-09,completed,paypal,Australia,240.92
4573,1521,2024-06-23,refunded,debit_card,United Kingdom,231.76
4574,1521,2024-06-27,completed,paypal,United Kingdom,92.65
4575,1525,2025-02-17,refunded,debit_card,Australia,444.88
4576,1525,2025-03-25,completed,credit_card,Australia,673.69
4577,1525,2025-06-15,refunded,credit_card,Australia,151.48
4578,1525,2025-08-14,cancelled,paypal,Australia,39.2
4579,1526,2025-08-07,completed,credit_card,Germany,72.24
4580,1526,2025-09-18,refunded,credit_card,Germany,92.65
4581,1527,2024-11-16,completed,credit_card,India,506.18
4582,1529,2024-08-17,completed,credit_card,France,337.73
4583,1529,2024-08-31,completed,credit_card,France,253.17
4584,1529,2024-09-21,completed,credit_card,France,238.26
4585,1529,2024-09-24,refunded,gift_card,France,268.69
4586,1529,2024-10-04,completed,credit_card,France,240.92
4587,1529,2024-10-06,refunded,paypal,France,146.1
4588,1529,2024-10-20,refunded,debit_card,France,83.46
4589,1529,2025-04-04,completed,credit_card,France,37.54
4590,1529,2025-04-30,completed,paypal,France,298.09
4591,1530,2024-05-06,completed,credit_card,United States,78.75
4592,1530,2024-05-26,pending,gift_card,United States,66.46
4593,1530,2024-06-07,completed,debit_card,United States,697.32
4594,1531,2024-03-24,completed,paypal,United States,57.51
4595,1531,2024-04-13,completed,credit_card,United States,180.82
4596,1534,2023-11-03,completed,credit_card,India,79.98
4597,1534,2024-02-29,completed,credit_card,India,21.73
4598,1534,2024-03-05,completed,,India,121.18
4599,1534,2024-03-15,completed,gift_card,India,548.42
4600,1534,2024-05-09,completed,paypal,India,479.95
4601,1534,2024-06-04,completed,credit_card,India,306.8
4602,1534,2024-07-05,completed,paypal,India,301.44
4603,1534,2024-08-16,completed,credit_card,India,114.5
4604,1534,2024-12-08,completed,gift_card,India,239.43
4605,1534,2025-01-21,completed,debit_card,India,541.67
4606,1534,2025-02-15,completed,gift_card,India,80.52
4607,1534,2025-04-12,refunded,credit_card,India,337.17
4608,1534,2025-05-03,completed,credit_card,India,17.72
4609,1534,2025-06-09,completed,gift_card,India,11.81
4610,1534,2025-08-11,completed,credit_card,India,148.72
4611,1535,2024-04-24,completed,credit_card,India,91.12
4612,1535,2024-08-23,completed,credit_card,India,156.71
4613,1535,2024-09-29,completed,credit_card,India,53.97
4614,1535,2024-11-04,completed,paypal,India,192.24
4615,1535,2025-02-06,completed,credit_card,India,321.21
4616,1535,2025-04-01,completed,credit_card,India,157.5
4617,1537,2023-12-11,completed,debit_card,Canada,223.76
4618,1537,2023-12-12,completed,credit_card,Canada,153.22
4619,1537,2024-01-31,completed,credit_card,Canada,19.37
4620,1537,2024-02-25,completed,,Canada,214.28
4621,1537,2024-03-04,completed,credit_card,Canada,70.46
4622,1537,2024-03-09,completed,credit_card,Canada,398.04
4623,1537,2024-04-01,completed,credit_card,Canada,23.97
4624,1538,2024-09-11,completed,credit_card,United Kingdom,331.12
4625,1538,2024-09-15,refunded,paypal,United Kingdom,292.94
4626,1538,2024-11-07,completed,credit_card,United Kingdom,122.84
4627,1540,2025-01-19,completed,credit_card,United Kingdom,227.29
4628,1540,2025-02-21,completed,paypal,United Kingdom,724.16
4629,1540,2025-05-12,completed,credit_card,United Kingdom,173.41
4630,1541,2023-04-10,completed,credit_card,Mexico,49.0
4631,1541,2023-04-19,completed,credit_card,Mexico,180.92
4632,1541,2023-05-25,completed,credit_card,Mexico,11.23
4633,1541,2023-06-15,completed,credit_card,Mexico,250.02
4634,1541,2023-06-24,cancelled,debit_card,Mexico,149.15
4635,1541,2023-07-02,completed,credit_card,Mexico,235.31
4636,1541,2023-07-07,completed,credit_card,Mexico,77.23
4637,1541,2023-09-19,completed,gift_card,Mexico,1059.59
4638,1541,2023-09-23,completed,credit_card,Mexico,257.77
4639,1541,2023-12-21,completed,gift_card,Mexico,232.16
4640,1541,2023-12-22,completed,credit_card,Mexico,93.74
4641,1541,2023-12-31,completed,paypal,Mexico,208.05
4642,1541,2024-04-04,completed,credit_card,Mexico,248.73
4643,1541,2024-05-16,completed,credit_card,Mexico,53.97
4644,1541,2024-08-09,completed,credit_card,Mexico,679.03
4645,1541,2024-08-12,completed,credit_card,Mexico,61.85
4646,1541,2024-12-16,completed,credit_card,Mexico,428.77
4647,1541,2025-01-22,completed,paypal,Mexico,286.66
4648,1541,2025-02-05,completed,paypal,Mexico,391.71
4649,1541,2025-02-22,completed,,Mexico,8.05
4650,1541,2025-03-05,completed,credit_card,Mexico,83.07
4651,1541,2025-04-07,cancelled,credit_card,Mexico,164.11
4652,1541,2025-04-25,completed,paypal,Mexico,450.46
4653,1543,2024-10-02,refunded,credit_card,United States,651.02
4654,1543,2024-12-17,refunded,debit_card,United States,686.9
4655,1543,2024-12-17,completed,credit_card,United States,208.95
4656,1543,2025-03-14,completed,credit_card,United States,105.73
4657,1543,2025-03-25,completed,credit_card,United States,307.66
4658,1543,2025-04-03,completed,credit_card,United States,688.5
4659,1543,2025-04-16,completed,credit_card,United States,274.21
4660,1543,2025-04-26,completed,gift_card,United States,239.43
4661,1543,2025-05-09,completed,gift_card,United States,92.65
4662,1543,2025-06-12,completed,debit_card,United States,822.51
4663,1543,2025-06-23,pending,credit_card,United States,32.21
4664,1543,2025-07-24,completed,paypal,United States,83.05
4665,1543,2025-10-17,completed,credit_card,United States,656.22
4666,1545,2025-01-10,completed,paypal,United States,374.5
4667,1546,2023-10-08,completed,credit_card,Germany,122.84
4668,1546,2023-10-25,completed,credit_card,Germany,57.51
4669,1547,2025-10-22,completed,paypal,Australia,134.64
4670,1548,2023-03-06,completed,credit_card,United States,243.05
4671,1548,2023-05-21,completed,paypal,United States,714.8
4672,1548,2023-05-29,completed,credit_card,United States,196.03
4673,1549,2023-12-24,refunded,credit_card,United States,668.55
4674,1549,2024-02-14,completed,paypal,United States,13.12
4675,1549,2024-03-28,completed,paypal,United States,185.3
4676,1550,2025-10-13,completed,credit_card,United States,310.38
4677,1550,2025-11-18,completed,credit_card,United States,110.19
4678,1551,2024-11-08,refunded,,United States,84.99
4679,1551,2025-02-18,refunded,paypal,United States,19.37
4680,1552,2025-07-14,completed,paypal,United States,590.64
4681,1556,2023-11-14,completed,credit_card,United Kingdom,341.92
4682,1556,2023-12-20,pending,debit_card,United Kingdom,79.64
4683,1557,2024-10-16,completed,debit_card,United States,147.83
4684,1558,2023-10-23,completed,credit_card,United Kingdom,40.26
4685,1558,2023-11-05,completed,debit_card,United Kingdom,36.16
4686,1558,2023-11-05,completed,credit_card,United Kingdom,429.84
4687,1558,2023-11-16,completed,credit_card,United Kingdom,478.37
4688,1558,2023-12-17,completed,credit_card,United Kingdom,683.85
4689,1558,2023-12-17,completed,debit_card,United Kingdom,15.32
4690,1558,2024-01-02,completed,paypal,United Kingdom,170.11
4691,1558,2024-01-12,completed,credit_card,United Kingdom,864.46
4692,1558,2024-01-13,completed,credit_card,United Kingdom,396.5
4693,1558,2024-02-01,completed,credit_card,United Kingdom,42.01
4694,1558,2024-02-21,completed,paypal,United Kingdom,312.3
4695,1559,2025-01-16,completed,credit_card,United States,363.74
4696,1559,2025-02-03,pending,gift_card,United States,116.44
4697,1559,2025-03-08,cancelled,credit_card,United States,333.41
4698,1559,2025-03-11,completed,credit_card,United States,233.36
4699,1560,2025-04-03,completed,credit_card,Brazil,229.48
4700,1560,2025-07-03,completed,credit_card,Brazil,537.88
4701,1560,2025-07-06,completed,credit_card,Brazil,92.65
4702,1562,2025-04-23,completed,paypal,France,121.15
4703,1563,2024-01-12,completed,credit_card,Mexico,171.61
4704,1567,2023-06-18,completed,credit_card,Australia,31.27
4705,1567,2023-06-26,completed,credit_card,Australia,452.95
4706,1567,2023-07-22,completed,paypal,Australia,53.6
4707,1567,2023-09-28,completed,credit_card,Australia,228.02
4708,1567,2024-01-04,completed,credit_card,Australia,491.65
4709,1567,2024-01-27,completed,credit_card,Australia,298.84
4710,1569,2023-09-15,completed,paypal,India,612.09
4711,1569,2023-10-08,completed,debit_card,India,55.81
4712,1569,2023-11-13,completed,credit_card,India,352.01
4713,1569,2023-12-01,completed,gift_card,India,979.38
4714,1569,2024-01-12,completed,credit_card,India,135.87
4715,1570,2024-06-07,completed,credit_card,Canada,204.11
4716,1571,2025-06-08,completed,credit_card,United States,83.16
4717,1571,2025-09-24,completed,paypal,United States,213.48
4718,1571,2025-10-12,completed,credit_card,United States,40.31
4719,1572,2024-03-06,completed,paypal,Canada,102.38
4720,1572,2024-03-20,completed,credit_card,Canada,225.78
4721,1572,2024-03-26,completed,paypal,Canada,237.35
4722,1572,2024-04-17,completed,credit_card,Canada,97.88
4723,1572,2024-04-30,completed,paypal,Canada,128.8
4724,1572,2024-05-08,completed,gift_card,Canada,325.7
4725,1573,2024-12-13,pending,credit_card,France,48.94
4726,1573,2025-02-22,completed,paypal,France,135.87
4727,1574,2025-09-20,completed,paypal,United States,68.79
4728,1574,2025-12-13,completed,credit_card,United States,68.1
4729,1574,2025-12-13,completed,paypal,United States,324.95
4730,1575,2025-07-09,completed,credit_card,Netherlands,361.79
4731,1575,2025-08-03,completed,credit_card,Netherlands,667.61
4732,1575,2025-09-26,cancelled,paypal,Netherlands,92.65
4733,1575,2025-10-17,completed,paypal,Netherlands,206.41
4734,1576,2024-10-10,completed,paypal,United States,66.12
4735,1576,2024-12-19,completed,credit_card,United States,336.58
4736,1576,2025-02-02,completed,gift_card,United States,67.8
4737,1576,2025-02-10,completed,credit_card,United States,149.86
4738,1576,2025-03-09,completed,gift_card,United States,185.38
4739,1576,2025-07-26,cancelled,credit_card,United States,52.5
4740,1576,2025-09-10,completed,gift_card,United States,644.98
4741,1576,2025-10-05,cancelled,,United States,539.03
4742,1576,2025-11-02,completed,credit_card,United States,583.69
4743,1579,2025-11-15,completed,credit_card,United States,111.88
4744,1579,2025-11-15,completed,credit_card,United States,592.27
4745,1579,2025-11-22,completed,credit_card,United States,103.8
4746,1579,2025-11-30,completed,paypal,United States,127.22
4747,1580,2025-09-04,completed,gift_card,Germany,121.18
4748,1581,2024-06-19,completed,credit_card,United States,82.21
4749,1581,2024-09-17,completed,paypal,United States,120.89
4750,1581,2024-10-20,completed,credit_card,United States,276.65
4751,1581,2024-11-21,completed,credit_card,United States,132.24
4752,1581,2024-11-21,completed,credit_card,United States,84.99
4753,1581,2024-12-26,completed,paypal,United States,287.81
4754,1581,2025-01-09,completed,gift_card,United States,122.25
4755,1581,2025-01-12,completed,credit_card,United States,14.07
4756,1581,2025-01-30,pending,credit_card,United States,218.75
4757,1581,2025-02-05,completed,credit_card,United States,222.36
4758,1581,2025-05-07,refunded,paypal,United States,277.95
4759,1581,2025-05-22,completed,credit_card,United States,68.48
4760,1581,2025-05-26,cancelled,credit_card,United States,39.57
4761,1582,2023-05-26,refunded,credit_card,United States,12.8
4762,1583,2024-12-31,cancelled,credit_card,Australia,988.11
4763,1583,2025-02-14,completed,credit_card,Australia,91.59
4764,1583,2025-03-21,completed,paypal,Australia,588.76
4765,1583,2025-05-25,completed,gift_card,Australia,40.81
4766,1583,2025-07-27,completed,credit_card,Australia,242.48
4767,1583,2025-08-11,completed,gift_card,Australia,1359.51
4768,1583,2025-08-12,completed,paypal,Australia,23.95
4769,1584,2023-11-17,completed,gift_card,India,16.86
4770,1584,2023-12-17,completed,gift_card,India,128.98
4771,1584,2024-01-16,completed,credit_card,India,184.36
4772,1584,2024-03-29,completed,credit_card,India,221.5
4773,1584,2024-04-03,completed,credit_card,India,251.97
4774,1584,2024-04-21,cancelled,credit_card,India,104.59
4775,1584,2024-06-12,completed,paypal,India,121.18
4776,1584,2024-07-13,completed,credit_card,India,332.42
4777,1584,2024-07-28,cancelled,debit_card,India,247.45
4778,1584,2024-08-08,completed,debit_card,India,87.69
4779,1584,2024-10-06,completed,credit_card,India,154.73
4780,1584,2024-11-24,completed,credit_card,India,442.72
4781,1584,2024-11-24,refunded,credit_card,India,291.19
4782,1584,2025-01-27,completed,paypal,India,310.42
4783,1584,2025-02-18,completed,paypal,India,53.6
4784,1584,2025-02-20,completed,credit_card,India,40.26
4785,1584,2025-03-12,cancelled,paypal,India,78.75
4786,1584,2025-03-25,completed,credit_card,India,39.56
4787,1584,2025-03-30,completed,credit_card,India,123.7
4788,1584,2025-04-07,completed,credit_card,India,504.24
4789,1584,2025-07-08,completed,credit_card,India,303.0
4790,1584,2025-07-23,completed,paypal,India,652.06
4791,1584,2025-09-11,completed,debit_card,India,231.23
4792,1584,2025-09-15,completed,credit_card,India,1002.05
4793,1585,2025-01-15,completed,paypal,United Kingdom,206.37
4794,1585,2025-01-16,completed,credit_card,United Kingdom,156.44
4795,1585,2025-04-18,completed,paypal,United Kingdom,49.0
4796,1585,2025-05-26,completed,paypal,United Kingdom,61.85
4797,1586,2024-02-18,completed,credit_card,India,216.07
4798,1586,2024-03-08,completed,credit_card,India,118.13
4799,1586,2024-03-28,completed,paypal,India,92.65
4800,1587,2025-04-09,completed,debit_card,Canada,370.56
4801,1587,2025-05-24,pending,credit_card,Canada,397.93
4802,1587,2025-06-13,completed,credit_card,Canada,233.39
4803,1587,2025-06-25,completed,credit_card,Canada,711.24
4804,1587,2025-06-30,completed,credit_card,Canada,251.93
4805,1587,2025-08-15,completed,paypal,Canada,395.49
4806,1588,2023-08-27,completed,credit_card,Australia,186.69
4807,1588,2023-10-08,completed,gift_card,Australia,23.97
4808,1588,2023-10-15,completed,credit_card,Australia,358.37
4809,1588,2023-11-10,completed,credit_card,Australia,749.0
4810,1588,2023-11-10,completed,credit_card,Australia,610.7
4811,1588,2024-02-08,completed,credit_card,Australia,255.59
4812,1588,2024-02-29,completed,credit_card,Australia,358.82
4813,1588,2024-03-20,completed,credit_card,Australia,232.17
4814,1589,2023-05-02,completed,credit_card,United States,407.94
4815,1590,2023-04-15,completed,credit_card,United States,162.77
4816,1590,2023-05-11,completed,paypal,United States,938.2
4817,1591,2023-04-29,completed,credit_card,France,66.44
4818,1591,2023-07-13,completed,credit_card,France,730.8
4819,1591,2023-07-16,cancelled,paypal,France,213.48
4820,1591,2023-08-10,completed,paypal,France,611.55
4821,1591,2023-08-24,completed,credit_card,France,362.0
4822,1591,2023-10-24,completed,credit_card,France,26.24
4823,1591,2023-11-13,completed,credit_card,France,259.56
4824,1591,2023-11-13,completed,debit_card,France,33.9
4825,1591,2023-11-14,completed,credit_card,France,689.05
4826,1591,2023-11-14,completed,credit_card,France,115.75
4827,1591,2023-12-27,completed,credit_card,France,657.29
4828,1592,2024-05-16,completed,credit_card,United States,213.83
4829,1594,2024-04-12,refunded,gift_card,Australia,138.58
4830,1595,2025-12-28,refunded,credit_card,United States,282.79
4831,1596,2025-01-14,cancelled,credit_card,United Kingdom,68.79
4832,1596,2025-02-03,completed,,United Kingdom,47.54
4833,1596,2025-02-21,cancelled,credit_card,United Kingdom,484.47
4834,1599,2025-07-12,completed,credit_card,Mexico,235.57
4835,1599,2025-08-15,completed,credit_card,Mexico,566.6
4836,1599,2025-08-28,completed,paypal,Mexico,49.0
4837,1599,2025-10-01,completed,debit_card,Mexico,67.98
4838,1599,2025-11-07,completed,credit_card,Mexico,59.56
4839,1599,2025-12-15,completed,paypal,Mexico,251.51
4840,1601,2025-12-08,completed,paypal,United States,176.04
4841,1601,2025-12-17,completed,paypal,United States,190.14
4842,1602,2025-03-03,completed,debit_card,United States,116.44
4843,1602,2025-03-24,completed,gift_card,United States,376.17
4844,1602,2025-04-18,completed,credit_card,United States,80.52
4845,1602,2025-07-01,completed,paypal,United States,40.72
4846,1602,2025-07-14,completed,credit_card,United States,138.99
4847,1602,2025-08-21,completed,credit_card,United States,205.78
4848,1604,2024-06-25,completed,credit_card,India,732.46
4849,1604,2024-08-12,completed,debit_card,India,510.28
4850,1608,2023-10-28,completed,credit_card,United States,109.06
4851,1608,2023-11-26,completed,gift_card,United States,783.84
4852,1610,2023-09-16,cancelled,paypal,France,575.26
4853,1610,2023-10-14,completed,credit_card,France,313.58
4854,1610,2023-10-26,completed,credit_card,France,156.79
4855,1610,2023-11-01,cancelled,credit_card,France,104.52
4856,1610,2023-11-01,completed,credit_card,France,194.16
4857,1610,2024-06-28,pending,,France,291.22
4858,1610,2024-06-30,completed,paypal,France,534.39
4859,1610,2024-07-03,completed,credit_card,France,74.75
4860,1610,2024-08-16,refunded,credit_card,France,98.0
4861,1610,2024-09-22,completed,paypal,France,292.34
4862,1612,2024-03-28,completed,paypal,Mexico,15.32
4863,1612,2024-04-17,refunded,gift_card,Mexico,493.12
4864,1612,2024-04-27,completed,paypal,Mexico,359.16
4865,1612,2024-05-01,completed,paypal,Mexico,834.55
4866,1612,2024-05-19,completed,credit_card,Mexico,237.95
4867,1615,2023-05-31,completed,credit_card,United States,177.09
4868,1615,2023-06-09,cancelled,credit_card,United States,270.99
4869,1615,2023-06-16,completed,paypal,United States,583.58
4870,1620,2023-11-12,completed,paypal,Germany,359.54
4871,1620,2023-12-02,cancelled,debit_card,Germany,192.4
4872,1620,2023-12-30,refunded,paypal,Germany,67.88
4873,1621,2025-03-14,completed,paypal,Mexico,302.06
4874,1622,2024-11-05,completed,credit_card,United States,510.31
4875,1622,2024-11-25,completed,credit_card,United States,161.62
4876,1622,2024-11-25,completed,debit_card,United States,151.67
4877,1622,2025-02-08,cancelled,paypal,United States,1379.47
4878,1622,2025-02-23,completed,credit_card,United States,120.98
4879,1622,2025-02-27,completed,paypal,United States,87.7
4880,1624,2025-04-29,completed,paypal,Australia,114.44
4881,1624,2025-05-03,completed,credit_card,Australia,20.85
4882,1625,2023-06-14,completed,credit_card,United States,69.82
4883,1625,2023-06-21,completed,credit_card,United States,92.65
4884,1626,2025-06-15,completed,paypal,Mexico,452.06
4885,1626,2025-07-14,completed,paypal,Mexico,716.97
4886,1626,2025-09-11,completed,paypal,Mexico,204.44
4887,1629,2023-08-26,completed,credit_card,United Kingdom,162.03
4888,1629,2023-10-06,cancelled,gift_card,United Kingdom,311.9
4889,1629,2023-10-11,completed,credit_card,United Kingdom,491.17
4890,1630,2025-12-01,completed,credit_card,United States,97.45
4891,1630,2025-12-10,completed,credit_card,United States,83.53
4892,1630,2025-12-11,cancelled,credit_card,United States,72.56
4893,1631,2025-05-18,completed,credit_card,Canada,62.23
4894,1631,2025-06-27,completed,credit_card,Canada,358.24
4895,1631,2025-08-10,completed,credit_card,Canada,129.44
4896,1631,2025-10-06,completed,credit_card,Canada,42.23
4897,1631,2025-11-08,completed,paypal,Canada,159.21
4898,1631,2025-11-18,completed,credit_card,Canada,413.7
4899,1631,2025-12-16,completed,paypal,Canada,151.67
4900,1632,2024-01-18,completed,credit_card,France,30.74
4901,1632,2024-02-14,completed,paypal,France,544.37
4902,1632,2024-03-23,completed,credit_card,France,551.52
4903,1633,2025-06-23,completed,credit_card,United States,474.68
4904,1634,2024-03-16,completed,credit_card,Brazil,43.96
4905,1634,2024-04-13,completed,debit_card,Brazil,937.29
4906,1634,2024-04-18,completed,credit_card,Brazil,721.65
4907,1634,2024-05-15,completed,credit_card,Brazil,316.57
4908,1635,2025-08-21,completed,credit_card,United Kingdom,101.25
4909,1635,2025-09-21,completed,paypal,United Kingdom,287.32
4910,1635,2025-10-06,completed,credit_card,United Kingdom,746.88
4911,1636,2023-10-30,completed,credit_card,Germany,663.33
4912,1636,2023-11-08,refunded,credit_card,Germany,365.16
4913,1637,2024-05-14,completed,credit_card,United States,321.35
4914,1637,2024-08-15,cancelled,gift_card,United States,179.17
4915,1638,2023-08-30,pending,paypal,Canada,277.95
4916,1638,2023-10-04,completed,paypal,Canada,406.48
4917,1640,2023-11-10,completed,paypal,Australia,377.53
4918,1640,2024-01-12,cancelled,credit_card,Australia,644.38
4919,1640,2024-01-22,pending,debit_card,Australia,79.98
4920,1641,2025-03-29,refunded,credit_card,Germany,464.83
4921,1641,2025-04-03,completed,credit_card,Germany,193.89
4922,1641,2025-04-20,completed,paypal,Germany,98.97
4923,1641,2025-05-05,completed,paypal,Germany,131.26
4924,1641,2025-08-10,completed,debit_card,Germany,332.36
4925,1641,2025-10-10,completed,credit_card,Germany,345.05
4926,1642,2024-05-25,completed,,United States,59.92
4927,1642,2024-06-23,completed,credit_card,United States,933.52
4928,1642,2024-06-26,completed,debit_card,United States,321.07
4929,1642,2024-07-26,refunded,credit_card,United States,635.63
4930,1642,2024-08-08,completed,credit_card,United States,246.82
4931,1642,2024-09-10,completed,gift_card,United States,135.13
4932,1642,2024-11-10,completed,gift_card,United States,182.25
4933,1642,2024-12-31,pending,credit_card,United States,43.77
4934,1644,2023-11-04,completed,paypal,United States,73.87
4935,1644,2024-01-12,completed,credit_card,United States,98.97
4936,1644,2024-05-01,pending,credit_card,United States,78.22
4937,1644,2024-07-18,completed,credit_card,United States,62.36
4938,1644,2024-09-08,completed,credit_card,United States,396.7
4939,1644,2024-12-03,cancelled,credit_card,United States,374.66
4940,1645,2024-10-14,completed,gift_card,United Kingdom,233.24
4941,1645,2024-11-21,completed,,United Kingdom,98.97
4942,1645,2024-11-21,completed,paypal,United Kingdom,166.81
4943,1647,2024-06-18,completed,credit_card,Mexico,492.58
4944,1647,2024-07-02,completed,credit_card,Mexico,135.87
4945,1647,2024-09-08,pending,credit_card,Mexico,229.63
4946,1647,2024-09-13,completed,credit_card,Mexico,374.28
4947,1647,2024-09-30,pending,paypal,Mexico,294.33
4948,1650,2025-08-20,completed,credit_card,United States,95.62
4949,1650,2025-11-15,completed,paypal,United States,86.91
4950,1651,2025-07-23,completed,credit_card,India,139.64
4951,1651,2025-07-27,completed,paypal,India,98.65
4952,1652,2023-08-28,completed,paypal,Netherlands,111.88
4953,1652,2023-12-18,completed,credit_card,Netherlands,1385.66
4954,1652,2023-12-21,completed,debit_card,Netherlands,394.73
4955,1652,2023-12-21,completed,credit_card,Netherlands,135.72
4956,1653,2024-01-01,completed,credit_card,Australia,781.81
4957,1653,2024-02-06,completed,paypal,Australia,145.61
4958,1653,2024-02-22,completed,paypal,Australia,503.62
4959,1654,2024-11-28,completed,debit_card,Germany,583.03
4960,1654,2024-12-21,completed,gift_card,Germany,106.35
4961,1654,2025-03-30,completed,credit_card,Germany,302.38
4962,1654,2025-04-25,completed,paypal,Germany,90.54
4963,1654,2025-04-30,completed,paypal,Germany,240.84
4964,1654,2025-05-09,cancelled,,Germany,404.61
4965,1654,2025-06-13,completed,debit_card,Germany,781.25
4966,1655,2024-02-05,completed,paypal,France,134.64
4967,1655,2024-02-18,completed,credit_card,France,211.48
4968,1655,2024-03-26,cancelled,paypal,France,215.54
4969,1657,2025-10-04,completed,credit_card,United States,118.71
4970,1658,2025-12-02,refunded,paypal,United States,144.5
4971,1658,2025-12-02,pending,debit_card,United States,161.89
4972,1659,2024-03-06,completed,credit_card,United Kingdom,313.11
4973,1659,2024-03-17,completed,credit_card,United Kingdom,33.9
4974,1659,2024-04-01,cancelled,paypal,United Kingdom,1125.47
4975,1661,2024-09-04,cancelled,paypal,Brazil,204.8
4976,1661,2024-09-16,completed,paypal,Brazil,260.39
4977,1661,2024-09-21,completed,credit_card,Brazil,146.77
4978,1661,2024-09-27,completed,paypal,Brazil,63.29
4979,1661,2024-10-12,completed,paypal,Brazil,868.36
4980,1663,2024-11-09,cancelled,credit_card,United Kingdom,318.26
4981,1663,2024-11-09,completed,credit_card,United Kingdom,64.52
4982,1663,2024-11-23,completed,paypal,United Kingdom,11.66
4983,1663,2024-12-21,completed,paypal,United Kingdom,10.88
4984,1664,2023-08-29,completed,paypal,United Kingdom,267.8
4985,1664,2023-09-15,completed,credit_card,United Kingdom,260.64
4986,1664,2023-10-08,completed,credit_card,United Kingdom,801.31
4987,1665,2025-10-01,completed,credit_card,France,325.97
4988,1665,2025-10-24,completed,gift_card,France,97.88
4989,1665,2025-10-25,cancelled,credit_card,France,144.89
4990,1665,2025-12-05,cancelled,credit_card,France,333.5
4991,1665,2025-12-05,cancelled,credit_card,France,176.75
4992,1666,2025-06-11,completed,credit_card,United States,115.02
4993,1666,2025-07-18,completed,paypal,United States,72.47
4994,1666,2025-07-31,completed,credit_card,United States,339.68
4995,1666,2025-09-23,completed,credit_card,United States,172.08
4996,1669,2024-04-03,cancelled,debit_card,United States,322.89
4997,1673,2024-05-07,completed,credit_card,Netherlands,134.09
4998,1676,2023-03-19,completed,credit_card,United States,160.52
4999,1676,2023-04-30,completed,debit_card,United States,274.17
5000,1676,2023-06-09,completed,credit_card,United States,565.58
5001,1679,2024-11-09,refunded,paypal,Netherlands,304.13
5002,1679,2024-12-26,completed,paypal,Netherlands,332.63
5003,1679,2025-02-17,completed,paypal,Netherlands,677.46
5004,1680,2023-08-28,completed,gift_card,United States,185.3
5005,1680,2023-09-29,completed,debit_card,United States,534.96
5006,1680,2023-11-03,completed,paypal,United States,180.27
5007,1680,2023-12-18,completed,paypal,United States,355.99
5008,1680,2023-12-29,completed,debit_card,United States,217.23
5009,1680,2023-12-29,completed,credit_card,United States,15.32
5010,1681,2023-07-15,completed,credit_card,United States,300.19
5011,1681,2023-08-11,completed,credit_card,United States,447.28
5012,1681,2023-08-17,completed,debit_card,United States,364.3
5013,1683,2023-09-10,completed,credit_card,Australia,867.61
5014,1683,2023-09-12,completed,paypal,Australia,281.47
5015,1683,2023-09-27,completed,credit_card,Australia,156.4
5016,1684,2025-02-25,completed,gift_card,France,232.52
5017,1684,2025-04-08,completed,credit_card,France,761.77
5018,1684,2025-04-17,completed,gift_card,France,255.14
5019,1684,2025-04-24,completed,credit_card,France,132.05
5020,1684,2025-05-10,completed,credit_card,France,49.0
5021,1684,2025-05-16,completed,credit_card,France,362.14
5022,1684,2025-05-25,completed,gift_card,France,918.38
5023,1684,2025-09-23,completed,credit_card,France,899.32
5024,1684,2025-10-16,completed,credit_card,France,161.89
5025,1685,2023-07-24,completed,debit_card,United States,119.62
5026,1685,2023-09-21,completed,paypal,United States,45.56
5027,1686,2025-05-28,completed,gift_card,United States,86.27
5028,1686,2025-06-01,completed,paypal,United States,453.32
5029,1686,2025-06-15,completed,paypal,United States,601.22
5030,1686,2025-08-01,completed,paypal,United States,184.08
5031,1686,2025-08-29,completed,gift_card,United States,11.52
5032,1686,2025-08-30,completed,paypal,United States,39.57
5033,1686,2025-09-09,completed,credit_card,United States,12.8
5034,1686,2025-10-05,completed,credit_card,United States,407.37
5035,1686,2025-12-06,completed,paypal,United States,263.14
5036,1687,2025-10-11,completed,credit_card,Australia,392.63
5037,1687,2025-11-02,cancelled,debit_card,Australia,419.98
5038,1687,2025-11-02,completed,paypal,Australia,260.42
5039,1687,2025-11-03,completed,credit_card,Australia,445.27
5040,1688,2025-01-29,cancelled,paypal,Netherlands,57.51
5041,1688,2025-03-12,completed,credit_card,Netherlands,240.37
5042,1688,2025-06-23,completed,paypal,Netherlands,121.69
5043,1688,2025-08-31,cancelled,gift_card,Netherlands,399.88
5044,1688,2025-09-12,completed,credit_card,Netherlands,319.24
5045,1688,2025-11-05,completed,paypal,Netherlands,456.78
5046,1688,2025-12-03,completed,paypal,Netherlands,635.5
5047,1689,2025-10-02,completed,credit_card,United States,588.28
5048,1689,2025-11-09,completed,paypal,United States,68.02
5049,1689,2025-12-28,completed,credit_card,United States,213.48
5050,1689,2025-12-28,completed,paypal,United States,122.84
5051,1691,2023-07-17,completed,credit_card,India,323.55
5052,1691,2023-09-18,completed,paypal,India,1165.11
5053,1691,2023-11-17,completed,credit_card,India,291.59
5054,1691,2023-12-21,completed,credit_card,India,14.33
5055,1691,2024-01-19,completed,paypal,India,453.52
5056,1691,2024-01-30,completed,paypal,India,117.49
5057,1691,2024-02-17,completed,credit_card,India,719.11
5058,1691,2024-04-08,completed,paypal,India,715.42
5059,1691,2024-04-26,completed,paypal,India,47.48
5060,1691,2024-05-08,completed,debit_card,India,250.5
5061,1691,2024-05-09,completed,,India,54.5
5062,1691,2024-07-27,completed,paypal,India,213.48
5063,1691,2024-08-30,completed,paypal,India,162.86
5064,1691,2024-11-15,cancelled,credit_card,India,579.2
5065,1691,2025-02-28,completed,paypal,India,108.68
5066,1691,2025-04-05,completed,credit_card,India,462.44
5067,1691,2025-07-26,completed,credit_card,India,476.37
5068,1691,2025-08-19,completed,credit_card,India,96.99
5069,1691,2025-09-15,completed,credit_card,India,198.77
5070,1691,2025-11-16,completed,paypal,India,125.31
5071,1696,2025-02-20,cancelled,paypal,Canada,199.34
5072,1696,2025-03-24,completed,credit_card,Canada,8.05
5073,1696,2025-05-21,completed,credit_card,Canada,1215.25
5074,1696,2025-06-15,completed,credit_card,Canada,374.65
5075,1699,2025-08-21,completed,paypal,United States,9.91
5076,1699,2025-11-14,completed,credit_card,United States,1173.7
5077,1700,2025-03-31,completed,credit_card,Canada,392.14
5078,1700,2025-04-18,pending,credit_card,Canada,302.41
5079,1700,2025-05-17,completed,credit_card,Canada,346.45
5080,1700,2025-06-22,completed,credit_card,Canada,66.12
5081,1700,2025-07-26,completed,credit_card,Canada,83.39
5082,1700,2025-08-29,refunded,gift_card,Canada,198.36
5083,1700,2025-10-29,pending,credit_card,Canada,737.02
5084,1700,2025-11-22,completed,credit_card,Canada,11.52
5085,1701,2024-08-15,completed,credit_card,India,138.21
5086,1701,2024-09-04,completed,credit_card,India,92.65
5087,1701,2024-11-03,completed,credit_card,India,159.11
5088,1701,2024-11-03,completed,credit_card,India,304.71
5089,1701,2024-11-06,cancelled,credit_card,India,274.17
5090,1701,2024-12-11,pending,debit_card,India,179.01
5091,1701,2025-01-22,completed,gift_card,India,84.59
5092,1701,2025-01-28,completed,credit_card,India,179.87
5093,1701,2025-02-25,completed,paypal,India,124.92
5094,1701,2025-03-25,cancelled,credit_card,India,254.6
5095,1701,2025-04-28,cancelled,debit_card,India,309.65
5096,1701,2025-07-18,completed,credit_card,India,91.71
5097,1701,2025-07-19,completed,paypal,India,59.8
5098,1701,2025-12-04,completed,credit_card,India,53.97
5099,1701,2025-12-14,completed,debit_card,India,100.42
5100,1701,2025-12-28,completed,debit_card,India,229.63
5101,1702,2024-08-30,completed,debit_card,United States,319.24
5102,1702,2024-09-01,completed,paypal,United States,180.27
5103,1703,2023-08-13,completed,credit_card,United States,92.73
5104,1703,2023-08-18,completed,paypal,United States,199.32
5105,1703,2023-10-18,completed,credit_card,United States,415.48
5106,1703,2023-12-12,cancelled,paypal,United States,227.38
5107,1703,2023-12-12,refunded,paypal,United States,367.04
5108,1703,2023-12-16,refunded,credit_card,United States,83.16
5109,1705,2024-08-22,completed,paypal,Canada,365.86
5110,1705,2024-09-04,completed,paypal,Canada,884.87
5111,1705,2024-09-13,completed,paypal,Canada,41.71
5112,1706,2024-05-14,completed,gift_card,United States,318.32
5113,1706,2024-06-02,completed,credit_card,United States,213.48
5114,1707,2023-03-12,completed,credit_card,United States,126.27
5115,1707,2023-03-24,completed,paypal,United States,464.18
5116,1709,2025-08-17,completed,paypal,United States,395.54
5117,1709,2025-09-13,completed,gift_card,United States,249.32
5118,1710,2024-12-25,cancelled,credit_card,United States,476.04
5119,1710,2025-01-13,completed,paypal,United States,216.72
5120,1710,2025-01-15,completed,credit_card,United States,21.57
5121,1710,2025-02-01,cancelled,paypal,United States,344.84
5122,1710,2025-04-24,completed,gift_card,United States,263.98
5123,1710,2025-05-04,completed,credit_card,United States,121.18
5124,1710,2025-07-06,cancelled,gift_card,United States,97.45
5125,1710,2025-07-08,completed,,United States,296.42
5126,1710,2025-07-15,pending,debit_card,United States,201.23
5127,1710,2025-08-07,completed,credit_card,United States,890.89
5128,1710,2025-10-02,completed,credit_card,United States,167.5
5129,1710,2025-11-22,completed,credit_card,United States,23.62
5130,1710,2025-12-13,completed,credit_card,United States,183.54
5131,1710,2025-12-13,cancelled,debit_card,United States,409.19
5132,1713,2025-08-24,completed,credit_card,United States,760.59
5133,1714,2024-03-19,completed,credit_card,United States,157.01
5134,1717,2025-09-19,completed,paypal,United States,164.11
5135,1717,2025-10-17,completed,gift_card,United States,71.32
5136,1718,2023-03-09,completed,debit_card,United States,269.65
5137,1718,2023-03-22,completed,gift_card,United States,446.56
5138,1718,2023-04-01,completed,debit_card,United States,71.91
5139,1721,2024-10-20,completed,credit_card,Germany,171.37
5140,1721,2025-01-23,completed,debit_card,Germany,92.65
5141,1721,2025-02-04,cancelled,,Germany,190.09
5142,1721,2025-03-02,completed,debit_card,Germany,115.75
5143,1721,2025-06-26,completed,credit_card,Germany,512.15
5144,1721,2025-08-05,completed,credit_card,Germany,134.18
5145,1722,2025-02-09,completed,credit_card,Germany,169.34
5146,1722,2025-02-10,completed,debit_card,Germany,49.0
5147,1724,2023-06-24,completed,paypal,Netherlands,15.17
5148,1725,2024-01-02,completed,credit_card,Australia,59.51
5149,1725,2024-01-12,completed,paypal,Australia,40.26
5150,1725,2024-02-26,completed,credit_card,Australia,174.56
5151,1726,2024-01-31,completed,paypal,Germany,68.79
5152,1726,2024-05-15,completed,credit_card,Germany,341.43
5153,1726,2024-05-17,completed,gift_card,Germany,101.24
5154,1726,2024-08-02,refunded,credit_card,Germany,112.98
5155,1726,2024-09-24,completed,credit_card,Germany,160.38
5156,1726,2024-09-25,completed,credit_card,Germany,306.56
5157,1726,2024-10-20,completed,credit_card,Germany,282.79
5158,1726,2024-10-23,completed,paypal,Germany,462.89
5159,1726,2024-11-18,pending,credit_card,Germany,387.3
5160,1726,2024-11-18,completed,credit_card,Germany,62.54
5161,1726,2024-12-03,completed,credit_card,Germany,83.16
5162,1726,2024-12-14,pending,credit_card,Germany,66.53
5163,1726,2024-12-14,completed,credit_card,Germany,294.32
5164,1726,2024-12-26,refunded,debit_card,Germany,66.12
5165,1726,2024-12-26,pending,gift_card,Germany,106.15
5166,1726,2025-03-03,completed,paypal,Germany,116.44
5167,1726,2025-04-07,completed,credit_card,Germany,200.04
5168,1726,2025-04-11,completed,credit_card,Germany,245.02
5169,1726,2025-04-15,refunded,debit_card,Germany,446.66
5170,1726,2025-04-24,completed,credit_card,Germany,226.52
5171,1726,2025-06-21,completed,credit_card,Germany,367.3
5172,1726,2025-06-22,completed,credit_card,Germany,87.7
5173,1726,2025-07-23,refunded,paypal,Germany,279.67
5174,1726,2025-07-31,completed,debit_card,Germany,294.14
5175,1726,2025-10-01,pending,credit_card,Germany,326.68
5176,1726,2025-11-03,completed,credit_card,Germany,116.79
5177,1726,2025-11-03,completed,paypal,Germany,37.48
5178,1727,2024-12-24,completed,paypal,Canada,166.14
5179,1727,2024-12-24,completed,paypal,Canada,101.58
5180,1727,2025-04-24,completed,paypal,Canada,525.04
5181,1728,2023-09-07,completed,credit_card,India,206.37
5182,1728,2023-11-29,completed,debit_card,India,903.29
5183,1728,2024-01-03,completed,credit_card,India,59.88
5184,1728,2024-01-13,completed,credit_card,India,82.02
5185,1728,2024-01-14,completed,credit_card,India,295.4
5186,1728,2024-03-25,cancelled,gift_card,India,329.53
5187,1730,2023-08-01,completed,paypal,Germany,916.05
5188,1730,2023-10-04,completed,credit_card,Germany,415.06
5189,1730,2024-01-03,completed,paypal,Germany,666.54
5190,1731,2024-11-15,refunded,credit_card,Australia,93.66
5191,1731,2025-02-01,cancelled,debit_card,Australia,89.83
5192,1731,2025-05-17,completed,credit_card,Australia,80.52
5193,1732,2024-10-22,completed,credit_card,United States,555.19
5194,1732,2024-10-30,completed,gift_card,United States,367.58
5195,1732,2024-11-26,completed,credit_card,United States,68.02
5196,1732,2024-12-07,cancelled,credit_card,United States,209.72
5197,1732,2024-12-16,completed,paypal,United States,895.97
5198,1732,2024-12-23,completed,credit_card,United States,707.56
5199,1732,2024-12-23,completed,credit_card,United States,370.23
5200,1734,2025-01-02,completed,paypal,United States,297.9
5201,1734,2025-02-16,completed,credit_card,United States,720.9
5202,1734,2025-02-21,completed,credit_card,United States,71.69
5203,1735,2025-04-10,completed,credit_card,United States,108.88
5204,1735,2025-05-03,refunded,credit_card,United States,302.51
5205,1735,2025-06-04,refunded,credit_card,United States,375.54
5206,1735,2025-08-11,completed,debit_card,United States,842.9
5207,1735,2025-09-20,completed,gift_card,United States,957.03
5208,1735,2025-09-26,completed,credit_card,United States,78.75
5209,1735,2025-11-02,completed,gift_card,United States,287.69
5210,1735,2025-11-17,completed,gift_card,United States,23.97
5211,1735,2025-11-23,completed,credit_card,United States,718.75
5212,1741,2024-11-02,completed,paypal,United States,176.42
5213,1741,2024-12-05,pending,debit_card,United States,74.77
5214,1741,2024-12-11,completed,debit_card,United States,108.68
5215,1741,2025-01-04,completed,credit_card,United States,100.7
5216,1741,2025-01-09,completed,paypal,United States,362.54
5217,1742,2025-09-30,completed,credit_card,United Kingdom,147.0
5218,1742,2025-10-24,completed,credit_card,United Kingdom,274.17
5219,1742,2025-11-05,completed,gift_card,United Kingdom,201.69
5220,1743,2024-07-16,cancelled,paypal,United Kingdom,129.33
5221,1744,2023-03-29,cancelled,credit_card,Germany,10.24
5222,1744,2023-08-11,pending,paypal,Germany,170.78
5223,1744,2023-08-12,completed,credit_card,Germany,13.12
5224,1744,2023-10-22,completed,credit_card,Germany,553.72
5225,1744,2023-11-05,completed,debit_card,Germany,977.75
5226,1744,2023-12-01,cancelled,credit_card,Germany,469.13
5227,1744,2024-01-30,completed,credit_card,Germany,82.88
5228,1745,2024-07-12,completed,credit_card,United States,433.59
5229,1745,2024-07-17,refunded,credit_card,United States,366.33
5230,1745,2024-08-03,refunded,paypal,United States,215.01
5231,1746,2024-10-31,completed,paypal,United States,341.84
5232,1746,2024-11-11,completed,paypal,United States,929.94
5233,1746,2024-11-19,completed,paypal,United States,267.08
5234,1746,2024-11-19,completed,credit_card,United States,59.56
5235,1746,2024-11-24,completed,paypal,United States,167.32
5236,1746,2024-11-30,completed,credit_card,United States,479.55
5237,1746,2024-12-06,completed,,United States,71.23
5238,1748,2025-01-07,completed,paypal,United States,566.53
5239,1748,2025-06-01,completed,paypal,United States,121.19
5240,1748,2025-06-28,completed,debit_card,United States,486.79
5241,1748,2025-07-22,completed,debit_card,United States,274.17
5242,1748,2025-09-29,completed,gift_card,United States,430.31
5243,1750,2023-07-09,completed,credit_card,Netherlands,585.32
5244,1750,2023-08-25,completed,gift_card,Netherlands,503.32
5245,1750,2023-08-27,completed,credit_card,Netherlands,213.39
5246,1750,2023-11-29,completed,debit_card,Netherlands,114.89
5247,1750,2023-11-29,completed,credit_card,Netherlands,254.51
5248,1750,2023-12-01,completed,credit_card,Netherlands,115.49
5249,1750,2024-01-08,completed,credit_card,Netherlands,282.79
5250,1750,2024-01-10,completed,credit_card,Netherlands,1077.07
5251,1750,2024-01-13,completed,debit_card,Netherlands,431.88
5252,1750,2024-02-24,completed,paypal,Netherlands,53.97
5253,1750,2024-03-17,completed,credit_card,Netherlands,17.86
5254,1750,2024-04-04,completed,debit_card,Netherlands,134.64
5255,1750,2024-04-16,completed,credit_card,Netherlands,604.83
5256,1750,2024-04-20,completed,paypal,Netherlands,377.87
5257,1750,2024-08-22,completed,credit_card,Netherlands,989.34
5258,1750,2024-10-23,completed,gift_card,Netherlands,258.15
5259,1750,2024-11-27,pending,paypal,Netherlands,722.13
5260,1750,2024-12-01,completed,paypal,Netherlands,47.94
5261,1750,2024-12-01,cancelled,credit_card,Netherlands,92.65
5262,1750,2025-03-18,completed,credit_card,Netherlands,115.59
5263,1750,2025-04-16,completed,credit_card,Netherlands,437.57
5264,1750,2025-04-21,cancelled,credit_card,Netherlands,510.51
5265,1751,2023-01-13,completed,gift_card,Netherlands,1128.62
5266,1751,2023-01-22,completed,paypal,Netherlands,23.97
5267,1751,2023-02-01,completed,credit_card,Netherlands,440.6
5268,1751,2023-02-17,completed,credit_card,Netherlands,282.79
5269,1751,2023-02-20,completed,paypal,Netherlands,181.33
5270,1751,2023-03-28,completed,credit_card,Netherlands,48.94
5271,1751,2023-06-04,completed,credit_card,Netherlands,308.63
5272,1751,2023-07-25,completed,paypal,Netherlands,758.25
5273,1751,2023-08-26,completed,credit_card,Netherlands,409.42
5274,1751,2023-11-23,completed,credit_card,Netherlands,55.38
5275,1751,2023-11-23,completed,paypal,Netherlands,300.37
5276,1751,2024-02-25,refunded,credit_card,Netherlands,47.94
5277,1751,2024-03-08,completed,debit_card,Netherlands,224.63
5278,1751,2024-07-12,completed,paypal,Netherlands,289.78
5279,1751,2024-07-16,completed,credit_card,Netherlands,135.92
5280,1751,2024-08-01,completed,credit_card,Netherlands,250.39
5281,1751,2024-09-16,completed,gift_card,Netherlands,132.24
5282,1751,2024-11-02,pending,credit_card,Netherlands,542.67
5283,1751,2025-01-24,pending,paypal,Netherlands,87.55
5284,1751,2025-02-17,completed,gift_card,Netherlands,421.54
5285,1751,2025-02-21,completed,paypal,Netherlands,597.54
5286,1751,2025-02-26,completed,credit_card,Netherlands,406.75
5287,1751,2025-03-11,completed,paypal,Netherlands,49.0
5288,1751,2025-08-11,completed,gift_card,Netherlands,355.51
5289,1751,2025-09-04,completed,paypal,Netherlands,170.33
5290,1753,2025-03-24,completed,debit_card,Australia,227.29
5291,1753,2025-08-30,completed,credit_card,Australia,549.6
5292,1755,2023-03-05,completed,credit_card,United Kingdom,28.89
5293,1755,2023-04-08,completed,credit_card,United Kingdom,229.68
5294,1755,2023-04-24,cancelled,paypal,United Kingdom,33.25
5295,1755,2023-07-24,completed,credit_card,United Kingdom,53.6
5296,1755,2023-09-25,completed,debit_card,United Kingdom,68.79
5297,1755,2023-10-08,completed,gift_card,United Kingdom,346.82
5298,1755,2024-02-02,completed,credit_card,United Kingdom,135.22
5299,1755,2024-02-05,completed,paypal,United Kingdom,112.4
5300,1755,2024-02-06,completed,credit_card,United Kingdom,413.63
5301,1758,2025-03-04,pending,debit_card,United Kingdom,140.48
5302,1758,2025-03-15,completed,credit_card,United Kingdom,121.18
5303,1758,2025-04-21,completed,paypal,United Kingdom,83.07
5304,1758,2025-04-23,completed,credit_card,United Kingdom,140.68
5305,1758,2025-06-19,completed,paypal,United Kingdom,162.47
5306,1758,2025-07-03,completed,paypal,United Kingdom,50.62
5307,1758,2025-07-11,completed,credit_card,United Kingdom,380.91
5308,1758,2025-08-27,completed,credit_card,United Kingdom,226.42
5309,1758,2025-09-18,completed,paypal,United Kingdom,250.5
5310,1759,2023-04-28,completed,credit_card,United States,746.11
5311,1759,2023-06-14,completed,debit_card,United States,536.83
5312,1759,2023-08-07,pending,credit_card,United States,98.12
5313,1760,2023-11-27,cancelled,credit_card,United States,50.62
5314,1760,2023-12-26,completed,paypal,United States,342.99
5315,1760,2024-01-01,completed,credit_card,United States,61.34
5316,1761,2023-01-29,completed,gift_card,Germany,655.29
5317,1761,2023-02-06,completed,credit_card,Germany,11.23
5318,1761,2023-03-04,completed,debit_card,Germany,190.14
5319,1763,2023-09-30,completed,credit_card,United States,49.0
5320,1763,2023-11-23,completed,credit_card,United States,316.5
5321,1763,2023-11-23,completed,credit_card,United States,834.52
5322,1763,2024-01-05,completed,credit_card,United States,1478.89
5323,1763,2024-01-12,completed,credit_card,United States,59.56
5324,1763,2024-01-17,completed,credit_card,United States,402.68
5325,1765,2023-06-24,completed,credit_card,Canada,391.06
5326,1765,2023-07-11,completed,credit_card,Canada,481.84
5327,1765,2023-07-21,refunded,gift_card,Canada,48.52
5328,1765,2023-07-29,completed,paypal,Canada,143.27
5329,1765,2023-07-30,completed,credit_card,Canada,153.59
5330,1765,2023-08-19,pending,credit_card,Canada,634.38
5331,1765,2023-08-24,completed,paypal,Canada,912.96
5332,1767,2025-08-12,completed,paypal,United States,40.72
5333,1767,2025-10-23,cancelled,paypal,United States,53.97
5334,1768,2025-02-23,completed,credit_card,United States,20.37
5335,1768,2025-03-24,completed,paypal,United States,549.87
5336,1770,2023-03-26,completed,paypal,Canada,143.19
5337,1770,2023-04-03,completed,credit_card,Canada,87.87
5338,1771,2023-09-26,completed,credit_card,United States,855.37
5339,1771,2023-11-19,completed,paypal,United States,43.46
5340,1772,2025-08-08,completed,paypal,Brazil,104.06
5341,1772,2025-08-16,completed,credit_card,Brazil,238.92
5342,1773,2023-07-07,completed,credit_card,Canada,410.37
5343,1773,2023-07-19,completed,credit_card,Canada,30.35
5344,1775,2025-05-21,completed,credit_card,India,900.4
5345,1775,2025-06-01,completed,credit_card,India,92.65
5346,1775,2025-06-06,completed,credit_card,India,146.68
5347,1778,2024-03-22,completed,paypal,United States,685.89
5348,1778,2024-04-03,completed,credit_card,United States,220.05
5349,1778,2024-04-12,completed,debit_card,United States,111.88
5350,1778,2024-04-22,completed,credit_card,United States,232.9
5351,1778,2024-05-09,completed,credit_card,United States,227.52
5352,1778,2024-09-01,completed,credit_card,United States,824.1
5353,1780,2023-03-12,completed,gift_card,United States,149.14
5354,1780,2023-03-24,completed,paypal,United States,241.57
5355,1780,2023-08-20,completed,credit_card,United States,136.38
5356,1780,2023-11-02,completed,credit_card,United States,618.4
5357,1780,2023-12-27,completed,debit_card,United States,196.03
5358,1780,2023-12-27,completed,credit_card,United States,244.1
5359,1780,2024-01-10,completed,credit_card,United States,553.72
5360,1781,2024-10-22,completed,debit_card,United States,65.63
5361,1781,2024-11-07,completed,credit_card,United States,269.9
5362,1781,2025-03-06,completed,credit_card,United States,163.49
5363,1782,2024-09-01,completed,credit_card,United States,397.67
5364,1782,2024-10-19,cancelled,debit_card,United States,1172.09
5365,1782,2024-11-16,completed,debit_card,United States,309.79
5366,1782,2024-11-26,completed,credit_card,United States,475.28
5367,1782,2025-02-04,completed,credit_card,United States,162.45
5368,1782,2025-02-17,completed,credit_card,United States,176.03
5369,1782,2025-05-30,completed,credit_card,United States,201.22
5370,1782,2025-06-06,completed,credit_card,United States,176.04
5371,1782,2025-08-13,completed,gift_card,United States,278.46
5372,1783,2024-11-29,refunded,gift_card,United Kingdom,263.67
5373,1783,2024-12-25,completed,credit_card,United Kingdom,499.94
5374,1783,2025-01-19,completed,credit_card,United Kingdom,11.81
5375,1783,2025-02-07,cancelled,gift_card,United Kingdom,625.24
5376,1783,2025-02-15,completed,debit_card,United Kingdom,328.22
5377,1783,2025-04-03,completed,paypal,United Kingdom,272.64
5378,1783,2025-04-27,completed,credit_card,United Kingdom,62.23
5379,1783,2025-05-15,completed,paypal,United Kingdom,240.92
5380,1783,2025-06-20,completed,paypal,United Kingdom,449.65
5381,1783,2025-07-14,completed,credit_card,United Kingdom,92.65
5382,1784,2025-02-21,completed,paypal,United States,101.25
5383,1784,2025-04-03,completed,credit_card,United States,184.64
5384,1784,2025-04-22,completed,credit_card,United States,83.39
5385,1784,2025-06-27,refunded,gift_card,United States,930.68
5386,1784,2025-06-29,pending,credit_card,United States,546.77
5387,1784,2025-07-03,cancelled,credit_card,United States,387.94
5388,1784,2025-10-06,refunded,debit_card,United States,475.66
5389,1784,2025-12-07,completed,credit_card,United States,13.96
5390,1785,2025-03-23,completed,paypal,United States,84.32
5391,1785,2025-03-25,completed,gift_card,United States,989.31
5392,1785,2025-05-03,completed,paypal,United States,556.8
5393,1785,2025-06-09,completed,paypal,United States,147.21
5394,1785,2025-08-06,completed,credit_card,United States,466.16
5395,1785,2025-08-20,completed,credit_card,United States,77.84
5396,1785,2025-09-28,completed,credit_card,United States,76.49
5397,1785,2025-10-10,completed,,United States,514.03
5398,1785,2025-10-19,completed,gift_card,United States,229.68
5399,1785,2025-10-24,completed,credit_card,United States,359.89
5400,1785,2025-11-06,completed,gift_card,United States,43.96
5401,1785,2025-11-06,completed,paypal,United States,146.51
5402,1787,2025-01-09,completed,paypal,Australia,122.09
5403,1789,2025-03-18,completed,debit_card,Mexico,339.91
5404,1789,2025-04-03,completed,paypal,Mexico,226.52
5405,1789,2025-04-16,completed,credit_card,Mexico,116.44
5406,1796,2025-04-30,refunded,credit_card,Germany,276.13
5407,1796,2025-05-24,completed,debit_card,Germany,43.96
5408,1797,2024-05-04,completed,credit_card,United States,468.34
5409,1797,2024-06-05,completed,gift_card,United States,248.59
5410,1797,2024-07-19,completed,paypal,United States,20.34
5411,1798,2023-02-23,completed,credit_card,Canada,118.69
5412,1798,2023-05-18,cancelled,,Canada,332.45
5413,1798,2023-06-04,completed,credit_card,Canada,279.67
5414,1799,2025-02-10,pending,paypal,Germany,426.05
5415,1800,2023-12-01,completed,credit_card,Canada,283.56
5416,1800,2024-03-29,completed,credit_card,Canada,375.51
5417,1800,2024-08-01,cancelled,credit_card,Canada,582.44
5418,1800,2024-08-03,completed,debit_card,Canada,769.33
5419,1800,2024-08-07,completed,paypal,Canada,86.2
5420,1800,2025-02-05,completed,credit_card,Canada,119.75
5421,1800,2025-04-22,completed,credit_card,Canada,17.86
5422,1802,2025-08-18,completed,credit_card,United States,109.06
5423,1802,2025-09-09,completed,paypal,United States,480.68
5424,1802,2025-10-09,completed,credit_card,United States,515.06
5425,1804,2023-01-24,refunded,credit_card,United States,217.06
5426,1804,2023-03-05,completed,paypal,United States,257.69
5427,1804,2023-04-26,completed,debit_card,United States,79.98
5428,1804,2023-05-18,completed,credit_card,United States,772.75
5429,1804,2023-08-07,completed,credit_card,United States,357.71
5430,1804,2023-09-18,completed,paypal,United States,198.18
5431,1804,2023-10-07,completed,credit_card,United States,450.61
5432,1808,2023-09-17,cancelled,credit_card,United Kingdom,324.82
5433,1808,2023-09-30,completed,debit_card,United Kingdom,292.35
5434,1808,2023-12-15,completed,paypal,United Kingdom,86.91
5435,1808,2023-12-20,refunded,paypal,United Kingdom,135.06
5436,1808,2024-01-20,completed,credit_card,United Kingdom,31.27
5437,1808,2024-03-20,completed,credit_card,United Kingdom,588.28
5438,1808,2024-04-15,completed,credit_card,United Kingdom,854.48
5439,1808,2024-04-17,completed,credit_card,United Kingdom,86.91
5440,1811,2025-12-02,completed,debit_card,United Kingdom,187.33
5441,1811,2025-12-19,completed,credit_card,United Kingdom,12.56
5442,1812,2025-07-17,refunded,paypal,United States,723.11
5443,1813,2023-10-22,completed,debit_card,United States,902.69
5444,1813,2023-10-28,completed,credit_card,United States,247.18
5445,1814,2025-03-04,pending,debit_card,Brazil,464.57
5446,1817,2024-09-28,completed,paypal,United States,514.75
5447,1817,2024-10-02,completed,paypal,United States,137.21
5448,1817,2024-10-13,completed,credit_card,United States,390.09
5449,1817,2024-11-17,completed,paypal,United States,588.09
5450,1817,2024-12-19,refunded,debit_card,United States,794.85
5451,1817,2025-02-07,completed,gift_card,United States,30.51
5452,1817,2025-03-29,completed,paypal,United States,877.86
5453,1817,2025-04-24,cancelled,paypal,United States,394.44
5454,1817,2025-05-28,completed,gift_card,United States,378.34
5455,1819,2024-12-10,completed,credit_card,Canada,296.58
5456,1819,2024-12-13,completed,credit_card,Canada,318.76
5457,1819,2025-01-19,completed,credit_card,Canada,213.48
5458,1819,2025-03-05,completed,credit_card,Canada,164.63
5459,1819,2025-04-27,completed,gift_card,Canada,248.19
5460,1820,2024-01-08,completed,credit_card,Brazil,176.4
5461,1820,2024-01-18,completed,credit_card,Brazil,316.09
5462,1820,2024-01-25,completed,credit_card,Brazil,86.06
5463,1821,2024-03-31,completed,debit_card,United States,879.67
5464,1821,2024-04-30,completed,paypal,United States,147.25
5465,1824,2024-08-11,completed,credit_card,India,8.05
5466,1824,2024-11-23,completed,credit_card,India,12.8
5467,1824,2024-12-25,completed,credit_card,India,185.31
5468,1824,2025-04-19,completed,credit_card,India,126.57
5469,1824,2025-04-23,completed,paypal,India,101.76
5470,1824,2025-06-16,completed,paypal,India,96.13
5471,1825,2025-07-24,completed,debit_card,Brazil,393.68
5472,1825,2025-09-22,cancelled,credit_card,Brazil,50.62
5473,1825,2025-09-27,completed,credit_card,Brazil,156.61
5474,1825,2025-10-18,completed,credit_card,Brazil,40.31
5475,1825,2025-12-30,pending,credit_card,Brazil,523.58
5476,1825,2025-12-30,completed,credit_card,Brazil,36.16
5477,1826,2024-06-23,completed,credit_card,France,204.27
5478,1826,2024-08-09,completed,credit_card,France,1382.91
5479,1826,2024-08-25,completed,debit_card,France,111.88
5480,1826,2024-10-26,completed,credit_card,France,91.12
5481,1826,2024-10-30,completed,paypal,France,606.42
5482,1826,2024-11-09,refunded,credit_card,France,13.12
5483,1826,2024-12-16,cancelled,debit_card,France,314.68
5484,1826,2025-03-08,completed,paypal,France,227.19
5485,1826,2025-09-28,completed,gift_card,France,244.55
5486,1826,2025-10-29,completed,paypal,France,323.15
5487,1826,2025-12-31,completed,paypal,France,1211.48
5488,1826,2025-12-31,completed,credit_card,France,158.43
5489,1827,2024-08-05,completed,credit_card,United States,180.65
5490,1827,2024-08-13,completed,credit_card,United States,48.94
5491,1828,2023-12-26,completed,credit_card,Australia,209.33
5492,1828,2023-12-26,completed,credit_card,Australia,135.28
5493,1828,2024-04-10,completed,credit_card,Australia,671.24
5494,1828,2024-08-11,completed,debit_card,Australia,92.65
5495,1828,2024-09-22,completed,paypal,Australia,48.57
5496,1829,2025-09-18,completed,paypal,United States,855.16
5497,1829,2025-12-23,completed,paypal,United States,413.64
5498,1832,2025-08-30,completed,paypal,Canada,317.8
5499,1833,2024-06-03,completed,credit_card,Australia,642.32
5500,1833,2024-06-10,pending,credit_card,Australia,191.37
5501,1835,2024-09-09,cancelled,credit_card,United States,265.79
5502,1835,2024-09-12,completed,paypal,United States,391.36
5503,1835,2024-10-12,completed,credit_card,United States,122.34
5504,1835,2024-10-14,cancelled,credit_card,United States,718.46
5505,1835,2024-10-16,completed,credit_card,United States,116.6
5506,1835,2024-10-19,completed,credit_card,United States,661.05
5507,1835,2025-01-10,completed,gift_card,United States,643.24
5508,1835,2025-02-06,completed,credit_card,United States,169.72
5509,1837,2025-09-08,completed,,United States,295.86
5510,1837,2025-09-22,completed,credit_card,United States,11.81
5511,1837,2025-10-24,completed,gift_card,United States,518.92
5512,1837,2025-11-04,pending,paypal,United States,82.88
5513,1837,2025-11-05,completed,gift_card,United States,189.43
5514,1837,2025-11-11,completed,gift_card,United States,85.9
5515,1838,2025-07-01,completed,credit_card,Germany,19.14
5516,1838,2025-07-23,refunded,credit_card,Germany,259.87
5517,1839,2024-08-07,completed,debit_card,France,378.23
5518,1839,2024-09-30,completed,paypal,France,78.22
5519,1839,2024-11-17,completed,paypal,France,132.92
5520,1839,2024-11-17,refunded,credit_card,France,289.77
5521,1841,2025-05-08,cancelled,credit_card,United States,37.3
5522,1842,2025-06-06,completed,paypal,India,194.07
5523,1843,2025-03-20,pending,paypal,United Kingdom,292.55
5524,1843,2025-05-27,completed,credit_card,United Kingdom,557.67
5525,1843,2025-05-31,completed,paypal,United Kingdom,151.74
5526,1843,2025-07-02,completed,debit_card,United Kingdom,213.48
5527,1843,2025-07-23,completed,credit_card,United Kingdom,97.45
5528,1843,2025-08-08,completed,gift_card,United Kingdom,181.53
5529,1845,2023-05-05,completed,paypal,United States,268.84
5530,1845,2023-09-15,completed,credit_card,United States,317.22
5531,1846,2023-03-22,completed,paypal,Mexico,229.68
5532,1846,2023-03-31,completed,credit_card,Mexico,233.93
5533,1847,2023-03-02,pending,credit_card,United States,673.49
5534,1847,2023-03-17,completed,credit_card,United States,133.06
5535,1847,2023-04-29,completed,paypal,United States,191.85
5536,1849,2024-11-14,refunded,credit_card,United States,35.88
5537,1849,2025-01-05,completed,paypal,United States,106.84
5538,1849,2025-01-10,completed,credit_card,United States,116.14
5539,1849,2025-07-09,cancelled,paypal,United States,521.84
5540,1849,2025-09-15,completed,debit_card,United States,164.56
5541,1849,2025-09-20,completed,credit_card,United States,92.65
5542,1849,2025-10-25,pending,paypal,United States,124.53
5543,1849,2025-11-24,completed,debit_card,United States,408.19
5544,1849,2025-12-03,completed,credit_card,United States,12.8
5545,1850,2025-09-27,completed,paypal,France,81.41
5546,1850,2025-10-14,completed,credit_card,France,83.12
5547,1850,2025-11-23,completed,credit_card,France,85.24
5548,1850,2025-12-11,completed,credit_card,France,397.81
5549,1851,2024-12-05,completed,paypal,United States,47.27
5550,1851,2024-12-05,completed,credit_card,United States,115.75
5551,1851,2025-01-18,completed,credit_card,United States,30.59
5552,1851,2025-03-21,completed,credit_card,United States,184.21
5553,1852,2023-07-13,completed,paypal,United States,135.98
5554,1852,2023-07-17,completed,paypal,United States,25.33
5555,1854,2024-07-10,completed,paypal,United States,111.48
5556,1854,2024-08-01,completed,credit_card,United States,231.29
5557,1854,2024-08-27,completed,paypal,United States,129.99
5558,1854,2024-11-07,completed,paypal,United States,281.05
5559,1854,2024-12-03,completed,paypal,United States,99.2
5560,1854,2025-01-31,completed,debit_card,United States,592.24
5561,1854,2025-02-09,completed,gift_card,United States,184.88
5562,1854,2025-02-18,completed,debit_card,United States,274.17
5563,1854,2025-02-26,completed,credit_card,United States,22.24
5564,1854,2025-03-15,completed,paypal,United States,470.52
5565,1855,2024-10-14,completed,credit_card,France,59.81
5566,1855,2024-10-19,completed,debit_card,France,217.0
5567,1856,2024-01-24,refunded,paypal,Australia,689.1
5568,1856,2024-03-05,completed,paypal,Australia,80.62
5569,1856,2024-04-27,completed,credit_card,Australia,194.94
5570,1856,2024-05-04,completed,paypal,Australia,374.5
5571,1856,2024-05-29,completed,credit_card,Australia,204.78
5572,1859,2023-05-07,completed,paypal,India,576.74
5573,1859,2023-08-21,completed,credit_card,India,1011.15
5574,1860,2025-05-03,completed,credit_card,United Kingdom,553.78
5575,1860,2025-05-09,completed,credit_card,United Kingdom,165.08
5576,1860,2025-09-15,completed,paypal,United Kingdom,164.33
5577,1860,2025-10-08,pending,paypal,United Kingdom,279.67
5578,1860,2025-10-14,pending,paypal,United Kingdom,62.23
5579,1860,2025-11-04,completed,debit_card,United Kingdom,213.48
5580,1860,2025-12-10,completed,credit_card,United Kingdom,69.29
5581,1860,2025-12-18,completed,credit_card,United Kingdom,253.77
5582,1860,2025-12-18,completed,credit_card,United Kingdom,246.64
5583,1860,2025-12-19,completed,credit_card,United Kingdom,260.97
5584,1863,2023-12-07,completed,credit_card,United Kingdom,117.36
5585,1863,2023-12-08,completed,credit_card,United Kingdom,135.76
5586,1863,2023-12-08,completed,debit_card,United Kingdom,348.74
5587,1863,2024-02-09,completed,paypal,United Kingdom,317.25
5588,1863,2024-03-18,refunded,debit_card,United Kingdom,66.12
5589,1863,2024-05-08,completed,paypal,United Kingdom,534.62
5590,1863,2024-05-13,completed,credit_card,United Kingdom,105.74
5591,1863,2024-06-04,completed,credit_card,United Kingdom,74.12
5592,1864,2025-09-16,pending,credit_card,United States,121.18
5593,1866,2024-11-12,completed,credit_card,United States,113.76
5594,1866,2024-11-24,completed,debit_card,United States,165.67
5595,1866,2024-12-21,completed,debit_card,United States,405.99
5596,1866,2025-05-01,cancelled,debit_card,United States,335.62
5597,1866,2025-05-02,completed,credit_card,United States,353.7
5598,1867,2024-01-10,completed,credit_card,Australia,387.01
5599,1867,2024-01-14,refunded,paypal,Australia,526.93
5600,1867,2024-03-11,completed,credit_card,Australia,366.53
5601,1867,2024-03-20,pending,credit_card,Australia,1427.67
5602,1867,2024-03-23,completed,credit_card,Australia,267.9
5603,1869,2024-11-11,completed,credit_card,Canada,200.79
5604,1869,2024-12-18,cancelled,paypal,Canada,643.88
5605,1869,2024-12-18,completed,credit_card,Canada,324.01
5606,1870,2025-06-18,completed,credit_card,United States,272.0
5607,1870,2025-08-01,completed,credit_card,United States,185.8
5608,1872,2025-02-28,completed,gift_card,Netherlands,420.32
5609,1872,2025-03-16,pending,credit_card,Netherlands,75.74
5610,1874,2024-03-26,refunded,credit_card,United Kingdom,339.45
5611,1874,2024-05-29,completed,debit_card,United Kingdom,95.79
5612,1874,2024-06-26,completed,credit_card,United Kingdom,251.09
5613,1875,2025-06-29,cancelled,credit_card,United States,1049.55
5614,1875,2025-07-10,refunded,paypal,United States,469.81
5615,1875,2025-08-04,completed,credit_card,United States,92.65
5616,1875,2025-08-13,refunded,credit_card,United States,275.1
5617,1875,2025-08-16,completed,credit_card,United States,199.29
5618,1875,2025-11-15,refunded,credit_card,United States,277.13
5619,1875,2025-11-21,completed,gift_card,United States,183.77
5620,1875,2025-12-13,completed,credit_card,United States,302.08
5621,1876,2023-09-07,pending,credit_card,United Kingdom,258.87
5622,1878,2024-04-18,refunded,debit_card,India,596.57
5623,1878,2024-05-24,completed,credit_card,India,335.57
5624,1878,2024-06-22,completed,credit_card,India,215.45
5625,1881,2024-04-03,completed,,Australia,53.6
5626,1883,2024-03-06,completed,credit_card,United States,658.22
5627,1883,2024-03-23,completed,paypal,United States,980.24
5628,1883,2024-05-11,completed,credit_card,United States,114.87
5629,1884,2024-12-10,completed,credit_card,Germany,768.8
5630,1884,2024-12-10,completed,paypal,Germany,66.12
5631,1885,2023-11-09,completed,credit_card,Brazil,23.04
5632,1885,2023-11-17,pending,credit_card,Brazil,752.9
5633,1887,2023-09-22,completed,credit_card,United Kingdom,222.67
5634,1888,2023-02-17,completed,credit_card,United Kingdom,288.7
5635,1888,2023-02-20,completed,debit_card,United Kingdom,425.64
5636,1888,2023-04-14,completed,debit_card,United Kingdom,19.18
5637,1889,2025-02-16,completed,credit_card,United States,333.76
5638,1889,2025-03-04,completed,credit_card,United States,481.84
5639,1889,2025-05-18,completed,credit_card,United States,365.54
5640,1889,2025-07-09,completed,credit_card,United States,364.72
5641,1889,2025-08-09,completed,,United States,394.86
5642,1889,2025-08-26,completed,debit_card,United States,207.14
5643,1889,2025-09-09,completed,credit_card,United States,227.22
5644,1889,2025-10-03,completed,credit_card,United States,264.31
5645,1889,2025-12-30,refunded,credit_card,United States,397.97
5646,1889,2025-12-30,cancelled,paypal,United States,391.47
5647,1891,2023-08-05,completed,gift_card,United States,161.94
5648,1891,2023-09-14,completed,paypal,United States,11.23
5649,1891,2023-09-21,completed,debit_card,United States,39.57
5650,1891,2023-12-12,completed,credit_card,United States,183.84
5651,1891,2023-12-22,completed,credit_card,United States,65.54
5652,1891,2023-12-22,completed,credit_card,United States,196.03
5653,1891,2024-01-09,completed,credit_card,United States,8.05
5654,1891,2024-02-07,cancelled,credit_card,United States,88.15
5655,1895,2024-03-18,refunded,credit_card,Germany,475.92
5656,1895,2024-03-22,completed,gift_card,Germany,73.87
5657,1896,2023-03-09,completed,credit_card,United States,294.6
5658,1897,2025-08-05,completed,debit_card,Germany,66.53
5659,1897,2025-08-08,completed,credit_card,Germany,463.48
5660,1897,2025-09-24,cancelled,gift_card,Germany,23.62
5661,1897,2025-10-14,cancelled,credit_card,Germany,169.1
5662,1897,2025-11-20,completed,paypal,Germany,50.62
5663,1897,2025-11-22,completed,credit_card,Germany,184.26
5664,1898,2023-09-10,cancelled,debit_card,United States,390.46
5665,1898,2023-10-20,completed,debit_card,United States,115.75
5666,1898,2023-10-21,completed,debit_card,United States,359.21
5667,1899,2024-01-23,completed,credit_card,India,408.85
5668,1899,2024-02-05,completed,credit_card,India,151.67
5669,1899,2024-02-08,completed,debit_card,India,40.31
5670,1899,2024-02-15,refunded,gift_card,India,254.97
5671,1899,2024-06-11,completed,credit_card,India,493.37
5672,1899,2024-08-06,completed,paypal,India,39.57
5673,1900,2025-01-25,completed,credit_card,United Kingdom,380.28
5674,1900,2025-03-20,completed,credit_card,United Kingdom,548.68
5675,1900,2025-04-25,completed,credit_card,United Kingdom,168.86
5676,1901,2023-11-22,cancelled,credit_card,United Kingdom,93.05
5677,1901,2023-11-22,refunded,credit_card,United Kingdom,134.35
5678,1904,2023-03-04,completed,paypal,Netherlands,347.95
5679,1904,2023-04-03,completed,debit_card,Netherlands,148.85
5680,1906,2024-02-02,completed,credit_card,United States,290.09
5681,1906,2024-03-22,completed,debit_card,United States,92.65
5682,1906,2024-05-19,completed,credit_card,United States,404.09
5683,1906,2024-06-27,completed,paypal,United States,84.99
5684,1906,2024-07-11,completed,credit_card,United States,105.64
5685,1906,2024-07-23,completed,paypal,United States,122.43
5686,1906,2024-08-13,completed,credit_card,United States,559.34
5687,1906,2024-08-31,cancelled,credit_card,United States,10.88
5688,1906,2024-10-17,completed,paypal,United States,300.27
5689,1907,2024-04-24,completed,credit_card,Germany,156.1
5690,1907,2024-06-19,cancelled,debit_card,Germany,504.37
5691,1907,2024-06-30,completed,credit_card,Germany,446.82
5692,1907,2024-07-22,completed,credit_card,Germany,1046.43
5693,1908,2025-06-03,completed,paypal,Canada,223.52
5694,1908,2025-08-17,completed,credit_card,Canada,806.39
5695,1908,2025-09-13,refunded,paypal,Canada,631.32
5696,1909,2025-05-18,completed,credit_card,United States,429.9
5697,1909,2025-06-02,completed,credit_card,United States,188.9
5698,1909,2025-06-10,completed,credit_card,United States,83.39
5699,1909,2025-07-14,completed,credit_card,United States,40.26
5700,1910,2023-01-05,cancelled,credit_card,Australia,94.5
5701,1910,2023-01-09,pending,debit_card,Australia,245.7
5702,1910,2023-03-08,completed,debit_card,Australia,120.98
5703,1910,2023-04-07,completed,credit_card,Australia,1073.13
5704,1910,2023-05-08,pending,debit_card,Australia,92.65
5705,1910,2023-05-20,completed,credit_card,Australia,157.34
5706,1913,2023-07-21,cancelled,credit_card,United States,346.45
5707,1913,2023-09-27,completed,credit_card,United States,43.45
5708,1913,2023-09-29,completed,credit_card,United States,219.95
5709,1915,2023-09-13,completed,paypal,Australia,839.01
5710,1915,2023-09-21,completed,paypal,Australia,358.25
5711,1915,2024-02-25,completed,gift_card,Australia,248.78
5712,1915,2024-03-13,completed,gift_card,Australia,287.95
5713,1915,2024-05-25,cancelled,credit_card,Australia,169.98
5714,1915,2024-08-09,cancelled,paypal,Australia,707.83
5715,1915,2024-08-19,completed,paypal,Australia,337.47
5716,1915,2024-09-23,cancelled,debit_card,Australia,1076.29
5717,1915,2024-11-19,completed,paypal,Australia,22.4
5718,1915,2024-12-29,completed,credit_card,Australia,574.49
5719,1915,2024-12-29,completed,,Australia,747.23
5720,1915,2025-01-22,completed,credit_card,Australia,32.04
5721,1915,2025-02-21,completed,paypal,Australia,434.54
5722,1915,2025-04-16,completed,credit_card,Australia,704.71
5723,1915,2025-07-11,completed,,Australia,256.85
5724,1915,2025-08-08,completed,paypal,Australia,1128.31
5725,1915,2025-09-21,refunded,debit_card,Australia,131.26
5726,1915,2025-11-12,completed,credit_card,Australia,464.5
5727,1915,2025-11-12,completed,credit_card,Australia,66.53
5728,1915,2025-11-16,completed,credit_card,Australia,136.96
5729,1915,2025-11-23,completed,credit_card,Australia,121.18
5730,1917,2025-01-05,completed,paypal,United Kingdom,198.54
5731,1917,2025-02-02,pending,credit_card,United Kingdom,240.92
5732,1917,2025-03-10,completed,paypal,United Kingdom,66.12
5733,1917,2025-06-03,completed,credit_card,United Kingdom,32.54
5734,1917,2025-07-29,refunded,credit_card,United Kingdom,12.66
5735,1917,2025-10-23,completed,debit_card,United Kingdom,100.49
5736,1917,2025-10-26,completed,paypal,United Kingdom,78.22
5737,1917,2025-12-05,completed,gift_card,United Kingdom,242.2
5738,1917,2025-12-05,completed,debit_card,United Kingdom,763.41
5739,1917,2025-12-20,cancelled,gift_card,United Kingdom,133.27
5740,1918,2025-06-09,completed,credit_card,United States,405.38
5741,1918,2025-06-30,completed,credit_card,United States,762.04
5742,1921,2024-10-21,completed,credit_card,Netherlands,204.24
5743,1921,2024-11-26,pending,credit_card,Netherlands,184.14
5744,1921,2025-01-06,cancelled,credit_card,Netherlands,92.65
5745,1921,2025-03-09,completed,paypal,Netherlands,190.53
5746,1921,2025-05-30,completed,paypal,Netherlands,41.62
5747,1922,2025-02-15,refunded,paypal,United Kingdom,1391.98
5748,1922,2025-02-26,refunded,credit_card,United Kingdom,471.96
5749,1924,2025-10-01,completed,credit_card,Mexico,295.91
5750,1924,2025-10-08,completed,paypal,Mexico,229.68
5751,1924,2025-10-20,completed,credit_card,Mexico,443.9
5752,1924,2025-12-07,completed,debit_card,Mexico,42.95
5753,1924,2025-12-12,completed,credit_card,Mexico,228.1
5754,1925,2025-03-10,completed,debit_card,United Kingdom,463.2
5755,1926,2024-05-24,completed,debit_card,Canada,453.04
5756,1926,2024-05-31,completed,credit_card,Canada,537.88
5757,1926,2024-06-29,completed,credit_card,Canada,169.0
5758,1926,2024-07-09,completed,debit_card,Canada,254.97
5759,1926,2024-07-15,completed,credit_card,Canada,204.77
5760,1926,2024-07-29,completed,paypal,Canada,326.06
5761,1926,2024-07-31,completed,credit_card,Canada,196.96
5762,1926,2024-08-31,completed,paypal,Canada,137.32
5763,1926,2024-10-29,completed,credit_card,Canada,667.23
5764,1927,2023-04-09,refunded,credit_card,United Kingdom,411.07
5765,1927,2023-04-16,completed,debit_card,United Kingdom,191.36
5766,1927,2023-04-19,completed,credit_card,United Kingdom,368.79
5767,1927,2023-05-16,pending,credit_card,United Kingdom,71.69
5768,1927,2023-06-11,completed,credit_card,United Kingdom,21.57
5769,1927,2023-08-30,completed,credit_card,United Kingdom,196.71
5770,1927,2023-09-07,completed,credit_card,United Kingdom,83.07
5771,1927,2023-09-10,completed,credit_card,United Kingdom,335.62
5772,1927,2023-11-03,completed,credit_card,United Kingdom,565.58
5773,1927,2023-11-15,refunded,paypal,United Kingdom,504.99
5774,1927,2023-12-06,completed,credit_card,United Kingdom,512.58
5775,1927,2024-01-06,completed,credit_card,United Kingdom,116.14
5776,1927,2024-01-12,completed,credit_card,United Kingdom,346.94
5777,1927,2024-01-18,completed,credit_card,United Kingdom,328.13
5778,1927,2024-01-30,cancelled,gift_card,United Kingdom,21.73
5779,1927,2024-02-09,completed,credit_card,United Kingdom,57.82
5780,1927,2024-02-19,completed,gift_card,United Kingdom,449.25
5781,1927,2024-03-01,completed,credit_card,United Kingdom,312.1
5782,1927,2024-04-12,completed,gift_card,United Kingdom,202.98
5783,1927,2024-05-16,cancelled,credit_card,United Kingdom,306.13
5784,1927,2024-06-11,completed,paypal,United Kingdom,266.51
5785,1927,2024-08-19,completed,debit_card,United Kingdom,556.44
5786,1928,2023-05-07,completed,gift_card,Canada,151.11
5787,1929,2024-05-02,pending,paypal,Germany,285.11
5788,1929,2024-05-08,cancelled,credit_card,Germany,170.08
5789,1930,2023-03-02,completed,paypal,United States,66.12
5790,1932,2024-02-02,refunded,credit_card,Germany,172.83
5791,1932,2024-03-23,completed,credit_card,Germany,207.79
5792,1932,2024-04-25,completed,paypal,Germany,161.43
5793,1932,2024-05-04,completed,credit_card,Germany,517.93
5794,1932,2024-05-10,pending,credit_card,Germany,320.4
5795,1932,2024-05-23,cancelled,credit_card,Germany,17.86
5796,1932,2024-06-04,completed,debit_card,Germany,243.4
5797,1932,2024-07-06,completed,credit_card,Germany,151.67
5798,1934,2024-10-12,refunded,gift_card,Canada,733.14
5799,1934,2024-12-21,completed,credit_card,Canada,304.25
5800,1934,2025-03-02,completed,credit_card,Canada,236.13
5801,1934,2025-05-09,refunded,credit_card,Canada,452.56
5802,1934,2025-08-06,completed,paypal,Canada,218.51
5803,1934,2025-11-09,completed,paypal,Canada,1156.09
5804,1934,2025-11-11,refunded,paypal,Canada,176.04
5805,1935,2025-11-06,pending,gift_card,Germany,273.04
5806,1935,2025-11-12,completed,credit_card,Germany,261.68
5807,1935,2025-12-11,completed,gift_card,Germany,290.14
5808,1938,2024-01-30,completed,gift_card,Australia,137.58
5809,1939,2025-04-29,completed,credit_card,United States,59.56
5810,1939,2025-06-03,refunded,credit_card,United States,166.77
5811,1939,2025-08-03,refunded,paypal,United States,743.9
5812,1939,2025-08-22,completed,credit_card,United States,19.18
5813,1939,2025-11-14,completed,credit_card,United States,560.31
5814,1939,2025-11-14,cancelled,,United States,216.6
5815,1939,2025-12-02,refunded,paypal,United States,570.28
5816,1939,2025-12-28,cancelled,credit_card,United States,439.35
5817,1943,2024-05-09,completed,credit_card,Brazil,242.35
5818,1943,2024-06-19,completed,,Brazil,104.53
5819,1944,2025-06-26,pending,credit_card,Netherlands,105.81
5820,1944,2025-08-28,completed,credit_card,Netherlands,108.97
5821,1944,2025-09-30,completed,gift_card,Netherlands,434.6
5822,1946,2024-07-21,cancelled,credit_card,Australia,68.79
5823,1946,2024-09-30,completed,credit_card,Australia,201.38
5824,1947,2023-10-14,completed,gift_card,Canada,55.81
5825,1947,2023-10-23,completed,paypal,Canada,209.27
5826,1947,2023-11-20,completed,debit_card,Canada,374.5
5827,1947,2024-01-20,completed,credit_card,Canada,349.12
5828,1948,2025-11-06,completed,credit_card,Canada,218.1
5829,1948,2025-12-09,cancelled,credit_card,Canada,607.9
5830,1948,2025-12-09,completed,credit_card,Canada,387.57
5831,1949,2024-12-22,cancelled,credit_card,France,229.68
5832,1949,2025-01-30,completed,paypal,France,67.01
5833,1949,2025-02-14,completed,credit_card,France,328.85
5834,1949,2025-02-19,completed,credit_card,France,240.92
5835,1949,2025-03-10,completed,credit_card,France,86.35
5836,1949,2025-04-20,completed,credit_card,France,25.92
5837,1949,2025-08-09,completed,debit_card,France,312.07
5838,1949,2025-08-15,completed,gift_card,France,417.55
5839,1950,2023-05-03,completed,credit_card,United Kingdom,371.6
5840,1950,2023-05-21,cancelled,credit_card,United Kingdom,274.12
5841,1951,2023-02-17,completed,paypal,United Kingdom,1582.22
5842,1951,2023-02-25,completed,paypal,United Kingdom,411.92
5843,1951,2023-03-12,completed,debit_card,United Kingdom,14.07
5844,1951,2023-04-11,completed,,United Kingdom,924.48
5845,1951,2023-04-18,completed,debit_card,United Kingdom,913.8
5846,1951,2023-05-15,completed,paypal,United Kingdom,206.41
5847,1951,2023-06-26,completed,credit_card,United Kingdom,63.01
5848,1951,2023-09-01,completed,paypal,United Kingdom,341.28
5849,1951,2023-09-06,completed,debit_card,United Kingdom,483.92
5850,1953,2025-10-07,completed,credit_card,Canada,306.46
5851,1953,2025-10-27,completed,credit_card,Canada,95.05
5852,1953,2025-11-12,cancelled,credit_card,Canada,376.66
5853,1953,2025-11-19,completed,debit_card,Canada,132.43
5854,1953,2025-11-28,completed,credit_card,Canada,299.54
5855,1953,2025-11-28,completed,paypal,Canada,185.22
5856,1953,2025-12-01,completed,credit_card,Canada,335.93
5857,1953,2025-12-01,completed,paypal,Canada,1181.42
5858,1953,2025-12-06,completed,credit_card,Canada,63.45
5859,1955,2025-03-15,completed,credit_card,United States,96.7
5860,1956,2023-06-19,completed,paypal,Canada,709.37
5861,1958,2023-07-06,pending,credit_card,Australia,762.25
5862,1958,2023-08-12,completed,credit_card,Australia,885.96
5863,1958,2023-10-02,cancelled,debit_card,Australia,148.56
5864,1958,2023-10-14,completed,credit_card,Australia,274.17
5865,1958,2023-10-16,refunded,gift_card,Australia,49.0
5866,1958,2023-10-21,completed,paypal,Australia,197.82
5867,1959,2025-11-14,completed,credit_card,France,90.83
5868,1959,2025-12-21,completed,credit_card,France,1039.35
5869,1960,2025-06-20,completed,debit_card,United States,143.27
5870,1963,2023-09-13,completed,debit_card,United States,1454.86
5871,1963,2023-11-13,completed,debit_card,United States,292.41
5872,1963,2023-11-26,completed,paypal,United States,23.97
5873,1963,2023-12-14,completed,credit_card,United States,163.07
5874,1963,2024-01-20,cancelled,credit_card,United States,104.53
5875,1964,2023-03-07,completed,paypal,United States,524.96
5876,1966,2023-07-28,completed,credit_card,United States,146.42
5877,1966,2023-09-27,completed,credit_card,United States,61.85
5878,1966,2023-10-02,completed,paypal,United States,103.77
5879,1966,2023-10-12,pending,paypal,United States,50.03
5880,1967,2024-02-04,completed,debit_card,Canada,722.11
5881,1967,2024-07-12,completed,credit_card,Canada,43.96
5882,1967,2024-10-07,completed,paypal,Canada,393.42
5883,1967,2024-12-17,pending,credit_card,Canada,128.46
5884,1967,2024-12-17,completed,paypal,Canada,64.38
5885,1968,2023-09-21,completed,paypal,United States,184.08
5886,1969,2025-12-10,completed,credit_card,United States,99.2
5887,1971,2023-06-05,completed,credit_card,France,567.24
5888,1971,2023-09-05,completed,credit_card,France,49.75
5889,1972,2024-02-08,completed,credit_card,Mexico,346.77
5890,1972,2024-03-17,completed,credit_card,Mexico,577.43
5891,1972,2024-05-06,completed,credit_card,Mexico,266.38
5892,1972,2024-05-10,completed,paypal,Mexico,8.05
5893,1972,2024-08-10,completed,credit_card,Mexico,36.16
5894,1973,2023-08-19,completed,credit_card,India,457.99
5895,1973,2023-10-16,completed,paypal,India,511.5
5896,1973,2023-11-01,refunded,gift_card,India,116.14
5897,1973,2023-11-22,completed,gift_card,India,393.25
5898,1973,2023-11-22,completed,credit_card,India,377.93
5899,1973,2023-11-28,completed,debit_card,India,350.67
5900,1973,2024-01-05,completed,paypal,India,48.94
5901,1973,2024-01-14,completed,credit_card,India,55.81
5902,1973,2024-04-18,completed,credit_card,India,834.47
5903,1973,2024-06-08,cancelled,credit_card,India,235.3
5904,1974,2024-04-12,completed,credit_card,India,150.08
5905,1974,2024-05-03,completed,paypal,India,232.47
5906,1974,2024-05-15,completed,gift_card,India,116.14
5907,1974,2024-06-14,cancelled,credit_card,India,402.52
5908,1974,2024-07-28,completed,credit_card,India,305.55
5909,1974,2024-09-21,completed,credit_card,India,101.24
5910,1974,2025-01-14,pending,debit_card,India,870.43
5911,1974,2025-02-16,completed,paypal,India,53.97
5912,1974,2025-02-20,completed,paypal,India,92.65
5913,1974,2025-03-03,completed,paypal,India,144.28
5914,1974,2025-03-28,completed,credit_card,India,470.97
5915,1974,2025-04-14,completed,gift_card,India,820.87
5916,1974,2025-05-06,pending,paypal,India,1137.56
5917,1974,2025-05-23,completed,credit_card,India,234.25
5918,1974,2025-07-12,completed,credit_card,India,166.91
5919,1974,2025-07-29,cancelled,credit_card,India,279.6
5920,1974,2025-08-04,completed,credit_card,India,244.12
5921,1974,2025-09-05,completed,paypal,India,276.24
5922,1974,2025-12-04,completed,credit_card,India,99.2
5923,1974,2025-12-04,completed,credit_card,India,372.63
5924,1974,2025-12-20,completed,credit_card,India,176.48
5925,1977,2025-12-27,completed,paypal,France,11.52
5926,1977,2025-12-27,refunded,paypal,France,179.88
5927,1978,2024-03-07,cancelled,paypal,Brazil,10.88
5928,1978,2024-04-04,completed,paypal,Brazil,181.46
5929,1979,2025-07-04,completed,credit_card,United States,275.31
5930,1979,2025-08-20,completed,credit_card,United States,188.36
5931,1982,2023-03-09,completed,paypal,United Kingdom,42.95
5932,1982,2023-04-08,completed,credit_card,United Kingdom,310.32
5933,1982,2023-04-18,completed,credit_card,United Kingdom,367.69
5934,1982,2023-05-24,pending,debit_card,United Kingdom,147.7
5935,1982,2023-06-19,completed,gift_card,United Kingdom,585.86
5936,1982,2023-07-05,completed,credit_card,United Kingdom,536.74
5937,1982,2023-08-26,completed,credit_card,United Kingdom,379.76
5938,1982,2023-08-28,completed,credit_card,United Kingdom,93.65
5939,1982,2023-10-06,completed,credit_card,United Kingdom,756.01
5940,1982,2023-10-10,cancelled,debit_card,United Kingdom,116.14
5941,1984,2025-04-19,completed,debit_card,France,368.9
5942,1985,2024-10-04,completed,credit_card,Germany,69.61
5943,1985,2024-11-04,completed,gift_card,Germany,945.25
5944,1985,2024-12-07,completed,paypal,Germany,21.84
5945,1985,2025-01-11,cancelled,credit_card,Germany,145.0
5946,1985,2025-01-30,completed,credit_card,Germany,248.78
5947,1985,2025-03-08,completed,credit_card,Germany,726.57
5948,1986,2025-05-28,completed,debit_card,United Kingdom,109.03
5949,1986,2025-06-14,cancelled,gift_card,United Kingdom,130.87
5950,1986,2025-07-16,completed,credit_card,United Kingdom,445.76
5951,1988,2023-12-01,completed,paypal,United States,730.47
5952,1988,2023-12-06,cancelled,credit_card,United States,405.66
5953,1988,2023-12-28,completed,paypal,United States,36.16
5954,1991,2025-04-20,completed,paypal,United States,74.37
5955,1992,2024-02-02,completed,paypal,Netherlands,216.87
5956,1993,2023-03-23,completed,,United States,165.08
5957,1993,2023-03-24,cancelled,paypal,United States,360.99
5958,1993,2023-05-15,completed,credit_card,United States,233.04
5959,1994,2025-02-08,completed,paypal,United States,120.5
5960,1994,2025-02-22,completed,credit_card,United States,131.66
5961,1994,2025-03-04,completed,paypal,United States,1417.23
5962,1994,2025-03-22,completed,,United States,572.45
5963,1994,2025-06-29,refunded,,United States,219.42
5964,1994,2025-07-18,refunded,credit_card,United States,867.74
5965,1994,2025-09-17,completed,credit_card,United States,356.93
5966,1994,2025-12-13,cancelled,gift_card,United States,173.01
5967,1994,2025-12-13,completed,,United States,282.96
5968,1996,2024-07-10,completed,gift_card,India,158.77
5969,1996,2024-07-22,completed,credit_card,India,470.28
5970,1996,2024-07-30,pending,credit_card,India,319.48
5971,1996,2024-08-23,completed,paypal,India,588.28
5972,1996,2024-09-03,completed,debit_card,India,388.16
5973,1997,2025-03-15,refunded,credit_card,Brazil,84.99
5974,1997,2025-03-30,refunded,gift_card,Brazil,158.77
5975,1997,2025-04-16,cancelled,paypal,Brazil,275.49
5976,1997,2025-06-29,completed,paypal,Brazil,335.62
5977,1998,2025-01-06,completed,paypal,United States,87.08
5978,1998,2025-04-10,completed,credit_card,United States,367.6
5979,1998,2025-04-23,cancelled,credit_card,United States,23.97
5980,1998,2025-05-06,completed,paypal,United States,307.43
5981,1998,2025-05-10,completed,paypal,United States,166.77
5982,1998,2025-09-11,cancelled,credit_card,United States,431.77
5983,1998,2025-10-26,cancelled,paypal,United States,65.63
5984,2000,2023-08-31,completed,credit_card,Mexico,926.62
5985,2000,2023-10-05,refunded,gift_card,Mexico,146.42
5986,2000,2023-10-15,completed,credit_card,Mexico,442.66
5987,2000,2023-11-20,completed,paypal,Mexico,259.67
5988,2000,2024-01-06,completed,credit_card,Mexico,213.13
5989,2001,2024-11-01,completed,debit_card,United States,636.14
5990,2004,2024-09-24,completed,credit_card,India,23.04
5991,2004,2024-10-27,completed,credit_card,India,237.09
5992,2005,2024-06-13,completed,paypal,Germany,604.13
5993,2005,2024-08-02,completed,paypal,Germany,314.77
5994,2005,2024-08-06,completed,gift_card,Germany,318.46
5995,2005,2024-08-16,completed,credit_card,Germany,678.9
5996,2005,2024-11-13,cancelled,paypal,Germany,399.88
5997,2005,2024-11-29,completed,paypal,Germany,240.01
5998,2005,2024-11-29,cancelled,paypal,Germany,66.12
5999,2005,2024-12-13,refunded,credit_card,Germany,665.11
6000,2006,2025-07-23,cancelled,paypal,India,282.79
6001,2006,2025-09-16,completed,credit_card,India,342.5
6002,2007,2025-04-06,completed,credit_card,United States,40.72
6003,2007,2025-05-07,refunded,credit_card,United States,477.42
6004,2007,2025-07-09,completed,debit_card,United States,170.86
6005,2007,2025-09-05,completed,credit_card,United States,69.29
6006,2007,2025-09-07,cancelled,credit_card,United States,214.0
6007,2008,2023-11-02,completed,credit_card,United Kingdom,995.79
6008,2008,2023-11-17,completed,credit_card,United Kingdom,965.14
6009,2008,2023-11-17,cancelled,credit_card,United Kingdom,674.1
6010,2008,2023-11-24,completed,gift_card,United Kingdom,364.01
6011,2010,2025-08-22,completed,debit_card,United Kingdom,205.14
6012,2010,2025-09-06,completed,debit_card,United Kingdom,173.56
6013,2010,2025-10-13,completed,gift_card,United Kingdom,53.97
6014,2010,2025-10-27,completed,paypal,United Kingdom,204.27
6015,2010,2025-11-06,completed,credit_card,United Kingdom,266.49
6016,2010,2025-11-06,completed,paypal,United Kingdom,510.56
6017,2011,2025-04-22,completed,debit_card,United States,262.85
6018,2011,2025-06-12,completed,debit_card,United States,551.76
6019,2011,2025-06-28,completed,paypal,United States,244.51
6020,2011,2025-07-24,completed,credit_card,United States,221.15
6021,2013,2025-04-17,cancelled,credit_card,United States,439.29
6022,2013,2025-05-22,completed,credit_card,United States,1037.51
6023,2016,2024-01-23,refunded,debit_card,India,121.18
6024,2016,2024-02-03,completed,credit_card,India,159.33
6025,2016,2024-02-08,completed,credit_card,India,39.56
6026,2018,2024-03-03,pending,credit_card,Germany,1255.52
6027,2018,2024-06-20,completed,debit_card,Germany,92.73
6028,2018,2024-07-08,completed,paypal,Germany,146.1
6029,2018,2024-08-06,cancelled,credit_card,Germany,197.3
6030,2018,2024-08-20,completed,,Germany,285.28
6031,2018,2024-08-25,completed,paypal,Germany,322.15
6032,2018,2024-11-08,completed,credit_card,Germany,185.3
6033,2018,2024-11-29,completed,debit_card,Germany,524.84
6034,2018,2024-12-20,completed,credit_card,Germany,441.16
6035,2018,2024-12-20,refunded,credit_card,Germany,643.39
6036,2018,2025-04-28,completed,credit_card,Germany,424.16
6037,2018,2025-06-02,completed,credit_card,Germany,483.64
6038,2018,2025-06-28,completed,gift_card,Germany,204.27
6039,2018,2025-09-07,completed,paypal,Germany,344.74
6040,2018,2025-09-10,completed,debit_card,Germany,393.6
6041,2018,2025-09-13,refunded,paypal,Germany,374.5
6042,2021,2025-02-21,refunded,credit_card,India,559.97
6043,2022,2024-10-01,cancelled,paypal,Australia,450.61
6044,2022,2024-10-27,completed,gift_card,Australia,231.29
6045,2022,2024-12-15,completed,credit_card,Australia,74.73
6046,2022,2024-12-15,completed,credit_card,Australia,148.91
6047,2022,2024-12-16,completed,paypal,Australia,233.76
6048,2022,2025-01-31,completed,debit_card,Australia,1006.12
6049,2024,2024-01-30,pending,credit_card,United States,66.46
6050,2024,2024-03-25,completed,credit_card,United States,615.96
6051,2024,2024-05-17,refunded,debit_card,United States,234.14
6052,2024,2024-06-06,completed,credit_card,United States,131.08
6053,2024,2024-08-08,cancelled,credit_card,United States,126.89
6054,2024,2024-10-02,completed,credit_card,United States,141.11
6055,2024,2024-10-15,completed,credit_card,United States,585.18
6056,2024,2025-02-06,completed,paypal,United States,88.79
6057,2024,2025-02-18,completed,credit_card,United States,412.01
6058,2025,2025-06-18,completed,credit_card,United States,631.66
6059,2025,2025-06-23,completed,paypal,United States,928.65
6060,2025,2025-06-28,completed,credit_card,United States,308.41
6061,2025,2025-07-09,completed,paypal,United States,291.22
6062,2027,2025-03-07,completed,paypal,Australia,341.57
6063,2027,2025-03-23,completed,paypal,Australia,370.21
6064,2027,2025-04-04,completed,paypal,Australia,50.62
6065,2027,2025-04-21,refunded,paypal,Australia,208.95
6066,2027,2025-12-05,completed,gift_card,Australia,372.11
6067,2027,2025-12-05,completed,credit_card,Australia,104.53
6068,2028,2025-06-23,completed,debit_card,Canada,99.2
6069,2028,2025-08-09,completed,paypal,Canada,133.27
6070,2028,2025-12-29,completed,credit_card,Canada,98.2
6071,2032,2023-02-05,completed,credit_card,Canada,80.28
6072,2032,2023-02-27,completed,credit_card,Canada,807.13
6073,2037,2024-02-28,completed,paypal,United States,23.93
6074,2037,2024-03-11,refunded,debit_card,United States,83.39
6075,2037,2024-03-26,completed,paypal,United States,282.79
6076,2037,2024-03-27,completed,paypal,United States,66.12
6077,2037,2024-04-20,cancelled,debit_card,United States,529.25
6078,2038,2025-03-02,completed,paypal,Germany,65.54
6079,2038,2025-03-05,completed,credit_card,Germany,104.31
6080,2038,2025-04-07,completed,credit_card,Germany,71.69
6081,2038,2025-04-10,completed,credit_card,Germany,240.92
6082,2039,2025-01-24,completed,paypal,Australia,12.8
6083,2039,2025-02-25,completed,credit_card,Australia,57.78
6084,2039,2025-04-25,completed,debit_card,Australia,86.91
6085,2039,2025-05-01,completed,credit_card,Australia,872.01
6086,2039,2025-06-03,refunded,credit_card,Australia,111.62
6087,2039,2025-09-24,completed,paypal,Australia,17.86
6088,2039,2025-09-26,completed,credit_card,Australia,229.25
6089,2044,2024-11-09,cancelled,debit_card,United States,212.73
6090,2044,2024-11-09,completed,credit_card,United States,97.62
6091,2044,2025-01-02,completed,credit_card,United States,482.99
6092,2044,2025-01-12,completed,credit_card,United States,92.65
6093,2045,2024-05-18,completed,gift_card,United States,346.53
6094,2045,2024-06-25,completed,paypal,United States,17.86
6095,2045,2024-07-08,completed,debit_card,United States,171.26
6096,2045,2024-07-23,cancelled,paypal,United States,198.54
6097,2045,2024-07-31,completed,credit_card,United States,259.82
6098,2045,2024-10-10,completed,paypal,United States,376.35
6099,2045,2024-11-07,completed,paypal,United States,79.14
6100,2047,2025-03-25,completed,paypal,United States,30.64
6101,2047,2025-04-22,completed,credit_card,United States,182.91
6102,2047,2025-06-28,completed,credit_card,United States,92.65
6103,2047,2025-07-25,completed,paypal,United States,554.18
6104,2047,2025-07-27,completed,gift_card,United States,613.08
6105,2047,2025-08-24,cancelled,debit_card,United States,176.03
6106,2048,2024-01-23,completed,credit_card,France,466.52
6107,2048,2024-04-17,cancelled,credit_card,France,166.67
6108,2048,2024-04-19,refunded,paypal,France,92.65
6109,2048,2024-05-06,completed,credit_card,France,118.2
6110,2048,2024-06-15,completed,gift_card,France,45.87
6111,2048,2024-07-11,completed,credit_card,France,155.15
6112,2048,2024-10-26,refunded,credit_card,France,472.34
6113,2048,2024-11-15,completed,credit_card,France,218.39
6114,2048,2024-11-15,completed,credit_card,France,83.39
6115,2048,2024-12-01,completed,debit_card,France,713.0
6116,2048,2024-12-01,completed,credit_card,France,37.53
6117,2048,2025-01-02,completed,paypal,France,193.16
6118,2048,2025-01-07,completed,credit_card,France,213.48
6119,2048,2025-04-02,completed,credit_card,France,65.09
6120,2048,2025-04-05,completed,credit_card,France,219.7
6121,2049,2025-07-08,completed,credit_card,Netherlands,151.48
6122,2049,2025-07-24,cancelled,debit_card,Netherlands,609.96
6123,2049,2025-08-07,completed,,Netherlands,92.65
6124,2049,2025-11-09,completed,credit_card,Netherlands,80.28
6125,2049,2025-11-09,completed,credit_card,Netherlands,193.4
6126,2050,2023-10-23,completed,credit_card,Mexico,344.85
6127,2050,2023-11-21,completed,credit_card,Mexico,618.08
6128,2050,2023-12-24,completed,debit_card,Mexico,354.12
6129,2051,2024-03-21,completed,credit_card,Australia,1105.07
6130,2051,2024-04-12,completed,credit_card,Australia,161.56
6131,2052,2024-09-04,completed,paypal,United States,563.83
6132,2056,2023-07-14,completed,credit_card,Mexico,93.49
6133,2056,2023-08-23,completed,paypal,Mexico,250.15
6134,2056,2023-08-24,refunded,debit_card,Mexico,178.55
6135,2056,2023-09-09,refunded,credit_card,Mexico,217.77
6136,2056,2023-10-15,cancelled,credit_card,Mexico,556.25
6137,2056,2023-11-02,completed,credit_card,Mexico,612.02
6138,2056,2023-12-18,completed,,Mexico,45.56
6139,2056,2024-01-13,completed,credit_card,Mexico,154.74
6140,2056,2024-02-04,refunded,credit_card,Mexico,180.27
6141,2056,2024-02-28,completed,paypal,Mexico,1013.63
6142,2056,2024-04-19,completed,paypal,Mexico,115.75
6143,2056,2024-07-05,completed,debit_card,Mexico,262.86
6144,2056,2024-08-27,completed,credit_card,Mexico,328.22
6145,2056,2024-09-23,completed,credit_card,Mexico,449.51
6146,2056,2024-10-24,completed,credit_card,Mexico,110.02
6147,2056,2024-11-27,completed,credit_card,Mexico,185.3
6148,2056,2024-12-12,completed,debit_card,Mexico,337.05
6149,2056,2024-12-17,completed,gift_card,Mexico,126.64
6150,2056,2024-12-30,completed,credit_card,Mexico,108.7
6151,2057,2024-10-07,completed,credit_card,Germany,24.71
6152,2057,2024-10-17,cancelled,credit_card,Germany,101.49
6153,2057,2024-11-08,completed,debit_card,Germany,277.95
6154,2058,2025-03-04,completed,credit_card,Australia,138.89
6155,2058,2025-03-18,completed,credit_card,Australia,325.14
6156,2058,2025-03-24,completed,gift_card,Australia,149.82
6157,2058,2025-04-24,completed,credit_card,Australia,180.27
6158,2058,2025-06-24,completed,debit_card,Australia,414.6
6159,2058,2025-08-22,completed,credit_card,Australia,214.04
6160,2060,2024-11-03,completed,paypal,United Kingdom,1275.27
6161,2061,2025-03-25,completed,paypal,United Kingdom,295.62
6162,2061,2025-03-26,completed,credit_card,United Kingdom,83.3
6163,2062,2025-04-03,completed,credit_card,United States,83.39
6164,2063,2024-03-31,completed,debit_card,United States,203.14
6165,2063,2024-04-27,completed,credit_card,United States,580.29
6166,2063,2024-05-05,cancelled,credit_card,United States,603.02
6167,2063,2024-05-16,refunded,paypal,United States,537.15
6168,2063,2024-06-06,cancelled,gift_card,United States,166.32
6169,2063,2024-07-21,completed,paypal,United States,190.14
6170,2063,2024-08-19,completed,credit_card,United States,77.23
6171,2063,2024-10-08,completed,credit_card,United States,1286.09
6172,2063,2024-11-22,completed,paypal,United States,597.16
6173,2063,2024-12-03,completed,credit_card,United States,1187.9
6174,2064,2023-03-23,completed,credit_card,United States,121.18
6175,2064,2023-03-28,completed,paypal,United States,134.36
6176,2064,2023-04-23,completed,credit_card,United States,217.6
6177,2064,2023-05-26,completed,paypal,United States,118.98
6178,2064,2023-07-22,completed,credit_card,United States,68.48
6179,2065,2025-11-07,completed,debit_card,United States,37.3
6180,2065,2025-11-07,completed,credit_card,United States,387.45
6181,2065,2025-12-02,completed,gift_card,United States,117.62
6182,2066,2025-10-26,completed,gift_card,India,276.86
6183,2066,2025-11-02,refunded,debit_card,India,97.88
6184,2066,2025-12-19,completed,credit_card,India,841.65
6185,2067,2025-09-15,completed,credit_card,United States,304.42
6186,2068,2025-06-23,completed,credit_card,India,83.16
6187,2071,2024-03-16,completed,debit_card,United States,79.14
6188,2073,2024-05-05,completed,credit_card,Brazil,366.64
6189,2073,2024-08-29,completed,debit_card,Brazil,248.78
6190,2073,2024-09-06,cancelled,credit_card,Brazil,50.62
6191,2074,2023-04-30,completed,credit_card,United Kingdom,137.48
6192,2074,2023-05-25,completed,gift_card,United Kingdom,149.5
6193,2074,2023-06-06,completed,credit_card,United Kingdom,360.06
6194,2074,2023-08-20,completed,credit_card,United Kingdom,137.58
6195,2074,2023-09-13,completed,debit_card,United Kingdom,673.27
6196,2076,2024-02-23,cancelled,paypal,United States,122.84
6197,2076,2024-03-18,completed,credit_card,United States,134.95
6198,2076,2024-06-03,cancelled,credit_card,United States,14.49
6199,2079,2024-02-20,completed,credit_card,United Kingdom,92.65
6200,2079,2024-03-13,completed,debit_card,United Kingdom,295.64
6201,2079,2024-03-28,completed,paypal,United Kingdom,59.51
6202,2080,2024-05-27,completed,debit_card,United States,808.86
6203,2080,2024-06-03,completed,credit_card,United States,309.72
6204,2080,2024-06-15,completed,debit_card,United States,306.65
6205,2084,2024-08-14,completed,gift_card,India,1104.4
6206,2084,2024-10-11,completed,debit_card,India,102.98
6207,2085,2024-11-14,completed,credit_card,United States,911.82
6208,2087,2024-10-27,completed,credit_card,United States,91.71
6209,2087,2024-11-11,cancelled,credit_card,United States,108.99
6210,2087,2024-11-17,completed,credit_card,United States,294.64
6211,2087,2024-11-20,cancelled,paypal,United States,44.1
6212,2087,2024-12-27,completed,credit_card,United States,213.48
6213,2087,2024-12-27,completed,paypal,United States,373.17
6214,2087,2024-12-28,completed,paypal,United States,164.11
6215,2087,2025-01-14,cancelled,paypal,United States,282.79
6216,2087,2025-06-04,completed,credit_card,United States,945.97
6217,2087,2025-06-27,pending,credit_card,United States,229.68
6218,2087,2025-07-12,completed,credit_card,United States,755.3
6219,2087,2025-09-01,completed,credit_card,United States,132.43
6220,2087,2025-09-25,refunded,credit_card,United States,74.76
6221,2087,2025-10-01,completed,credit_card,United States,63.29
6222,2088,2023-04-25,completed,debit_card,Germany,195.84
6223,2088,2023-05-31,completed,paypal,Germany,83.39
6224,2088,2023-06-04,completed,credit_card,Germany,215.07
6225,2091,2023-07-02,completed,credit_card,United Kingdom,92.65
6226,2091,2023-08-16,completed,paypal,United Kingdom,152.22
6227,2091,2023-09-16,cancelled,credit_card,United Kingdom,86.91
6228,2091,2023-09-21,completed,credit_card,United Kingdom,832.26
6229,2091,2023-10-09,completed,gift_card,United Kingdom,475.28
6230,2091,2023-11-13,completed,credit_card,United Kingdom,33.9
6231,2092,2024-03-02,completed,paypal,Canada,1023.44
6232,2092,2024-04-26,completed,gift_card,Canada,447.62
6233,2092,2024-05-06,completed,paypal,Canada,721.03
6234,2092,2024-06-02,completed,credit_card,Canada,149.2
6235,2092,2024-06-19,completed,credit_card,Canada,798.32
6236,2092,2024-07-15,completed,gift_card,Canada,185.3
6237,2092,2024-09-26,completed,paypal,Canada,313.18
6238,2092,2024-12-06,completed,paypal,Canada,560.95
6239,2092,2025-01-14,cancelled,credit_card,Canada,65.54
6240,2092,2025-01-19,cancelled,paypal,Canada,531.99
6241,2092,2025-02-09,completed,gift_card,Canada,799.62
6242,2092,2025-03-26,completed,paypal,Canada,127.52
6243,2092,2025-04-24,completed,paypal,Canada,158.39
6244,2092,2025-05-12,completed,credit_card,Canada,36.16
6245,2092,2025-06-06,pending,credit_card,Canada,705.08
6246,2092,2025-07-09,completed,debit_card,Canada,582.55
6247,2092,2025-08-04,cancelled,paypal,Canada,70.59
6248,2092,2025-09-01,completed,credit_card,Canada,236.26
6249,2093,2023-05-24,cancelled,paypal,United States,290.36
6250,2093,2023-06-12,completed,credit_card,United States,368.24
6251,2094,2024-07-01,completed,credit_card,United States,113.76
6252,2094,2024-07-02,completed,paypal,United States,211.02
6253,2094,2024-07-09,completed,credit_card,United States,154.19
6254,2095,2023-03-28,completed,debit_card,United States,535.67
6255,2097,2023-01-26,completed,credit_card,United States,974.54
6256,2097,2023-02-03,completed,credit_card,United States,193.39
6257,2098,2025-03-27,completed,credit_card,United Kingdom,672.11
6258,2098,2025-06-09,completed,paypal,United Kingdom,21.57
6259,2098,2025-08-26,completed,credit_card,United Kingdom,92.65
6260,2099,2025-06-15,refunded,credit_card,United States,66.53
6261,2099,2025-07-19,refunded,credit_card,United States,215.25
6262,2099,2025-09-23,completed,credit_card,United States,15.32
6263,2099,2025-10-02,completed,credit_card,United States,420.61
6264,2099,2025-10-07,completed,credit_card,United States,467.84
6265,2099,2025-10-11,completed,paypal,United States,210.04
6266,2099,2025-10-31,completed,debit_card,United States,338.37
6267,2099,2025-11-04,completed,paypal,United States,420.91
6268,2100,2024-12-09,completed,debit_card,United States,71.79
6269,2100,2025-02-09,completed,paypal,United States,79.64
6270,2102,2024-03-01,completed,debit_card,United States,683.74
6271,2102,2024-03-17,completed,debit_card,United States,538.15
6272,2102,2024-04-10,completed,debit_card,United States,144.87
6273,2102,2024-06-01,completed,credit_card,United States,101.7
6274,2102,2024-06-19,completed,paypal,United States,504.58
6275,2102,2024-07-22,completed,gift_card,United States,203.87
6276,2102,2024-09-23,cancelled,paypal,United States,562.64
6277,2103,2024-03-15,completed,paypal,Netherlands,141.59
6278,2103,2024-06-24,completed,credit_card,Netherlands,373.2
6279,2104,2024-08-07,completed,paypal,Germany,166.75
6280,2104,2024-08-20,completed,paypal,Germany,493.62
6281,2104,2024-08-29,cancelled,gift_card,Germany,268.84
6282,2104,2024-08-30,completed,credit_card,Germany,123.14
6283,2104,2024-09-02,completed,credit_card,Germany,610.12
6284,2104,2024-11-29,completed,paypal,Germany,229.63
6285,2104,2024-11-29,completed,paypal,Germany,357.37
6286,2104,2024-12-18,refunded,credit_card,Germany,246.41
6287,2104,2025-01-04,pending,gift_card,Germany,337.18
6288,2104,2025-01-07,completed,gift_card,Germany,76.83
6289,2104,2025-01-28,completed,paypal,Germany,492.35
6290,2104,2025-01-29,pending,paypal,Germany,98.65
6291,2104,2025-02-05,completed,gift_card,Germany,50.62
6292,2104,2025-03-15,pending,paypal,Germany,615.01
6293,2104,2025-03-24,refunded,gift_card,Germany,92.65
6294,2104,2025-07-05,completed,credit_card,Germany,333.2
6295,2105,2024-12-03,completed,paypal,United States,38.74
6296,2106,2024-02-21,completed,paypal,United Kingdom,145.03
6297,2106,2024-02-28,pending,paypal,United Kingdom,753.7
6298,2106,2024-03-09,refunded,credit_card,United Kingdom,199.24
6299,2106,2024-04-13,completed,credit_card,United Kingdom,753.73
6300,2106,2024-06-17,completed,credit_card,United Kingdom,48.94
6301,2106,2024-06-20,completed,credit_card,United Kingdom,13.12
6302,2107,2023-06-24,refunded,credit_card,United States,66.12
6303,2107,2023-08-09,completed,credit_card,United States,587.46
6304,2107,2023-08-30,completed,paypal,United States,274.21
6305,2107,2023-09-19,completed,credit_card,United States,340.51
6306,2107,2023-09-30,completed,credit_card,United States,141.6
6307,2107,2023-10-23,completed,paypal,United States,245.62
6308,2107,2023-10-29,completed,credit_card,United States,243.84
6309,2107,2024-04-19,refunded,paypal,United States,233.65
6310,2109,2023-08-19,completed,credit_card,Australia,323.18
6311,2110,2025-03-16,completed,credit_card,Mexico,794.42
6312,2110,2025-07-07,completed,paypal,Mexico,320.56
6313,2110,2025-07-09,completed,paypal,Mexico,268.84
6314,2110,2025-07-28,cancelled,paypal,Mexico,158.77
6315,2110,2025-09-11,completed,credit_card,Mexico,66.12
6316,2110,2025-12-09,completed,debit_card,Mexico,266.47
6317,2111,2023-09-27,completed,credit_card,United States,520.23
6318,2111,2023-10-02,completed,paypal,United States,96.7
6319,2113,2024-08-26,completed,paypal,United Kingdom,121.46
6320,2113,2024-10-14,cancelled,debit_card,United Kingdom,59.92
6321,2114,2024-03-24,completed,credit_card,United States,626.56
6322,2114,2024-05-02,cancelled,credit_card,United States,406.83
6323,2117,2024-06-20,completed,paypal,Germany,749.84
6324,2117,2024-09-19,completed,credit_card,Germany,654.97
6325,2117,2024-09-29,refunded,gift_card,Germany,242.23
6326,2118,2025-10-21,completed,credit_card,Brazil,99.5
6327,2120,2023-12-18,completed,credit_card,United States,19.37
6328,2120,2024-02-06,completed,debit_card,United States,149.0
6329,2120,2024-02-17,cancelled,credit_card,United States,13.12
6330,2121,2025-02-25,completed,debit_card,United States,240.37
6331,2121,2025-03-18,completed,gift_card,United States,503.64
6332,2121,2025-05-29,completed,credit_card,United States,605.58
6333,2122,2025-04-17,refunded,credit_card,United States,547.1
6334,2122,2025-06-29,completed,credit_card,United States,53.52
6335,2122,2025-09-24,completed,credit_card,United States,62.36
6336,2122,2025-12-15,completed,paypal,United States,372.96
6337,2122,2025-12-15,completed,paypal,United States,166.77
6338,2123,2024-11-29,completed,credit_card,United States,743.94
6339,2123,2024-12-10,completed,paypal,United States,1143.52
6340,2123,2024-12-10,completed,debit_card,United States,159.96
6341,2123,2024-12-28,completed,,United States,511.64
6342,2123,2025-01-07,completed,credit_card,United States,157.5
6343,2123,2025-01-11,completed,paypal,United States,238.48
6344,2123,2025-06-25,completed,paypal,United States,399.65
6345,2123,2025-07-15,completed,gift_card,United States,748.4
6346,2124,2023-04-17,completed,credit_card,Australia,132.07
6347,2124,2023-04-24,completed,credit_card,Australia,101.24
6348,2125,2024-02-13,completed,credit_card,Canada,33.9
6349,2125,2024-03-09,refunded,paypal,Canada,811.93
6350,2125,2024-07-20,completed,debit_card,Canada,185.67
6351,2125,2024-08-29,completed,credit_card,Canada,111.86
6352,2127,2024-07-06,completed,credit_card,United States,681.34
6353,2127,2024-07-23,completed,paypal,United States,374.5
6354,2127,2024-11-06,completed,debit_card,United States,83.07
6355,2127,2024-11-11,completed,gift_card,United States,89.2
6356,2127,2024-11-24,completed,credit_card,United States,119.12
6357,2127,2024-11-24,completed,,United States,232.63
6358,2130,2023-12-13,cancelled,debit_card,United States,287.59
6359,2130,2023-12-19,completed,credit_card,United States,43.96
6360,2130,2024-02-02,completed,debit_card,United States,40.81
6361,2130,2024-04-03,completed,credit_card,United States,57.35
6362,2130,2024-04-14,completed,paypal,United States,209.46
6363,2130,2024-09-18,cancelled,credit_card,United States,305.37
6364,2130,2024-10-06,completed,debit_card,United States,198.1
6365,2130,2024-10-19,completed,credit_card,United States,244.54
6366,2133,2023-04-11,completed,paypal,India,875.94
6367,2133,2023-05-10,completed,credit_card,India,68.1
6368,2133,2023-07-05,pending,credit_card,India,22.1
6369,2133,2023-08-16,completed,credit_card,India,122.84
6370,2133,2023-09-03,completed,credit_card,India,39.57
6371,2134,2023-06-19,completed,paypal,United States,300.8
6372,2134,2023-08-24,cancelled,credit_card,United States,337.05
6373,2134,2023-08-29,cancelled,paypal,United States,288.96
6374,2134,2023-09-09,completed,credit_card,United States,447.83
6375,2134,2023-10-09,cancelled,credit_card,United States,250.46
6376,2134,2023-11-10,completed,credit_card,United States,44.1
6377,2134,2023-11-10,refunded,credit_card,United States,136.96
6378,2134,2023-12-07,cancelled,credit_card,United States,11.87
6379,2134,2023-12-07,completed,credit_card,United States,142.48
6380,2136,2025-10-08,completed,paypal,United Kingdom,144.02
6381,2138,2023-08-10,completed,debit_card,Netherlands,329.13
6382,2138,2023-09-26,completed,credit_card,Netherlands,520.93
6383,2139,2023-03-10,completed,debit_card,India,82.83
6384,2141,2025-01-25,completed,debit_card,United Kingdom,192.16
6385,2141,2025-02-25,completed,paypal,United Kingdom,507.01
6386,2141,2025-03-26,completed,credit_card,United Kingdom,75.67
6387,2141,2025-04-02,completed,credit_card,United Kingdom,97.45
6388,2141,2025-05-06,completed,paypal,United Kingdom,66.53
6389,2141,2025-05-20,completed,credit_card,United Kingdom,74.75
6390,2141,2025-05-28,completed,credit_card,United Kingdom,281.26
6391,2141,2025-07-09,completed,credit_card,United Kingdom,477.65
6392,2141,2025-07-22,completed,credit_card,United Kingdom,82.83
6393,2141,2025-08-10,completed,paypal,United Kingdom,548.34
6394,2141,2025-10-05,completed,credit_card,United Kingdom,139.64
6395,2142,2024-03-23,refunded,credit_card,United States,40.72
6396,2142,2024-03-24,completed,credit_card,United States,12.8
6397,2142,2024-05-20,refunded,paypal,United States,104.17
6398,2142,2024-07-15,completed,credit_card,United States,112.75
6399,2142,2024-09-11,completed,gift_card,United States,198.1
6400,2142,2024-12-24,completed,credit_card,United States,47.44
6401,2142,2025-02-02,completed,credit_card,United States,380.47
6402,2142,2025-02-11,completed,paypal,United States,93.65
6403,2142,2025-02-21,completed,credit_card,United States,419.4
6404,2142,2025-02-27,completed,credit_card,United States,1131.2
6405,2142,2025-03-28,completed,paypal,United States,252.12
6406,2142,2025-05-15,completed,paypal,United States,301.47
6407,2142,2025-05-28,completed,gift_card,United States,115.85
6408,2142,2025-06-27,completed,credit_card,United States,132.33
6409,2142,2025-07-03,refunded,credit_card,United States,41.71
6410,2142,2025-07-07,completed,credit_card,United States,558.43
6411,2147,2024-05-26,completed,credit_card,United States,628.68
6412,2148,2024-09-13,completed,credit_card,France,182.45
6413,2148,2024-10-02,refunded,credit_card,France,185.3
6414,2148,2024-11-02,completed,credit_card,France,147.75
6415,2148,2024-11-05,completed,paypal,France,198.54
6416,2148,2024-11-25,completed,,France,151.67
6417,2148,2024-11-25,completed,credit_card,France,117.36
6418,2149,2025-10-14,completed,gift_card,Netherlands,614.29
6419,2149,2025-10-19,completed,gift_card,Netherlands,425.45
6420,2151,2025-04-16,completed,credit_card,United States,376.33
6421,2151,2025-04-26,cancelled,paypal,United States,251.29
6422,2151,2025-06-21,completed,credit_card,United States,92.65
6423,2151,2025-07-13,completed,credit_card,United States,185.74
6424,2151,2025-08-07,completed,credit_card,United States,1224.78
6425,2151,2025-09-12,completed,credit_card,United States,806.39
6426,2155,2024-01-20,refunded,credit_card,United Kingdom,238.9
6427,2155,2024-02-06,cancelled,credit_card,United Kingdom,276.12
6428,2155,2024-02-20,completed,credit_card,United Kingdom,107.71
6429,2155,2024-03-15,completed,paypal,United Kingdom,919.15
6430,2155,2024-03-17,completed,credit_card,United Kingdom,185.3
6431,2155,2024-04-03,completed,credit_card,United Kingdom,40.26
6432,2155,2024-06-16,completed,credit_card,United Kingdom,15.32
6433,2155,2024-06-30,completed,credit_card,United Kingdom,129.91
6434,2155,2024-08-03,completed,debit_card,United Kingdom,335.62
6435,2156,2024-10-05,completed,credit_card,United States,67.7
6436,2156,2024-10-07,completed,gift_card,United States,61.91
6437,2156,2024-11-05,cancelled,credit_card,United States,312.13
6438,2156,2024-12-18,refunded,credit_card,United States,704.72
6439,2156,2024-12-18,completed,credit_card,United States,23.95
6440,2156,2024-12-23,completed,credit_card,United States,459.69
6441,2156,2025-01-14,pending,credit_card,United States,772.02
6442,2156,2025-01-24,refunded,paypal,United States,609.52
6443,2156,2025-02-08,completed,paypal,United States,628.76
6444,2156,2025-05-26,completed,credit_card,United States,254.9
6445,2157,2023-02-23,completed,,United States,275.22
6446,2158,2023-10-13,cancelled,credit_card,Canada,74.46
6447,2158,2023-10-28,completed,credit_card,Canada,78.3
6448,2158,2023-11-01,pending,credit_card,Canada,50.62
6449,2158,2023-11-19,completed,credit_card,Canada,314.48
6450,2158,2024-01-06,completed,paypal,Canada,111.8
6451,2158,2024-01-23,completed,paypal,Canada,107.94
6452,2158,2024-01-25,completed,paypal,Canada,92.65
6453,2158,2024-02-15,completed,paypal,Canada,537.5
6454,2158,2024-03-27,completed,paypal,Canada,613.91
6455,2159,2025-09-07,cancelled,credit_card,United States,40.31
6456,2159,2025-09-11,completed,paypal,United States,467.15
6457,2159,2025-09-23,refunded,credit_card,United States,578.72
6458,2159,2025-12-10,completed,credit_card,United States,23.32
6459,2159,2025-12-14,completed,paypal,United States,216.33
6460,2159,2025-12-26,completed,gift_card,United States,514.29
6461,2159,2025-12-29,completed,paypal,United States,543.78
6462,2161,2025-12-06,cancelled,debit_card,Netherlands,354.42
6463,2162,2025-02-14,pending,credit_card,United States,198.98
6464,2162,2025-02-15,completed,paypal,United States,224.71
6465,2162,2025-03-13,refunded,credit_card,United States,23.97
6466,2162,2025-03-15,completed,debit_card,United States,87.7
6467,2162,2025-03-16,completed,credit_card,United States,475.21
6468,2163,2024-11-24,completed,,Australia,92.65
6469,2163,2024-11-24,completed,debit_card,Australia,882.08
6470,2163,2024-11-30,completed,credit_card,Australia,103.88
6471,2164,2024-04-08,completed,paypal,United States,28.93
6472,2164,2024-08-03,completed,paypal,United States,92.65
6473,2165,2023-12-16,completed,paypal,India,278.71
6474,2165,2024-05-29,completed,credit_card,India,145.28
6475,2165,2024-09-08,completed,gift_card,India,270.49
6476,2165,2024-09-14,refunded,debit_card,India,616.88
6477,2165,2024-10-23,completed,paypal,India,18.79
6478,2166,2023-05-19,completed,debit_card,France,10.11
6479,2166,2023-06-25,completed,credit_card,France,679.56
6480,2166,2023-07-16,completed,credit_card,France,627.2
6481,2166,2023-08-18,cancelled,credit_card,France,92.65
6482,2166,2023-11-28,completed,credit_card,France,320.01
6483,2166,2023-12-03,completed,credit_card,France,49.0
6484,2166,2023-12-03,refunded,credit_card,France,41.44
6485,2166,2024-01-07,completed,credit_card,France,458.2
6486,2168,2024-12-09,completed,credit_card,United States,166.47
6487,2168,2025-01-05,pending,credit_card,United States,357.33
6488,2168,2025-01-10,completed,credit_card,United States,69.82
6489,2168,2025-03-08,refunded,credit_card,United States,137.73
6490,2168,2025-03-18,completed,gift_card,United States,399.88
6491,2168,2025-03-21,completed,paypal,United States,319.24
6492,2168,2025-06-20,completed,gift_card,United States,422.64
6493,2169,2023-12-04,completed,paypal,United States,113.76
6494,2169,2023-12-28,completed,credit_card,United States,434.99
6495,2169,2024-01-27,completed,paypal,United States,360.87
6496,2172,2024-02-24,completed,paypal,United States,152.22
6497,2172,2024-02-26,completed,gift_card,United States,98.0
6498,2172,2024-04-08,completed,credit_card,United States,62.01
6499,2172,2024-06-13,completed,credit_card,United States,258.27
6500,2172,2024-07-05,completed,credit_card,United States,52.9
6501,2172,2024-08-11,completed,credit_card,United States,40.26
6502,2172,2024-09-30,completed,credit_card,United States,296.94
6503,2173,2025-05-22,completed,paypal,United States,11.52
6504,2173,2025-08-10,completed,paypal,United States,765.42
6505,2173,2025-09-09,completed,credit_card,United States,479.57
6506,2173,2025-10-26,completed,debit_card,United States,222.0
6507,2173,2025-11-16,completed,credit_card,United States,110.08
6508,2176,2024-12-20,completed,credit_card,United States,656.63
6509,2176,2025-01-01,completed,credit_card,United States,459.36
6510,2177,2024-07-12,refunded,debit_card,United States,678.13
6511,2178,2024-06-03,refunded,credit_card,United States,91.71
6512,2180,2024-03-19,completed,credit_card,France,66.12
6513,2180,2024-05-02,completed,credit_card,France,66.46
6514,2180,2024-05-08,completed,credit_card,France,274.0
6515,2180,2024-05-26,pending,credit_card,France,137.97
6516,2180,2024-10-12,refunded,paypal,France,355.52
6517,2180,2024-11-07,completed,credit_card,France,173.34
6518,2180,2024-11-07,completed,debit_card,France,278.39
6519,2180,2024-11-28,completed,credit_card,France,57.55
6520,2180,2024-12-05,completed,credit_card,France,101.49
6521,2181,2025-07-03,completed,credit_card,Canada,124.39
6522,2183,2023-07-26,completed,credit_card,Canada,951.1
6523,2183,2023-10-11,completed,credit_card,Canada,136.61
6524,2183,2023-10-16,completed,paypal,Canada,149.53
6525,2183,2023-10-24,completed,credit_card,Canada,1094.7
6526,2183,2023-11-05,completed,credit_card,Canada,69.29
6527,2183,2023-11-05,completed,gift_card,Canada,311.17
6528,2183,2023-12-03,completed,paypal,Canada,229.68
6529,2183,2023-12-03,completed,credit_card,Canada,102.49
6530,2183,2024-04-13,completed,paypal,Canada,411.43
6531,2184,2023-05-09,completed,credit_card,United States,116.14
6532,2184,2023-05-31,completed,credit_card,United States,487.34
6533,2184,2023-06-30,completed,credit_card,United States,244.13
6534,2184,2023-07-28,completed,credit_card,United States,40.81
6535,2184,2023-07-31,completed,credit_card,United States,41.65
6536,2184,2023-08-06,completed,paypal,United States,667.62
6537,2184,2023-10-12,completed,credit_card,United States,419.01
6538,2184,2023-10-15,completed,paypal,United States,83.07
6539,2184,2023-10-16,completed,paypal,United States,228.52
6540,2184,2023-11-01,completed,paypal,United States,130.82
6541,2184,2023-11-27,completed,debit_card,United States,303.1
6542,2184,2023-11-27,refunded,credit_card,United States,218.98
6543,2184,2023-12-16,completed,credit_card,United States,283.13
6544,2184,2023-12-29,completed,paypal,United States,684.14
6545,2184,2024-04-02,completed,paypal,United States,147.0
6546,2185,2024-05-29,completed,paypal,United States,92.65
6547,2188,2024-07-14,completed,gift_card,United States,564.63
6548,2188,2024-08-19,pending,credit_card,United States,305.02
6549,2190,2024-06-10,completed,debit_card,United States,226.52
6550,2190,2024-07-17,completed,credit_card,United States,66.12
6551,2190,2024-07-24,completed,credit_card,United States,634.58
6552,2190,2024-08-19,completed,credit_card,United States,213.48
6553,2190,2024-10-21,completed,credit_card,United States,920.67
6554,2190,2024-11-29,completed,paypal,United States,43.96
6555,2190,2025-03-30,completed,paypal,United States,443.49
6556,2190,2025-04-02,completed,,United States,244.16
6557,2190,2025-07-22,completed,credit_card,United States,674.91
6558,2190,2025-10-04,completed,credit_card,United States,318.95
6559,2190,2025-10-06,refunded,gift_card,United States,65.66
6560,2190,2025-10-08,completed,credit_card,United States,179.88
6561,2190,2025-10-31,completed,credit_card,United States,33.99
6562,2190,2025-12-02,completed,credit_card,United States,1018.3
6563,2193,2024-03-22,completed,paypal,Canada,101.25
6564,2193,2024-07-07,cancelled,credit_card,Canada,67.93
6565,2193,2024-07-18,completed,credit_card,Canada,418.89
6566,2193,2024-07-19,cancelled,credit_card,Canada,102.08
6567,2193,2024-08-03,completed,,Canada,159.13
6568,2193,2024-08-04,completed,credit_card,Canada,203.33
6569,2193,2024-10-13,completed,credit_card,Canada,118.25
6570,2195,2025-02-17,completed,credit_card,United States,135.76
6571,2195,2025-02-20,completed,paypal,United States,1186.91
6572,2195,2025-03-04,completed,debit_card,United States,558.19
6573,2195,2025-03-29,completed,debit_card,United States,540.44
6574,2198,2025-03-02,cancelled,paypal,United States,304.38
6575,2198,2025-03-18,completed,debit_card,United States,226.81
6576,2198,2025-07-13,completed,credit_card,United States,142.85
6577,2199,2025-07-15,completed,credit_card,Brazil,186.38
6578,2199,2025-08-11,completed,credit_card,Brazil,77.23
6579,2199,2025-08-12,completed,credit_card,Brazil,638.48
6580,2202,2024-01-20,completed,debit_card,United States,19.37
6581,2202,2024-03-12,completed,debit_card,United States,92.65
6582,2202,2024-03-18,completed,paypal,United States,286.03
6583,2202,2024-05-08,completed,credit_card,United States,172.93
6584,2202,2024-07-23,completed,credit_card,United States,111.89
6585,2202,2024-08-13,completed,credit_card,United States,257.88
6586,2202,2025-01-02,completed,credit_card,United States,64.69
6587,2202,2025-02-02,completed,paypal,United States,109.06
6588,2202,2025-02-13,completed,debit_card,United States,133.69
6589,2202,2025-03-16,refunded,credit_card,United States,141.59
6590,2202,2025-08-16,completed,paypal,United States,153.33
6591,2203,2025-07-25,completed,credit_card,United States,295.21
6592,2203,2025-08-06,completed,credit_card,United States,455.11
6593,2206,2025-05-21,completed,debit_card,United States,112.85
6594,2206,2025-06-03,completed,credit_card,United States,410.73
6595,2207,2023-07-10,completed,credit_card,Canada,161.61
6596,2207,2023-07-21,completed,paypal,Canada,63.5
6597,2207,2023-08-18,completed,paypal,Canada,112.4
6598,2207,2023-10-09,completed,credit_card,Canada,360.98
6599,2207,2023-11-01,completed,paypal,Canada,1051.32
6600,2207,2023-12-18,completed,credit_card,Canada,28.33
6601,2208,2025-04-18,cancelled,credit_card,United States,306.99
6602,2208,2025-05-01,completed,paypal,United States,251.93
6603,2209,2024-11-29,refunded,credit_card,United States,49.0
6604,2209,2024-12-13,completed,debit_card,United States,233.85
6605,2209,2025-03-27,completed,credit_card,United States,301.99
6606,2211,2025-01-26,refunded,credit_card,Netherlands,840.73
6607,2211,2025-01-29,completed,paypal,Netherlands,12.8
6608,2211,2025-02-13,completed,credit_card,Netherlands,30.51
6609,2212,2023-10-12,completed,credit_card,United Kingdom,15.5
6610,2212,2023-12-27,completed,paypal,United Kingdom,92.65
6611,2212,2023-12-31,completed,,United Kingdom,33.9
6612,2212,2024-02-07,completed,credit_card,United Kingdom,178.81
6613,2212,2024-03-03,refunded,paypal,United Kingdom,240.35
6614,2212,2024-03-10,completed,credit_card,United Kingdom,134.64
6615,2212,2024-04-12,completed,gift_card,United Kingdom,156.52
6616,2212,2024-05-13,completed,credit_card,United Kingdom,41.88
6617,2212,2024-05-24,pending,credit_card,United Kingdom,270.51
6618,2212,2024-06-28,cancelled,credit_card,United Kingdom,488.69
6619,2212,2024-07-01,completed,credit_card,United Kingdom,791.87
6620,2212,2024-10-11,completed,credit_card,United Kingdom,522.14
6621,2212,2024-10-14,refunded,paypal,United Kingdom,518.4
6622,2212,2024-10-26,completed,credit_card,United Kingdom,161.94
6623,2212,2024-10-27,completed,credit_card,United Kingdom,164.11
6624,2212,2024-10-30,completed,credit_card,United Kingdom,142.5
6625,2212,2024-12-14,completed,credit_card,United Kingdom,371.1
6626,2212,2025-02-10,cancelled,paypal,United Kingdom,200.41
6627,2212,2025-02-17,completed,paypal,United Kingdom,143.38
6628,2212,2025-03-26,completed,gift_card,United Kingdom,78.34
6629,2212,2025-04-24,completed,credit_card,United Kingdom,116.14
6630,2212,2025-09-07,completed,credit_card,United Kingdom,21.76
6631,2212,2025-11-06,completed,credit_card,United Kingdom,429.39
6632,2212,2025-11-18,completed,debit_card,United Kingdom,605.0
6633,2213,2025-03-11,completed,credit_card,Australia,153.23
6634,2213,2025-03-18,completed,credit_card,Australia,137.58
6635,2213,2025-05-04,completed,debit_card,Australia,359.16
6636,2213,2025-07-06,completed,,Australia,105.94
6637,2213,2025-07-31,completed,gift_card,Australia,145.12
6638,2213,2025-11-02,completed,credit_card,Australia,110.06
6639,2213,2025-11-09,completed,credit_card,Australia,1203.64
6640,2213,2025-11-27,completed,paypal,Australia,248.15
6641,2214,2025-04-19,completed,paypal,France,304.77
6642,2214,2025-05-08,completed,credit_card,France,596.86
6643,2214,2025-06-30,completed,credit_card,France,602.21
6644,2215,2024-06-11,completed,paypal,France,328.79
6645,2215,2024-08-05,completed,debit_card,France,12.8
6646,2216,2023-04-03,completed,credit_card,Netherlands,49.0
6647,2216,2023-04-23,completed,credit_card,Netherlands,162.24
6648,2216,2023-06-25,completed,credit_card,Netherlands,284.19
6649,2217,2025-03-11,pending,paypal,United States,12.8
6650,2217,2025-04-21,completed,credit_card,United States,470.6
6651,2217,2025-06-13,completed,credit_card,United States,66.46
6652,2217,2025-07-28,completed,gift_card,United States,542.48
6653,2219,2023-10-18,completed,credit_card,United Kingdom,454.96
6654,2221,2023-09-26,completed,credit_card,Brazil,361.13
6655,2221,2024-01-02,completed,paypal,Brazil,417.46
6656,2221,2024-03-22,pending,debit_card,Brazil,736.35
6657,2221,2024-04-03,completed,credit_card,Brazil,79.98
6658,2221,2024-07-16,refunded,debit_card,Brazil,68.02
6659,2221,2024-09-15,completed,gift_card,Brazil,277.95
6660,2221,2024-10-04,completed,credit_card,Brazil,44.1
6661,2222,2024-10-14,completed,credit_card,Brazil,198.54
6662,2222,2024-12-16,cancelled,debit_card,Brazil,25.6
6663,2222,2024-12-16,completed,credit_card,Brazil,470.41
6664,2222,2024-12-23,cancelled,credit_card,Brazil,391.01
6665,2222,2025-03-22,completed,paypal,Brazil,173.82
6666,2222,2025-06-01,refunded,credit_card,Brazil,328.22
6667,2222,2025-06-10,completed,debit_card,Brazil,62.23
6668,2222,2025-07-28,completed,credit_card,Brazil,588.16
6669,2222,2025-08-26,refunded,credit_card,Brazil,111.76
6670,2225,2023-12-06,completed,debit_card,United States,369.78
6671,2227,2024-12-13,completed,credit_card,France,80.28
6672,2227,2024-12-18,completed,credit_card,France,676.15
6673,2227,2025-02-22,completed,paypal,France,336.69
6674,2228,2025-06-25,completed,credit_card,France,23.93
6675,2228,2025-06-29,completed,credit_card,France,328.22
6676,2228,2025-07-21,completed,credit_card,France,429.58
6677,2228,2025-08-21,completed,debit_card,France,101.24
6678,2228,2025-12-21,completed,credit_card,France,282.45
6679,2230,2024-07-09,completed,paypal,Germany,797.03
6680,2230,2024-08-29,completed,debit_card,Germany,600.82
6681,2231,2025-03-30,pending,credit_card,Canada,441.83
6682,2231,2025-04-06,completed,paypal,Canada,86.91
6683,2231,2025-04-27,completed,credit_card,Canada,245.16
6684,2231,2025-05-18,completed,credit_card,Canada,147.7
6685,2231,2025-06-22,completed,credit_card,Canada,66.12
6686,2231,2025-07-04,completed,credit_card,Canada,381.92
6687,2231,2025-08-13,completed,credit_card,Canada,788.52
6688,2231,2025-08-24,refunded,debit_card,Canada,116.14
6689,2231,2025-11-20,completed,credit_card,Canada,204.78
6690,2231,2025-11-20,completed,credit_card,Canada,163.03
6691,2232,2025-06-05,completed,credit_card,India,30.74
6692,2232,2025-07-03,completed,credit_card,India,85.83
6693,2232,2025-07-10,completed,credit_card,India,321.73
6694,2232,2025-07-24,completed,gift_card,India,10.88
6695,2232,2025-09-13,completed,credit_card,India,57.35
6696,2235,2024-12-17,completed,credit_card,United States,32.54
6697,2235,2024-12-19,completed,credit_card,United States,42.23
6698,2238,2025-06-10,completed,debit_card,United States,181.49
6699,2238,2025-07-22,completed,debit_card,United States,108.87
6700,2238,2025-10-04,completed,debit_card,United States,967.89
6701,2238,2025-10-13,completed,paypal,United States,74.76
6702,2238,2025-11-27,pending,credit_card,United States,187.33
6703,2238,2025-12-22,completed,credit_card,United States,375.05
6704,2239,2025-05-09,completed,paypal,United Kingdom,105.45
6705,2239,2025-05-11,refunded,credit_card,United Kingdom,55.79
6706,2239,2025-06-27,completed,credit_card,United Kingdom,86.51
6707,2239,2025-07-15,cancelled,credit_card,United Kingdom,105.74
6708,2239,2025-07-24,completed,credit_card,United Kingdom,674.1
6709,2239,2025-08-01,completed,credit_card,United Kingdom,148.82
6710,2239,2025-08-16,completed,credit_card,United Kingdom,213.02
6711,2239,2025-09-20,completed,paypal,United Kingdom,116.58
6712,2239,2025-10-02,completed,paypal,United Kingdom,231.84
6713,2239,2025-10-20,refunded,credit_card,United Kingdom,334.89
6714,2239,2025-12-22,completed,debit_card,United Kingdom,595.08
6715,2239,2025-12-26,completed,gift_card,United Kingdom,112.37
6716,2240,2024-04-27,completed,credit_card,France,638.48
6717,2240,2024-05-18,completed,credit_card,France,295.32
6718,2241,2025-04-27,completed,credit_card,India,559.36
6719,2241,2025-05-27,completed,credit_card,India,94.03
6720,2241,2025-06-19,cancelled,,India,370.6
6721,2241,2025-07-06,completed,paypal,India,175.22
6722,2242,2024-01-14,completed,debit_card,United States,111.36
6723,2242,2024-02-14,completed,credit_card,United States,40.72
6724,2242,2024-03-05,completed,debit_card,United States,215.15
6725,2242,2024-03-17,completed,gift_card,United States,184.9
6726,2242,2024-03-24,completed,,United States,65.54
6727,2242,2024-04-01,completed,credit_card,United States,59.67
6728,2242,2024-07-04,completed,credit_card,United States,360.9
6729,2242,2024-07-07,completed,debit_card,United States,489.11
6730,2242,2024-08-19,completed,paypal,United States,1073.2
6731,2242,2024-09-08,completed,paypal,United States,1591.58
6732,2242,2024-10-18,completed,paypal,United States,92.65
6733,2242,2024-11-08,completed,,United States,87.92
6734,2242,2024-11-08,completed,paypal,United States,12.8
6735,2242,2025-01-01,completed,credit_card,United States,209.89
6736,2244,2024-12-09,completed,paypal,United Kingdom,452.98
6737,2244,2025-01-02,completed,paypal,United Kingdom,10.88
6738,2244,2025-05-12,completed,credit_card,United Kingdom,149.92
6739,2244,2025-06-12,completed,credit_card,United Kingdom,666.09
6740,2244,2025-06-25,refunded,paypal,United Kingdom,43.96
6741,2244,2025-07-09,completed,gift_card,United Kingdom,262.26
6742,2244,2025-08-01,completed,credit_card,United Kingdom,161.95
6743,2245,2025-04-12,refunded,credit_card,United Kingdom,586.29
6744,2245,2025-04-19,completed,credit_card,United Kingdom,153.08
6745,2245,2025-04-24,completed,paypal,United Kingdom,36.16
6746,2245,2025-04-27,completed,credit_card,United Kingdom,179.88
6747,2245,2025-04-28,completed,credit_card,United Kingdom,202.13
6748,2245,2025-05-13,completed,paypal,United Kingdom,481.84
6749,2245,2025-05-31,cancelled,debit_card,United Kingdom,383.51
6750,2246,2023-12-16,completed,credit_card,United States,118.46
6751,2247,2023-08-31,completed,paypal,United States,334.0
6752,2247,2023-09-02,completed,debit_card,United States,364.45
6753,2249,2025-09-29,cancelled,credit_card,Mexico,770.73
6754,2249,2025-10-02,completed,paypal,Mexico,12.8
6755,2249,2025-10-04,completed,credit_card,Mexico,728.93
6756,2249,2025-10-17,completed,paypal,Mexico,193.56
6757,2249,2025-10-19,completed,debit_card,Mexico,72.27
6758,2249,2025-11-29,completed,credit_card,Mexico,75.74
6759,2249,2025-11-29,cancelled,debit_card,Mexico,175.01
6760,2249,2025-12-27,completed,paypal,Mexico,231.41
6761,2250,2023-10-10,refunded,credit_card,Germany,460.3
6762,2250,2023-11-24,completed,credit_card,Germany,259.7
6763,2250,2023-11-30,completed,paypal,Germany,451.79
6764,2250,2023-11-30,completed,credit_card,Germany,335.62
6765,2250,2024-03-04,completed,debit_card,Germany,101.73
6766,2250,2024-03-22,completed,paypal,Germany,170.07
6767,2250,2024-04-17,completed,credit_card,Germany,357.2
6768,2250,2024-07-02,refunded,credit_card,Germany,1653.63
6769,2251,2023-08-22,completed,credit_card,United States,348.07
6770,2251,2023-10-08,completed,credit_card,United States,111.31
6771,2251,2023-10-15,completed,gift_card,United States,546.79
6772,2251,2023-11-03,completed,credit_card,United States,334.49
6773,2251,2023-11-14,completed,credit_card,United States,80.28
6774,2251,2023-12-10,completed,debit_card,United States,222.83
6775,2251,2024-02-17,completed,credit_card,United States,130.17
6776,2251,2024-03-07,cancelled,gift_card,United States,775.01
6777,2251,2024-03-31,completed,credit_card,United States,107.97
6778,2251,2024-04-17,completed,credit_card,United States,98.39
6779,2252,2025-11-23,pending,credit_card,France,268.94
6780,2253,2024-11-02,completed,paypal,Netherlands,428.76
6781,2253,2024-11-02,completed,credit_card,Netherlands,374.88
6782,2253,2024-11-03,completed,debit_card,Netherlands,713.11
6783,2255,2024-01-01,completed,credit_card,United States,230.24
6784,2255,2024-05-28,completed,credit_card,United States,731.98
6785,2258,2023-11-28,refunded,gift_card,Canada,497.88
6786,2258,2024-01-03,completed,gift_card,Canada,137.58
6787,2258,2024-01-09,completed,credit_card,Canada,333.01
6788,2260,2024-09-14,completed,debit_card,United Kingdom,515.41
6789,2260,2025-01-13,completed,credit_card,United Kingdom,62.54
6790,2260,2025-04-17,completed,paypal,United Kingdom,74.37
6791,2260,2025-05-30,pending,credit_card,United Kingdom,300.39
6792,2260,2025-06-24,cancelled,gift_card,United Kingdom,95.17
6793,2260,2025-08-22,completed,credit_card,United Kingdom,426.96
6794,2260,2025-08-28,completed,credit_card,United Kingdom,185.3
6795,2260,2025-12-23,completed,gift_card,United Kingdom,682.84
6796,2260,2025-12-26,completed,credit_card,United Kingdom,92.65
6797,2261,2024-03-28,completed,credit_card,United States,279.96
6798,2262,2025-11-13,completed,paypal,United States,250.16
6799,2262,2025-11-13,completed,credit_card,United States,8.05
6800,2262,2025-11-20,completed,paypal,United States,36.16
6801,2262,2025-11-20,completed,paypal,United States,643.42
6802,2262,2025-12-25,completed,paypal,United States,156.7
6803,2263,2025-07-19,completed,paypal,United Kingdom,17.86
6804,2263,2025-07-28,completed,debit_card,United Kingdom,104.17
6805,2263,2025-10-01,completed,credit_card,United Kingdom,54.72
6806,2263,2025-12-21,completed,credit_card,United Kingdom,620.21
6807,2264,2024-06-16,cancelled,debit_card,Netherlands,42.23
6808,2264,2024-06-25,completed,credit_card,Netherlands,196.55
6809,2264,2024-07-24,completed,credit_card,Netherlands,432.37
6810,2264,2024-09-08,pending,paypal,Netherlands,13.02
6811,2264,2024-09-21,completed,credit_card,Netherlands,442.78
6812,2264,2024-10-11,completed,credit_card,Netherlands,39.56
6813,2264,2024-11-18,completed,credit_card,Netherlands,48.94
6814,2264,2024-11-25,completed,debit_card,Netherlands,10.5
6815,2264,2024-12-21,completed,paypal,Netherlands,847.67
6816,2264,2024-12-21,completed,gift_card,Netherlands,143.82
6817,2265,2024-06-12,completed,paypal,United States,83.39
6818,2271,2023-04-22,completed,credit_card,United States,117.11
6819,2271,2023-06-02,completed,debit_card,United States,53.16
6820,2273,2024-05-04,completed,credit_card,Canada,268.94
6821,2273,2024-05-29,completed,debit_card,Canada,173.41
6822,2273,2024-07-07,refunded,credit_card,Canada,42.95
6823,2273,2024-07-26,completed,credit_card,Canada,175.56
6824,2273,2024-08-05,completed,debit_card,Canada,399.09
6825,2273,2024-08-31,refunded,credit_card,Canada,205.39
6826,2273,2024-09-29,completed,paypal,Canada,48.94
6827,2273,2024-10-30,completed,credit_card,Canada,867.61
6828,2273,2024-11-24,completed,credit_card,Canada,628.54
6829,2273,2024-12-31,completed,gift_card,Canada,163.03
6830,2273,2025-01-04,completed,debit_card,Canada,213.48
6831,2273,2025-02-26,refunded,paypal,Canada,101.49
6832,2273,2025-04-08,completed,paypal,Canada,390.78
6833,2273,2025-05-24,cancelled,credit_card,Canada,266.83
6834,2273,2025-07-04,completed,credit_card,Canada,155.13
6835,2273,2025-08-07,completed,paypal,Canada,189.56
6836,2273,2025-08-10,completed,,Canada,192.54
6837,2273,2025-08-19,completed,credit_card,Canada,1373.44
6838,2273,2025-09-28,completed,debit_card,Canada,74.73
6839,2273,2025-10-29,completed,paypal,Canada,317.76
6840,2273,2025-11-05,completed,paypal,Canada,23.04
6841,2275,2024-06-07,completed,gift_card,United States,179.5
6842,2276,2025-05-10,completed,credit_card,France,26.24
6843,2276,2025-05-19,completed,debit_card,France,74.1
6844,2277,2025-11-20,completed,credit_card,Australia,339.8
6845,2279,2023-02-18,cancelled,paypal,United States,365.79
6846,2279,2023-02-22,completed,credit_card,United States,232.88
6847,2279,2023-04-12,completed,credit_card,United States,208.07
6848,2280,2023-08-05,completed,credit_card,India,40.81
6849,2280,2023-09-18,completed,credit_card,India,206.02
6850,2287,2023-03-06,refunded,credit_card,France,167.16
6851,2287,2023-04-07,completed,paypal,France,181.67
6852,2287,2023-04-11,completed,paypal,France,213.48
6853,2287,2023-04-20,cancelled,paypal,France,316.37
6854,2287,2023-09-22,completed,paypal,France,712.43
6855,2287,2023-10-05,completed,credit_card,France,489.67
6856,2287,2023-12-08,completed,credit_card,France,72.24
6857,2287,2023-12-12,completed,credit_card,France,91.12
6858,2287,2023-12-12,completed,paypal,France,899.38
6859,2287,2023-12-31,completed,paypal,France,11.52
6860,2287,2023-12-31,completed,debit_card,France,117.92
6861,2287,2024-01-02,completed,credit_card,France,498.05
6862,2287,2024-01-28,completed,credit_card,France,515.31
6863,2287,2024-10-19,completed,debit_card,France,123.7
6864,2287,2024-10-25,completed,paypal,France,610.89
6865,2287,2024-11-02,completed,paypal,France,271.07
6866,2287,2024-11-13,pending,gift_card,France,187.74
6867,2287,2024-11-15,cancelled,paypal,France,67.88
6868,2287,2024-11-15,completed,credit_card,France,384.26
6869,2287,2025-01-12,completed,credit_card,France,319.41
6870,2287,2025-02-13,completed,debit_card,France,135.87
6871,2287,2025-02-16,completed,credit_card,France,394.81
6872,2287,2025-06-10,completed,paypal,France,100.25
6873,2287,2025-06-21,completed,credit_card,France,981.51
6874,2287,2025-07-22,completed,credit_card,France,426.96
6875,2287,2025-07-23,completed,credit_card,France,353.85
6876,2288,2024-04-17,completed,paypal,Mexico,92.65
6877,2288,2024-04-27,completed,paypal,Mexico,361.53
6878,2288,2024-06-12,completed,debit_card,Mexico,656.38
6879,2288,2024-08-14,completed,paypal,Mexico,92.65
6880,2288,2024-09-15,completed,credit_card,Mexico,345.83
6881,2288,2024-09-29,completed,debit_card,Mexico,327.7
6882,2288,2024-10-12,completed,paypal,Mexico,66.53
6883,2288,2024-10-15,cancelled,credit_card,Mexico,93.65
6884,2291,2024-04-29,completed,credit_card,France,97.53
6885,2291,2024-08-13,completed,credit_card,France,185.3
6886,2291,2024-10-04,completed,paypal,France,196.41
6887,2291,2024-10-15,refunded,paypal,France,311.7
6888,2291,2024-11-19,completed,,France,97.45
6889,2291,2024-12-02,completed,credit_card,France,544.91
6890,2291,2025-01-24,completed,debit_card,France,219.48
6891,2291,2025-02-23,refunded,debit_card,France,592.18
6892,2291,2025-05-08,cancelled,credit_card,France,702.72
6893,2292,2024-10-25,completed,debit_card,France,169.14
6894,2292,2024-11-01,completed,credit_card,France,229.08
6895,2292,2024-11-01,completed,credit_card,France,2693.2
6896,2292,2024-11-24,completed,gift_card,France,173.28
6897,2296,2024-12-07,completed,credit_card,Mexico,256.11
6898,2296,2024-12-17,completed,paypal,Mexico,267.99
6899,2298,2024-07-09,completed,debit_card,Germany,66.12
6900,2298,2024-10-13,completed,credit_card,Germany,140.99
6901,2298,2024-11-08,cancelled,credit_card,Germany,60.94
6902,2298,2025-01-02,completed,credit_card,Germany,121.18
6903,2298,2025-03-01,completed,credit_card,Germany,281.64
6904,2298,2025-05-19,completed,credit_card,Germany,53.97
6905,2298,2025-06-08,completed,credit_card,Germany,55.17
6906,2298,2025-06-10,completed,paypal,Germany,59.56
6907,2298,2025-06-27,completed,credit_card,Germany,81.93
6908,2302,2024-03-10,cancelled,credit_card,United States,130.86
6909,2302,2024-03-22,completed,credit_card,United States,475.92
6910,2303,2023-09-29,completed,credit_card,United States,256.44
6911,2304,2024-10-09,completed,credit_card,United States,280.49
6912,2304,2024-10-11,cancelled,credit_card,United States,541.7
6913,2304,2024-11-08,refunded,credit_card,United States,311.36
6914,2304,2024-11-08,completed,debit_card,United States,41.71
6915,2304,2024-12-12,completed,credit_card,United States,66.12
6916,2304,2024-12-22,completed,credit_card,United States,242.55
6917,2304,2025-01-30,completed,credit_card,United States,40.72
6918,2304,2025-02-19,completed,gift_card,United States,521.95
6919,2304,2025-04-07,completed,debit_card,United States,517.97
6920,2304,2025-04-12,completed,credit_card,United States,168.6
6921,2304,2025-04-16,completed,credit_card,United States,258.81
6922,2304,2025-07-14,completed,paypal,United States,469.11
6923,2304,2025-08-11,completed,debit_card,United States,64.69
6924,2304,2025-08-16,refunded,gift_card,United States,181.5
6925,2305,2023-07-12,completed,credit_card,United States,359.34
6926,2305,2023-08-24,completed,credit_card,United States,19.18
6927,2305,2023-10-16,completed,debit_card,United States,92.65
6928,2305,2023-12-06,completed,paypal,United States,517.86
6929,2305,2024-01-05,completed,gift_card,United States,454.74
6930,2305,2024-01-06,completed,gift_card,United States,71.29
6931,2305,2024-01-20,completed,credit_card,United States,119.12
6932,2305,2024-02-04,completed,credit_card,United States,482.18
6933,2305,2024-02-15,completed,credit_card,United States,74.73
6934,2305,2024-03-19,completed,credit_card,United States,196.03
6935,2305,2024-03-26,cancelled,credit_card,United States,151.67
6936,2306,2023-03-06,completed,gift_card,United States,292.94
6937,2306,2023-03-18,completed,paypal,United States,59.35
6938,2311,2025-12-11,completed,credit_card,France,362.93
6939,2315,2024-04-13,completed,paypal,Australia,42.23
6940,2315,2024-05-22,refunded,credit_card,Australia,141.65
6941,2315,2024-05-29,completed,debit_card,Australia,399.83
6942,2317,2024-05-24,completed,credit_card,Germany,80.3
6943,2317,2024-06-21,completed,credit_card,Germany,701.93
6944,2318,2023-03-15,completed,credit_card,Germany,168.6
6945,2318,2023-04-17,completed,credit_card,Germany,83.39
6946,2318,2023-06-30,completed,paypal,Germany,429.4
6947,2318,2023-08-06,completed,credit_card,Germany,584.47
6948,2318,2023-08-18,completed,paypal,Germany,60.49
6949,2318,2023-09-20,completed,gift_card,Germany,224.16
6950,2318,2023-10-09,completed,credit_card,Germany,545.58
6951,2318,2023-10-10,completed,paypal,Germany,101.24
6952,2318,2023-12-08,completed,gift_card,Germany,252.51
6953,2318,2023-12-08,completed,credit_card,Germany,40.26
6954,2319,2025-02-11,completed,credit_card,United States,274.17
6955,2319,2025-04-18,completed,paypal,United States,92.65
6956,2319,2025-04-19,completed,paypal,United States,1373.35
6957,2319,2025-08-25,completed,credit_card,United States,775.94
6958,2320,2024-03-07,completed,debit_card,Germany,92.65
6959,2320,2024-03-15,completed,credit_card,Germany,410.03
6960,2320,2024-04-22,completed,credit_card,Germany,51.76
6961,2320,2024-06-23,completed,credit_card,Germany,161.05
6962,2320,2024-08-14,completed,credit_card,Germany,92.65
6963,2320,2024-09-10,completed,credit_card,Germany,217.77
6964,2320,2024-09-28,completed,credit_card,Germany,118.56
6965,2321,2025-10-16,completed,paypal,United States,83.39
6966,2322,2025-09-02,completed,credit_card,United States,295.8
6967,2323,2025-06-10,cancelled,paypal,Canada,43.07
6968,2324,2023-03-03,completed,paypal,United States,506.5
6969,2324,2023-03-22,completed,credit_card,United States,882.06
6970,2324,2023-05-02,pending,paypal,United States,119.11
6971,2324,2023-06-02,completed,paypal,United States,301.98
6972,2324,2023-07-29,completed,credit_card,United States,561.19
6973,2324,2023-08-17,completed,credit_card,United States,1012.48
6974,2324,2023-08-22,completed,paypal,United States,285.16
6975,2324,2023-09-28,completed,paypal,United States,472.69
6976,2325,2024-11-05,cancelled,credit_card,Canada,83.05
6977,2325,2025-05-20,completed,paypal,Canada,105.73
6978,2325,2025-05-24,completed,gift_card,Canada,105.74
6979,2325,2025-07-26,cancelled,debit_card,Canada,226.76
6980,2325,2025-09-03,completed,credit_card,Canada,83.39
6981,2327,2025-10-08,refunded,paypal,United States,249.41
6982,2327,2025-10-14,completed,credit_card,United States,1485.93
6983,2327,2025-11-29,refunded,credit_card,United States,599.36
6984,2327,2025-12-31,refunded,credit_card,United States,357.71
6985,2328,2025-12-30,cancelled,paypal,United States,23.95
6986,2330,2025-12-28,completed,paypal,United States,1352.35
6987,2332,2025-09-13,completed,debit_card,Canada,233.58
6988,2332,2025-11-24,completed,debit_card,Canada,744.46
6989,2332,2025-11-24,refunded,debit_card,Canada,373.01
6990,2333,2024-06-10,completed,credit_card,Australia,499.63
6991,2333,2024-07-05,completed,paypal,Australia,718.11
6992,2333,2024-09-05,completed,gift_card,Australia,198.54
6993,2334,2025-01-05,completed,credit_card,Germany,780.26
6994,2335,2023-05-17,pending,credit_card,Brazil,84.99
6995,2335,2023-05-22,refunded,credit_card,Brazil,439.86
6996,2335,2023-07-16,completed,credit_card,Brazil,374.5
6997,2335,2023-09-11,completed,paypal,Brazil,380.28
6998,2335,2023-11-03,completed,paypal,Brazil,648.26
6999,2335,2023-11-19,completed,credit_card,Brazil,217.77
7000,2335,2024-01-19,completed,debit_card,Brazil,101.24
7001,2335,2024-03-11,completed,paypal,Brazil,44.1
7002,2335,2024-03-22,pending,gift_card,Brazil,246.76
7003,2335,2024-04-03,completed,debit_card,Brazil,381.73
7004,2336,2024-05-13,completed,credit_card,Canada,102.38
7005,2336,2024-05-31,completed,credit_card,Canada,20.37
7006,2336,2024-06-07,cancelled,,Canada,347.23
7007,2338,2023-06-09,completed,credit_card,United Kingdom,11.96
7008,2339,2024-05-04,completed,paypal,United States,129.33
7009,2339,2024-06-26,completed,credit_card,United States,502.3
7010,2340,2023-10-28,pending,credit_card,India,92.07
7011,2340,2023-11-07,cancelled,credit_card,India,53.22
7012,2340,2023-11-16,completed,credit_card,India,166.24
7013,2340,2023-12-15,completed,credit_card,India,444.4
7014,2340,2023-12-24,completed,credit_card,India,450.47
7015,2340,2023-12-27,completed,debit_card,India,104.63
7016,2340,2024-01-19,cancelled,credit_card,India,575.79
7017,2340,2024-02-03,completed,credit_card,India,78.75
7018,2343,2025-10-06,completed,paypal,Germany,257.39
7019,2343,2025-11-25,completed,credit_card,Germany,71.92
7020,2344,2024-07-03,completed,credit_card,United States,88.47
7021,2344,2024-09-25,completed,credit_card,United States,151.86
7022,2344,2024-11-16,refunded,credit_card,United States,307.61
7023,2344,2024-11-16,completed,paypal,United States,59.56
7024,2344,2024-12-11,refunded,credit_card,United States,264.73
7025,2344,2024-12-11,completed,credit_card,United States,33.06
7026,2344,2025-01-22,completed,credit_card,United States,580.39
7027,2344,2025-01-25,completed,debit_card,United States,293.64
7028,2344,2025-06-28,completed,credit_card,United States,326.06
7029,2344,2025-06-29,completed,paypal,United States,164.11
7030,2344,2025-07-26,pending,credit_card,United States,353.71
7031,2344,2025-09-09,completed,credit_card,United States,302.11
7032,2344,2025-09-23,completed,credit_card,United States,77.23
7033,2344,2025-11-30,refunded,credit_card,United States,50.23
7034,2345,2025-09-05,completed,credit_card,Germany,76.19
7035,2346,2023-02-22,completed,debit_card,Mexico,49.75
7036,2346,2023-05-12,completed,,Mexico,299.93
7037,2348,2025-07-15,completed,paypal,United States,164.65
7038,2348,2025-08-05,completed,credit_card,United States,98.0
7039,2348,2025-08-12,completed,credit_card,United States,134.29
7040,2348,2025-09-30,completed,debit_card,United States,115.75
7041,2348,2025-10-01,completed,credit_card,United States,173.82
7042,2348,2025-10-14,completed,credit_card,United States,420.72
7043,2348,2025-10-18,refunded,credit_card,United States,20.85
7044,2348,2025-11-04,completed,credit_card,United States,1090.66
7045,2348,2025-11-04,completed,paypal,United States,561.81
7046,2349,2025-03-30,completed,paypal,Australia,455.53
7047,2349,2025-05-20,completed,credit_card,Australia,75.74
7048,2349,2025-07-15,completed,credit_card,Australia,321.6
7049,2350,2024-03-18,cancelled,credit_card,United States,263.42
7050,2350,2024-06-01,completed,credit_card,United States,14.07
7051,2350,2024-07-05,completed,debit_card,United States,728.22
7052,2350,2024-08-17,completed,paypal,United States,116.14
7053,2350,2024-09-27,completed,debit_card,United States,1221.66
7054,2350,2024-11-10,completed,credit_card,United States,329.17
7055,2353,2025-08-12,cancelled,credit_card,Australia,1059.51
7056,2353,2025-08-23,cancelled,debit_card,Australia,1487.02
7057,2353,2025-08-25,completed,credit_card,Australia,32.65
7058,2353,2025-09-12,completed,credit_card,Australia,55.66
7059,2353,2025-09-21,completed,credit_card,Australia,521.48
7060,2353,2025-10-29,completed,paypal,Australia,304.58
7061,2354,2025-05-25,completed,credit_card,United States,658.19
7062,2354,2025-06-25,completed,,United States,273.92
7063,2354,2025-09-28,completed,paypal,United States,159.99
7064,2357,2023-08-22,completed,credit_card,United States,52.82
7065,2357,2023-10-31,completed,credit_card,United States,360.7
7066,2357,2023-11-10,completed,debit_card,United States,181.71
7067,2357,2023-11-10,completed,credit_card,United States,340.23
7068,2360,2024-12-05,refunded,credit_card,Canada,637.84
7069,2361,2023-05-09,completed,paypal,United States,361.93
7070,2361,2023-05-25,completed,paypal,United States,116.62
7071,2361,2023-06-05,completed,credit_card,United States,101.37
7072,2361,2023-08-26,completed,credit_card,United States,1743.05
7073,2361,2023-11-29,completed,paypal,United States,37.54
7074,2362,2024-01-01,completed,credit_card,Germany,92.65
7075,2362,2024-01-11,completed,,Germany,79.64
7076,2362,2024-03-22,pending,credit_card,Germany,431.16
7077,2362,2024-04-08,completed,credit_card,Germany,616.54
7078,2362,2024-04-21,completed,credit_card,Germany,39.57
7079,2362,2024-05-06,refunded,paypal,Germany,176.03
7080,2362,2024-06-07,completed,paypal,Germany,407.47
7081,2362,2024-06-16,completed,credit_card,Germany,776.64
7082,2362,2024-07-04,completed,credit_card,Germany,162.28
7083,2363,2025-09-21,completed,gift_card,United States,229.68
7084,2365,2023-07-10,completed,paypal,United States,117.07
7085,2365,2023-07-19,completed,paypal,United States,256.77
7086,2365,2023-07-30,refunded,credit_card,United States,69.82
7087,2365,2023-10-03,completed,credit_card,United States,240.89
7088,2365,2023-11-10,completed,gift_card,United States,939.67
7089,2365,2023-11-10,refunded,credit_card,United States,216.08
7090,2369,2025-09-30,refunded,credit_card,Germany,257.32
7091,2369,2025-10-05,completed,debit_card,Germany,196.03
7092,2369,2025-10-17,completed,credit_card,Germany,74.75
7093,2369,2025-10-24,completed,paypal,Germany,83.94
7094,2372,2024-06-13,completed,paypal,United States,369.31
7095,2372,2024-06-20,completed,paypal,United States,61.18
7096,2372,2024-07-10,completed,credit_card,United States,137.58
7097,2373,2024-08-25,completed,credit_card,United States,40.31
7098,2373,2024-10-01,completed,debit_card,United States,747.86
7099,2373,2024-10-15,completed,debit_card,United States,945.32
7100,2373,2024-11-05,completed,paypal,United States,204.78
7101,2373,2024-12-08,completed,paypal,United States,1203.54
7102,2373,2024-12-27,completed,debit_card,United States,491.45
7103,2373,2025-02-06,completed,gift_card,United States,35.17
7104,2373,2025-07-06,completed,credit_card,United States,35.28
7105,2373,2025-08-09,completed,credit_card,United States,247.73
7106,2373,2025-10-28,completed,credit_card,United States,434.38
7107,2373,2025-12-17,completed,credit_card,United States,283.41
7108,2375,2025-01-24,completed,credit_card,United States,198.4
7109,2375,2025-05-01,completed,credit_card,United States,281.74
7110,2375,2025-11-15,completed,credit_card,United States,630.19
7111,2375,2025-11-15,completed,credit_card,United States,92.65
7112,2378,2023-11-16,completed,credit_card,France,446.68
7113,2378,2023-12-02,cancelled,paypal,France,438.54
7114,2378,2023-12-08,completed,credit_card,France,163.76
7115,2380,2024-05-02,completed,credit_card,United States,194.85
7116,2382,2023-10-22,completed,credit_card,United States,179.88
7117,2382,2023-10-31,pending,credit_card,United States,17.86
7118,2382,2023-11-23,completed,gift_card,United States,326.5
7119,2382,2023-11-23,completed,paypal,United States,211.31
7120,2384,2025-03-15,completed,credit_card,Australia,48.94
7121,2384,2025-04-02,cancelled,credit_card,Australia,154.46
7122,2384,2025-05-27,completed,credit_card,Australia,254.99
7123,2385,2023-06-27,completed,credit_card,United States,101.81
7124,2386,2025-02-28,completed,credit_card,United States,153.82
7125,2390,2024-05-13,completed,credit_card,Australia,64.69
7126,2390,2024-09-05,completed,debit_card,Australia,71.69
7127,2390,2024-09-19,completed,paypal,Australia,282.24
7128,2390,2024-10-04,completed,paypal,Australia,372.98
7129,2390,2024-10-31,completed,credit_card,Australia,110.33
7130,2390,2024-12-25,refunded,credit_card,Australia,319.1
7131,2390,2024-12-25,completed,paypal,Australia,256.9
7132,2390,2025-01-21,completed,credit_card,Australia,12.8
7133,2391,2025-02-02,completed,gift_card,Netherlands,43.96
7134,2391,2025-04-24,completed,credit_card,Netherlands,390.67
7135,2391,2025-06-20,completed,paypal,Netherlands,66.12
7136,2391,2025-08-13,completed,credit_card,Netherlands,91.01
7137,2392,2024-12-22,completed,credit_card,Netherlands,967.07
7138,2392,2024-12-22,refunded,debit_card,Netherlands,110.88
7139,2393,2024-05-08,completed,credit_card,Mexico,53.31
7140,2393,2024-08-27,completed,credit_card,Mexico,565.39
7141,2393,2024-09-14,completed,credit_card,Mexico,282.79
7142,2394,2024-08-10,pending,credit_card,United States,487.91
7143,2395,2023-10-05,completed,debit_card,Australia,212.13
7144,2396,2023-06-26,completed,credit_card,Canada,253.62
7145,2399,2024-11-14,completed,paypal,India,368.32
7146,2400,2023-05-17,completed,credit_card,France,148.27
7147,2401,2025-05-09,completed,paypal,Canada,100.51
7148,2402,2025-03-23,completed,paypal,India,71.91
7149,2402,2025-04-19,completed,credit_card,India,357.68
7150,2402,2025-05-17,cancelled,paypal,India,121.72
7151,2402,2025-05-21,completed,credit_card,India,101.25
7152,2402,2025-06-29,completed,gift_card,India,89.32
7153,2402,2025-08-18,completed,debit_card,India,66.53
7154,2402,2025-09-01,completed,credit_card,India,664.87
7155,2402,2025-09-26,refunded,credit_card,India,137.0
7156,2402,2025-10-02,completed,paypal,India,155.72
7157,2402,2025-10-19,cancelled,gift_card,India,412.61
7158,2402,2025-10-24,completed,paypal,India,335.62
7159,2402,2025-12-23,completed,debit_card,India,543.75
7160,2402,2025-12-23,completed,gift_card,India,324.84
7161,2404,2025-03-13,completed,paypal,Germany,76.45
7162,2404,2025-03-25,completed,credit_card,Germany,67.88
7163,2407,2023-11-09,completed,paypal,United States,203.87
7164,2407,2023-11-15,completed,credit_card,United States,83.07
7165,2407,2023-12-26,completed,debit_card,United States,88.2
7166,2407,2023-12-26,completed,gift_card,United States,13.79
7167,2407,2024-02-08,pending,credit_card,United States,12.8
7168,2407,2024-02-10,completed,debit_card,United States,412.82
7169,2407,2024-03-05,completed,paypal,United States,329.14
7170,2407,2024-03-08,completed,credit_card,United States,350.81
7171,2408,2024-05-19,completed,credit_card,France,23.93
7172,2408,2024-06-05,cancelled,paypal,France,610.56
7173,2408,2024-06-21,completed,credit_card,France,498.03
7174,2409,2024-11-24,completed,credit_card,United States,269.58
7175,2409,2024-12-03,completed,paypal,United States,889.26
7176,2409,2024-12-15,completed,debit_card,United States,1074.36
7177,2409,2024-12-15,completed,paypal,United States,104.78
7178,2409,2025-02-04,refunded,credit_card,United States,463.61
7179,2409,2025-03-18,refunded,credit_card,United States,193.25
7180,2409,2025-04-06,completed,paypal,United States,531.58
7181,2411,2025-05-22,completed,paypal,France,74.76
7182,2411,2025-07-01,pending,credit_card,France,464.9
7183,2411,2025-08-28,refunded,credit_card,France,92.65
7184,2412,2023-05-04,completed,gift_card,Mexico,315.78
7185,2412,2023-05-19,completed,credit_card,Mexico,135.52
7186,2412,2023-06-05,completed,gift_card,Mexico,92.65
7187,2413,2023-10-10,completed,credit_card,United Kingdom,82.21
7188,2413,2024-02-01,completed,paypal,United Kingdom,96.7
7189,2414,2023-07-11,completed,credit_card,United States,381.71
7190,2414,2023-07-20,completed,credit_card,United States,284.78
7191,2414,2023-07-23,refunded,gift_card,United States,161.91
7192,2414,2023-08-29,completed,credit_card,United States,749.4
7193,2414,2023-09-06,completed,credit_card,United States,66.12
7194,2414,2024-01-09,completed,credit_card,United States,296.07
7195,2414,2024-01-25,completed,debit_card,United States,204.37
7196,2414,2024-02-08,completed,debit_card,United States,816.67
7197,2415,2023-06-19,completed,credit_card,United States,406.21
7198,2415,2023-11-16,completed,paypal,United States,518.25
7199,2418,2024-03-19,completed,credit_card,Brazil,49.75
7200,2423,2023-05-17,pending,credit_card,United States,362.88
7201,2423,2023-06-23,completed,credit_card,United States,41.71
7202,2423,2023-07-08,completed,credit_card,United States,587.98
7203,2425,2025-03-05,completed,gift_card,Australia,16.86
7204,2425,2025-03-21,completed,debit_card,Australia,658.99
7205,2425,2025-05-13,completed,gift_card,Australia,972.92
7206,2425,2025-05-17,completed,debit_card,Australia,508.29
7207,2425,2025-05-19,completed,debit_card,Australia,49.63
7208,2425,2025-07-25,completed,credit_card,Australia,417.82
7209,2425,2025-08-07,completed,paypal,Australia,89.28
7210,2425,2025-08-10,completed,credit_card,Australia,135.87
7211,2425,2025-10-30,completed,debit_card,Australia,625.74
7212,2425,2025-10-31,cancelled,credit_card,Australia,78.75
7213,2426,2025-08-08,completed,credit_card,Germany,135.84
7214,2426,2025-08-13,completed,credit_card,Germany,184.02
7215,2427,2025-03-04,completed,paypal,Canada,214.84
7216,2430,2025-06-28,refunded,paypal,United States,173.32
7217,2431,2025-10-20,completed,debit_card,Germany,81.62
7218,2431,2025-12-26,completed,paypal,Germany,188.4
7219,2437,2023-11-12,completed,credit_card,Canada,1185.46
7220,2437,2023-11-18,completed,paypal,Canada,213.78
7221,2437,2023-11-18,completed,credit_card,Canada,341.47
7222,2437,2023-12-01,completed,paypal,Canada,13.12
7223,2437,2024-02-12,completed,debit_card,Canada,276.18
7224,2437,2024-04-12,refunded,credit_card,Canada,186.85
7225,2437,2024-04-15,refunded,credit_card,Canada,399.88
7226,2439,2023-09-06,completed,credit_card,Canada,523.16
7227,2440,2024-11-21,completed,gift_card,France,166.77
7228,2442,2023-04-19,completed,credit_card,Netherlands,246.75
7229,2442,2023-05-13,completed,paypal,Netherlands,401.69
7230,2442,2023-05-19,completed,debit_card,Netherlands,1198.76
7231,2442,2023-06-06,completed,debit_card,Netherlands,468.09
7232,2442,2023-07-04,completed,credit_card,Netherlands,413.76
7233,2442,2023-08-31,pending,credit_card,Netherlands,187.43
7234,2442,2023-12-16,completed,credit_card,Netherlands,61.09
7235,2442,2024-01-07,completed,credit_card,Netherlands,76.49
7236,2446,2023-08-27,completed,gift_card,United States,402.72
7237,2448,2023-12-19,completed,paypal,India,277.95
7238,2448,2024-02-05,completed,credit_card,India,760.44
7239,2449,2025-07-26,completed,credit_card,United States,388.58
7240,2449,2025-09-25,completed,credit_card,United States,369.81
7241,2449,2025-10-20,completed,paypal,United States,45.87
7242,2449,2025-11-29,cancelled,paypal,United States,230.64
7243,2449,2025-12-27,completed,credit_card,United States,83.16
7244,2449,2025-12-27,refunded,paypal,United States,33.9
7245,2449,2025-12-31,completed,paypal,United States,398.79
7246,2449,2025-12-31,completed,paypal,United States,637.36
7247,2450,2023-10-18,completed,credit_card,United States,95.26
7248,2450,2023-11-24,completed,paypal,United States,68.02
7249,2451,2023-05-07,completed,paypal,Canada,80.7
7250,2451,2023-06-16,completed,credit_card,Canada,304.05
7251,2451,2023-08-23,pending,paypal,Canada,386.29
7252,2451,2023-10-29,completed,gift_card,Canada,211.34
7253,2451,2023-11-24,refunded,paypal,Canada,202.5
7254,2451,2023-12-01,completed,,Canada,459.01
7255,2451,2023-12-19,completed,paypal,Canada,73.0
7256,2451,2024-01-23,refunded,paypal,Canada,404.64
7257,2451,2024-01-29,completed,paypal,Canada,28.14
7258,2451,2024-02-02,completed,credit_card,Canada,499.98
7259,2451,2024-02-18,refunded,credit_card,Canada,248.95
7260,2451,2024-02-23,completed,paypal,Canada,164.11
7261,2451,2024-02-27,completed,credit_card,Canada,328.84
7262,2451,2024-04-18,completed,paypal,Canada,234.35
7263,2451,2024-05-24,completed,paypal,Canada,242.06
7264,2452,2025-03-19,pending,credit_card,Australia,118.04
7265,2452,2025-05-10,completed,credit_card,Australia,208.98
7266,2452,2025-05-24,completed,gift_card,Australia,43.96
7267,2452,2025-06-30,completed,credit_card,Australia,522.87
7268,2452,2025-07-30,completed,credit_card,Australia,407.35
7269,2452,2025-09-21,completed,credit_card,Australia,327.76
7270,2452,2025-10-07,completed,credit_card,Australia,269.25
7271,2452,2025-11-24,completed,debit_card,Australia,679.49
7272,2452,2025-11-24,completed,credit_card,Australia,580.76
7273,2453,2023-02-17,completed,debit_card,United States,33.9
7274,2453,2023-02-18,completed,credit_card,United States,269.28
7275,2454,2024-03-01,refunded,paypal,United States,118.46
7276,2454,2024-03-07,completed,debit_card,United States,78.75
7277,2454,2024-04-01,pending,credit_card,United States,23.97
7278,2454,2024-04-06,completed,credit_card,United States,244.26
7279,2454,2024-05-16,completed,paypal,United States,13.12
7280,2454,2024-05-17,completed,credit_card,United States,393.86
7281,2454,2024-05-29,completed,paypal,United States,214.65
7282,2454,2024-07-26,completed,credit_card,United States,185.3
7283,2454,2024-08-01,completed,debit_card,United States,430.14
7284,2455,2025-01-31,completed,credit_card,India,12.8
7285,2455,2025-02-23,completed,credit_card,India,425.2
7286,2455,2025-03-09,completed,paypal,India,312.51
7287,2455,2025-04-12,completed,credit_card,India,154.46
7288,2455,2025-05-14,completed,credit_card,India,59.56
7289,2455,2025-06-04,cancelled,credit_card,India,550.07
7290,2455,2025-06-13,completed,credit_card,India,139.49
7291,2456,2023-11-06,refunded,credit_card,India,794.94
7292,2456,2023-12-17,completed,credit_card,India,430.55
7293,2456,2023-12-17,completed,,India,334.15
7294,2456,2024-03-08,completed,credit_card,India,67.67
7295,2456,2024-03-17,completed,debit_card,India,341.28
7296,2456,2024-04-03,completed,credit_card,India,710.09
7297,2456,2024-06-16,completed,credit_card,India,129.22
7298,2456,2024-06-17,completed,credit_card,India,378.19
7299,2456,2024-07-23,completed,paypal,India,424.13
7300,2456,2024-09-25,completed,credit_card,India,712.11
7301,2456,2024-10-16,refunded,credit_card,India,193.9
7302,2456,2025-01-02,completed,credit_card,India,13.96
7303,2456,2025-03-13,completed,paypal,India,38.4
7304,2456,2025-04-04,completed,debit_card,India,132.41
7305,2456,2025-04-19,completed,credit_card,India,83.21
7306,2456,2025-05-02,completed,credit_card,India,455.3
7307,2456,2025-05-26,cancelled,debit_card,India,240.01
7308,2456,2025-06-23,completed,paypal,India,60.49
7309,2456,2025-07-27,completed,debit_card,India,410.64
7310,2456,2025-09-08,completed,gift_card,India,233.54
7311,2456,2025-10-15,refunded,paypal,India,23.95
7312,2456,2025-10-28,completed,debit_card,India,131.02
7313,2457,2023-10-09,completed,debit_card,Netherlands,258.24
7314,2457,2023-10-12,completed,paypal,Netherlands,65.09
7315,2460,2024-09-08,pending,credit_card,United States,115.02
7316,2460,2025-01-31,completed,paypal,United States,57.51
7317,2460,2025-02-06,completed,credit_card,United States,348.07
7318,2460,2025-02-12,completed,credit_card,United States,11.52
7319,2460,2025-04-30,completed,,United States,200.86
7320,2460,2025-05-27,completed,paypal,United States,509.35
7321,2460,2025-08-19,completed,gift_card,United States,822.51
7322,2461,2023-04-17,completed,credit_card,Netherlands,125.43
7323,2461,2023-07-01,completed,credit_card,Netherlands,450.78
7324,2462,2025-07-10,completed,credit_card,United States,141.65
7325,2462,2025-09-29,completed,paypal,United States,287.35
7326,2462,2025-10-17,completed,,United States,251.42
7327,2463,2023-08-30,completed,credit_card,United States,240.37
7328,2463,2023-09-15,completed,credit_card,United States,21.73
7329,2463,2023-10-06,completed,paypal,United States,311.75
7330,2463,2023-10-14,completed,debit_card,United States,236.17
7331,2463,2023-10-23,completed,credit_card,United States,54.72
7332,2463,2023-12-05,completed,paypal,United States,609.77
7333,2463,2024-01-06,completed,debit_card,United States,197.17
7334,2463,2024-01-19,completed,credit_card,United States,136.86
7335,2463,2024-02-12,completed,paypal,United States,841.98
7336,2463,2024-02-23,completed,credit_card,United States,31.27
7337,2463,2024-04-06,refunded,,United States,66.53
7338,2463,2024-06-26,completed,credit_card,United States,142.66
7339,2463,2024-06-27,completed,credit_card,United States,41.71
7340,2463,2024-07-03,completed,credit_card,United States,428.26
7341,2463,2024-07-24,completed,debit_card,United States,571.63
7342,2463,2024-10-07,completed,credit_card,United States,717.35
7343,2463,2024-11-13,cancelled,credit_card,United States,101.93
7344,2463,2024-12-23,cancelled,paypal,United States,254.95
7345,2464,2025-10-27,completed,paypal,Brazil,526.94
7346,2465,2023-08-01,completed,gift_card,United States,855.01
7347,2466,2024-07-24,completed,credit_card,United States,136.21
7348,2467,2025-06-24,refunded,credit_card,Canada,12.8
7349,2467,2025-10-06,completed,paypal,Canada,444.48
7350,2467,2025-10-07,completed,credit_card,Canada,86.91
7351,2469,2025-07-14,completed,credit_card,United States,84.59
7352,2469,2025-08-04,completed,paypal,United States,301.47
7353,2469,2025-10-31,completed,credit_card,United States,39.57
7354,2469,2025-12-10,pending,gift_card,United States,198.63
7355,2470,2025-06-14,completed,paypal,Canada,754.5
7356,2470,2025-07-28,completed,credit_card,Canada,49.0
7357,2470,2025-10-16,completed,paypal,Canada,198.54
7358,2470,2025-10-31,completed,credit_card,Canada,443.53
7359,2471,2025-11-18,pending,debit_card,Australia,318.37
7360,2471,2025-11-27,completed,credit_card,Australia,48.94
7361,2471,2025-11-27,completed,gift_card,Australia,534.04
7362,2472,2025-01-26,completed,gift_card,Netherlands,175.85
7363,2472,2025-02-13,completed,credit_card,Netherlands,481.84
7364,2472,2025-02-20,completed,credit_card,Netherlands,49.25
7365,2473,2024-02-19,refunded,paypal,United States,268.84
7366,2473,2024-06-06,completed,credit_card,United States,555.31
7367,2474,2025-01-22,completed,debit_card,United States,78.09
7368,2474,2025-01-23,completed,gift_card,United States,97.45
7369,2474,2025-01-30,completed,debit_card,United States,624.73
7370,2475,2025-04-15,completed,paypal,India,252.3
7371,2477,2023-03-30,completed,paypal,United States,347.64
7372,2477,2023-04-09,completed,paypal,United States,546.41
7373,2477,2023-04-28,completed,credit_card,United States,453.46
7374,2477,2023-05-23,completed,debit_card,United States,166.08
7375,2477,2023-05-24,completed,credit_card,United States,303.83
7376,2477,2023-06-09,completed,credit_card,United States,83.05
7377,2477,2023-09-16,completed,paypal,United States,456.42
7378,2477,2023-12-31,completed,credit_card,United States,171.84
7379,2479,2025-01-17,completed,gift_card,Brazil,283.95
7380,2479,2025-02-03,completed,debit_card,Brazil,45.87
7381,2481,2025-01-14,completed,gift_card,United States,283.65
7382,2482,2024-09-07,completed,credit_card,Germany,187.33
7383,2482,2024-10-31,completed,paypal,Germany,346.45
7384,2484,2025-09-24,pending,gift_card,United Kingdom,359.95
7385,2484,2025-10-04,completed,credit_card,United Kingdom,367.78
7386,2485,2025-08-10,completed,credit_card,United States,213.27
7387,2488,2024-08-31,completed,credit_card,United States,240.64
7388,2491,2024-12-08,completed,credit_card,United States,659.06
7389,2491,2024-12-12,pending,gift_card,United States,609.76
7390,2491,2024-12-12,completed,credit_card,United States,251.42
7391,2491,2025-03-31,completed,paypal,United States,964.84
7392,2491,2025-04-11,completed,paypal,United States,715.64
7393,2491,2025-06-17,completed,debit_card,United States,426.96
7394,2492,2024-07-31,refunded,credit_card,Germany,267.48
7395,2492,2024-08-03,completed,credit_card,Germany,356.76
7396,2492,2024-08-08,completed,paypal,Germany,122.28
7397,2492,2024-11-27,completed,credit_card,Germany,401.4
7398,2492,2025-01-02,completed,credit_card,Germany,134.61
7399,2492,2025-02-05,completed,credit_card,Germany,374.5
7400,2492,2025-04-08,completed,gift_card,Germany,268.84
7401,2494,2024-01-13,completed,paypal,Canada,437.77
7402,2494,2024-01-30,completed,credit_card,Canada,232.28
7403,2494,2024-06-03,completed,debit_card,Canada,212.93
7404,2494,2024-06-11,completed,debit_card,Canada,78.92
7405,2494,2024-06-21,completed,debit_card,Canada,385.38
7406,2494,2024-07-16,completed,credit_card,Canada,43.96
7407,2496,2023-08-18,completed,debit_card,Netherlands,464.66
7408,2497,2024-01-31,pending,debit_card,Germany,583.78
7409,2498,2025-05-03,completed,paypal,United States,181.74
7410,2500,2023-11-06,completed,gift_card,United States,228.19
7411,2500,2023-11-12,completed,debit_card,United States,19.37
7412,2500,2023-12-03,completed,credit_card,United States,165.08
7413,2500,2023-12-03,refunded,paypal,United States,36.16
7414,2500,2023-12-23,completed,credit_card,United States,821.6
7415,2500,2024-01-21,cancelled,paypal,United States,246.75
7416,2500,2024-03-16,completed,debit_card,United States,248.08
7417,2502,2024-08-20,cancelled,paypal,Canada,374.5
7418,2505,2024-04-29,completed,credit_card,Canada,382.3
7419,2505,2024-06-07,completed,paypal,Canada,101.24
7420,2505,2024-07-07,completed,credit_card,Canada,1088.33
7421,2505,2024-07-09,refunded,credit_card,Canada,180.27
7422,2506,2023-07-22,completed,credit_card,United States,105.74
7423,2506,2023-08-07,completed,credit_card,United States,110.51
7424,2506,2024-01-09,cancelled,credit_card,United States,20.85
7425,2507,2023-09-03,completed,credit_card,France,13.12
7426,2507,2023-10-07,completed,credit_card,France,666.21
7427,2509,2024-10-12,completed,paypal,France,30.64
7428,2509,2024-11-16,completed,credit_card,France,299.73
7429,2509,2025-03-13,completed,credit_card,France,394.45
7430,2509,2025-04-23,cancelled,gift_card,France,93.99
7431,2509,2025-04-28,completed,debit_card,France,269.28
7432,2509,2025-05-01,refunded,paypal,France,468.01
7433,2509,2025-05-12,cancelled,credit_card,France,422.39
7434,2509,2025-06-04,cancelled,,France,83.39
7435,2509,2025-07-07,completed,credit_card,France,99.93
7436,2510,2024-11-23,completed,credit_card,Germany,66.12
7437,2510,2024-12-16,completed,credit_card,Germany,401.67
7438,2510,2024-12-16,completed,paypal,Germany,216.33
7439,2510,2025-02-06,pending,credit_card,Germany,251.7
7440,2510,2025-02-25,completed,credit_card,Germany,277.11
7441,2510,2025-03-11,completed,credit_card,Germany,399.61
7442,2510,2025-04-19,completed,credit_card,Germany,503.94
7443,2510,2025-04-26,completed,credit_card,Germany,722.76
7444,2510,2025-05-24,completed,credit_card,Germany,335.52
7445,2510,2025-07-16,completed,gift_card,Germany,463.13
7446,2510,2025-07-24,cancelled,debit_card,Germany,344.54
7447,2510,2025-07-27,completed,credit_card,Germany,40.26
7448,2510,2025-07-28,refunded,gift_card,Germany,228.74
7449,2510,2025-10-03,completed,paypal,Germany,10.5
7450,2510,2025-11-06,completed,credit_card,Germany,439.92
7451,2510,2025-11-06,completed,credit_card,Germany,213.94
7452,2510,2025-11-17,completed,credit_card,Germany,63.54
7453,2510,2025-11-17,completed,credit_card,Germany,202.76
7454,2510,2025-12-01,completed,credit_card,Germany,108.08
7455,2510,2025-12-01,pending,credit_card,Germany,84.99
7456,2510,2025-12-14,completed,gift_card,Germany,106.72
7457,2510,2025-12-27,completed,credit_card,Germany,464.34
7458,2510,2025-12-27,completed,credit_card,Germany,122.84
7459,2511,2025-08-12,completed,credit_card,France,77.04
7460,2511,2025-08-15,completed,credit_card,France,757.03
7461,2511,2025-10-01,completed,credit_card,France,302.27
7462,2511,2025-10-18,completed,paypal,France,143.9
7463,2511,2025-12-05,completed,credit_card,France,242.48
7464,2511,2025-12-05,pending,credit_card,France,185.3
7465,2512,2023-05-09,completed,credit_card,Canada,164.11
7466,2512,2023-05-14,completed,credit_card,Canada,86.99
7467,2512,2023-06-09,pending,paypal,Canada,119.19
7468,2513,2023-10-13,completed,credit_card,United States,113.76
7469,2513,2023-10-16,completed,credit_card,United States,257.12
7470,2513,2023-11-07,completed,credit_card,United States,19.37
7471,2513,2023-11-16,refunded,credit_card,United States,134.09
7472,2513,2023-12-21,completed,credit_card,United States,475.65
7473,2513,2023-12-21,cancelled,paypal,United States,147.7
7474,2513,2024-01-20,completed,credit_card,United States,272.63
7475,2513,2024-01-21,completed,debit_card,United States,262.1
7476,2513,2024-02-23,completed,credit_card,United States,361.93
7477,2513,2024-04-30,completed,debit_card,United States,62.54
7478,2518,2024-08-24,completed,credit_card,Mexico,116.14
7479,2522,2023-07-31,refunded,credit_card,France,582.46
7480,2522,2023-11-25,completed,credit_card,France,148.24
7481,2524,2025-12-16,completed,paypal,United States,314.07
7482,2525,2023-11-20,completed,credit_card,Canada,650.98
7483,2525,2023-12-10,completed,paypal,Canada,359.74
7484,2525,2023-12-13,completed,credit_card,Canada,139.49
7485,2526,2025-09-23,completed,debit_card,United Kingdom,577.21
7486,2527,2023-10-06,completed,paypal,United States,180.27
7487,2527,2023-11-13,completed,credit_card,United States,274.17
7488,2527,2024-01-19,completed,credit_card,United States,654.76
7489,2528,2024-03-29,completed,,India,672.93
7490,2530,2023-04-04,refunded,credit_card,United States,474.68
7491,2530,2023-05-20,refunded,credit_card,United States,179.88
7492,2530,2023-08-30,completed,credit_card,United States,215.26
7493,2530,2023-09-13,completed,paypal,United States,799.12
7494,2530,2023-09-25,completed,credit_card,United States,628.5
7495,2530,2023-10-02,pending,credit_card,United States,23.97
7496,2530,2023-12-03,completed,credit_card,United States,392.95
7497,2530,2023-12-13,cancelled,credit_card,United States,455.01
7498,2530,2023-12-13,completed,credit_card,United States,191.3
7499,2530,2024-01-12,completed,gift_card,United States,71.69
7500,2531,2023-07-19,completed,paypal,United States,119.02
7501,2531,2023-08-21,completed,credit_card,United States,81.44
7502,2531,2023-09-06,completed,paypal,United States,244.82
7503,2531,2023-11-12,completed,credit_card,United States,49.0
7504,2531,2023-11-13,completed,gift_card,United States,49.75
7505,2531,2023-11-25,completed,paypal,United States,185.84
7506,2531,2023-11-29,completed,credit_card,United States,354.74
7507,2532,2025-08-28,pending,credit_card,United States,58.62
7508,2534,2024-07-22,completed,credit_card,United Kingdom,126.29
7509,2534,2024-08-25,completed,credit_card,United Kingdom,189.2
7510,2534,2024-09-18,completed,credit_card,United Kingdom,141.55
7511,2534,2024-09-26,completed,gift_card,United Kingdom,268.84
7512,2534,2025-01-13,completed,debit_card,United Kingdom,173.41
7513,2534,2025-01-28,completed,paypal,United Kingdom,39.56
7514,2534,2025-02-17,completed,paypal,United Kingdom,185.3
7515,2534,2025-04-27,completed,debit_card,United Kingdom,91.71
7516,2534,2025-05-23,cancelled,paypal,United Kingdom,740.78
7517,2534,2025-06-29,completed,debit_card,United Kingdom,223.76
7518,2534,2025-09-26,completed,credit_card,United Kingdom,462.91
7519,2534,2025-10-06,completed,credit_card,United Kingdom,350.31
7520,2534,2025-10-16,completed,credit_card,United Kingdom,528.09
7521,2534,2025-11-04,refunded,credit_card,United Kingdom,172.93
7522,2534,2025-11-04,completed,gift_card,United Kingdom,282.05
7523,2534,2025-12-16,completed,credit_card,United Kingdom,576.56
7524,2534,2025-12-26,completed,credit_card,United Kingdom,83.39
7525,2535,2024-02-05,completed,credit_card,United Kingdom,192.54
7526,2536,2025-07-18,completed,paypal,Canada,307.04
7527,2536,2025-07-25,completed,gift_card,Canada,28.82
7528,2540,2024-03-20,completed,paypal,United States,72.24
7529,2541,2024-11-01,completed,credit_card,France,306.46
7530,2541,2025-02-28,completed,paypal,France,1469.69
7531,2541,2025-04-11,refunded,credit_card,France,1121.51
7532,2541,2025-05-09,completed,paypal,France,774.35
7533,2541,2025-06-19,completed,debit_card,France,56.2
7534,2541,2025-07-28,completed,paypal,France,387.11
7535,2541,2025-09-15,completed,credit_card,France,146.82
7536,2543,2024-09-30,completed,debit_card,United States,647.54
7537,2543,2024-11-06,completed,paypal,United States,59.56
7538,2543,2024-12-01,completed,gift_card,United States,869.67
7539,2543,2025-02-04,completed,credit_card,United States,687.49
7540,2543,2025-02-09,completed,credit_card,United States,173.82
7541,2544,2024-03-28,completed,paypal,Australia,132.43
7542,2544,2024-03-30,completed,paypal,Australia,33.72
7543,2544,2024-04-16,completed,debit_card,Australia,353.82
7544,2545,2024-07-26,cancelled,paypal,India,163.52
7545,2545,2024-09-17,completed,credit_card,India,500.95
7546,2545,2024-10-05,completed,credit_card,India,383.36
7547,2545,2024-10-13,pending,paypal,India,35.72
7548,2546,2024-02-23,completed,credit_card,Canada,298.14
7549,2546,2024-03-02,completed,credit_card,Canada,185.8
7550,2546,2024-05-01,completed,credit_card,Canada,321.94
7551,2546,2024-05-22,completed,debit_card,Canada,36.16
7552,2546,2024-05-30,refunded,credit_card,Canada,395.66
7553,2546,2024-06-06,completed,paypal,Canada,343.17
7554,2547,2025-06-29,cancelled,paypal,United States,399.45
7555,2547,2025-08-12,completed,credit_card,United States,342.31
7556,2547,2025-08-20,completed,credit_card,United States,408.79
7557,2549,2023-12-21,completed,credit_card,United States,526.76
7558,2549,2024-01-25,cancelled,paypal,United States,389.87
7559,2549,2024-02-24,completed,gift_card,United States,124.39
7560,2549,2024-03-02,completed,credit_card,United States,249.17
7561,2549,2024-04-06,completed,credit_card,United States,352.06
7562,2549,2024-05-24,completed,debit_card,United States,97.45
7563,2549,2024-07-24,completed,credit_card,United States,107.21
7564,2549,2024-07-27,completed,credit_card,United States,348.69
7565,2549,2024-08-17,completed,debit_card,United States,376.74
7566,2549,2024-11-18,completed,paypal,United States,209.39
7567,2549,2024-11-24,pending,credit_card,United States,183.99
7568,2549,2024-12-18,completed,debit_card,United States,132.43
7569,2549,2024-12-18,completed,paypal,United States,1249.48
7570,2549,2025-01-25,completed,debit_card,United States,116.58
7571,2549,2025-02-10,completed,debit_card,United States,57.51
7572,2549,2025-04-09,completed,debit_card,United States,573.04
7573,2549,2025-05-03,completed,paypal,United States,382.01
7574,2549,2025-06-10,refunded,credit_card,United States,455.61
7575,2549,2025-08-18,completed,credit_card,United States,332.6
7576,2549,2025-09-10,completed,credit_card,United States,285.64
7577,2549,2025-09-12,completed,paypal,United States,227.73
7578,2549,2025-11-05,completed,gift_card,United States,13.12
7579,2549,2025-11-16,completed,paypal,United States,11.52
7580,2549,2025-11-16,completed,credit_card,United States,75.67
7581,2549,2025-11-24,completed,gift_card,United States,106.08
7582,2551,2023-03-21,completed,credit_card,Canada,43.96
7583,2551,2023-03-24,completed,,Canada,14.33
7584,2551,2023-05-29,completed,credit_card,Canada,386.8
7585,2552,2025-12-09,completed,credit_card,Canada,371.78
7586,2553,2025-11-20,cancelled,paypal,United States,92.65
7587,2553,2025-11-23,completed,credit_card,United States,166.77
7588,2553,2025-12-21,cancelled,credit_card,United States,74.75
7589,2553,2025-12-21,completed,paypal,United States,343.8
7590,2554,2023-04-13,completed,gift_card,United States,224.01
7591,2554,2023-05-18,completed,debit_card,United States,279.09
7592,2554,2023-06-01,completed,credit_card,United States,113.76
7593,2554,2023-10-30,cancelled,paypal,United States,69.82
7594,2555,2024-12-15,completed,,India,1402.91
7595,2555,2025-02-04,completed,credit_card,India,247.73
7596,2555,2025-02-15,completed,credit_card,India,136.62
7597,2555,2025-02-23,cancelled,gift_card,India,87.27
7598,2555,2025-03-24,completed,credit_card,India,229.86
7599,2555,2025-03-29,completed,credit_card,India,156.44
7600,2555,2025-05-10,completed,credit_card,India,163.69
7601,2556,2023-03-07,completed,credit_card,India,103.0
7602,2556,2023-03-19,completed,credit_card,India,241.07
7603,2556,2023-05-01,completed,credit_card,India,66.53
7604,2556,2023-05-03,completed,gift_card,India,222.35
7605,2556,2023-05-07,completed,credit_card,India,100.18
7606,2556,2023-05-25,completed,paypal,India,440.13
7607,2556,2023-06-07,completed,paypal,India,527.84
7608,2556,2023-06-18,cancelled,credit_card,India,604.12
7609,2558,2024-03-03,completed,gift_card,Germany,99.71
7610,2558,2024-04-24,refunded,paypal,Germany,260.79
7611,2558,2024-08-10,completed,gift_card,Germany,138.69
7612,2558,2024-08-17,completed,paypal,Germany,512.26
7613,2558,2024-11-01,completed,paypal,Germany,343.15
7614,2558,2024-11-07,completed,credit_card,Germany,268.84
7615,2558,2025-01-20,completed,credit_card,Germany,1656.34
7616,2558,2025-02-18,completed,credit_card,Germany,314.49
7617,2558,2025-02-22,completed,credit_card,Germany,116.44
7618,2559,2024-03-14,completed,paypal,Mexico,130.95
7619,2559,2024-04-27,completed,credit_card,Mexico,1873.87
7620,2559,2024-06-23,completed,credit_card,Mexico,144.22
7621,2559,2024-07-15,completed,gift_card,Mexico,736.11
7622,2559,2024-07-17,completed,credit_card,Mexico,49.0
7623,2559,2024-07-23,refunded,debit_card,Mexico,549.47
7624,2559,2024-09-26,cancelled,paypal,Mexico,375.41
7625,2559,2024-10-15,completed,gift_card,Mexico,214.22
7626,2559,2025-03-09,completed,credit_card,Mexico,188.59
7627,2559,2025-04-25,completed,paypal,Mexico,56.15
7628,2559,2025-05-17,pending,debit_card,Mexico,417.45
7629,2559,2025-05-19,refunded,gift_card,Mexico,464.46
7630,2559,2025-06-20,completed,gift_card,Mexico,227.77
7631,2559,2025-07-31,completed,credit_card,Mexico,43.96
7632,2559,2025-11-30,completed,paypal,Mexico,83.05
7633,2559,2025-11-30,completed,debit_card,Mexico,553.72
7634,2560,2025-05-18,completed,paypal,Mexico,302.89
7635,2560,2025-06-07,completed,credit_card,Mexico,143.9
7636,2560,2025-06-30,completed,credit_card,Mexico,222.36
7637,2560,2025-08-29,completed,paypal,Mexico,208.48
7638,2561,2023-09-02,completed,credit_card,United States,426.53
7639,2561,2023-09-07,completed,credit_card,United States,309.71
7640,2561,2023-09-27,completed,credit_card,United States,407.17
7641,2562,2023-11-21,completed,gift_card,United Kingdom,87.92
7642,2562,2024-01-14,refunded,credit_card,United Kingdom,115.02
7643,2562,2024-04-13,refunded,credit_card,United Kingdom,322.54
7644,2562,2024-06-21,completed,gift_card,United Kingdom,352.44
7645,2563,2025-05-28,completed,credit_card,United States,119.02
7646,2563,2025-08-08,completed,credit_card,United States,299.66
7647,2563,2025-08-17,completed,paypal,United States,157.5
7648,2563,2025-11-04,completed,paypal,United States,105.94
7649,2563,2025-11-04,completed,credit_card,United States,568.64
7650,2563,2025-11-23,completed,credit_card,United States,217.39
7651,2565,2024-02-28,completed,paypal,Australia,467.15
7652,2565,2024-03-11,completed,paypal,Australia,185.1
7653,2565,2024-03-14,cancelled,credit_card,Australia,232.88
7654,2565,2024-03-18,completed,credit_card,Australia,35.61
7655,2565,2024-04-13,refunded,debit_card,Australia,52.03
7656,2565,2024-05-01,pending,credit_card,Australia,409.08
7657,2567,2024-09-23,completed,debit_card,Germany,116.26
7658,2568,2024-09-04,completed,credit_card,United States,258.77
7659,2568,2024-10-04,cancelled,debit_card,United States,333.97
7660,2568,2024-10-24,completed,paypal,United States,763.73
7661,2569,2023-02-21,pending,credit_card,Canada,16.86
7662,2569,2023-02-24,cancelled,,Canada,158.39
7663,2570,2023-02-12,pending,credit_card,United States,121.18
7664,2570,2023-03-06,completed,credit_card,United States,190.8
7665,2570,2023-03-14,pending,,United States,400.86
7666,2570,2023-03-22,completed,paypal,United States,83.52
7667,2570,2023-04-13,completed,credit_card,United States,183.42
7668,2570,2023-04-29,completed,credit_card,United States,426.96
7669,2571,2025-03-22,completed,paypal,Mexico,23.97
7670,2572,2025-01-21,completed,credit_card,France,28.14
7671,2572,2025-01-26,cancelled,credit_card,France,39.57
7672,2572,2025-01-28,completed,paypal,France,625.46
7673,2572,2025-03-21,completed,gift_card,France,93.15
7674,2572,2025-03-31,completed,paypal,France,154.67
7675,2572,2025-04-23,completed,credit_card,France,351.81
7676,2572,2025-05-09,completed,credit_card,France,274.11
7677,2572,2025-06-04,refunded,paypal,France,398.42
7678,2572,2025-06-15,completed,credit_card,France,181.47
7679,2572,2025-06-18,pending,credit_card,France,235.61
7680,2572,2025-09-04,completed,debit_card,France,26.15
7681,2573,2025-10-19,completed,paypal,France,732.7
7682,2573,2025-12-30,completed,paypal,France,133.06
7683,2574,2025-02-19,completed,paypal,India,179.36
7684,2574,2025-03-24,completed,debit_card,India,185.3
7685,2574,2025-04-21,completed,credit_card,India,105.74
7686,2574,2025-05-21,completed,credit_card,India,10.5
7687,2574,2025-08-18,completed,credit_card,India,53.31
7688,2574,2025-10-18,completed,credit_card,India,162.71
7689,2574,2025-11-23,completed,credit_card,India,551.68
7690,2575,2023-06-23,completed,credit_card,Netherlands,592.36
7691,2575,2023-07-05,completed,credit_card,Netherlands,114.32
7692,2575,2023-07-11,completed,credit_card,Netherlands,335.62
7693,2576,2023-04-23,completed,paypal,United States,214.06
7694,2576,2023-05-19,completed,credit_card,United States,153.37
7695,2576,2023-05-27,completed,credit_card,United States,332.1
7696,2576,2023-05-31,cancelled,credit_card,United States,483.96
7697,2576,2023-06-01,completed,credit_card,United States,101.25
7698,2578,2025-07-02,completed,credit_card,United States,570.01
7699,2578,2025-07-03,completed,paypal,United States,622.69
7700,2578,2025-07-07,pending,paypal,United States,66.12
7701,2578,2025-08-14,completed,credit_card,United States,168.06
7702,2578,2025-09-23,cancelled,credit_card,United States,129.38
7703,2578,2025-11-11,completed,paypal,United States,494.99
7704,2578,2025-11-11,completed,credit_card,United States,31.66
7705,2578,2025-11-26,completed,credit_card,United States,318.53
7706,2578,2025-11-26,completed,credit_card,United States,322.27
7707,2578,2025-11-27,completed,credit_card,United States,77.23
7708,2578,2025-11-27,refunded,credit_card,United States,147.27
7709,2578,2025-12-26,completed,paypal,United States,871.07
7710,2578,2025-12-26,completed,credit_card,United States,40.26
7711,2580,2023-03-02,cancelled,debit_card,United States,74.12
7712,2580,2023-03-13,completed,credit_card,United States,358.53
7713,2580,2023-05-07,completed,credit_card,United States,148.36
7714,2581,2023-03-09,refunded,,United States,178.69
7715,2581,2023-03-20,completed,credit_card,United States,606.7
7716,2581,2023-04-19,completed,credit_card,United States,48.57
7717,2581,2023-05-23,completed,paypal,United States,44.1
7718,2581,2023-05-27,completed,credit_card,United States,37.37
7719,2581,2023-06-01,pending,debit_card,United States,74.75
7720,2581,2023-06-04,completed,debit_card,United States,21.73
7721,2581,2023-06-13,cancelled,paypal,United States,268.84
7722,2581,2023-06-18,completed,credit_card,United States,249.12
7723,2581,2023-08-10,completed,credit_card,United States,296.86
7724,2581,2023-08-24,completed,credit_card,United States,122.49
7725,2581,2023-09-03,completed,credit_card,United States,292.24
7726,2581,2023-09-04,refunded,credit_card,United States,350.71
7727,2581,2023-09-10,completed,credit_card,United States,659.52
7728,2581,2023-09-23,cancelled,credit_card,United States,96.48
7729,2581,2023-09-27,completed,paypal,United States,142.61
7730,2581,2023-10-05,completed,credit_card,United States,84.63
7731,2581,2024-06-12,completed,paypal,United States,43.96
7732,2581,2024-06-18,completed,paypal,United States,729.09
7733,2581,2024-08-20,completed,credit_card,United States,277.95
7734,2581,2024-08-22,completed,paypal,United States,69.88
7735,2583,2025-05-06,completed,credit_card,Germany,21.73
7736,2583,2025-06-01,completed,credit_card,Germany,643.27
7737,2584,2023-11-20,refunded,paypal,United Kingdom,52.82
7738,2584,2023-11-20,completed,credit_card,United Kingdom,464.96
7739,2584,2024-02-21,completed,credit_card,United Kingdom,247.63
7740,2584,2024-02-24,completed,credit_card,United Kingdom,104.17
7741,2584,2024-02-29,completed,credit_card,United Kingdom,90.34
7742,2584,2024-03-12,completed,credit_card,United Kingdom,675.81
7743,2584,2024-07-16,completed,credit_card,United Kingdom,508.1
7744,2584,2024-08-02,completed,credit_card,United Kingdom,148.54
7745,2587,2025-10-29,completed,gift_card,United States,23.97
7746,2589,2024-12-27,completed,paypal,Netherlands,67.88
7747,2589,2025-01-20,completed,credit_card,Netherlands,282.79
7748,2589,2025-01-21,completed,credit_card,Netherlands,289.86
7749,2589,2025-02-23,completed,paypal,Netherlands,192.13
7750,2589,2025-05-13,completed,credit_card,Netherlands,483.29
7751,2589,2025-05-21,completed,credit_card,Netherlands,42.99
7752,2589,2025-05-23,completed,paypal,Netherlands,231.02
7753,2590,2025-09-10,completed,credit_card,United Kingdom,340.53
7754,2590,2025-09-24,completed,credit_card,United Kingdom,158.16
7755,2590,2025-10-06,cancelled,credit_card,United Kingdom,574.22
7756,2591,2024-09-01,completed,debit_card,United States,624.74
7757,2591,2024-09-13,cancelled,credit_card,United States,242.05
7758,2593,2024-12-29,completed,paypal,Canada,65.54
7759,2593,2025-01-04,cancelled,credit_card,Canada,13.12
7760,2593,2025-01-17,completed,credit_card,Canada,101.49
7761,2595,2024-12-03,cancelled,credit_card,United States,87.69
7762,2595,2025-02-11,completed,credit_card,United States,279.67
7763,2597,2025-01-14,completed,debit_card,France,99.47
7764,2597,2025-01-23,refunded,credit_card,France,966.69
7765,2597,2025-03-04,completed,debit_card,France,342.44
7766,2598,2023-02-14,completed,credit_card,Germany,292.35
7767,2600,2025-07-22,completed,debit_card,France,454.27
7768,2600,2025-08-09,completed,credit_card,France,77.23
7769,2601,2023-03-30,completed,debit_card,India,179.83
7770,2601,2023-09-18,cancelled,credit_card,India,11.15
7771,2602,2023-06-04,completed,credit_card,Canada,219.0
7772,2602,2023-09-23,completed,debit_card,Canada,207.36
7773,2603,2024-07-06,completed,paypal,Canada,335.62
7774,2603,2024-08-18,completed,gift_card,Canada,233.04
7775,2604,2024-07-23,cancelled,credit_card,France,32.93
7776,2604,2024-10-02,cancelled,gift_card,France,381.07
7777,2604,2024-12-01,completed,debit_card,France,154.29
7778,2605,2025-10-31,completed,credit_card,United States,659.78
7779,2605,2025-11-03,cancelled,paypal,United States,1261.26
7780,2605,2025-11-03,cancelled,credit_card,United States,384.69
7781,2605,2025-12-10,completed,credit_card,United States,66.12
7782,2606,2024-04-13,completed,credit_card,Mexico,749.0
7783,2606,2024-05-12,completed,paypal,Mexico,387.08
7784,2607,2025-10-22,pending,gift_card,United Kingdom,469.65
7785,2609,2024-08-06,completed,credit_card,United Kingdom,40.26
7786,2611,2025-08-04,completed,credit_card,Canada,246.57
7787,2611,2025-09-15,completed,paypal,Canada,185.3
7788,2611,2025-09-30,completed,paypal,Canada,422.18
7789,2612,2024-01-15,cancelled,paypal,United States,179.88
7790,2614,2024-08-09,completed,paypal,Germany,547.6
7791,2614,2024-08-12,completed,credit_card,Germany,341.38
7792,2616,2023-07-26,completed,credit_card,Brazil,362.36
7793,2618,2024-06-21,completed,credit_card,Mexico,582.88
7794,2618,2024-07-01,completed,paypal,Mexico,130.62
7795,2618,2024-07-06,completed,paypal,Mexico,120.45
7796,2618,2024-07-28,completed,debit_card,Mexico,186.46
7797,2618,2024-08-18,completed,credit_card,Mexico,413.52
7798,2618,2024-09-29,completed,debit_card,Mexico,247.47
7799,2618,2024-10-01,completed,paypal,Mexico,55.81
7800,2618,2024-11-14,completed,credit_card,Mexico,923.19
7801,2618,2024-11-14,completed,credit_card,Mexico,165.58
7802,2618,2024-11-29,completed,credit_card,Mexico,275.82
7803,2618,2024-12-14,completed,gift_card,Mexico,516.88
7804,2618,2024-12-23,completed,debit_card,Mexico,11.23
7805,2618,2025-01-11,completed,debit_card,Mexico,279.33
7806,2618,2025-01-15,completed,gift_card,Mexico,531.68
7807,2618,2025-02-23,completed,credit_card,Mexico,1021.28
7808,2618,2025-03-29,completed,credit_card,Mexico,1137.08
7809,2618,2025-04-21,cancelled,credit_card,Mexico,90.06
7810,2618,2025-04-24,completed,debit_card,Mexico,98.04
7811,2620,2025-06-29,completed,paypal,Mexico,191.74
7812,2620,2025-08-09,completed,credit_card,Mexico,138.6
7813,2620,2025-08-25,completed,credit_card,Mexico,602.32
7814,2620,2025-10-04,completed,debit_card,Mexico,556.65
7815,2620,2025-11-28,completed,credit_card,Mexico,238.21
7816,2620,2025-12-07,cancelled,paypal,Mexico,337.05
7817,2620,2025-12-07,completed,credit_card,Mexico,596.94
7818,2620,2025-12-20,completed,credit_card,Mexico,1271.81
7819,2620,2025-12-25,completed,,Mexico,36.23
7820,2620,2025-12-25,completed,credit_card,Mexico,214.48
7821,2620,2025-12-29,completed,credit_card,Mexico,516.94
7822,2620,2025-12-29,completed,paypal,Mexico,115.97
7823,2621,2025-06-15,completed,credit_card,United States,1012.8
7824,2621,2025-06-27,completed,debit_card,United States,68.02
7825,2623,2024-07-15,completed,paypal,India,116.6
7826,2623,2024-07-18,completed,credit_card,India,216.04
7827,2623,2024-07-21,completed,paypal,India,14.07
7828,2623,2024-08-22,completed,credit_card,India,92.65
7829,2623,2024-08-24,completed,credit_card,India,238.8
7830,2623,2024-09-03,completed,paypal,India,489.01
7831,2623,2024-09-17,completed,paypal,India,53.97
7832,2623,2024-09-18,completed,credit_card,India,54.32
7833,2623,2025-02-03,cancelled,credit_card,India,353.12
7834,2623,2025-03-01,completed,paypal,India,20.85
7835,2625,2023-07-16,completed,paypal,India,299.2
7836,2627,2024-06-01,completed,credit_card,United Kingdom,387.79
7837,2627,2024-06-14,completed,paypal,United Kingdom,164.11
7838,2627,2024-07-23,completed,paypal,United Kingdom,398.2
7839,2628,2025-05-27,completed,paypal,United States,472.25
7840,2628,2025-06-05,completed,debit_card,United States,169.98
7841,2628,2025-06-12,completed,credit_card,United States,155.91
7842,2628,2025-08-27,cancelled,credit_card,United States,30.74
7843,2628,2025-09-11,refunded,credit_card,United States,378.05
7844,2628,2025-10-05,completed,credit_card,United States,301.74
7845,2628,2025-11-01,completed,credit_card,United States,533.73
7846,2628,2025-11-11,pending,debit_card,United States,46.23
7847,2628,2025-12-25,completed,paypal,United States,74.12
7848,2628,2025-12-28,completed,credit_card,United States,817.32
7849,2628,2025-12-30,completed,paypal,United States,307.93
7850,2628,2025-12-30,completed,paypal,United States,519.51
7851,2629,2025-05-16,completed,gift_card,United States,11.81
7852,2630,2024-07-02,completed,debit_card,United States,64.69
7853,2630,2024-07-23,completed,paypal,United States,83.07
7854,2630,2024-09-02,completed,paypal,United States,538.71
7855,2633,2024-08-03,pending,credit_card,France,155.27
7856,2634,2024-07-08,completed,paypal,Mexico,1042.65
7857,2634,2024-08-15,completed,credit_card,Mexico,216.87
7858,2634,2024-10-06,completed,credit_card,Mexico,978.68
7859,2634,2024-10-31,completed,credit_card,Mexico,74.84
7860,2635,2025-07-12,completed,gift_card,United States,885.27
7861,2636,2025-07-04,completed,gift_card,United States,400.81
7862,2636,2025-07-13,completed,gift_card,United States,41.71
7863,2636,2025-07-16,completed,credit_card,United States,212.11
7864,2636,2025-09-24,completed,paypal,United States,265.79
7865,2636,2025-11-01,completed,gift_card,United States,92.65
7866,2636,2025-11-16,completed,credit_card,United States,670.57
7867,2636,2025-11-16,completed,credit_card,United States,506.33
7868,2636,2025-11-29,completed,credit_card,United States,396.71
7869,2636,2025-11-29,completed,credit_card,United States,555.43
7870,2637,2023-07-06,completed,paypal,Germany,596.27
7871,2638,2024-07-03,completed,paypal,Brazil,10.11
7872,2638,2024-07-26,completed,debit_card,Brazil,525.84
7873,2638,2024-08-12,completed,credit_card,Brazil,723.86
7874,2638,2024-08-21,refunded,debit_card,Brazil,228.06
7875,2638,2024-10-06,completed,paypal,Brazil,53.3
7876,2638,2024-11-07,completed,,Brazil,362.92
7877,2638,2024-11-07,completed,paypal,Brazil,66.12
7878,2638,2025-04-20,completed,credit_card,Brazil,348.73
7879,2638,2025-05-17,completed,credit_card,Brazil,689.82
7880,2638,2025-08-26,completed,,Brazil,58.47
7881,2638,2025-08-31,completed,paypal,Brazil,353.05
7882,2638,2025-12-13,completed,credit_card,Brazil,101.25
7883,2638,2025-12-16,completed,gift_card,Brazil,410.68
7884,2638,2025-12-20,completed,credit_card,Brazil,529.15
7885,2639,2025-05-09,completed,credit_card,Mexico,137.58
7886,2639,2025-06-05,completed,debit_card,Mexico,358.8
7887,2639,2025-06-14,refunded,debit_card,Mexico,495.35
7888,2639,2025-06-17,cancelled,credit_card,Mexico,23.62
7889,2639,2025-08-01,completed,credit_card,Mexico,159.28
7890,2639,2025-08-10,completed,paypal,Mexico,202.8
7891,2642,2024-09-11,cancelled,credit_card,United States,136.1
7892,2642,2024-09-14,completed,credit_card,United States,80.43
7893,2642,2024-09-15,completed,debit_card,United States,43.15
7894,2642,2024-09-20,completed,credit_card,United States,88.79
7895,2644,2025-05-04,completed,paypal,United States,54.72
7896,2644,2025-07-16,completed,credit_card,United States,412.04
7897,2644,2025-07-31,completed,credit_card,United States,218.13
7898,2646,2023-03-09,completed,credit_card,Germany,99.51
7899,2646,2023-03-15,completed,credit_card,Germany,332.51
7900,2646,2023-03-23,completed,credit_card,Germany,78.12
7901,2647,2025-07-30,pending,gift_card,United States,23.32
7902,2647,2025-09-06,completed,credit_card,United States,204.78
7903,2647,2025-10-04,cancelled,paypal,United States,205.61
7904,2647,2025-10-17,completed,credit_card,United States,213.48
7905,2647,2025-10-20,completed,debit_card,United States,522.62
7906,2648,2024-03-15,cancelled,paypal,Netherlands,12.8
7907,2648,2024-04-21,completed,credit_card,Netherlands,101.03
7908,2648,2024-05-30,completed,credit_card,Netherlands,36.23
7909,2648,2024-06-01,completed,credit_card,Netherlands,548.34
7910,2648,2024-06-04,completed,credit_card,Netherlands,114.44
7911,2648,2024-06-06,cancelled,credit_card,Netherlands,74.12
7912,2648,2024-06-08,completed,credit_card,Netherlands,128.58
7913,2648,2024-07-31,completed,gift_card,Netherlands,675.55
7914,2648,2024-08-25,completed,debit_card,Netherlands,148.04
7915,2648,2024-08-31,completed,credit_card,Netherlands,480.0
7916,2648,2024-12-23,completed,credit_card,Netherlands,166.77
7917,2648,2024-12-31,completed,credit_card,Netherlands,1012.3
7918,2648,2025-02-09,cancelled,credit_card,Netherlands,230.42
7919,2648,2025-02-17,completed,,Netherlands,187.28
7920,2648,2025-03-06,completed,credit_card,Netherlands,282.22
7921,2648,2025-05-15,completed,,Netherlands,118.29
7922,2648,2025-05-17,completed,credit_card,Netherlands,57.8
7923,2648,2025-05-24,completed,credit_card,Netherlands,268.84
7924,2648,2025-05-28,completed,credit_card,Netherlands,232.17
7925,2648,2025-07-30,completed,credit_card,Netherlands,659.06
7926,2648,2025-08-06,completed,paypal,Netherlands,475.55
7927,2648,2025-08-14,completed,credit_card,Netherlands,693.5
7928,2648,2025-08-29,completed,credit_card,Netherlands,130.13
7929,2648,2025-09-11,completed,credit_card,Netherlands,226.52
7930,2649,2024-07-06,completed,credit_card,Canada,48.94
7931,2649,2024-10-13,completed,gift_card,Canada,495.93
7932,2651,2024-07-19,completed,debit_card,United States,131.08
7933,2652,2024-01-22,cancelled,gift_card,United States,49.0
7934,2652,2024-02-12,completed,credit_card,United States,300.39
7935,2652,2024-05-11,completed,paypal,United States,66.12
7936,2652,2024-06-25,completed,paypal,United States,264.73
7937,2652,2024-07-04,completed,credit_card,United States,213.48
7938,2652,2024-09-05,completed,credit_card,United States,113.76
7939,2652,2024-09-11,completed,paypal,United States,53.6
7940,2654,2023-05-14,completed,credit_card,United Kingdom,352.06
7941,2654,2023-06-16,completed,paypal,United Kingdom,151.16
7942,2654,2023-06-17,completed,credit_card,United Kingdom,357.99
7943,2655,2024-07-07,completed,debit_card,United States,217.77
7944,2655,2024-07-29,completed,credit_card,United States,614.46
7945,2655,2024-09-07,completed,credit_card,United States,92.65
7946,2656,2024-06-20,completed,gift_card,United States,460.34
7947,2656,2024-07-07,cancelled,,United States,344.73
7948,2656,2024-09-12,pending,credit_card,United States,104.8
7949,2656,2024-10-16,completed,credit_card,United States,104.53
7950,2659,2025-03-07,completed,paypal,United States,184.34
7951,2659,2025-05-21,completed,paypal,United States,23.97
7952,2659,2025-06-04,completed,paypal,United States,804.04
7953,2660,2025-10-29,refunded,paypal,Canada,363.21
7954,2660,2025-11-11,completed,credit_card,Canada,132.43
7955,2661,2024-12-07,completed,credit_card,United States,310.37
7956,2661,2025-01-04,completed,paypal,United States,695.91
7957,2661,2025-01-20,completed,credit_card,United States,1871.86
7958,2663,2025-11-24,completed,,Mexico,277.95
7959,2664,2024-06-15,completed,credit_card,United States,574.93
7960,2664,2024-06-27,cancelled,credit_card,United States,52.47
7961,2665,2024-11-03,completed,gift_card,France,82.98
7962,2665,2024-12-05,completed,credit_card,France,267.57
7963,2665,2024-12-05,completed,credit_card,France,25.6
7964,2665,2025-01-12,completed,debit_card,France,178.52
7965,2665,2025-03-02,completed,debit_card,France,465.91
7966,2665,2025-04-23,completed,credit_card,France,184.7
7967,2665,2025-08-27,completed,gift_card,France,725.36
7968,2665,2025-09-19,completed,debit_card,France,421.45
7969,2665,2025-12-16,completed,credit_card,France,673.45
7970,2666,2023-04-30,completed,credit_card,Canada,247.97
7971,2666,2023-05-17,completed,credit_card,Canada,49.75
7972,2666,2023-06-25,pending,paypal,Canada,125.2
7973,2666,2023-06-28,completed,,Canada,71.91
7974,2666,2023-07-26,completed,paypal,Canada,409.84
7975,2666,2023-10-28,completed,paypal,Canada,209.25
7976,2667,2024-02-09,completed,credit_card,Netherlands,1083.71
7977,2667,2024-02-24,completed,credit_card,Netherlands,170.78
7978,2667,2024-03-13,completed,credit_card,Netherlands,59.51
7979,2668,2025-09-04,pending,credit_card,United Kingdom,438.11
7980,2668,2025-09-12,refunded,gift_card,United Kingdom,126.22
7981,2668,2025-11-25,completed,gift_card,United Kingdom,311.81
7982,2668,2025-12-07,completed,credit_card,United Kingdom,374.5
7983,2668,2025-12-11,completed,credit_card,United Kingdom,97.45
7984,2669,2023-03-25,completed,credit_card,Canada,23.97
7985,2671,2023-03-13,completed,credit_card,Mexico,359.76
7986,2673,2025-07-31,completed,credit_card,Canada,419.63
7987,2674,2024-07-04,completed,paypal,United States,301.83
7988,2674,2024-07-23,completed,credit_card,United States,43.96
7989,2676,2024-12-25,completed,credit_card,Australia,453.04
7990,2676,2025-02-13,completed,credit_card,Australia,151.27
7991,2676,2025-02-23,completed,credit_card,Australia,447.77
7992,2676,2025-05-08,completed,credit_card,Australia,161.89
7993,2676,2025-06-01,completed,paypal,Australia,183.74
7994,2677,2025-08-13,pending,credit_card,Australia,59.56
7995,2677,2025-08-16,completed,credit_card,Australia,536.93
7996,2677,2025-11-01,completed,debit_card,Australia,52.9
7997,2677,2025-11-01,completed,credit_card,Australia,66.53
7998,2677,2025-11-11,cancelled,debit_card,Australia,204.27
7999,2678,2024-02-17,completed,paypal,Mexico,430.59
8000,2681,2024-03-17,completed,credit_card,United States,47.65
8001,2681,2024-04-03,completed,paypal,United States,94.59
8002,2681,2024-04-04,completed,debit_card,United States,345.18
8003,2681,2024-04-28,completed,paypal,United States,443.1
8004,2682,2025-07-07,completed,credit_card,India,113.76
8005,2682,2025-07-08,completed,paypal,India,262.48
8006,2682,2025-08-18,completed,credit_card,India,569.87
8007,2682,2025-08-19,completed,credit_card,India,39.8
8008,2682,2025-08-26,completed,credit_card,India,540.78
8009,2682,2025-11-28,completed,debit_card,India,856.7
8010,2682,2025-12-01,completed,gift_card,India,143.96
8011,2682,2025-12-08,completed,paypal,India,642.41
8012,2682,2025-12-13,cancelled,credit_card,India,669.12
8013,2684,2024-01-06,pending,credit_card,United States,284.01
8014,2684,2024-01-19,completed,credit_card,United States,267.17
8015,2684,2024-03-03,completed,credit_card,United States,66.46
8016,2685,2023-06-04,completed,debit_card,Canada,615.79
8017,2685,2023-08-24,completed,paypal,Canada,422.79
8018,2686,2023-08-15,completed,credit_card,Germany,196.03
8019,2687,2023-03-30,completed,credit_card,United States,1079.79
8020,2687,2023-04-01,completed,credit_card,United States,11.26
8021,2688,2024-09-08,completed,credit_card,Australia,502.71
8022,2688,2024-10-11,completed,credit_card,Australia,648.51
8023,2689,2023-05-16,completed,credit_card,Brazil,282.79
8024,2689,2023-06-05,completed,debit_card,Brazil,1044.45
8025,2689,2023-06-06,completed,credit_card,Brazil,23.97
8026,2689,2023-06-07,completed,credit_card,Brazil,862.37
8027,2689,2023-06-16,cancelled,debit_card,Brazil,43.15
8028,2689,2023-09-13,completed,credit_card,Brazil,20.37
8029,2689,2023-10-16,completed,credit_card,Brazil,444.09
8030,2689,2023-10-18,completed,paypal,Brazil,376.53
8031,2689,2023-12-29,completed,credit_card,Brazil,865.11
8032,2689,2024-01-13,completed,,Brazil,345.09
8033,2689,2024-05-05,completed,paypal,Brazil,258.54
8034,2689,2024-07-13,completed,credit_card,Brazil,53.6
8035,2689,2024-07-19,completed,gift_card,Brazil,448.79
8036,2689,2024-07-30,completed,debit_card,Brazil,312.17
8037,2692,2024-06-22,completed,credit_card,India,187.3
8038,2692,2024-07-05,cancelled,credit_card,India,1369.18
8039,2692,2024-07-15,completed,paypal,India,401.17
8040,2692,2024-07-27,completed,credit_card,India,36.16
8041,2692,2024-11-06,completed,paypal,India,64.38
8042,2693,2023-08-11,completed,debit_card,France,1306.24
8043,2694,2023-02-09,pending,gift_card,Australia,121.07
8044,2695,2023-09-16,completed,credit_card,United States,112.71
8045,2695,2023-09-17,completed,paypal,United States,196.03
8046,2696,2025-03-12,completed,paypal,Germany,56.55
8047,2696,2025-04-15,completed,credit_card,Germany,368.96
8048,2696,2025-05-10,cancelled,credit_card,Germany,43.96
8049,2697,2025-12-08,completed,credit_card,Mexico,297.75
8050,2699,2023-10-13,completed,credit_card,United States,46.23
8051,2700,2025-03-03,completed,debit_card,Netherlands,512.29
8052,2700,2025-07-19,completed,credit_card,Netherlands,646.61
8053,2700,2025-07-27,completed,credit_card,Netherlands,581.34
8054,2700,2025-07-31,completed,,Netherlands,102.38
8055,2700,2025-08-23,completed,paypal,Netherlands,339.88
8056,2701,2024-04-29,completed,credit_card,Brazil,66.53
8057,2701,2024-10-15,completed,paypal,Brazil,481.84
8058,2701,2024-10-22,completed,credit_card,Brazil,83.76
8059,2701,2024-10-26,completed,paypal,Brazil,83.39
8060,2701,2024-12-07,completed,debit_card,Brazil,105.74
8061,2701,2024-12-07,completed,paypal,Brazil,748.07
8062,2701,2025-03-15,completed,credit_card,Brazil,626.2
8063,2701,2025-05-04,completed,credit_card,Brazil,530.75
8064,2701,2025-06-08,completed,paypal,Brazil,12.8
8065,2701,2025-08-03,completed,paypal,Brazil,159.41
8066,2701,2025-08-16,completed,paypal,Brazil,201.03
8067,2701,2025-09-26,completed,credit_card,Brazil,53.97
8068,2701,2025-10-03,completed,paypal,Brazil,42.95
8069,2701,2025-10-04,completed,credit_card,Brazil,469.56
8070,2701,2025-10-09,completed,credit_card,Brazil,196.72
8071,2701,2025-12-27,cancelled,gift_card,Brazil,173.96
8072,2701,2025-12-27,pending,paypal,Brazil,256.27
8073,2702,2023-11-15,completed,debit_card,United States,229.68
8074,2702,2023-11-27,completed,credit_card,United States,372.06
8075,2702,2024-01-13,completed,credit_card,United States,211.3
8076,2703,2023-12-13,completed,debit_card,United Kingdom,793.22
8077,2703,2023-12-15,cancelled,credit_card,United Kingdom,583.53
8078,2703,2024-02-25,completed,credit_card,United Kingdom,390.19
8079,2703,2024-03-25,completed,paypal,United Kingdom,352.76
8080,2705,2023-09-15,refunded,paypal,United States,397.01
8081,2706,2025-03-13,completed,gift_card,United States,499.96
8082,2706,2025-03-26,completed,credit_card,United States,79.98
8083,2706,2025-04-24,completed,gift_card,United States,986.19
8084,2707,2025-03-30,completed,gift_card,India,229.68
8085,2707,2025-07-02,completed,credit_card,India,1108.26
8086,2707,2025-09-11,completed,credit_card,India,165.0
8087,2707,2025-10-09,completed,credit_card,India,54.72
8088,2707,2025-10-23,completed,paypal,India,44.2
8089,2707,2025-11-27,completed,gift_card,India,98.65
8090,2707,2025-12-21,completed,credit_card,India,370.21
8091,2707,2025-12-21,completed,gift_card,India,66.53
8092,2707,2025-12-25,refunded,credit_card,India,227.34
8093,2709,2024-07-13,completed,credit_card,United States,676.13
8094,2709,2024-07-24,completed,credit_card,United States,282.27
8095,2709,2024-08-06,completed,credit_card,United States,382.08
8096,2709,2024-08-16,completed,paypal,United States,78.75
8097,2709,2024-08-24,completed,credit_card,United States,269.2
8098,2710,2024-07-26,completed,credit_card,Australia,347.35
8099,2710,2025-01-08,completed,paypal,Australia,584.4
8100,2713,2024-11-18,completed,paypal,United States,436.83
8101,2713,2024-11-18,completed,credit_card,United States,110.51
8102,2713,2024-12-15,refunded,credit_card,United States,232.28
8103,2713,2024-12-26,completed,paypal,United States,104.52
8104,2713,2025-01-07,completed,paypal,United States,11.52
8105,2713,2025-04-01,completed,credit_card,United States,105.74
8106,2714,2023-03-01,completed,credit_card,Netherlands,488.83
8107,2714,2023-03-31,completed,credit_card,Netherlands,329.53
8108,2714,2023-07-16,completed,paypal,Netherlands,268.81
8109,2714,2023-08-07,completed,credit_card,Netherlands,724.22
8110,2714,2023-08-10,completed,credit_card,Netherlands,40.72
8111,2718,2024-09-15,completed,paypal,United States,62.54
8112,2718,2024-10-04,completed,credit_card,United States,39.57
8113,2719,2024-02-05,completed,credit_card,Canada,87.01
8114,2722,2025-12-20,completed,credit_card,United Kingdom,608.76
8115,2723,2023-05-31,completed,gift_card,Canada,25.6
8116,2723,2023-06-07,completed,credit_card,Canada,616.92
8117,2723,2023-07-14,completed,gift_card,Canada,304.22
8118,2723,2023-07-18,completed,paypal,Canada,141.73
8119,2723,2023-08-12,completed,gift_card,Canada,280.59
8120,2723,2023-09-02,cancelled,paypal,Canada,1019.6
8121,2723,2023-09-07,cancelled,,Canada,370.72
8122,2727,2023-02-05,completed,credit_card,United States,464.32
8123,2729,2023-08-08,refunded,paypal,United Kingdom,957.39
8124,2729,2023-08-18,refunded,credit_card,United Kingdom,67.31
8125,2729,2023-12-17,completed,debit_card,United Kingdom,453.19
8126,2729,2024-01-03,cancelled,debit_card,United Kingdom,645.97
8127,2729,2024-02-02,completed,credit_card,United Kingdom,580.24
8128,2729,2024-02-24,pending,debit_card,United Kingdom,521.0
8129,2729,2024-03-18,completed,credit_card,United Kingdom,24.71
8130,2729,2024-07-19,completed,credit_card,United Kingdom,247.2
8131,2729,2024-09-10,completed,paypal,United Kingdom,281.65
8132,2729,2024-11-14,completed,paypal,United Kingdom,294.14
8133,2729,2025-01-01,completed,credit_card,United Kingdom,365.95
8134,2729,2025-04-15,completed,credit_card,United Kingdom,562.43
8135,2729,2025-06-21,completed,paypal,United Kingdom,139.65
8136,2729,2025-11-08,completed,debit_card,United Kingdom,1846.73
8137,2729,2025-11-10,completed,credit_card,United Kingdom,101.49
8138,2729,2025-11-22,completed,debit_card,United Kingdom,288.27
8139,2731,2025-04-17,completed,gift_card,United States,244.11
8140,2731,2025-04-22,refunded,credit_card,United States,75.74
8141,2731,2025-07-28,completed,paypal,United States,92.65
8142,2731,2025-10-08,completed,credit_card,United States,154.64
8143,2731,2025-11-03,completed,credit_card,United States,913.16
8144,2731,2025-11-03,completed,credit_card,United States,105.74
8145,2731,2025-12-02,completed,credit_card,United States,434.41
8146,2731,2025-12-30,completed,paypal,United States,655.71
8147,2734,2025-03-22,completed,credit_card,United States,59.56
8148,2734,2025-04-19,completed,credit_card,United States,472.71
8149,2734,2025-05-09,completed,gift_card,United States,386.16
8150,2735,2023-10-22,pending,credit_card,United States,295.4
8151,2735,2023-12-21,completed,debit_card,United States,747.47
8152,2736,2023-05-28,completed,paypal,Australia,680.85
8153,2736,2023-06-11,refunded,credit_card,Australia,232.67
8154,2736,2023-06-27,completed,credit_card,Australia,176.03
8155,2736,2023-07-17,completed,paypal,Australia,101.95
8156,2736,2023-07-28,completed,credit_card,Australia,45.87
8157,2736,2023-09-29,completed,credit_card,Australia,35.61
8158,2736,2023-12-05,completed,credit_card,Australia,198.42
8159,2736,2023-12-09,completed,credit_card,Australia,168.6
8160,2736,2023-12-13,completed,paypal,Australia,418.67
8161,2737,2025-08-28,completed,credit_card,United Kingdom,225.84
8162,2737,2025-10-17,completed,credit_card,United Kingdom,1036.39
8163,2737,2025-10-18,completed,credit_card,United Kingdom,40.26
8164,2738,2024-01-08,completed,paypal,Mexico,584.61
8165,2738,2024-03-30,refunded,credit_card,Mexico,15.32
8166,2739,2025-10-02,refunded,credit_card,United States,62.01
8167,2739,2025-10-18,completed,debit_card,United States,62.01
8168,2739,2025-10-27,completed,credit_card,United States,79.98
8169,2741,2023-01-21,completed,paypal,India,60.59
8170,2741,2023-01-25,completed,credit_card,India,31.27
8171,2741,2023-02-04,completed,credit_card,India,92.65
8172,2741,2023-02-14,completed,credit_card,India,348.07
8173,2741,2023-03-15,pending,credit_card,India,216.87
8174,2742,2023-07-09,completed,credit_card,Germany,92.73
8175,2743,2023-09-28,completed,paypal,United States,888.63
8176,2743,2023-10-02,completed,credit_card,United States,25.6
8177,2743,2023-10-21,completed,paypal,United States,488.75
8178,2743,2023-11-05,refunded,credit_card,United States,86.91
8179,2743,2023-11-05,completed,credit_card,United States,23.97
8180,2743,2023-12-20,completed,credit_card,United States,136.13
8181,2743,2024-01-10,completed,gift_card,United States,16.86
8182,2743,2024-03-29,completed,paypal,United States,30.51
8183,2743,2024-04-15,completed,,United States,418.16
8184,2743,2024-04-22,completed,credit_card,United States,432.69
8185,2743,2024-04-26,completed,gift_card,United States,43.18
8186,2744,2023-04-11,completed,gift_card,United States,74.37
8187,2744,2023-05-02,completed,paypal,United States,41.38
8188,2744,2023-05-29,completed,paypal,United States,118.34
8189,2745,2024-02-28,completed,debit_card,France,51.37
8190,2745,2024-03-02,pending,,France,510.28
8191,2745,2024-03-29,completed,paypal,France,154.49
8192,2745,2024-05-19,completed,credit_card,France,85.42
8193,2745,2024-07-02,completed,credit_card,France,88.04
8194,2746,2023-03-18,completed,gift_card,Canada,22.24
8195,2746,2023-03-21,completed,paypal,Canada,196.03
8196,2747,2024-11-10,completed,credit_card,Brazil,158.21
8197,2747,2025-01-16,completed,paypal,Brazil,23.97
8198,2747,2025-01-29,completed,paypal,Brazil,179.88
8199,2747,2025-02-12,cancelled,credit_card,Brazil,93.66
8200,2747,2025-03-09,completed,credit_card,Brazil,117.71
8201,2747,2025-06-24,completed,paypal,Brazil,620.32
8202,2749,2025-01-30,completed,gift_card,United States,81.91
8203,2749,2025-02-02,cancelled,gift_card,United States,273.52
8204,2750,2023-07-28,completed,credit_card,Australia,538.8
8205,2751,2024-03-25,cancelled,credit_card,India,17.86
8206,2751,2024-05-05,completed,credit_card,India,107.21
8207,2752,2023-07-27,cancelled,credit_card,Brazil,552.41
8208,2752,2023-09-12,completed,credit_card,Brazil,365.95
8209,2752,2023-11-03,completed,credit_card,Brazil,482.94
8210,2752,2024-01-18,completed,credit_card,Brazil,74.6
8211,2752,2024-02-11,completed,credit_card,Brazil,38.04
8212,2752,2024-02-27,completed,credit_card,Brazil,259.8
8213,2752,2024-03-31,completed,credit_card,Brazil,468.09
8214,2752,2024-06-18,completed,credit_card,Brazil,154.46
8215,2752,2024-07-19,completed,credit_card,Brazil,321.47
8216,2752,2024-12-18,completed,paypal,Brazil,481.84
8217,2752,2025-02-20,completed,credit_card,Brazil,328.84
8218,2752,2025-03-30,completed,credit_card,Brazil,840.62
8219,2752,2025-04-06,completed,credit_card,Brazil,288.99
8220,2752,2025-04-21,completed,credit_card,Brazil,185.3
8221,2752,2025-05-03,completed,credit_card,Brazil,262.08
8222,2752,2025-06-26,completed,credit_card,Brazil,135.76
8223,2752,2025-07-02,completed,credit_card,Brazil,10.88
8224,2752,2025-07-10,completed,paypal,Brazil,166.77
8225,2752,2025-08-05,completed,credit_card,Brazil,13.02
8226,2752,2025-09-10,completed,debit_card,Brazil,269.06
8227,2752,2025-11-19,completed,credit_card,Brazil,304.22
8228,2752,2025-12-02,completed,credit_card,Brazil,301.41
8229,2754,2025-03-16,cancelled,paypal,Brazil,380.15
8230,2754,2025-06-19,completed,paypal,Brazil,544.37
8231,2754,2025-06-30,completed,paypal,Brazil,336.8
8232,2755,2025-06-10,completed,credit_card,United States,86.91
8233,2755,2025-06-29,refunded,credit_card,United States,122.98
8234,2755,2025-08-08,refunded,credit_card,United States,84.99
8235,2756,2025-06-18,completed,credit_card,United Kingdom,241.66
8236,2757,2025-12-06,completed,credit_card,Mexico,66.12
8237,2757,2025-12-08,completed,credit_card,Mexico,727.94
8238,2760,2024-12-10,completed,credit_card,United States,11.52
8239,2760,2024-12-12,completed,paypal,United States,152.46
8240,2762,2024-10-28,cancelled,credit_card,United States,295.71
8241,2765,2024-01-20,completed,credit_card,Germany,265.87
8242,2765,2024-02-19,pending,paypal,Germany,738.0
8243,2765,2024-04-16,pending,credit_card,Germany,701.56
8244,2766,2024-11-01,cancelled,paypal,United States,40.81
8245,2766,2024-11-27,completed,paypal,United States,548.94
8246,2766,2025-02-12,completed,credit_card,United States,70.42
8247,2768,2023-05-09,completed,credit_card,France,407.47
8248,2768,2023-07-02,completed,paypal,France,777.68
8249,2769,2024-12-15,completed,,United States,1116.41
8250,2770,2024-06-23,pending,credit_card,Mexico,497.3
8251,2771,2025-11-04,cancelled,gift_card,United Kingdom,134.64
8252,2771,2025-12-28,refunded,credit_card,United Kingdom,401.16
8253,2772,2023-04-16,completed,credit_card,Netherlands,163.18
8254,2772,2023-05-27,completed,credit_card,Netherlands,98.07
8255,2772,2023-06-01,completed,credit_card,Netherlands,941.69
8256,2772,2023-06-11,completed,paypal,Netherlands,225.72
8257,2772,2023-07-26,completed,credit_card,Netherlands,59.56
8258,2774,2024-03-30,completed,paypal,Mexico,333.56
8259,2774,2024-04-06,completed,debit_card,Mexico,209.99
8260,2774,2024-04-25,refunded,paypal,Mexico,596.35
8261,2774,2024-07-16,completed,paypal,Mexico,156.36
8262,2774,2024-09-09,completed,credit_card,Mexico,190.36
8263,2774,2024-09-11,completed,paypal,Mexico,482.2
8264,2774,2024-10-18,completed,credit_card,Mexico,647.88
8265,2774,2025-01-20,completed,credit_card,Mexico,196.68
8266,2775,2024-01-22,cancelled,credit_card,United States,735.62
8267,2776,2024-09-03,cancelled,paypal,United Kingdom,248.82
8268,2776,2024-09-18,cancelled,credit_card,United Kingdom,21.73
8269,2776,2024-11-14,completed,paypal,United Kingdom,23.92
8270,2777,2024-11-24,pending,paypal,Brazil,178.74
8271,2777,2024-12-06,completed,debit_card,Brazil,139.29
8272,2778,2025-02-19,completed,debit_card,United States,92.65
8273,2778,2025-02-22,cancelled,credit_card,United States,69.32
8274,2778,2025-03-03,refunded,paypal,United States,47.94
8275,2778,2025-06-10,completed,gift_card,United States,337.73
8276,2778,2025-07-14,completed,paypal,United States,116.44
8277,2778,2025-08-08,completed,credit_card,United States,525.09
8278,2778,2025-09-20,completed,,United States,219.76
8279,2778,2025-09-25,completed,gift_card,United States,371.28
8280,2779,2023-03-18,refunded,paypal,United States,169.98
8281,2779,2023-03-30,cancelled,debit_card,United States,13.12
8282,2779,2023-04-12,completed,paypal,United States,819.32
8283,2779,2023-04-17,completed,credit_card,United States,223.21
8284,2779,2023-05-27,completed,credit_card,United States,441.0
8285,2780,2025-07-20,completed,paypal,Germany,186.3
8286,2780,2025-11-10,completed,debit_card,Germany,268.91
8287,2781,2025-09-15,completed,credit_card,Canada,940.66
8288,2781,2025-11-17,cancelled,debit_card,Canada,635.27
8289,2783,2024-09-11,completed,credit_card,Germany,91.87
8290,2783,2024-10-01,completed,credit_card,Germany,169.15
8291,2783,2024-10-30,cancelled,credit_card,Germany,40.26
8292,2784,2025-10-12,completed,credit_card,United States,69.82
8293,2784,2025-11-02,completed,credit_card,United States,781.88
8294,2784,2025-12-02,completed,debit_card,United States,102.97
8295,2784,2025-12-02,completed,credit_card,United States,233.97
8296,2784,2025-12-26,completed,paypal,United States,760.77
8297,2784,2025-12-31,completed,,United States,414.04
8298,2785,2023-11-29,completed,credit_card,United States,157.35
8299,2785,2024-04-13,pending,paypal,United States,190.35
8300,2785,2024-04-22,completed,paypal,United States,256.76
8301,2785,2024-04-24,completed,credit_card,United States,40.26
8302,2785,2024-04-26,completed,credit_card,United States,68.79
8303,2785,2024-06-12,cancelled,paypal,United States,254.38
8304,2785,2024-07-21,completed,credit_card,United States,192.13
8305,2785,2024-07-25,completed,paypal,United States,87.92
8306,2785,2024-08-16,completed,gift_card,United States,281.36
8307,2785,2024-08-25,pending,credit_card,United States,833.54
8308,2785,2024-08-28,completed,paypal,United States,64.69
8309,2785,2024-09-27,refunded,paypal,United States,106.77
8310,2785,2024-12-27,completed,debit_card,United States,567.94
8311,2785,2024-12-27,completed,credit_card,United States,282.79
8312,2785,2024-12-29,completed,credit_card,United States,479.29
8313,2785,2025-02-05,completed,credit_card,United States,630.33
8314,2785,2025-02-23,completed,gift_card,United States,113.76
8315,2785,2025-03-17,completed,paypal,United States,132.24
8316,2785,2025-04-23,completed,paypal,United States,362.5
8317,2785,2025-05-01,completed,credit_card,United States,49.0
8318,2785,2025-06-18,pending,paypal,United States,431.7
8319,2785,2025-06-19,completed,credit_card,United States,176.24
8320,2785,2025-06-21,completed,paypal,United States,41.95
8321,2787,2024-06-17,completed,paypal,United States,664.52
8322,2787,2024-08-31,completed,credit_card,United States,187.33
8323,2787,2024-09-07,completed,credit_card,United States,92.65
8324,2790,2023-05-30,cancelled,credit_card,Germany,706.66
8325,2790,2023-06-09,completed,gift_card,Germany,107.94
8326,2790,2023-06-25,completed,credit_card,Germany,254.53
8327,2790,2023-06-30,completed,paypal,Germany,110.82
8328,2790,2023-07-07,completed,gift_card,Germany,56.55
8329,2790,2023-07-24,completed,credit_card,Germany,249.17
8330,2790,2023-08-15,completed,credit_card,Germany,114.72
8331,2790,2023-09-06,completed,credit_card,Germany,155.98
8332,2790,2023-10-03,pending,credit_card,Germany,254.91
8333,2790,2023-10-04,completed,debit_card,Germany,236.16
8334,2790,2023-10-30,completed,credit_card,Germany,436.87
8335,2790,2023-11-20,completed,credit_card,Germany,357.67
8336,2790,2024-01-22,refunded,credit_card,Germany,120.98
8337,2790,2024-02-11,completed,debit_card,Germany,1092.9
8338,2790,2024-04-14,completed,paypal,Germany,569.39
8339,2790,2024-04-22,completed,credit_card,Germany,376.37
8340,2790,2024-07-01,completed,credit_card,Germany,11.52
8341,2790,2024-07-19,completed,paypal,Germany,92.65
8342,2792,2025-10-20,completed,credit_card,United States,985.59
8343,2792,2025-12-25,completed,debit_card,United States,266.06
8344,2792,2025-12-25,completed,debit_card,United States,328.51
8345,2792,2025-12-26,completed,credit_card,United States,64.38
8346,2795,2024-01-05,completed,credit_card,France,99.5
8347,2795,2024-04-16,completed,credit_card,France,82.54
8348,2798,2023-08-28,completed,paypal,United States,440.05
8349,2798,2024-01-07,completed,credit_card,United States,66.33
8350,2798,2024-04-03,completed,credit_card,United States,134.65
8351,2798,2024-04-15,completed,paypal,United States,304.53
8352,2798,2024-04-17,completed,credit_card,United States,249.21
8353,2798,2024-05-15,cancelled,paypal,United States,113.76
8354,2798,2024-05-17,refunded,credit_card,United States,185.3
8355,2798,2024-06-07,completed,credit_card,United States,298.86
8356,2799,2024-01-30,completed,credit_card,Australia,689.04
8357,2799,2024-02-02,completed,credit_card,Australia,60.49
8358,2799,2024-03-26,completed,debit_card,Australia,268.46
8359,2799,2024-05-27,completed,credit_card,Australia,563.44
8360,2799,2024-06-02,completed,credit_card,Australia,43.45
8361,2799,2024-06-16,pending,paypal,Australia,819.07
8362,2802,2025-11-03,cancelled,gift_card,United States,167.72
8363,2802,2025-12-31,completed,credit_card,United States,213.48
8364,2803,2024-10-08,completed,paypal,Canada,54.72
8365,2806,2023-11-19,completed,credit_card,United States,958.99
8366,2806,2023-11-20,completed,paypal,United States,59.51
8367,2806,2023-12-03,completed,credit_card,United States,12.8
8368,2806,2023-12-27,completed,gift_card,United States,79.98
8369,2806,2023-12-27,completed,credit_card,United States,500.78
8370,2806,2023-12-31,cancelled,paypal,United States,52.55
8371,2806,2024-01-03,completed,credit_card,United States,118.25
8372,2806,2024-01-08,completed,debit_card,United States,562.38
8373,2806,2024-02-05,completed,paypal,United States,395.57
8374,2806,2024-02-06,completed,credit_card,United States,459.96
8375,2806,2024-06-15,completed,debit_card,United States,41.32
8376,2806,2024-09-01,refunded,credit_card,United States,348.99
8377,2806,2024-09-14,completed,credit_card,United States,86.91
8378,2806,2024-11-29,completed,credit_card,United States,204.77
8379,2806,2024-11-29,pending,debit_card,United States,1163.36
8380,2806,2024-12-21,completed,gift_card,United States,91.34
8381,2806,2024-12-21,completed,credit_card,United States,104.53
8382,2806,2025-02-10,completed,,United States,1210.76
8383,2806,2025-03-04,completed,credit_card,United States,147.75
8384,2806,2025-08-20,completed,paypal,United States,209.27
8385,2806,2025-09-01,completed,debit_card,United States,136.96
8386,2807,2023-06-02,completed,,United States,285.53
8387,2807,2023-06-23,completed,credit_card,United States,402.85
8388,2807,2023-07-07,refunded,paypal,United States,161.25
8389,2807,2023-08-11,completed,debit_card,United States,33.9
8390,2807,2023-10-25,completed,credit_card,United States,641.04
8391,2807,2023-10-29,completed,paypal,United States,74.75
8392,2807,2023-12-18,refunded,credit_card,United States,16.86
8393,2811,2023-06-05,completed,paypal,India,640.06
8394,2811,2023-06-11,completed,credit_card,India,385.08
8395,2811,2023-07-17,refunded,credit_card,India,461.7
8396,2811,2023-08-07,completed,paypal,India,78.75
8397,2811,2023-10-08,completed,gift_card,India,16.86
8398,2811,2023-12-04,cancelled,credit_card,India,906.97
8399,2811,2023-12-18,completed,credit_card,India,13.96
8400,2811,2024-02-05,completed,paypal,India,421.06
8401,2811,2024-02-18,completed,gift_card,India,81.47
8402,2811,2024-02-23,pending,gift_card,India,111.81
8403,2811,2024-02-28,completed,debit_card,India,38.4
8404,2811,2024-04-30,completed,credit_card,India,217.77
8405,2811,2024-06-25,refunded,credit_card,India,40.72
8406,2811,2024-08-11,completed,credit_card,India,11.26
8407,2811,2024-08-23,completed,,India,226.23
8408,2811,2025-02-02,completed,paypal,India,87.7
8409,2811,2025-02-10,pending,credit_card,India,140.58
8410,2811,2025-06-09,completed,credit_card,India,268.84
8411,2811,2025-06-20,completed,credit_card,India,1406.5
8412,2812,2023-10-12,completed,credit_card,Australia,202.16
8413,2812,2023-11-08,completed,debit_card,Australia,280.46
8414,2812,2023-11-08,completed,credit_card,Australia,327.22
8415,2812,2023-12-29,completed,credit_card,Australia,698.41
8416,2812,2023-12-29,completed,paypal,Australia,366.99
8417,2812,2024-01-15,completed,credit_card,Australia,203.87
8418,2812,2024-01-31,completed,paypal,Australia,1026.95
8419,2812,2024-03-15,completed,gift_card,Australia,382.12
8420,2812,2024-04-02,completed,paypal,Australia,111.62
8421,2812,2024-07-22,completed,credit_card,Australia,58.47
8422,2813,2023-04-15,completed,credit_card,United States,79.98
8423,2813,2023-04-24,completed,,United States,512.63
8424,2813,2023-06-02,completed,credit_card,United States,119.06
8425,2813,2023-06-28,completed,debit_card,United States,37.37
8426,2813,2023-08-11,completed,credit_card,United States,1512.79
8427,2813,2023-08-23,cancelled,credit_card,United States,405.03
8428,2813,2023-10-20,completed,credit_card,United States,220.29
8429,2813,2023-11-15,completed,gift_card,United States,1427.32
8430,2813,2023-12-16,completed,paypal,United States,36.16
8431,2813,2024-01-16,refunded,debit_card,United States,305.79
8432,2814,2023-10-08,completed,credit_card,United States,74.46
8433,2814,2023-10-31,cancelled,credit_card,United States,101.09
8434,2814,2023-12-12,completed,paypal,United States,21.73
8435,2815,2024-07-14,completed,credit_card,Germany,13.12
8436,2815,2024-07-27,completed,credit_card,Germany,176.0
8437,2815,2024-08-24,completed,credit_card,Germany,358.36
8438,2817,2024-12-08,completed,credit_card,United States,101.49
8439,2817,2024-12-14,completed,gift_card,United States,157.51
8440,2817,2024-12-30,completed,debit_card,United States,305.18
8441,2818,2025-03-31,completed,credit_card,United Kingdom,604.29
8442,2818,2025-05-28,completed,credit_card,United Kingdom,591.38
8443,2818,2025-07-03,completed,paypal,United Kingdom,1178.4
8444,2818,2025-07-16,cancelled,credit_card,United Kingdom,98.7
8445,2818,2025-08-08,completed,paypal,United Kingdom,160.06
8446,2818,2025-10-02,completed,credit_card,United Kingdom,52.9
8447,2821,2024-12-22,completed,credit_card,Canada,151.41
8448,2821,2024-12-27,completed,paypal,Canada,80.89
8449,2821,2025-04-02,cancelled,credit_card,Canada,171.19
8450,2821,2025-05-20,completed,,Canada,1173.97
8451,2821,2025-06-22,completed,paypal,Canada,451.06
8452,2821,2025-06-23,completed,paypal,Canada,71.91
8453,2821,2025-07-14,completed,credit_card,Canada,44.1
8454,2821,2025-07-24,completed,credit_card,Canada,425.61
8455,2821,2025-09-07,completed,credit_card,Canada,84.99
8456,2821,2025-11-04,completed,debit_card,Canada,119.12
8457,2821,2025-12-14,cancelled,credit_card,Canada,162.53
8458,2822,2024-10-30,completed,gift_card,United States,33.99
8459,2822,2024-12-15,completed,paypal,United States,854.94
8460,2822,2025-02-07,completed,credit_card,United States,757.14
8461,2822,2025-03-13,completed,credit_card,United States,812.24
8462,2825,2025-03-23,pending,paypal,United Kingdom,22.1
8463,2825,2025-04-23,completed,paypal,United Kingdom,260.3
8464,2825,2025-08-04,completed,credit_card,United Kingdom,112.08
8465,2825,2025-08-10,cancelled,debit_card,United Kingdom,57.51
8466,2825,2025-09-17,completed,credit_card,United Kingdom,62.23
8467,2825,2025-11-02,cancelled,gift_card,United Kingdom,210.1
8468,2825,2025-11-20,completed,credit_card,United Kingdom,528.38
8469,2825,2025-11-20,completed,credit_card,United Kingdom,92.65
8470,2825,2025-11-22,completed,paypal,United Kingdom,80.28
8471,2827,2024-10-01,completed,credit_card,France,120.7
8472,2827,2024-10-11,completed,debit_card,France,336.06
8473,2827,2024-10-14,refunded,credit_card,France,856.0
8474,2827,2025-01-03,completed,credit_card,France,311.81
8475,2828,2024-10-10,completed,paypal,Mexico,39.57
8476,2828,2024-11-21,completed,paypal,Mexico,274.17
8477,2828,2025-01-23,completed,paypal,Mexico,543.85
8478,2830,2024-01-12,completed,credit_card,United Kingdom,40.81
8479,2830,2024-01-25,completed,credit_card,United Kingdom,453.04
8480,2830,2024-03-21,refunded,paypal,United Kingdom,134.64
8481,2830,2024-05-07,completed,credit_card,United Kingdom,375.72
8482,2830,2024-06-27,completed,credit_card,United Kingdom,69.29
8483,2830,2024-08-17,completed,gift_card,United Kingdom,388.6
8484,2830,2024-09-20,completed,gift_card,United Kingdom,129.28
8485,2830,2024-09-25,cancelled,,United Kingdom,381.71
8486,2830,2024-10-08,completed,credit_card,United Kingdom,294.14
8487,2831,2024-08-23,completed,credit_card,United States,47.38
8488,2831,2024-08-30,completed,credit_card,United States,92.65
8489,2831,2024-09-20,completed,paypal,United States,702.03
8490,2831,2024-10-07,completed,paypal,United States,793.25
8491,2831,2024-12-10,refunded,credit_card,United States,30.51
8492,2831,2025-01-02,completed,paypal,United States,587.27
8493,2831,2025-01-06,completed,credit_card,United States,308.11
8494,2831,2025-01-18,completed,credit_card,United States,282.79
8495,2833,2023-04-05,completed,paypal,Netherlands,66.12
8496,2834,2025-07-12,completed,credit_card,United States,10.24
8497,2834,2025-08-01,completed,credit_card,United States,41.71
8498,2835,2023-09-21,cancelled,paypal,Brazil,288.82
8499,2835,2023-09-30,completed,debit_card,Brazil,295.86
8500,2836,2024-12-05,completed,credit_card,United States,266.54
8501,2836,2025-01-17,completed,debit_card,United States,378.4
8502,2836,2025-01-24,completed,,United States,545.54
8503,2836,2025-01-27,completed,credit_card,United States,251.56
8504,2836,2025-03-16,completed,credit_card,United States,495.97
8505,2836,2025-04-17,completed,gift_card,United States,179.88
8506,2836,2025-05-14,completed,credit_card,United States,15.32
8507,2836,2025-08-01,cancelled,credit_card,United States,412.76
8508,2836,2025-09-03,completed,paypal,United States,254.15
8509,2837,2025-02-11,completed,paypal,India,92.65
8510,2840,2025-04-01,completed,credit_card,United States,378.21
8511,2840,2025-04-19,refunded,gift_card,United States,40.26
8512,2841,2025-05-18,completed,paypal,United Kingdom,140.79
8513,2843,2025-12-19,completed,paypal,United States,282.79
8514,2844,2023-08-05,completed,gift_card,Brazil,420.42
8515,2844,2023-08-09,completed,credit_card,Brazil,74.46
8516,2848,2023-02-19,completed,credit_card,Netherlands,348.45
8517,2851,2024-10-18,completed,credit_card,United States,159.46
8518,2852,2025-07-30,completed,credit_card,United Kingdom,146.83
8519,2852,2025-08-04,completed,paypal,United Kingdom,357.83
8520,2852,2025-10-09,completed,credit_card,United Kingdom,13.12
8521,2852,2025-10-30,pending,credit_card,United Kingdom,97.45
8522,2852,2025-11-11,completed,debit_card,United Kingdom,169.98
8523,2852,2025-11-11,completed,credit_card,United Kingdom,113.76
8524,2856,2025-08-03,pending,paypal,United Kingdom,152.53
8525,2856,2025-08-04,completed,credit_card,United Kingdom,354.74
8526,2856,2025-08-10,cancelled,gift_card,United Kingdom,278.48
8527,2856,2025-09-10,completed,credit_card,United Kingdom,211.48
8528,2856,2025-09-28,completed,debit_card,United Kingdom,92.73
8529,2856,2025-11-03,completed,paypal,United Kingdom,615.9
8530,2856,2025-11-03,completed,credit_card,United Kingdom,43.96
8531,2856,2025-11-30,completed,gift_card,United Kingdom,448.88
8532,2857,2024-02-21,completed,credit_card,United States,116.14
8533,2858,2024-12-21,completed,credit_card,Germany,419.35
8534,2858,2024-12-21,completed,credit_card,Germany,298.47
8535,2858,2025-02-21,refunded,paypal,Germany,573.94
8536,2859,2025-07-11,completed,paypal,United Kingdom,168.06
8537,2859,2025-09-07,completed,paypal,United Kingdom,245.06
8538,2859,2025-09-15,completed,credit_card,United Kingdom,640.65
8539,2861,2024-02-22,completed,credit_card,India,425.22
8540,2861,2024-04-18,completed,paypal,India,35.17
8541,2861,2024-07-27,refunded,paypal,India,707.41
8542,2861,2024-08-24,completed,credit_card,India,97.88
8543,2861,2024-08-27,completed,paypal,India,308.16
8544,2861,2025-01-05,completed,paypal,India,92.65
8545,2864,2024-11-25,completed,credit_card,United States,39.57
8546,2864,2024-11-25,completed,gift_card,United States,582.44
8547,2865,2023-09-16,completed,credit_card,Canada,90.5
8548,2865,2023-10-25,completed,credit_card,Canada,97.15
8549,2865,2023-11-05,completed,credit_card,Canada,40.72
8550,2865,2023-11-12,completed,credit_card,Canada,248.54
8551,2865,2024-01-14,completed,credit_card,Canada,177.3
8552,2865,2024-02-12,completed,credit_card,Canada,762.45
8553,2867,2025-01-01,cancelled,credit_card,United States,318.89
8554,2868,2024-02-17,completed,credit_card,United States,113.51
8555,2868,2024-03-09,completed,credit_card,United States,357.56
8556,2868,2024-08-07,completed,credit_card,United States,78.22
8557,2869,2025-02-01,completed,credit_card,United States,15.32
8558,2869,2025-02-08,completed,credit_card,United States,301.07
8559,2869,2025-04-03,completed,credit_card,United States,46.83
8560,2869,2025-05-01,completed,credit_card,United States,12.8
8561,2869,2025-10-01,completed,paypal,United States,104.43
8562,2869,2025-10-10,completed,credit_card,United States,180.07
8563,2869,2025-11-14,completed,credit_card,United States,371.6
8564,2869,2025-12-08,completed,credit_card,United States,270.19
8565,2870,2024-01-16,completed,credit_card,Brazil,82.83
8566,2871,2024-01-31,completed,credit_card,United States,40.75
8567,2871,2024-02-01,completed,gift_card,United States,121.18
8568,2871,2024-02-22,pending,credit_card,United States,360.54
8569,2871,2024-04-24,completed,credit_card,United States,466.83
8570,2871,2024-05-02,cancelled,credit_card,United States,337.14
8571,2871,2024-05-22,cancelled,credit_card,United States,232.88
8572,2871,2024-06-25,completed,credit_card,United States,405.89
8573,2871,2024-06-26,completed,debit_card,United States,84.99
8574,2871,2024-08-27,completed,credit_card,United States,66.46
8575,2872,2025-09-17,completed,credit_card,United States,78.22
8576,2872,2025-10-02,completed,debit_card,United States,389.36
8577,2874,2023-05-15,completed,gift_card,United Kingdom,164.11
8578,2874,2023-06-14,completed,debit_card,United Kingdom,258.2
8579,2875,2023-09-21,completed,paypal,United States,512.94
8580,2875,2023-10-14,completed,credit_card,United States,222.95
8581,2877,2024-06-02,completed,paypal,Germany,42.29
8582,2877,2024-06-26,completed,credit_card,Germany,312.59
8583,2877,2024-08-18,completed,credit_card,Germany,67.01
8584,2877,2024-09-03,completed,credit_card,Germany,603.4
8585,2877,2024-10-05,completed,credit_card,Germany,255.14
8586,2877,2024-10-20,cancelled,credit_card,Germany,230.64
8587,2880,2024-07-18,completed,credit_card,United States,179.95
8588,2880,2024-07-20,completed,paypal,United States,665.49
8589,2880,2024-09-05,completed,credit_card,United States,95.01
8590,2882,2024-12-23,cancelled,credit_card,United States,173.41
8591,2882,2024-12-31,completed,credit_card,United States,302.46
8592,2882,2025-01-27,completed,gift_card,United States,590.17
8593,2882,2025-03-13,completed,debit_card,United States,14.33
8594,2883,2024-01-14,completed,paypal,United States,356.11
8595,2883,2024-02-11,completed,credit_card,United States,213.48
8596,2883,2024-04-10,completed,credit_card,United States,357.56
8597,2883,2024-05-02,completed,credit_card,United States,198.36
8598,2883,2024-09-19,completed,credit_card,United States,169.18
8599,2883,2024-12-14,completed,credit_card,United States,646.08
8600,2883,2024-12-14,refunded,credit_card,United States,658.03
8601,2883,2025-01-18,completed,debit_card,United States,56.2
8602,2883,2025-02-04,completed,credit_card,United States,340.23
8603,2884,2024-12-27,completed,debit_card,United States,303.19
8604,2884,2025-05-12,completed,paypal,United States,372.71
8605,2884,2025-06-07,refunded,credit_card,United States,23.32
8606,2887,2024-10-10,completed,credit_card,Germany,300.39
8607,2887,2024-10-13,completed,gift_card,Germany,221.13
8608,2887,2024-11-04,completed,credit_card,Germany,255.14
8609,2887,2024-11-23,completed,credit_card,Germany,349.8
8610,2887,2024-11-23,completed,debit_card,Germany,513.13
8611,2887,2024-12-13,completed,debit_card,Germany,386.8
8612,2887,2024-12-14,completed,credit_card,Germany,560.96
8613,2887,2024-12-14,cancelled,credit_card,Germany,479.06
8614,2887,2024-12-31,refunded,credit_card,Germany,524.32
8615,2887,2024-12-31,completed,credit_card,Germany,909.31
8616,2888,2024-05-16,completed,credit_card,United States,208.52
8617,2888,2024-07-05,completed,paypal,United States,560.15
8618,2888,2024-09-10,completed,paypal,United States,253.21
8619,2888,2024-11-13,completed,paypal,United States,60.18
8620,2888,2024-11-13,completed,paypal,United States,238.86
8621,2888,2024-12-05,completed,paypal,United States,219.9
8622,2888,2024-12-19,completed,credit_card,United States,268.76
8623,2888,2025-06-23,completed,credit_card,United States,66.12
8624,2888,2025-09-26,completed,credit_card,United States,185.3
8625,2888,2025-11-15,cancelled,credit_card,United States,467.78
8626,2888,2025-12-10,completed,credit_card,United States,52.03
8627,2888,2025-12-27,completed,credit_card,United States,302.7
8628,2888,2025-12-28,completed,credit_card,United States,99.24
8629,2889,2025-05-22,cancelled,paypal,United Kingdom,234.3
8630,2889,2025-06-15,completed,debit_card,United Kingdom,144.5
8631,2889,2025-08-01,completed,debit_card,United Kingdom,623.76
8632,2889,2025-08-04,refunded,debit_card,United Kingdom,581.06
8633,2889,2025-08-11,completed,paypal,United Kingdom,185.3
8634,2889,2025-09-30,cancelled,paypal,United Kingdom,439.2
8635,2889,2025-10-21,completed,paypal,United Kingdom,241.96
8636,2889,2025-12-19,completed,credit_card,United Kingdom,271.74
8637,2891,2023-12-29,completed,credit_card,United States,92.65
8638,2893,2023-02-09,completed,credit_card,United States,138.25
8639,2894,2024-10-25,completed,credit_card,Australia,217.37
8640,2894,2024-11-02,cancelled,debit_card,Australia,49.0
8641,2894,2024-11-02,completed,credit_card,Australia,377.53
8642,2894,2024-12-03,completed,paypal,Australia,189.28
8643,2894,2025-01-07,completed,credit_card,Australia,83.39
8644,2894,2025-02-18,completed,credit_card,Australia,118.71
8645,2894,2025-03-04,completed,gift_card,Australia,1398.52
8646,2894,2025-04-26,completed,credit_card,Australia,1476.88
8647,2895,2024-01-03,completed,credit_card,United Kingdom,213.48
8648,2895,2024-01-08,completed,paypal,United Kingdom,198.82
8649,2895,2024-01-19,completed,debit_card,United Kingdom,329.53
8650,2895,2024-02-02,completed,gift_card,United Kingdom,12.8
8651,2895,2024-03-14,completed,credit_card,United Kingdom,430.25
8652,2895,2024-05-14,completed,paypal,United Kingdom,274.17
8653,2896,2025-11-03,completed,credit_card,Germany,278.91
8654,2898,2025-09-16,completed,credit_card,United Kingdom,971.59
8655,2898,2025-11-20,completed,debit_card,United Kingdom,266.99
8656,2898,2025-11-23,completed,credit_card,United Kingdom,61.85
8657,2899,2025-05-29,completed,debit_card,United States,108.48
8658,2899,2025-07-11,completed,credit_card,United States,310.28
8659,2899,2025-09-02,completed,credit_card,United States,51.37
8660,2899,2025-09-05,completed,credit_card,United States,473.97
8661,2899,2025-12-12,completed,credit_card,United States,266.06
8662,2899,2025-12-12,completed,paypal,United States,835.1
8663,2904,2024-12-27,completed,credit_card,United States,163.03
8664,2904,2024-12-27,cancelled,credit_card,United States,592.08
8665,2907,2023-01-23,completed,debit_card,United States,166.77
8666,2907,2023-01-27,completed,paypal,United States,255.14
8667,2907,2023-03-12,completed,credit_card,United States,61.22
8668,2907,2023-03-23,completed,paypal,United States,321.52
8669,2907,2023-04-19,completed,credit_card,United States,482.1
8670,2907,2023-09-30,completed,debit_card,United States,212.85
8671,2907,2023-10-27,refunded,paypal,United States,935.85
8672,2907,2023-11-07,completed,debit_card,United States,419.46
8673,2907,2023-11-07,cancelled,credit_card,United States,204.27
8674,2907,2023-11-20,completed,credit_card,United States,132.06
8675,2907,2023-11-24,cancelled,paypal,United States,663.36
8676,2907,2024-01-07,completed,paypal,United States,268.84
8677,2907,2024-01-11,completed,paypal,United States,137.33
8678,2907,2024-03-14,completed,paypal,United States,531.58
8679,2909,2023-10-11,completed,credit_card,United Kingdom,83.42
8680,2909,2024-03-26,completed,gift_card,United Kingdom,151.96
8681,2909,2024-05-26,completed,credit_card,United Kingdom,160.75
8682,2909,2024-06-11,completed,credit_card,United Kingdom,151.15
8683,2909,2024-06-26,cancelled,paypal,United Kingdom,138.91
8684,2909,2024-09-21,completed,credit_card,United Kingdom,139.99
8685,2909,2024-10-06,completed,paypal,United Kingdom,610.56
8686,2909,2024-10-08,completed,paypal,United Kingdom,93.65
8687,2909,2024-10-30,completed,credit_card,United Kingdom,107.56
8688,2909,2024-11-06,completed,debit_card,United Kingdom,105.74
8689,2909,2025-01-07,completed,paypal,United Kingdom,660.24
8690,2909,2025-01-17,refunded,credit_card,United Kingdom,28.89
8691,2909,2025-03-19,completed,paypal,United Kingdom,209.48
8692,2909,2025-04-03,completed,paypal,United Kingdom,27.12
8693,2909,2025-04-09,completed,credit_card,United Kingdom,59.23
8694,2909,2025-04-11,completed,paypal,United Kingdom,33.99
8695,2909,2025-04-28,completed,gift_card,United Kingdom,357.71
8696,2909,2025-05-12,completed,credit_card,United Kingdom,1047.12
8697,2909,2025-05-29,completed,credit_card,United Kingdom,446.54
8698,2909,2025-10-07,pending,credit_card,United Kingdom,92.65
8699,2909,2025-11-14,completed,credit_card,United Kingdom,92.65
8700,2909,2025-11-14,completed,credit_card,United Kingdom,229.29
8701,2909,2025-11-22,completed,gift_card,United Kingdom,402.25
8702,2909,2025-12-19,completed,credit_card,United Kingdom,40.26
8703,2909,2025-12-19,completed,credit_card,United Kingdom,395.36
8704,2912,2025-07-11,completed,credit_card,Mexico,294.14
8705,2912,2025-08-07,completed,debit_card,Mexico,39.57
8706,2913,2025-01-19,completed,paypal,United States,83.46
8707,2913,2025-01-26,completed,debit_card,United States,168.39
8708,2913,2025-03-25,completed,paypal,United States,376.24
8709,2916,2023-08-13,completed,credit_card,United Kingdom,137.58
8710,2917,2024-11-21,completed,paypal,Germany,375.19
8711,2917,2025-02-14,pending,credit_card,Germany,136.1
8712,2917,2025-03-17,completed,credit_card,Germany,228.51
8713,2918,2024-11-16,completed,credit_card,Germany,395.39
8714,2918,2025-01-08,completed,paypal,Germany,393.26
8715,2921,2024-08-28,refunded,credit_card,United States,374.26
8716,2921,2024-10-31,completed,debit_card,United States,591.74
8717,2921,2024-12-28,completed,paypal,United States,126.48
8718,2921,2025-01-02,completed,credit_card,United States,105.36
8719,2922,2024-01-02,completed,credit_card,United States,23.97
8720,2923,2025-09-22,completed,credit_card,United Kingdom,491.47
8721,2923,2025-10-07,completed,credit_card,United Kingdom,1380.93
8722,2923,2025-10-09,completed,credit_card,United Kingdom,222.57
8723,2923,2025-12-24,completed,debit_card,United Kingdom,335.62
8724,2926,2025-10-07,completed,credit_card,Netherlands,232.17
8725,2927,2025-03-23,completed,credit_card,United States,124.46
8726,2927,2025-04-13,pending,credit_card,United States,426.45
8727,2927,2025-05-06,completed,paypal,United States,57.69
8728,2927,2025-07-08,completed,paypal,United States,84.99
8729,2927,2025-07-27,completed,credit_card,United States,194.9
8730,2931,2024-11-24,completed,paypal,Australia,306.85
8731,2931,2024-11-24,completed,credit_card,Australia,385.36
8732,2931,2024-12-17,completed,paypal,Australia,147.76
8733,2931,2025-01-16,cancelled,credit_card,Australia,33.99
8734,2932,2025-02-07,completed,credit_card,United States,369.5
8735,2934,2024-07-12,refunded,credit_card,Canada,111.95
8736,2934,2024-08-28,completed,debit_card,Canada,304.44
8737,2934,2024-10-06,completed,paypal,Canada,523.93
8738,2934,2024-11-10,completed,credit_card,Canada,488.36
8739,2934,2024-12-11,completed,gift_card,Canada,231.5
8740,2936,2023-12-10,completed,paypal,United States,74.75
8741,2936,2023-12-11,completed,debit_card,United States,245.34
8742,2936,2023-12-17,cancelled,credit_card,United States,640.44
8743,2936,2023-12-20,completed,credit_card,United States,387.16
8744,2936,2024-04-21,completed,paypal,United States,427.39
8745,2938,2025-07-21,completed,credit_card,United States,65.82
8746,2939,2023-03-30,completed,credit_card,France,357.39
8747,2939,2023-09-23,completed,paypal,France,102.74
8748,2939,2023-10-07,completed,paypal,France,245.63
8749,2939,2023-11-26,completed,credit_card,France,549.33
8750,2939,2023-11-26,completed,credit_card,France,66.53
8751,2939,2023-12-07,completed,credit_card,France,270.29
8752,2939,2023-12-23,completed,credit_card,France,392.36
8753,2941,2025-07-28,completed,credit_card,Germany,332.82
8754,2941,2025-08-02,refunded,credit_card,Germany,13.12
8755,2942,2024-03-31,completed,credit_card,Mexico,387.3
8756,2942,2024-04-02,completed,credit_card,Mexico,344.79
8757,2946,2025-01-04,refunded,gift_card,United States,1097.94
8758,2946,2025-02-26,completed,credit_card,United States,183.35
8759,2946,2025-03-07,completed,debit_card,United States,85.9
8760,2946,2025-04-17,completed,paypal,United States,596.04
8761,2946,2025-06-14,completed,,United States,80.28
8762,2946,2025-07-23,completed,paypal,United States,173.41
8763,2946,2025-07-27,completed,paypal,United States,31.27
8764,2947,2023-04-22,completed,credit_card,Brazil,291.86
8765,2947,2023-06-21,completed,credit_card,Brazil,645.62
8766,2947,2023-07-24,pending,credit_card,Brazil,590.63
8767,2947,2023-08-08,refunded,credit_card,Brazil,86.91
8768,2947,2023-09-01,completed,paypal,Brazil,162.24
8769,2947,2023-09-11,cancelled,credit_card,Brazil,135.94
8770,2947,2023-11-02,completed,paypal,Brazil,226.52
8771,2947,2023-11-02,cancelled,credit_card,Brazil,279.2
8772,2947,2023-11-06,completed,paypal,Brazil,642.64
8773,2947,2023-11-06,completed,credit_card,Brazil,384.93
8774,2947,2024-02-09,completed,credit_card,Brazil,268.94
8775,2948,2023-10-03,completed,credit_card,United Kingdom,1147.12
8776,2948,2024-03-02,completed,gift_card,United Kingdom,337.73
8777,2948,2024-04-01,completed,credit_card,United Kingdom,720.32
8778,2949,2025-06-16,completed,paypal,India,719.93
8779,2949,2025-08-13,completed,paypal,India,674.43
8780,2949,2025-09-10,completed,gift_card,India,722.67
8781,2949,2025-09-18,completed,paypal,India,44.23
8782,2949,2025-10-13,completed,credit_card,India,139.21
8783,2949,2025-12-03,completed,credit_card,India,681.11
8784,2950,2024-11-05,completed,paypal,Canada,538.37
8785,2952,2025-10-15,cancelled,credit_card,Canada,35.45
8786,2952,2025-11-09,completed,debit_card,Canada,585.88
8787,2955,2023-05-27,completed,credit_card,United States,51.37
8788,2955,2023-08-23,cancelled,credit_card,United States,456.48
8789,2955,2023-09-24,completed,credit_card,United States,366.61
8790,2955,2023-10-07,completed,credit_card,United States,92.65
8791,2956,2025-09-12,completed,credit_card,Germany,20.36
8792,2956,2025-10-28,completed,gift_card,Germany,49.0
8793,2956,2025-11-15,pending,credit_card,Germany,97.45
8794,2956,2025-12-06,completed,debit_card,Germany,107.59
8795,2957,2025-05-22,completed,debit_card,United States,313.51
8796,2957,2025-06-18,completed,paypal,United States,344.7
8797,2957,2025-07-08,completed,credit_card,United States,1213.03
8798,2959,2023-12-03,completed,credit_card,Brazil,146.53
8799,2959,2024-01-16,completed,credit_card,Brazil,383.31
8800,2959,2024-07-03,completed,credit_card,Brazil,1665.87
8801,2960,2024-01-19,completed,paypal,United States,975.67
8802,2960,2024-02-08,completed,paypal,United States,59.51
8803,2961,2025-04-11,completed,debit_card,France,707.54
8804,2961,2025-06-02,completed,credit_card,France,311.79
8805,2961,2025-07-02,completed,credit_card,France,152.9
8806,2961,2025-07-11,completed,,France,445.65
8807,2961,2025-07-25,pending,credit_card,France,141.86
8808,2961,2025-09-23,completed,credit_card,France,281.64
8809,2961,2025-11-14,completed,paypal,France,92.65
8810,2961,2025-12-12,completed,credit_card,France,14.07
8811,2962,2024-07-29,completed,credit_card,India,565.99
8812,2962,2024-09-25,completed,credit_card,India,101.49
8813,2962,2025-01-08,completed,paypal,India,573.74
8814,2962,2025-02-22,completed,credit_card,India,477.82
8815,2962,2025-03-20,completed,credit_card,India,110.22
8816,2962,2025-04-17,completed,credit_card,India,252.63
8817,2962,2025-05-05,completed,credit_card,India,154.1
8818,2962,2025-07-19,completed,credit_card,India,413.75
8819,2963,2024-04-13,completed,credit_card,Canada,92.65
8820,2963,2024-04-23,completed,gift_card,Canada,172.0
8821,2963,2024-05-13,completed,debit_card,Canada,562.74
8822,2963,2024-08-01,completed,credit_card,Canada,594.86
8823,2966,2024-10-22,completed,paypal,Netherlands,235.56
8824,2966,2025-01-09,completed,paypal,Netherlands,392.64
8825,2966,2025-04-16,completed,gift_card,Netherlands,689.41
8826,2966,2025-06-24,completed,gift_card,Netherlands,1418.04
8827,2968,2025-11-29,completed,credit_card,Australia,49.75
8828,2971,2025-04-12,completed,gift_card,Germany,598.04
8829,2971,2025-04-15,completed,debit_card,Germany,78.75
8830,2971,2025-07-04,completed,credit_card,Germany,388.6
8831,2971,2025-08-03,completed,gift_card,Germany,19.18
8832,2971,2025-11-03,completed,credit_card,Germany,129.38
8833,2972,2024-02-27,completed,credit_card,Germany,83.39
8834,2972,2024-03-06,completed,credit_card,Germany,495.4
8835,2972,2024-03-20,completed,credit_card,Germany,20.21
8836,2972,2024-03-25,completed,credit_card,Germany,217.66
8837,2972,2024-04-26,pending,paypal,Germany,858.9
8838,2972,2024-05-09,completed,credit_card,Germany,98.72
8839,2973,2024-10-03,completed,credit_card,Brazil,384.26
8840,2973,2024-10-25,completed,paypal,Brazil,154.02
8841,2973,2024-10-30,completed,gift_card,Brazil,42.23
8842,2973,2024-11-10,completed,credit_card,Brazil,246.12
8843,2973,2025-01-02,completed,paypal,Brazil,58.47
8844,2973,2025-01-20,completed,gift_card,Brazil,183.85
8845,2975,2025-02-20,refunded,paypal,Netherlands,128.81
8846,2975,2025-02-26,completed,credit_card,Netherlands,74.75
8847,2975,2025-03-12,completed,credit_card,Netherlands,854.18
8848,2975,2025-03-16,completed,credit_card,Netherlands,527.55
8849,2975,2025-04-02,completed,gift_card,Netherlands,520.66
8850,2975,2025-07-05,completed,debit_card,Netherlands,270.29
8851,2975,2025-07-22,pending,credit_card,Netherlands,379.52
8852,2975,2025-08-01,completed,paypal,Netherlands,145.79
8853,2975,2025-08-16,completed,credit_card,Netherlands,182.85
8854,2975,2025-08-31,pending,,Netherlands,40.26
8855,2976,2024-01-29,cancelled,credit_card,Canada,248.79
8856,2976,2024-03-15,completed,paypal,Canada,184.01
8857,2976,2024-05-14,cancelled,credit_card,Canada,208.43
8858,2976,2024-09-02,completed,credit_card,Canada,544.19
8859,2976,2024-09-19,completed,credit_card,Canada,463.8
8860,2976,2025-01-13,refunded,paypal,Canada,263.62
8861,2976,2025-02-04,completed,credit_card,Canada,254.51
8862,2976,2025-04-27,completed,credit_card,Canada,12.66
8863,2976,2025-08-24,refunded,credit_card,Canada,563.27
8864,2977,2025-03-27,completed,paypal,Germany,619.21
8865,2977,2025-05-26,completed,debit_card,Germany,213.48
8866,2977,2025-06-13,completed,debit_card,Germany,277.95
8867,2977,2025-08-19,completed,,Germany,79.13
8868,2979,2023-11-26,cancelled,paypal,United Kingdom,468.32
8869,2979,2023-12-26,completed,credit_card,United Kingdom,102.38
8870,2979,2023-12-26,completed,credit_card,United Kingdom,105.64
8871,2979,2024-02-25,completed,credit_card,United Kingdom,169.98
8872,2979,2024-02-28,completed,credit_card,United Kingdom,550.59
8873,2979,2024-03-21,completed,credit_card,United Kingdom,192.9
8874,2979,2024-04-08,completed,credit_card,United Kingdom,567.68
8875,2979,2024-05-31,refunded,paypal,United Kingdom,146.74
8876,2981,2023-11-26,completed,paypal,Germany,250.02
8877,2981,2023-11-26,completed,credit_card,Germany,55.81
8878,2981,2023-11-28,completed,credit_card,Germany,238.92
8879,2981,2023-12-21,pending,credit_card,Germany,166.77
8880,2981,2024-03-08,completed,credit_card,Germany,849.36
8881,2981,2024-03-09,completed,paypal,Germany,206.71
8882,2981,2024-07-18,completed,paypal,Germany,191.3
8883,2981,2024-07-26,completed,paypal,Germany,40.81
8884,2981,2024-08-22,completed,credit_card,Germany,378.02
8885,2981,2024-09-12,completed,credit_card,Germany,731.74
8886,2981,2024-10-06,completed,credit_card,Germany,704.22
8887,2981,2024-10-29,completed,credit_card,Germany,430.39
8888,2981,2024-11-17,completed,debit_card,Germany,323.39
8889,2981,2024-12-04,refunded,credit_card,Germany,373.6
8890,2981,2024-12-08,completed,credit_card,Germany,308.25
8891,2981,2024-12-25,completed,debit_card,Germany,121.19
8892,2981,2024-12-25,completed,gift_card,Germany,916.25
8893,2981,2025-03-10,completed,paypal,Germany,510.28
8894,2981,2025-07-16,completed,credit_card,Germany,74.37
8895,2981,2025-08-27,completed,credit_card,Germany,882.37
8896,2981,2025-09-23,completed,credit_card,Germany,154.23
8897,2981,2025-09-28,completed,debit_card,Germany,232.28
8898,2981,2025-10-02,completed,credit_card,Germany,186.53
8899,2983,2024-05-03,completed,credit_card,Australia,66.99
8900,2983,2024-08-07,completed,debit_card,Australia,108.47
8901,2983,2024-10-31,cancelled,credit_card,Australia,163.69
8902,2983,2024-11-15,completed,credit_card,Australia,885.96
8903,2983,2024-12-08,completed,credit_card,Australia,213.48
8904,2983,2025-01-24,completed,paypal,Australia,473.06
8905,2984,2024-10-23,completed,paypal,Germany,442.99
8906,2985,2024-07-26,completed,debit_card,United States,160.34
8907,2985,2024-09-11,refunded,credit_card,United States,352.85
8908,2986,2024-03-04,completed,credit_card,United States,199.59
8909,2986,2024-03-14,completed,paypal,United States,124.39
8910,2986,2024-03-20,completed,credit_card,United States,232.28
8911,2988,2024-02-01,completed,debit_card,France,98.0
8912,2988,2024-03-15,completed,credit_card,France,204.58
8913,2988,2024-04-30,completed,paypal,France,1250.38
8914,2991,2023-09-06,completed,debit_card,United States,331.64
8915,2991,2023-09-30,completed,paypal,United States,226.52
8916,2995,2024-10-04,completed,credit_card,United States,48.57
8917,2995,2024-11-28,completed,paypal,United States,66.44
8918,2996,2024-08-31,pending,credit_card,Australia,187.33
8919,2996,2024-09-04,completed,paypal,Australia,425.18
8920,2996,2024-10-09,completed,credit_card,Australia,175.41
8921,2996,2024-10-30,completed,debit_card,Australia,776.2
8922,2996,2024-11-22,cancelled,credit_card,Australia,176.03
8923,2996,2024-12-05,completed,credit_card,Australia,98.0
8924,2996,2025-03-13,completed,credit_card,Australia,126.83
8925,2996,2025-03-17,completed,credit_card,Australia,653.31
8926,2997,2023-11-06,completed,gift_card,Australia,53.97
8927,2997,2023-11-12,completed,,Australia,83.39
8928,2997,2023-12-26,completed,credit_card,Australia,156.44
8929,2997,2023-12-29,completed,paypal,Australia,450.2
8930,2997,2024-01-07,completed,paypal,Australia,328.34
8931,2997,2024-01-09,completed,credit_card,Australia,371.1
8932,2997,2024-02-08,completed,credit_card,Australia,348.27
8933,2997,2024-03-11,completed,credit_card,Australia,52.03
8934,2997,2024-03-30,refunded,credit_card,Australia,190.57
8935,2998,2023-04-20,completed,gift_card,United States,595.84
8936,2998,2023-06-23,completed,credit_card,United States,84.99
8937,2999,2024-07-31,completed,paypal,United States,257.0
8938,2999,2024-10-10,completed,credit_card,United States,66.12
8939,2999,2024-10-14,refunded,credit_card,United States,748.34
8940,2999,2024-11-23,completed,paypal,United States,79.28
8941,2999,2024-11-23,completed,debit_card,United States,40.26
8942,2999,2024-11-24,completed,credit_card,United States,502.77
8943,2999,2024-12-17,completed,paypal,United States,112.0
8944,2999,2024-12-28,completed,credit_card,United States,693.23
8945,2999,2024-12-28,completed,credit_card,United States,59.56
8946,2999,2025-01-11,completed,credit_card,United States,424.14
8947,2999,2025-02-19,completed,credit_card,United States,52.82
