order_item_id,order_id,product_id,quantity,unit_price,discount_pct,line_total
1,1,64,1,113.76,0,113.76
2,1,95,1,42.95,0,42.95
3,1,160,1,40.26,0,40.26
4,2,56,1,48.94,0,48.94
5,3,136,1,116.14,0,116.14
6,3,27,2,21.73,0,43.46
7,3,72,1,196.03,0,196.03
8,4,121,1,374.5,0,374.5
9,5,29,1,122.84,0,122.84
10,5,142,1,31.27,0.15,26.58
11,5,7,1,33.9,0,33.9
12,5,61,1,12.8,0.1,11.52
13,5,155,1,82.21,0,82.21
14,6,126,1,319.24,0,319.24
15,6,54,1,92.65,0,92.65
16,6,54,2,92.65,0.2,148.24
17,6,128,1,398.69,0,398.69
18,7,108,1,97.45,0.1,87.7
19,8,101,3,68.79,0,206.37
20,8,3,1,101.49,0,101.49
21,9,135,1,105.74,0,105.74
22,9,160,1,40.26,0,40.26
23,10,64,1,113.76,0,113.76
24,10,101,2,68.79,0,137.58
25,11,61,2,12.8,0,25.6
26,11,54,2,92.65,0,185.3
27,11,54,2,92.65,0,185.3
28,11,64,2,113.76,0,227.52
29,12,33,2,49.0,0,98.0
30,12,152,1,66.12,0,66.12
31,12,119,2,213.48,0,426.96
32,12,39,1,43.96,0.1,39.56
33,13,54,2,92.65,0,185.3
34,14,129,1,36.16,0,36.16
35,14,87,1,40.81,0,40.81
36,14,54,1,92.65,0,92.65
37,15,50,1,55.81,0,55.81
38,16,47,3,173.41,0,520.23
39,16,121,1,374.5,0,374.5
40,16,33,1,49.0,0.1,44.1
41,17,94,1,59.56,0,59.56
42,18,158,1,14.07,0,14.07
43,18,54,1,92.65,0,92.65
44,19,21,1,274.21,0,274.21
45,20,118,1,357.71,0.1,321.94
46,20,115,1,276.86,0,276.86
47,21,145,1,84.99,0,84.99
48,22,140,1,66.53,0.1,59.88
49,22,17,1,75.74,0,75.74
50,23,142,1,31.27,0,31.27
51,23,127,1,268.94,0,268.94
52,24,110,1,59.23,0,59.23
53,25,126,1,319.24,0,319.24
54,25,84,1,13.12,0,13.12
55,26,70,2,67.88,0,135.76
56,26,61,1,12.8,0,12.8
57,26,35,1,124.39,0,124.39
58,27,145,1,84.99,0,84.99
59,28,96,1,51.37,0,51.37
60,29,54,1,92.65,0,92.65
61,29,21,1,274.21,0,274.21
62,30,119,2,213.48,0,426.96
63,31,140,2,66.53,0,133.06
64,31,130,1,68.02,0,68.02
65,32,70,1,67.88,0.1,61.09
66,33,54,2,92.65,0,185.3
67,33,88,1,39.57,0,39.57
68,33,101,1,68.79,0,68.79
69,34,124,2,13.96,0,27.92
70,34,41,1,179.88,0,179.88
71,34,81,1,52.03,0.1,46.83
72,35,121,1,374.5,0.2,299.6
73,35,93,2,19.37,0,38.74
74,36,105,1,348.07,0.1,313.26
75,36,139,2,70.5,0,141.0
76,36,135,1,105.74,0,105.74
77,37,43,1,75.67,0.1,68.1
78,37,123,1,92.73,0,92.73
79,38,120,1,179.87,0,179.87
80,38,107,1,335.62,0,335.62
81,38,39,1,43.96,0,43.96
82,39,159,1,57.51,0.1,51.76
83,39,54,1,92.65,0,92.65
84,39,102,1,116.44,0.1,104.8
85,39,54,2,92.65,0.15,157.5
86,40,54,1,92.65,0,92.65
87,40,113,2,274.17,0,548.34
88,40,41,1,179.88,0,179.88
89,40,17,2,75.74,0,151.48
90,41,41,1,179.88,0.1,161.89
91,41,48,1,156.79,0,156.79
92,42,57,1,91.71,0,91.71
93,42,153,1,99.2,0.15,84.32
94,43,140,1,66.53,0,66.53
95,44,32,1,49.75,0,49.75
96,45,64,1,113.76,0,113.76
97,45,119,2,213.48,0,426.96
98,46,111,1,282.79,0,282.79
99,47,101,2,68.79,0,137.58
100,47,40,1,53.97,0.2,43.18
101,47,87,3,40.81,0,122.43
102,47,129,1,36.16,0,36.16
103,48,64,1,113.76,0.15,96.7
104,49,71,1,16.86,0,16.86
105,49,86,2,8.05,0.15,13.69
106,50,53,2,86.91,0.15,147.75
107,50,119,1,213.48,0,213.48
108,51,54,1,92.65,0,92.65
109,51,97,3,23.97,0,71.91
110,51,72,1,196.03,0.1,176.43
111,52,79,1,40.31,0.15,34.26
112,53,159,2,57.51,0.1,103.52
113,53,123,1,92.73,0,92.73
114,53,119,1,213.48,0,213.48
115,53,134,1,40.72,0,40.72
116,53,129,1,36.16,0,36.16
117,54,47,1,173.41,0.1,156.07
118,55,97,3,23.97,0,71.91
119,55,98,2,11.23,0.15,19.09
120,55,27,3,21.73,0,65.19
121,56,9,1,98.65,0,98.65
122,57,1,1,134.64,0,134.64
123,57,119,1,213.48,0,213.48
124,58,121,2,374.5,0,749.0
125,59,33,1,49.0,0,49.0
126,59,119,1,213.48,0.1,192.13
127,60,40,1,53.97,0,53.97
128,60,38,1,79.64,0,79.64
129,61,98,1,11.23,0,11.23
130,61,8,1,255.14,0,255.14
131,62,103,2,74.37,0.1,133.87
132,62,12,1,291.22,0,291.22
133,63,56,1,48.94,0,48.94
134,64,80,1,41.32,0.2,33.06
135,65,72,1,196.03,0.1,176.43
136,66,128,1,398.69,0.1,358.82
137,67,29,2,122.84,0,245.68
138,68,27,1,21.73,0,21.73
139,68,81,3,52.03,0,156.09
140,69,159,1,57.51,0,57.51
141,69,33,2,49.0,0.15,83.3
142,70,94,2,59.56,0,119.12
143,71,125,1,226.52,0,226.52
144,71,76,1,65.54,0,65.54
145,71,39,1,43.96,0,43.96
146,72,113,1,274.17,0.15,233.04
147,72,6,2,180.27,0,360.54
148,72,157,1,65.63,0,65.63
149,73,88,1,39.57,0.1,35.61
150,73,149,1,68.48,0,68.48
151,73,20,1,84.59,0,84.59
152,73,126,1,319.24,0,319.24
153,73,88,2,39.57,0.2,63.31
154,74,160,1,40.26,0,40.26
155,74,145,1,84.99,0,84.99
156,75,158,1,14.07,0,14.07
157,75,26,1,66.46,0,66.46
158,75,7,1,33.9,0.1,30.51
159,75,54,2,92.65,0.1,166.77
160,75,135,2,105.74,0,211.48
161,76,54,1,92.65,0,92.65
162,77,34,1,164.11,0.2,131.29
163,78,2,1,198.54,0,198.54
164,78,16,2,232.17,0,464.34
165,78,36,1,143.82,0.15,122.25
166,79,5,1,135.87,0,135.87
167,80,27,1,21.73,0,21.73
168,81,5,1,135.87,0.1,122.28
169,81,153,1,99.2,0.1,89.28
170,81,136,1,116.14,0,116.14
171,82,113,1,274.17,0.1,246.75
172,82,10,1,116.26,0,116.26
173,83,65,1,172.37,0,172.37
174,83,160,2,40.26,0,80.52
175,83,61,1,12.8,0,12.8
176,83,9,1,98.65,0.15,83.85
177,84,85,1,74.75,0,74.75
178,84,19,1,229.68,0,229.68
179,84,21,1,274.21,0.1,246.79
180,84,97,1,23.97,0,23.97
181,85,40,2,53.97,0,107.94
182,86,96,2,51.37,0,102.74
183,86,54,1,92.65,0,92.65
184,87,101,1,68.79,0,68.79
185,88,44,1,83.07,0.15,70.61
186,89,54,2,92.65,0,185.3
187,90,123,3,92.73,0,278.19
188,90,56,1,48.94,0.15,41.6
189,91,152,1,66.12,0,66.12
190,91,89,2,41.71,0,83.42
191,91,54,2,92.65,0.2,148.24
192,92,12,1,291.22,0,291.22
193,93,7,1,33.9,0,33.9
194,93,114,3,240.92,0,722.76
195,94,87,1,40.81,0,40.81
196,95,147,3,23.93,0,71.79
197,95,119,1,213.48,0,213.48
198,95,54,1,92.65,0.2,74.12
199,95,114,2,240.92,0,481.84
200,96,1,1,134.64,0.1,121.18
201,97,34,1,164.11,0,164.11
202,97,47,1,173.41,0,173.41
203,98,31,1,121.18,0.2,96.94
204,98,72,1,196.03,0.1,176.43
205,98,153,1,99.2,0,99.2
206,99,31,3,121.18,0.2,290.83
207,100,70,1,67.88,0.1,61.09
208,100,137,1,15.32,0,15.32
209,100,54,1,92.65,0,92.65
210,100,99,1,79.98,0.2,63.98
211,101,54,1,92.65,0.15,78.75
212,101,33,2,49.0,0,98.0
213,102,34,1,164.11,0,164.11
214,103,121,1,374.5,0,374.5
215,104,107,1,335.62,0.1,302.06
216,105,137,1,15.32,0,15.32
217,106,82,1,54.72,0,54.72
218,106,38,1,79.64,0,79.64
219,106,16,1,232.17,0.1,208.95
220,106,84,1,13.12,0,13.12
221,107,60,1,294.14,0.1,264.73
222,107,40,1,53.97,0,53.97
223,107,119,1,213.48,0,213.48
224,108,47,1,173.41,0,173.41
225,108,33,1,49.0,0,49.0
226,108,113,1,274.17,0.2,219.34
227,109,97,1,23.97,0.1,21.57
228,109,154,1,83.05,0,83.05
229,110,130,2,68.02,0,136.04
230,111,141,1,71.69,0.1,64.52
231,111,34,3,164.11,0.2,393.86
232,111,159,1,57.51,0,57.51
233,112,85,2,74.75,0,149.5
234,112,139,1,70.5,0.2,56.4
235,113,75,1,185.8,0,185.8
236,114,121,1,374.5,0,374.5
237,114,97,1,23.97,0,23.97
238,115,74,1,41.44,0,41.44
239,115,132,2,101.25,0,202.5
240,115,31,1,121.18,0,121.18
241,116,140,1,66.53,0,66.53
242,117,3,1,101.49,0,101.49
243,117,103,2,74.37,0,148.74
244,118,61,1,12.8,0.1,11.52
245,118,8,1,255.14,0.1,229.63
246,118,160,1,40.26,0,40.26
247,119,68,1,204.27,0,204.27
248,120,140,1,66.53,0.1,59.88
249,120,33,2,49.0,0.1,88.2
250,120,54,1,92.65,0,92.65
251,121,153,2,99.2,0.1,178.56
252,121,102,1,116.44,0,116.44
253,121,119,2,213.48,0,426.96
254,121,143,1,69.82,0.15,59.35
255,121,34,1,164.11,0,164.11
256,122,127,1,268.94,0,268.94
257,122,128,1,398.69,0,398.69
258,123,89,1,41.71,0,41.71
259,123,61,1,12.8,0.15,10.88
260,123,54,2,92.65,0,185.3
261,124,54,1,92.65,0.1,83.39
262,124,82,1,54.72,0,54.72
263,124,53,3,86.91,0,260.73
264,124,160,1,40.26,0,40.26
265,125,89,1,41.71,0,41.71
266,126,22,1,399.88,0.15,339.9
267,126,57,1,91.71,0.1,82.54
268,127,119,2,213.48,0,426.96
269,128,24,1,346.45,0,346.45
270,129,87,1,40.81,0,40.81
271,129,101,1,68.79,0,68.79
272,130,121,1,374.5,0,374.5
273,130,142,1,31.27,0.1,28.14
274,131,37,1,83.16,0.1,74.84
275,132,90,3,52.82,0,158.46
276,132,132,1,101.25,0,101.25
277,133,152,2,66.12,0.1,119.02
278,134,76,2,65.54,0,131.08
279,134,111,1,282.79,0,282.79
280,134,56,1,48.94,0.15,41.6
281,134,31,1,121.18,0.1,109.06
282,135,54,1,92.65,0,92.65
283,136,97,1,23.97,0.15,20.37
284,136,33,1,49.0,0,49.0
285,136,40,3,53.97,0.1,145.72
286,136,64,1,113.76,0,113.76
287,137,96,1,51.37,0,51.37
288,137,73,1,43.45,0.15,36.93
289,138,76,1,65.54,0.1,58.99
290,138,138,1,24.71,0.1,22.24
291,138,119,1,213.48,0,213.48
292,139,26,1,66.46,0,66.46
293,139,35,2,124.39,0,248.78
294,139,121,1,374.5,0,374.5
295,139,34,1,164.11,0,164.11
296,139,141,1,71.69,0,71.69
297,140,39,1,43.96,0.2,35.17
298,141,53,1,86.91,0.15,73.87
299,141,108,1,97.45,0.15,82.83
300,141,53,2,86.91,0.15,147.75
301,141,131,2,62.23,0,124.46
302,141,15,2,152.22,0,304.44
303,142,40,1,53.97,0.1,48.57
304,143,127,1,268.94,0,268.94
305,144,91,1,50.62,0.1,45.56
306,145,117,1,173.82,0,173.82
307,145,44,2,83.07,0,166.14
308,146,44,2,83.07,0.1,149.53
309,146,103,1,74.37,0.1,66.93
310,146,54,1,92.65,0,92.65
311,147,101,1,68.79,0,68.79
312,148,71,1,16.86,0.15,14.33
313,149,57,2,91.71,0,183.42
314,149,64,1,113.76,0,113.76
315,150,10,1,116.26,0,116.26
316,151,98,2,11.23,0,22.46
317,151,54,1,92.65,0,92.65
318,151,88,3,39.57,0,118.71
319,152,34,1,164.11,0,164.11
320,153,54,1,92.65,0.15,78.75
321,154,91,1,50.62,0,50.62
322,154,111,2,282.79,0,565.58
323,155,65,1,172.37,0,172.37
324,156,30,2,168.06,0.1,302.51
325,156,132,1,101.25,0.15,86.06
326,157,29,1,122.84,0,122.84
327,157,48,1,156.79,0.15,133.27
328,157,81,1,52.03,0,52.03
329,157,40,2,53.97,0,107.94
330,157,77,1,42.23,0.15,35.9
331,158,18,1,268.84,0,268.84
332,159,54,1,92.65,0,92.65
333,160,111,2,282.79,0,565.58
334,160,142,1,31.27,0,31.27
335,160,65,1,172.37,0,172.37
336,160,71,1,16.86,0.15,14.33
337,161,111,2,282.79,0,565.58
338,162,94,1,59.56,0,59.56
339,163,72,1,196.03,0.1,176.43
340,163,33,2,49.0,0,98.0
341,163,73,1,43.45,0,43.45
342,163,158,1,14.07,0,14.07
343,164,95,1,42.95,0,42.95
344,164,116,1,217.77,0,217.77
345,164,157,1,65.63,0.1,59.07
346,165,35,1,124.39,0,124.39
347,165,74,1,41.44,0,41.44
348,165,88,2,39.57,0,79.14
349,165,54,1,92.65,0,92.65
350,166,112,1,329.53,0,329.53
351,166,76,1,65.54,0,65.54
352,167,149,2,68.48,0,136.96
353,168,2,1,198.54,0,198.54
354,168,26,1,66.46,0.15,56.49
355,168,39,1,43.96,0,43.96
356,168,114,1,240.92,0,240.92
357,169,37,1,83.16,0,83.16
358,169,35,1,124.39,0,124.39
359,169,149,1,68.48,0,68.48
360,169,19,1,229.68,0,229.68
361,170,143,1,69.82,0,69.82
362,170,131,1,62.23,0,62.23
363,170,11,1,176.03,0.1,158.43
364,170,94,1,59.56,0,59.56
365,171,32,1,49.75,0,49.75
366,171,54,1,92.65,0,92.65
367,172,33,1,49.0,0.15,41.65
368,172,78,1,77.23,0.1,69.51
369,172,8,1,255.14,0.2,204.11
370,172,61,2,12.8,0,25.6
371,173,92,1,74.46,0,74.46
372,174,137,1,15.32,0.15,13.02
373,174,108,1,97.45,0,97.45
374,175,21,1,274.21,0,274.21
375,176,54,1,92.65,0.15,78.75
376,176,147,1,23.93,0,23.93
377,176,40,1,53.97,0.15,45.87
378,176,38,1,79.64,0.15,67.69
379,177,10,1,116.26,0,116.26
380,177,54,1,92.65,0,92.65
381,178,80,1,41.32,0,41.32
382,178,97,2,23.97,0,47.94
383,178,39,1,43.96,0,43.96
384,179,54,2,92.65,0,185.3
385,179,40,1,53.97,0.1,48.57
386,180,119,2,213.48,0,426.96
387,180,60,1,294.14,0,294.14
388,181,15,1,152.22,0,152.22
389,181,2,2,198.54,0,397.08
390,181,154,1,83.05,0.1,74.75
391,182,121,1,374.5,0.1,337.05
392,183,135,1,105.74,0.1,95.17
393,184,54,1,92.65,0,92.65
394,184,72,1,196.03,0,196.03
395,185,74,1,41.44,0,41.44
396,185,108,1,97.45,0.1,87.7
397,186,8,1,255.14,0.15,216.87
398,186,13,1,132.43,0.1,119.19
399,187,102,1,116.44,0,116.44
400,187,134,1,40.72,0,40.72
401,188,53,1,86.91,0,86.91
402,189,107,1,335.62,0.1,302.06
403,189,5,2,135.87,0,271.74
404,190,93,1,19.37,0,19.37
405,190,54,1,92.65,0,92.65
406,191,97,2,23.97,0,47.94
407,192,36,1,143.82,0.1,129.44
408,192,84,2,13.12,0.2,20.99
409,193,136,1,116.14,0,116.14
410,193,135,1,105.74,0,105.74
411,194,111,2,282.79,0,565.58
412,194,18,1,268.84,0,268.84
413,195,35,1,124.39,0.15,105.73
414,195,152,1,66.12,0.15,56.2
415,196,18,2,268.84,0,537.68
416,196,160,1,40.26,0,40.26
417,196,129,1,36.16,0.15,30.74
418,197,147,1,23.93,0.1,21.54
419,197,1,1,134.64,0,134.64
420,198,88,1,39.57,0.15,33.63
421,198,153,1,99.2,0,99.2
422,199,27,1,21.73,0.2,17.38
423,199,56,1,48.94,0.2,39.15
424,200,58,3,151.67,0,455.01
425,201,84,1,13.12,0,13.12
426,201,121,1,374.5,0,374.5
427,202,88,1,39.57,0.15,33.63
428,202,64,1,113.76,0,113.76
429,203,101,1,68.79,0.1,61.91
430,204,141,2,71.69,0,143.38
431,204,94,1,59.56,0,59.56
432,204,114,1,240.92,0,240.92
433,204,33,1,49.0,0.15,41.65
434,205,11,1,176.03,0,176.03
435,205,7,1,33.9,0.15,28.81
436,206,89,2,41.71,0,83.42
437,206,103,2,74.37,0,148.74
438,206,120,1,179.87,0,179.87
439,206,132,1,101.25,0,101.25
440,207,17,1,75.74,0,75.74
441,208,37,1,83.16,0,83.16
442,208,75,1,185.8,0,185.8
443,208,61,1,12.8,0,12.8
444,208,3,2,101.49,0.2,162.38
445,209,54,1,92.65,0,92.65
446,209,43,1,75.67,0,75.67
447,209,126,2,319.24,0,638.48
448,209,61,1,12.8,0,12.8
449,210,96,1,51.37,0.15,43.66
450,211,89,1,41.71,0,41.71
451,212,102,1,116.44,0.1,104.8
452,212,71,1,16.86,0,16.86
453,213,52,2,190.14,0.1,342.25
454,213,119,2,213.48,0,426.96
455,213,111,1,282.79,0,282.79
456,214,89,3,41.71,0,125.13
457,214,29,1,122.84,0.15,104.41
458,214,140,1,66.53,0,66.53
459,214,92,1,74.46,0,74.46
460,215,99,1,79.98,0,79.98
461,215,86,1,8.05,0,8.05
462,216,38,3,79.64,0,238.92
463,216,119,1,213.48,0,213.48
464,217,156,2,17.86,0,35.72
465,218,147,1,23.93,0.2,19.14
466,219,139,1,70.5,0,70.5
467,219,61,1,12.8,0.15,10.88
468,219,84,1,13.12,0,13.12
469,220,127,1,268.94,0,268.94
470,220,143,1,69.82,0.1,62.84
471,220,128,1,398.69,0.2,318.95
472,220,21,1,274.21,0,274.21
473,221,119,2,213.48,0.1,384.26
474,221,16,1,232.17,0.15,197.34
475,222,29,1,122.84,0.1,110.56
476,223,31,1,121.18,0,121.18
477,223,95,2,42.95,0,85.9
478,224,102,1,116.44,0,116.44
479,224,12,1,291.22,0,291.22
480,224,39,2,43.96,0,87.92
481,224,54,1,92.65,0.15,78.75
482,224,46,1,64.69,0.15,54.99
483,225,8,1,255.14,0,255.14
484,225,159,1,57.51,0.15,48.88
485,225,58,1,151.67,0,151.67
486,225,87,1,40.81,0,40.81
487,225,140,1,66.53,0.2,53.22
488,226,136,2,116.14,0,232.28
489,226,1,1,134.64,0,134.64
490,226,50,1,55.81,0,55.81
491,227,81,1,52.03,0,52.03
492,228,93,1,19.37,0.2,15.5
493,229,17,1,75.74,0,75.74
494,229,40,1,53.97,0,53.97
495,230,89,1,41.71,0,41.71
496,230,1,1,134.64,0.2,107.71
497,231,149,2,68.48,0,136.96
498,231,142,2,31.27,0,62.54
499,231,111,3,282.79,0,848.37
500,231,74,2,41.44,0.2,66.3
501,231,54,1,92.65,0,92.65
502,232,53,1,86.91,0.2,69.53
503,233,18,1,268.84,0.15,228.51
504,233,116,1,217.77,0,217.77
505,234,28,1,93.65,0.1,84.29
506,234,61,1,12.8,0,12.8
507,235,54,3,92.65,0.2,222.36
508,235,54,1,92.65,0.15,78.75
509,235,88,1,39.57,0,39.57
510,236,61,2,12.8,0.1,23.04
511,236,34,1,164.11,0,164.11
512,237,118,1,357.71,0,357.71
513,237,106,1,187.33,0.15,159.23
514,237,87,1,40.81,0,40.81
515,237,2,1,198.54,0.15,168.76
516,237,61,1,12.8,0,12.8
517,238,74,1,41.44,0.15,35.22
518,238,53,2,86.91,0.1,156.44
519,239,91,1,50.62,0,50.62
520,239,160,1,40.26,0,40.26
521,239,9,1,98.65,0,98.65
522,239,36,2,143.82,0,287.64
523,239,158,1,14.07,0,14.07
524,240,22,1,399.88,0,399.88
525,241,96,1,51.37,0,51.37
526,242,54,1,92.65,0,92.65
527,243,138,1,24.71,0,24.71
528,243,108,1,97.45,0,97.45
529,243,108,1,97.45,0,97.45
530,244,140,1,66.53,0,66.53
531,245,1,1,134.64,0,134.64
532,246,60,2,294.14,0.15,500.04
533,247,9,1,98.65,0,98.65
534,248,19,1,229.68,0,229.68
535,248,101,2,68.79,0,137.58
536,248,53,1,86.91,0.2,69.53
537,248,2,1,198.54,0.1,178.69
538,249,54,2,92.65,0,185.3
539,249,110,1,59.23,0,59.23
540,250,39,1,43.96,0.1,39.56
541,250,61,1,12.8,0,12.8
542,251,54,2,92.65,0.2,148.24
543,252,54,1,92.65,0,92.65
544,252,54,1,92.65,0,92.65
545,252,54,1,92.65,0,92.65
546,252,84,1,13.12,0.15,11.15
547,252,31,2,121.18,0.1,218.12
548,253,96,1,51.37,0,51.37
549,253,110,1,59.23,0,59.23
550,253,34,3,164.11,0,492.33
551,253,80,2,41.32,0.1,74.38
552,254,34,1,164.11,0.1,147.7
553,254,64,1,113.76,0,113.76
554,254,149,1,68.48,0,68.48
555,254,3,1,101.49,0,101.49
556,255,12,1,291.22,0,291.22
557,256,95,1,42.95,0,42.95
558,257,42,2,80.28,0.15,136.48
559,257,109,1,22.1,0,22.1
560,257,54,1,92.65,0,92.65
561,258,118,1,357.71,0,357.71
562,258,54,1,92.65,0,92.65
563,259,80,1,41.32,0.2,33.06
564,259,99,1,79.98,0,79.98
565,259,91,2,50.62,0.2,80.99
566,260,19,2,229.68,0,459.36
567,260,53,1,86.91,0,86.91
568,260,137,1,15.32,0,15.32
569,261,111,1,282.79,0.2,226.23
570,261,42,1,80.28,0,80.28
571,261,109,1,22.1,0,22.1
572,262,126,3,319.24,0,957.72
573,263,98,1,11.23,0,11.23
574,263,112,1,329.53,0,329.53
575,263,44,1,83.07,0,83.07
576,263,87,1,40.81,0,40.81
577,264,33,3,49.0,0,147.0
578,265,97,2,23.97,0,47.94
579,266,54,2,92.65,0,185.3
580,267,17,1,75.74,0,75.74
581,267,89,1,41.71,0,41.71
582,268,80,1,41.32,0.1,37.19
583,268,74,1,41.44,0,41.44
584,268,43,1,75.67,0.15,64.32
585,268,152,1,66.12,0,66.12
586,269,54,2,92.65,0,185.3
587,269,54,1,92.65,0.1,83.39
588,269,99,1,79.98,0,79.98
589,270,102,1,116.44,0.1,104.8
590,271,1,2,134.64,0,269.28
591,271,150,1,44.1,0.1,39.69
592,272,101,2,68.79,0.1,123.82
593,272,124,1,13.96,0,13.96
594,272,152,1,66.12,0,66.12
595,272,141,1,71.69,0,71.69
596,272,124,2,13.96,0.2,22.34
597,273,18,1,268.84,0,268.84
598,273,97,1,23.97,0,23.97
599,274,140,1,66.53,0.1,59.88
600,274,54,3,92.65,0,277.95
601,275,111,2,282.79,0,565.58
602,275,141,2,71.69,0,143.38
603,276,1,1,134.64,0,134.64
604,277,145,2,84.99,0.2,135.98
605,278,142,1,31.27,0,31.27
606,279,84,1,13.12,0,13.12
607,280,78,1,77.23,0.1,69.51
608,280,54,1,92.65,0,92.65
609,281,101,1,68.79,0,68.79
610,282,157,1,65.63,0,65.63
611,282,61,2,12.8,0,25.6
612,282,119,2,213.48,0,426.96
613,282,54,3,92.65,0.15,236.26
614,282,66,2,279.67,0,559.34
615,283,31,1,121.18,0,121.18
616,284,62,1,117.07,0.15,99.51
617,284,54,2,92.65,0,185.3
618,285,156,1,17.86,0,17.86
619,286,123,1,92.73,0,92.73
620,287,56,1,48.94,0.15,41.6
621,287,54,2,92.65,0,185.3
622,288,132,1,101.25,0,101.25
623,288,40,1,53.97,0,53.97
624,288,62,1,117.07,0,117.07
625,289,39,2,43.96,0,87.92
626,290,10,1,116.26,0.1,104.63
627,291,159,2,57.51,0,115.02
628,292,16,1,232.17,0.15,197.34
629,292,97,2,23.97,0.15,40.75
630,293,54,1,92.65,0,92.65
631,293,147,2,23.93,0.1,43.07
632,294,54,1,92.65,0.2,74.12
633,295,99,1,79.98,0.2,63.98
634,295,89,1,41.71,0.1,37.54
635,296,125,3,226.52,0,679.56
636,296,157,1,65.63,0,65.63
637,296,56,2,48.94,0,97.88
638,296,87,2,40.81,0,81.62
639,297,54,1,92.65,0,92.65
640,297,68,2,204.27,0,408.54
641,298,110,1,59.23,0,59.23
642,298,114,2,240.92,0,481.84
643,298,40,1,53.97,0,53.97
644,298,82,2,54.72,0,109.44
645,298,119,1,213.48,0,213.48
646,299,114,1,240.92,0,240.92
647,299,60,1,294.14,0.1,264.73
648,300,159,1,57.51,0,57.51
649,301,19,2,229.68,0,459.36
650,301,21,1,274.21,0,274.21
651,301,127,2,268.94,0.15,457.2
652,301,149,2,68.48,0.1,123.26
653,302,150,1,44.1,0,44.1
654,302,47,1,173.41,0.15,147.4
655,302,72,1,196.03,0,196.03
656,302,33,1,49.0,0,49.0
657,303,158,2,14.07,0,28.14
658,303,54,1,92.65,0,92.65
659,303,54,2,92.65,0,185.3
660,304,99,1,79.98,0,79.98
661,305,139,2,70.5,0.1,126.9
662,305,88,1,39.57,0,39.57
663,305,110,1,59.23,0,59.23
664,306,97,1,23.97,0,23.97
665,306,113,1,274.17,0,274.17
666,307,34,1,164.11,0,164.11
667,308,28,1,93.65,0,93.65
668,309,126,2,319.24,0,638.48
669,309,24,1,346.45,0,346.45
670,310,128,1,398.69,0,398.69
671,310,6,1,180.27,0.1,162.24
672,310,131,1,62.23,0.15,52.9
673,311,95,2,42.95,0,85.9
674,311,33,2,49.0,0,98.0
675,311,90,2,52.82,0,105.64
676,312,84,1,13.12,0,13.12
677,313,111,1,282.79,0,282.79
678,314,144,1,11.66,0,11.66
679,314,43,2,75.67,0,151.34
680,314,54,1,92.65,0,92.65
681,315,140,1,66.53,0.1,59.88
682,315,44,1,83.07,0,83.07
683,316,152,2,66.12,0.2,105.79
684,316,103,2,74.37,0.15,126.43
685,316,111,1,282.79,0,282.79
686,316,119,1,213.48,0,213.48
687,317,118,1,357.71,0.15,304.05
688,317,94,1,59.56,0,59.56
689,318,121,1,374.5,0,374.5
690,319,6,2,180.27,0.1,324.49
691,319,119,1,213.48,0,213.48
692,319,46,1,64.69,0,64.69
693,320,41,1,179.88,0,179.88
694,320,29,1,122.84,0.15,104.41
695,321,61,1,12.8,0.1,11.52
696,322,58,1,151.67,0,151.67
697,323,60,3,294.14,0,882.42
698,324,67,1,62.01,0.15,52.71
699,325,112,1,329.53,0,329.53
700,325,61,1,12.8,0,12.8
701,325,114,1,240.92,0,240.92
702,326,15,1,152.22,0,152.22
703,327,91,1,50.62,0.1,45.56
704,328,134,2,40.72,0.1,73.3
705,328,107,1,335.62,0,335.62
706,328,61,1,12.8,0.1,11.52
707,329,137,1,15.32,0,15.32
708,329,88,1,39.57,0.15,33.63
709,329,54,2,92.65,0,185.3
710,330,114,1,240.92,0.1,216.83
711,331,72,1,196.03,0,196.03
712,332,147,2,23.93,0,47.86
713,332,54,2,92.65,0,185.3
714,332,127,1,268.94,0.2,215.15
715,333,41,1,179.88,0,179.88
716,333,68,1,204.27,0,204.27
717,333,64,2,113.76,0,227.52
718,333,43,1,75.67,0,75.67
719,334,72,2,196.03,0.15,333.25
720,335,31,1,121.18,0.1,109.06
721,335,43,1,75.67,0.15,64.32
722,336,34,1,164.11,0,164.11
723,336,39,2,43.96,0.1,79.13
724,337,123,1,92.73,0,92.73
725,337,128,1,398.69,0.1,358.82
726,337,54,1,92.65,0.15,78.75
727,337,157,3,65.63,0.1,177.2
728,338,39,1,43.96,0,43.96
729,338,146,1,20.85,0,20.85
730,339,117,1,173.82,0,173.82
731,340,53,2,86.91,0,173.82
732,341,140,1,66.53,0,66.53
733,342,60,1,294.14,0,294.14
734,342,11,1,176.03,0,176.03
735,343,50,1,55.81,0.1,50.23
736,343,67,1,62.01,0,62.01
737,343,87,1,40.81,0,40.81
738,343,37,1,83.16,0,83.16
739,344,101,1,68.79,0,68.79
740,345,127,1,268.94,0.15,228.6
741,346,82,2,54.72,0.2,87.55
742,347,147,1,23.93,0,23.93
743,347,33,1,49.0,0,49.0
744,348,54,1,92.65,0,92.65
745,349,84,1,13.12,0,13.12
746,349,31,1,121.18,0.15,103.0
747,349,136,1,116.14,0,116.14
748,350,18,2,268.84,0,537.68
749,351,45,1,61.85,0,61.85
750,352,132,1,101.25,0,101.25
751,353,38,1,79.64,0,79.64
752,353,94,1,59.56,0.1,53.6
753,353,66,3,279.67,0,839.01
754,354,129,1,36.16,0,36.16
755,354,54,2,92.65,0,185.3
756,354,92,2,74.46,0,148.92
757,354,101,1,68.79,0.2,55.03
758,355,61,2,12.8,0,25.6
759,355,34,1,164.11,0,164.11
760,355,123,1,92.73,0,92.73
761,356,111,2,282.79,0.15,480.74
762,356,34,2,164.11,0,328.22
763,356,140,1,66.53,0,66.53
764,357,63,2,115.75,0,231.5
765,357,119,2,213.48,0.1,384.26
766,358,61,1,12.8,0,12.8
767,358,149,1,68.48,0,68.48
768,358,34,1,164.11,0.15,139.49
769,359,54,2,92.65,0,185.3
770,360,6,1,180.27,0,180.27
771,360,121,1,374.5,0,374.5
772,361,123,2,92.73,0,185.46
773,361,18,1,268.84,0,268.84
774,361,22,2,399.88,0,799.76
775,362,126,1,319.24,0,319.24
776,363,21,1,274.21,0,274.21
777,364,33,1,49.0,0,49.0
778,364,115,3,276.86,0.2,664.46
779,365,70,2,67.88,0.1,122.18
780,365,39,3,43.96,0,131.88
781,365,101,1,68.79,0.1,61.91
782,366,26,1,66.46,0.15,56.49
783,367,92,1,74.46,0,74.46
784,368,63,3,115.75,0,347.25
785,369,25,1,292.94,0,292.94
786,370,49,1,111.88,0.1,100.69
787,370,97,1,23.97,0,23.97
788,370,115,3,276.86,0,830.58
789,371,87,1,40.81,0,40.81
790,371,24,2,346.45,0,692.9
791,372,42,1,80.28,0,80.28
792,372,17,1,75.74,0,75.74
793,373,121,1,374.5,0.15,318.32
794,373,11,1,176.03,0.15,149.63
795,374,149,3,68.48,0.15,174.62
796,374,62,1,117.07,0,117.07
797,374,88,1,39.57,0.2,31.66
798,374,7,2,33.9,0,67.8
799,375,34,1,164.11,0,164.11
800,376,22,1,399.88,0,399.88
801,376,134,2,40.72,0,81.44
802,376,150,1,44.1,0,44.1
803,376,24,1,346.45,0,346.45
804,376,148,1,60.49,0.1,54.44
805,377,32,2,49.75,0,99.5
806,378,100,2,69.29,0.15,117.79
807,378,54,1,92.65,0.15,78.75
808,379,61,2,12.8,0,25.6
809,380,101,1,68.79,0.2,55.03
810,381,37,1,83.16,0,83.16
811,381,101,1,68.79,0,68.79
812,381,29,1,122.84,0,122.84
813,381,54,3,92.65,0,277.95
814,381,11,1,176.03,0,176.03
815,382,105,1,348.07,0.15,295.86
816,383,16,1,232.17,0,232.17
817,383,112,1,329.53,0.15,280.1
818,383,94,1,59.56,0,59.56
819,384,13,1,132.43,0,132.43
820,385,106,1,187.33,0,187.33
821,386,71,1,16.86,0,16.86
822,386,114,1,240.92,0,240.92
823,386,72,1,196.03,0,196.03
824,386,61,1,12.8,0,12.8
825,386,32,3,49.75,0.15,126.86
826,387,102,3,116.44,0.15,296.92
827,388,1,3,134.64,0.2,323.14
828,389,119,1,213.48,0.1,192.13
829,389,78,1,77.23,0.15,65.65
830,389,88,1,39.57,0,39.57
831,389,2,1,198.54,0,198.54
832,389,63,1,115.75,0,115.75
833,390,53,1,86.91,0.1,78.22
834,390,97,1,23.97,0.15,20.37
835,390,28,1,93.65,0,93.65
836,391,150,2,44.1,0,88.2
837,391,35,2,124.39,0,248.78
838,391,101,1,68.79,0.15,58.47
839,391,95,1,42.95,0,42.95
840,392,31,1,121.18,0.15,103.0
841,393,113,2,274.17,0,548.34
842,393,54,2,92.65,0.1,166.77
843,393,54,1,92.65,0,92.65
844,393,97,1,23.97,0,23.97
845,394,8,1,255.14,0,255.14
846,395,54,3,92.65,0,277.95
847,396,94,1,59.56,0,59.56
848,396,28,1,93.65,0.1,84.29
849,397,113,1,274.17,0,274.17
850,398,95,1,42.95,0,42.95
851,398,54,1,92.65,0.1,83.39
852,398,119,2,213.48,0,426.96
853,399,97,1,23.97,0,23.97
854,400,119,1,213.48,0.15,181.46
855,401,21,1,274.21,0,274.21
856,401,44,1,83.07,0,83.07
857,402,61,1,12.8,0.1,11.52
858,402,97,1,23.97,0,23.97
859,403,54,1,92.65,0.1,83.39
860,403,140,2,66.53,0,133.06
861,403,2,1,198.54,0,198.54
862,403,54,1,92.65,0,92.65
863,404,54,1,92.65,0.1,83.39
864,405,127,1,268.94,0,268.94
865,405,3,1,101.49,0.2,81.19
866,406,97,1,23.97,0.15,20.37
867,407,85,2,74.75,0,149.5
868,407,44,1,83.07,0,83.07
869,407,54,2,92.65,0,185.3
870,408,97,2,23.97,0,47.94
871,408,131,1,62.23,0,62.23
872,408,6,1,180.27,0.15,153.23
873,408,19,1,229.68,0,229.68
874,408,73,2,43.45,0.1,78.21
875,409,157,1,65.63,0,65.63
876,409,30,1,168.06,0.15,142.85
877,409,46,1,64.69,0,64.69
878,410,78,1,77.23,0,77.23
879,410,97,1,23.97,0,23.97
880,411,54,1,92.65,0,92.65
881,411,114,2,240.92,0.1,433.66
882,411,94,3,59.56,0,178.68
883,411,98,1,11.23,0.2,8.98
884,411,144,1,11.66,0,11.66
885,412,54,1,92.65,0.1,83.39
886,413,119,1,213.48,0,213.48
887,414,66,1,279.67,0,279.67
888,414,13,2,132.43,0,264.86
889,415,111,1,282.79,0,282.79
890,416,31,1,121.18,0,121.18
891,417,99,1,79.98,0,79.98
892,418,101,1,68.79,0,68.79
893,419,135,1,105.74,0,105.74
894,420,121,1,374.5,0,374.5
895,420,49,2,111.88,0.1,201.38
896,420,119,1,213.48,0,213.48
897,421,31,3,121.18,0.1,327.19
898,421,77,1,42.23,0,42.23
899,422,141,1,71.69,0,71.69
900,422,54,1,92.65,0,92.65
901,423,35,1,124.39,0.15,105.73
902,423,66,2,279.67,0.15,475.44
903,423,54,1,92.65,0.1,83.39
904,424,78,2,77.23,0,154.46
905,424,132,3,101.25,0,303.75
906,424,108,1,97.45,0,97.45
907,424,54,1,92.65,0,92.65
908,425,63,1,115.75,0,115.75
909,426,137,2,15.32,0.1,27.58
910,426,33,2,49.0,0.1,88.2
911,426,108,1,97.45,0.15,82.83
912,426,139,1,70.5,0.1,63.45
913,427,93,1,19.37,0.15,16.46
914,428,54,2,92.65,0.15,157.5
915,428,80,1,41.32,0.1,37.19
916,428,89,1,41.71,0.15,35.45
917,429,60,1,294.14,0,294.14
918,429,139,1,70.5,0,70.5
919,429,54,1,92.65,0,92.65
920,429,105,1,348.07,0.15,295.86
921,430,15,2,152.22,0,304.44
922,431,136,2,116.14,0,232.28
923,431,121,1,374.5,0,374.5
924,432,135,1,105.74,0,105.74
925,432,142,1,31.27,0,31.27
926,432,113,1,274.17,0.2,219.34
927,433,71,1,16.86,0.1,15.17
928,433,93,1,19.37,0.2,15.5
929,434,111,2,282.79,0,565.58
930,434,61,1,12.8,0.15,10.88
931,435,147,1,23.93,0,23.93
932,435,54,2,92.65,0,185.3
933,435,113,1,274.17,0,274.17
934,435,11,1,176.03,0,176.03
935,435,139,2,70.5,0,141.0
936,436,123,1,92.73,0.1,83.46
937,436,87,1,40.81,0.15,34.69
938,437,114,1,240.92,0,240.92
939,437,8,1,255.14,0,255.14
940,438,101,1,68.79,0,68.79
941,439,40,1,53.97,0.15,45.87
942,439,99,1,79.98,0,79.98
943,440,53,2,86.91,0,173.82
944,440,20,2,84.59,0.1,152.26
945,441,25,1,292.94,0.15,249.0
946,441,21,1,274.21,0.1,246.79
947,442,132,1,101.25,0.1,91.12
948,442,68,1,204.27,0,204.27
949,443,158,1,14.07,0,14.07
950,444,68,1,204.27,0,204.27
951,444,34,1,164.11,0,164.11
952,445,74,2,41.44,0,82.88
953,446,150,2,44.1,0,88.2
954,446,66,2,279.67,0,559.34
955,446,78,1,77.23,0,77.23
956,447,61,2,12.8,0,25.6
957,447,95,1,42.95,0,42.95
958,448,26,1,66.46,0.1,59.81
959,449,75,2,185.8,0,371.6
960,449,142,2,31.27,0,62.54
961,450,124,2,13.96,0,27.92
962,450,74,1,41.44,0,41.44
963,450,148,1,60.49,0,60.49
964,450,152,2,66.12,0,132.24
965,450,28,2,93.65,0,187.3
966,451,108,1,97.45,0.1,87.7
967,452,159,1,57.51,0.15,48.88
968,452,21,1,274.21,0,274.21
969,453,97,1,23.97,0,23.97
970,454,109,1,22.1,0,22.1
971,454,85,1,74.75,0,74.75
972,455,152,1,66.12,0,66.12
973,455,159,1,57.51,0,57.51
974,455,61,1,12.8,0,12.8
975,456,111,1,282.79,0.1,254.51
976,456,72,1,196.03,0.1,176.43
977,456,57,1,91.71,0,91.71
978,456,54,2,92.65,0,185.3
979,456,108,1,97.45,0,97.45
980,457,83,1,23.95,0,23.95
981,458,54,1,92.65,0.15,78.75
982,458,72,1,196.03,0,196.03
983,459,39,1,43.96,0,43.96
984,460,112,2,329.53,0.1,593.15
985,460,149,1,68.48,0,68.48
986,460,159,2,57.51,0.15,97.77
987,460,61,1,12.8,0.1,11.52
988,460,54,1,92.65,0,92.65
989,461,145,1,84.99,0.1,76.49
990,461,160,1,40.26,0.1,36.23
991,461,81,1,52.03,0,52.03
992,461,31,1,121.18,0,121.18
993,462,95,1,42.95,0,42.95
994,463,103,2,74.37,0,148.74
995,463,114,1,240.92,0,240.92
996,464,113,2,274.17,0,548.34
997,465,11,2,176.03,0,352.06
998,466,156,2,17.86,0,35.72
999,466,38,3,79.64,0,238.92
1000,466,101,1,68.79,0.15,58.47
1001,467,111,2,282.79,0,565.58
1002,467,101,1,68.79,0,68.79
1003,467,64,1,113.76,0.1,102.38
1004,467,19,1,229.68,0,229.68
1005,468,119,1,213.48,0,213.48
1006,468,54,1,92.65,0.1,83.39
1007,468,72,1,196.03,0.1,176.43
1008,468,111,3,282.79,0,848.37
1009,468,52,1,190.14,0,190.14
1010,469,67,1,62.01,0,62.01
1011,469,150,1,44.1,0.2,35.28
1012,469,97,1,23.97,0,23.97
1013,469,98,1,11.23,0,11.23
1014,470,111,1,282.79,0,282.79
1015,470,22,2,399.88,0,799.76
1016,471,145,1,84.99,0.1,76.49
1017,471,107,1,335.62,0.1,302.06
1018,472,39,1,43.96,0.1,39.56
1019,472,67,1,62.01,0,62.01
1020,473,160,1,40.26,0.15,34.22
1021,473,54,1,92.65,0,92.65
1022,473,39,1,43.96,0,43.96
1023,473,147,1,23.93,0,23.93
1024,474,73,3,43.45,0.1,117.32
1025,474,67,1,62.01,0,62.01
1026,475,6,1,180.27,0.15,153.23
1027,475,7,1,33.9,0,33.9
1028,475,17,2,75.74,0.1,136.33
1029,476,138,1,24.71,0,24.71
1030,476,139,3,70.5,0,211.5
1031,476,56,1,48.94,0.15,41.6
1032,476,21,1,274.21,0,274.21
1033,476,87,1,40.81,0,40.81
1034,477,101,1,68.79,0,68.79
1035,477,160,2,40.26,0,80.52
1036,478,3,1,101.49,0,101.49
1037,479,5,1,135.87,0,135.87
1038,479,106,1,187.33,0,187.33
1039,479,97,1,23.97,0.1,21.57
1040,480,121,1,374.5,0,374.5
1041,481,103,1,74.37,0,74.37
1042,481,64,2,113.76,0.1,204.77
1043,481,53,1,86.91,0,86.91
1044,481,126,2,319.24,0,638.48
1045,482,155,1,82.21,0,82.21
1046,482,58,1,151.67,0.15,128.92
1047,482,63,2,115.75,0,231.5
1048,482,121,1,374.5,0.15,318.32
1049,483,66,1,279.67,0,279.67
1050,484,119,1,213.48,0,213.48
1051,485,56,1,48.94,0,48.94
1052,485,89,1,41.71,0,41.71
1053,485,66,1,279.67,0,279.67
1054,485,34,1,164.11,0.15,139.49
1055,486,34,2,164.11,0,328.22
1056,487,54,1,92.65,0.2,74.12
1057,487,140,1,66.53,0.15,56.55
1058,488,125,1,226.52,0.1,203.87
1059,489,130,1,68.02,0,68.02
1060,490,10,1,116.26,0,116.26
1061,491,54,1,92.65,0,92.65
1062,491,123,1,92.73,0,92.73
1063,492,56,1,48.94,0,48.94
1064,492,56,1,48.94,0,48.94
1065,493,145,1,84.99,0.1,76.49
1066,494,98,1,11.23,0.1,10.11
1067,494,132,2,101.25,0,202.5
1068,494,54,1,92.65,0,92.65
1069,495,142,2,31.27,0,62.54
1070,496,11,1,176.03,0,176.03
1071,497,153,1,99.2,0.1,89.28
1072,498,54,1,92.65,0.15,78.75
1073,498,18,1,268.84,0,268.84
1074,499,76,1,65.54,0,65.54
1075,499,88,1,39.57,0,39.57
1076,500,132,1,101.25,0.1,91.12
1077,500,60,2,294.14,0,588.28
1078,501,84,1,13.12,0.1,11.81
1079,501,85,1,74.75,0,74.75
1080,502,97,1,23.97,0,23.97
1081,503,68,1,204.27,0.1,183.84
1082,503,80,2,41.32,0,82.64
1083,503,13,2,132.43,0,264.86
1084,503,54,1,92.65,0.1,83.39
1085,504,121,2,374.5,0,749.0
1086,505,106,2,187.33,0,374.66
1087,505,102,1,116.44,0.15,98.97
1088,505,13,1,132.43,0,132.43
1089,505,58,1,151.67,0,151.67
1090,506,97,1,23.97,0,23.97
1091,506,15,1,152.22,0,152.22
1092,507,97,2,23.97,0.15,40.75
1093,507,44,1,83.07,0.15,70.61
1094,508,26,1,66.46,0,66.46
1095,508,3,2,101.49,0.15,172.53
1096,509,16,1,232.17,0.15,197.34
1097,510,118,1,357.71,0.1,321.94
1098,510,115,1,276.86,0,276.86
1099,511,70,1,67.88,0.1,61.09
1100,511,108,1,97.45,0,97.45
1101,511,68,1,204.27,0,204.27
1102,512,135,1,105.74,0,105.74
1103,512,18,1,268.84,0.1,241.96
1104,512,138,1,24.71,0,24.71
1105,513,8,2,255.14,0,510.28
1106,513,42,2,80.28,0,160.56
1107,514,11,2,176.03,0.1,316.85
1108,514,2,1,198.54,0,198.54
1109,515,123,1,92.73,0,92.73
1110,516,37,1,83.16,0.1,74.84
1111,517,106,1,187.33,0.1,168.6
1112,518,85,1,74.75,0,74.75
1113,518,114,2,240.92,0,481.84
1114,519,77,1,42.23,0,42.23
1115,519,49,1,111.88,0,111.88
1116,519,61,1,12.8,0,12.8
1117,519,3,1,101.49,0,101.49
1118,520,146,2,20.85,0.1,37.53
1119,520,72,1,196.03,0.1,176.43
1120,520,67,1,62.01,0,62.01
1121,520,54,1,92.65,0,92.65
1122,520,57,1,91.71,0,91.71
1123,521,54,1,92.65,0,92.65
1124,521,53,1,86.91,0,86.91
1125,521,57,2,91.71,0,183.42
1126,522,110,2,59.23,0,118.46
1127,522,28,1,93.65,0,93.65
1128,523,61,2,12.8,0.15,21.76
1129,524,41,1,179.88,0,179.88
1130,525,35,1,124.39,0,124.39
1131,525,33,1,49.0,0,49.0
1132,525,110,1,59.23,0,59.23
1133,525,150,1,44.1,0,44.1
1134,525,119,1,213.48,0,213.48
1135,526,110,1,59.23,0,59.23
1136,526,38,1,79.64,0,79.64
1137,526,108,3,97.45,0.1,263.12
1138,527,158,1,14.07,0,14.07
1139,528,155,1,82.21,0,82.21
1140,528,1,1,134.64,0.15,114.44
1141,529,54,3,92.65,0.1,250.16
1142,530,106,2,187.33,0,374.66
1143,530,36,1,143.82,0,143.82
1144,531,33,1,49.0,0,49.0
1145,531,21,1,274.21,0,274.21
1146,531,88,1,39.57,0,39.57
1147,531,37,1,83.16,0.1,74.84
1148,532,114,1,240.92,0,240.92
1149,532,105,1,348.07,0,348.07
1150,532,132,1,101.25,0,101.25
1151,533,123,1,92.73,0,92.73
1152,533,160,1,40.26,0.15,34.22
1153,533,56,3,48.94,0,146.82
1154,533,117,1,173.82,0,173.82
1155,534,62,1,117.07,0,117.07
1156,534,48,1,156.79,0.2,125.43
1157,534,160,1,40.26,0,40.26
1158,535,78,1,77.23,0,77.23
1159,535,91,2,50.62,0,101.24
1160,536,158,1,14.07,0,14.07
1161,537,110,1,59.23,0,59.23
1162,538,74,2,41.44,0,82.88
1163,539,132,1,101.25,0,101.25
1164,539,48,1,156.79,0,156.79
1165,540,157,1,65.63,0.15,55.79
1166,540,139,1,70.5,0.1,63.45
1167,541,100,1,69.29,0,69.29
1168,542,132,1,101.25,0,101.25
1169,543,145,2,84.99,0.15,144.48
1170,543,132,2,101.25,0,202.5
1171,543,132,1,101.25,0,101.25
1172,544,46,1,64.69,0,64.69
1173,544,97,1,23.97,0.1,21.57
1174,545,11,1,176.03,0.15,149.63
1175,546,121,1,374.5,0,374.5
1176,546,98,1,11.23,0.1,10.11
1177,546,102,1,116.44,0,116.44
1178,547,72,1,196.03,0.15,166.63
1179,547,101,2,68.79,0,137.58
1180,547,143,1,69.82,0,69.82
1181,548,71,1,16.86,0,16.86
1182,548,77,1,42.23,0.15,35.9
1183,548,33,1,49.0,0,49.0
1184,548,77,1,42.23,0.1,38.01
1185,549,134,2,40.72,0,81.44
1186,549,45,1,61.85,0,61.85
1187,549,127,2,268.94,0,537.88
1188,549,64,1,113.76,0,113.76
1189,550,140,1,66.53,0.1,59.88
1190,550,54,2,92.65,0,185.3
1191,550,107,1,335.62,0,335.62
1192,550,107,1,335.62,0.15,285.28
1193,550,34,1,164.11,0,164.11
1194,551,54,1,92.65,0,92.65
1195,551,97,1,23.97,0,23.97
1196,552,54,1,92.65,0.1,83.39
1197,552,132,3,101.25,0,303.75
1198,553,145,2,84.99,0,169.98
1199,554,160,3,40.26,0,120.78
1200,554,8,1,255.14,0,255.14
1201,555,88,1,39.57,0,39.57
1202,556,123,1,92.73,0,92.73
1203,556,121,1,374.5,0,374.5
1204,556,54,1,92.65,0,92.65
1205,557,108,1,97.45,0,97.45
1206,557,88,1,39.57,0.15,33.63
1207,557,46,1,64.69,0,64.69
1208,558,127,1,268.94,0,268.94
1209,558,127,1,268.94,0,268.94
1210,559,129,1,36.16,0.15,30.74
1211,560,97,1,23.97,0,23.97
1212,560,140,2,66.53,0.15,113.1
1213,560,148,1,60.49,0,60.49
1214,560,135,1,105.74,0,105.74
1215,560,139,2,70.5,0,141.0
1216,561,1,2,134.64,0,269.28
1217,561,119,1,213.48,0,213.48
1218,562,97,3,23.97,0,71.91
1219,562,61,1,12.8,0,12.8
1220,562,60,1,294.14,0,294.14
1221,563,139,1,70.5,0.15,59.92
1222,563,67,1,62.01,0.2,49.61
1223,563,11,1,176.03,0,176.03
1224,563,135,2,105.74,0.2,169.18
1225,564,1,1,134.64,0.15,114.44
1226,564,54,1,92.65,0,92.65
1227,564,88,1,39.57,0,39.57
1228,565,157,2,65.63,0.2,105.01
1229,565,58,1,151.67,0,151.67
1230,566,63,1,115.75,0,115.75
1231,566,112,1,329.53,0.1,296.58
1232,566,123,1,92.73,0,92.73
1233,567,88,1,39.57,0,39.57
1234,567,36,1,143.82,0,143.82
1235,567,54,1,92.65,0.15,78.75
1236,568,37,2,83.16,0,166.32
1237,568,60,2,294.14,0,588.28
1238,569,119,1,213.48,0,213.48
1239,569,63,1,115.75,0,115.75
1240,570,18,2,268.84,0,537.68
1241,571,102,2,116.44,0.15,197.95
1242,571,1,1,134.64,0.15,114.44
1243,571,54,1,92.65,0,92.65
1244,572,119,1,213.48,0,213.48
1245,572,42,1,80.28,0,80.28
1246,572,54,1,92.65,0.1,83.39
1247,572,54,1,92.65,0,92.65
1248,573,68,1,204.27,0,204.27
1249,574,139,1,70.5,0.15,59.92
1250,575,61,1,12.8,0,12.8
1251,576,78,2,77.23,0,154.46
1252,576,81,1,52.03,0,52.03
1253,576,121,2,374.5,0.1,674.1
1254,576,156,1,17.86,0,17.86
1255,577,140,2,66.53,0,133.06
1256,577,139,1,70.5,0,70.5
1257,577,155,1,82.21,0,82.21
1258,578,18,1,268.84,0,268.84
1259,578,96,1,51.37,0.1,46.23
1260,579,7,1,33.9,0,33.9
1261,580,34,1,164.11,0,164.11
1262,580,118,3,357.71,0,1073.13
1263,580,114,1,240.92,0,240.92
1264,581,108,2,97.45,0,194.9
1265,582,137,1,15.32,0,15.32
1266,582,92,1,74.46,0,74.46
1267,583,97,2,23.97,0,47.94
1268,584,89,1,41.71,0,41.71
1269,585,65,1,172.37,0,172.37
1270,585,21,1,274.21,0,274.21
1271,586,103,2,74.37,0,148.74
1272,587,32,1,49.75,0.2,39.8
1273,588,113,1,274.17,0,274.17
1274,589,145,1,84.99,0.1,76.49
1275,589,137,1,15.32,0,15.32
1276,590,16,2,232.17,0,464.34
1277,591,42,1,80.28,0,80.28
1278,591,95,1,42.95,0,42.95
1279,591,20,1,84.59,0,84.59
1280,591,72,1,196.03,0,196.03
1281,592,36,1,143.82,0,143.82
1282,592,114,1,240.92,0.15,204.78
1283,592,121,1,374.5,0.1,337.05
1284,592,77,1,42.23,0,42.23
1285,593,157,2,65.63,0,131.26
1286,594,53,2,86.91,0,173.82
1287,595,152,1,66.12,0,66.12
1288,595,121,2,374.5,0.1,674.1
1289,595,57,1,91.71,0,91.71
1290,595,36,1,143.82,0.15,122.25
1291,595,29,2,122.84,0,245.68
1292,596,127,2,268.94,0.2,430.3
1293,597,88,2,39.57,0,79.14
1294,598,142,2,31.27,0.1,56.29
1295,599,61,1,12.8,0.1,11.52
1296,600,97,1,23.97,0,23.97
1297,601,116,1,217.77,0,217.77
1298,601,24,1,346.45,0,346.45
1299,601,15,1,152.22,0.1,137.0
1300,602,57,3,91.71,0,275.13
1301,602,136,1,116.14,0,116.14
1302,603,56,1,48.94,0,48.94
1303,603,89,1,41.71,0.1,37.54
1304,603,106,1,187.33,0.1,168.6
1305,604,91,3,50.62,0,151.86
1306,605,54,1,92.65,0,92.65
1307,606,111,1,282.79,0,282.79
1308,607,135,1,105.74,0,105.74
1309,607,111,1,282.79,0.1,254.51
1310,607,86,1,8.05,0,8.05
1311,608,101,1,68.79,0.1,61.91
1312,609,86,1,8.05,0,8.05
1313,610,91,1,50.62,0.1,45.56
1314,611,119,1,213.48,0.1,192.13
1315,611,89,1,41.71,0,41.71
1316,612,39,1,43.96,0,43.96
1317,613,127,2,268.94,0,537.88
1318,613,54,2,92.65,0.15,157.5
1319,613,160,2,40.26,0,80.52
1320,613,142,2,31.27,0,62.54
1321,614,56,1,48.94,0,48.94
1322,614,54,2,92.65,0,185.3
1323,615,82,1,54.72,0,54.72
1324,616,144,1,11.66,0.1,10.49
1325,617,141,1,71.69,0.15,60.94
1326,617,55,1,295.32,0.1,265.79
1327,618,19,1,229.68,0.1,206.71
1328,619,78,2,77.23,0.1,139.01
1329,619,95,1,42.95,0,42.95
1330,619,107,1,335.62,0,335.62
1331,619,71,2,16.86,0.1,30.35
1332,620,36,1,143.82,0,143.82
1333,621,91,1,50.62,0,50.62
1334,621,11,1,176.03,0,176.03
1335,622,101,1,68.79,0,68.79
1336,622,129,1,36.16,0,36.16
1337,623,62,1,117.07,0.1,105.36
1338,623,99,1,79.98,0,79.98
1339,623,119,1,213.48,0,213.48
1340,624,142,1,31.27,0,31.27
1341,625,34,1,164.11,0.15,139.49
1342,625,60,1,294.14,0,294.14
1343,626,80,2,41.32,0,82.64
1344,626,5,2,135.87,0,271.74
1345,627,76,1,65.54,0,65.54
1346,627,33,1,49.0,0.15,41.65
1347,627,46,1,64.69,0.1,58.22
1348,628,72,3,196.03,0,588.09
1349,628,54,1,92.65,0.2,74.12
1350,629,98,1,11.23,0,11.23
1351,630,54,1,92.65,0,92.65
1352,630,27,1,21.73,0.15,18.47
1353,631,116,2,217.77,0,435.54
1354,632,34,1,164.11,0,164.11
1355,632,149,2,68.48,0.1,123.26
1356,633,63,1,115.75,0.1,104.17
1357,633,11,1,176.03,0,176.03
1358,634,54,2,92.65,0,185.3
1359,634,124,1,13.96,0.1,12.56
1360,634,40,1,53.97,0.15,45.87
1361,634,54,1,92.65,0.2,74.12
1362,634,1,1,134.64,0.15,114.44
1363,635,94,2,59.56,0,119.12
1364,636,81,1,52.03,0.15,44.23
1365,636,11,2,176.03,0,352.06
1366,636,54,1,92.65,0,92.65
1367,637,70,1,67.88,0,67.88
1368,638,141,1,71.69,0,71.69
1369,638,152,1,66.12,0.15,56.2
1370,638,157,1,65.63,0,65.63
1371,638,114,2,240.92,0,481.84
1372,638,136,1,116.14,0,116.14
1373,639,76,1,65.54,0,65.54
1374,640,132,2,101.25,0,202.5
1375,640,131,1,62.23,0,62.23
1376,640,18,1,268.84,0,268.84
1377,641,54,1,92.65,0,92.65
1378,641,124,1,13.96,0,13.96
1379,642,119,1,213.48,0,213.48
1380,642,84,1,13.12,0,13.12
1381,642,101,1,68.79,0,68.79
1382,643,124,1,13.96,0.1,12.56
1383,644,24,2,346.45,0,692.9
1384,644,137,1,15.32,0,15.32
1385,645,62,2,117.07,0,234.14
1386,646,11,1,176.03,0,176.03
1387,647,155,1,82.21,0,82.21
1388,648,61,1,12.8,0,12.8
1389,648,25,1,292.94,0,292.94
1390,649,138,1,24.71,0.2,19.77
1391,650,121,1,374.5,0.1,337.05
1392,650,132,1,101.25,0,101.25
1393,650,78,1,77.23,0,77.23
1394,651,99,1,79.98,0.1,71.98
1395,651,29,2,122.84,0,245.68
1396,651,39,1,43.96,0,43.96
1397,651,36,1,143.82,0,143.82
1398,652,95,2,42.95,0,85.9
1399,652,113,3,274.17,0,822.51
1400,653,113,1,274.17,0,274.17
1401,654,61,1,12.8,0,12.8
1402,654,5,1,135.87,0.1,122.28
1403,655,101,1,68.79,0,68.79
1404,655,93,1,19.37,0.15,16.46
1405,656,127,1,268.94,0,268.94
1406,657,56,1,48.94,0.2,39.15
1407,657,40,1,53.97,0,53.97
1408,658,87,1,40.81,0.1,36.73
1409,659,39,1,43.96,0,43.96
1410,660,101,3,68.79,0,206.37
1411,661,64,3,113.76,0,341.28
1412,661,120,3,179.87,0,539.61
1413,661,142,2,31.27,0.2,50.03
1414,662,57,1,91.71,0.1,82.54
1415,663,54,2,92.65,0.15,157.5
1416,663,152,1,66.12,0.1,59.51
1417,663,107,1,335.62,0,335.62
1418,663,47,2,173.41,0,346.82
1419,663,114,2,240.92,0,481.84
1420,664,124,1,13.96,0,13.96
1421,664,35,2,124.39,0,248.78
1422,664,53,2,86.91,0,173.82
1423,664,106,2,187.33,0,374.66
1424,664,54,1,92.65,0,92.65
1425,665,60,1,294.14,0,294.14
1426,666,22,2,399.88,0,799.76
1427,667,149,1,68.48,0.2,54.78
1428,668,101,1,68.79,0.2,55.03
1429,668,24,1,346.45,0,346.45
1430,668,95,1,42.95,0.1,38.66
1431,669,32,1,49.75,0,49.75
1432,670,22,1,399.88,0,399.88
1433,671,84,2,13.12,0,26.24
1434,672,106,1,187.33,0.1,168.6
1435,672,78,1,77.23,0,77.23
1436,672,26,1,66.46,0,66.46
1437,672,88,1,39.57,0,39.57
1438,672,121,3,374.5,0,1123.5
1439,673,54,1,92.65,0.1,83.39
1440,674,105,1,348.07,0,348.07
1441,674,124,1,13.96,0,13.96
1442,674,52,1,190.14,0.1,171.13
1443,675,61,2,12.8,0,25.6
1444,675,146,3,20.85,0.1,56.3
1445,676,128,3,398.69,0.1,1076.46
1446,677,138,1,24.71,0,24.71
1447,678,2,1,198.54,0,198.54
1448,678,54,1,92.65,0,92.65
1449,679,152,1,66.12,0.1,59.51
1450,679,61,2,12.8,0,25.6
1451,679,1,1,134.64,0,134.64
1452,679,38,1,79.64,0,79.64
1453,680,58,1,151.67,0,151.67
1454,680,46,1,64.69,0,64.69
1455,680,83,1,23.95,0,23.95
1456,681,148,1,60.49,0,60.49
1457,682,18,1,268.84,0.1,241.96
1458,683,54,1,92.65,0,92.65
1459,684,138,1,24.71,0.15,21.0
1460,684,72,1,196.03,0,196.03
1461,684,80,1,41.32,0,41.32
1462,685,145,1,84.99,0,84.99
1463,686,101,1,68.79,0,68.79
1464,687,107,1,335.62,0,335.62
1465,687,137,1,15.32,0.15,13.02
1466,688,107,1,335.62,0.1,302.06
1467,688,46,2,64.69,0,129.38
1468,689,158,1,14.07,0.1,12.66
1469,689,160,1,40.26,0,40.26
1470,690,125,1,226.52,0.2,181.22
1471,690,135,1,105.74,0.15,89.88
1472,691,96,2,51.37,0.15,87.33
1473,692,78,3,77.23,0,231.69
1474,693,64,2,113.76,0,227.52
1475,693,72,1,196.03,0,196.03
1476,693,84,1,13.12,0,13.12
1477,694,110,1,59.23,0,59.23
1478,695,96,3,51.37,0.1,138.7
1479,695,149,1,68.48,0,68.48
1480,696,119,1,213.48,0,213.48
1481,697,40,1,53.97,0,53.97
1482,697,91,1,50.62,0,50.62
1483,697,130,1,68.02,0.1,61.22
1484,698,119,1,213.48,0,213.48
1485,698,160,2,40.26,0,80.52
1486,698,30,3,168.06,0,504.18
1487,698,90,1,52.82,0,52.82
1488,699,98,2,11.23,0,22.46
1489,700,152,1,66.12,0,66.12
1490,700,60,2,294.14,0,588.28
1491,700,159,1,57.51,0,57.51
1492,701,20,1,84.59,0.1,76.13
1493,701,83,1,23.95,0.1,21.55
1494,702,54,1,92.65,0,92.65
1495,702,87,3,40.81,0,122.43
1496,702,121,2,374.5,0,749.0
1497,703,33,2,49.0,0,98.0
1498,704,7,1,33.9,0.2,27.12
1499,705,6,1,180.27,0,180.27
1500,705,39,1,43.96,0,43.96
1501,706,98,1,11.23,0,11.23
1502,706,113,1,274.17,0,274.17
1503,706,54,1,92.65,0.1,83.39
1504,706,61,1,12.8,0.1,11.52
1505,707,111,1,282.79,0,282.79
1506,707,50,1,55.81,0,55.81
1507,707,34,1,164.11,0.15,139.49
1508,708,39,1,43.96,0,43.96
1509,709,38,1,79.64,0.15,67.69
1510,709,78,1,77.23,0,77.23
1511,709,54,1,92.65,0.1,83.39
1512,710,54,1,92.65,0,92.65
1513,711,142,1,31.27,0,31.27
1514,712,37,1,83.16,0,83.16
1515,713,61,1,12.8,0.15,10.88
1516,713,77,2,42.23,0,84.46
1517,713,145,1,84.99,0,84.99
1518,713,54,3,92.65,0,277.95
1519,714,2,1,198.54,0,198.54
1520,714,11,1,176.03,0,176.03
1521,714,19,1,229.68,0,229.68
1522,715,1,1,134.64,0,134.64
1523,715,57,1,91.71,0.2,73.37
1524,716,136,1,116.14,0.1,104.53
1525,717,132,2,101.25,0,202.5
1526,717,93,1,19.37,0,19.37
1527,717,136,1,116.14,0,116.14
1528,718,125,1,226.52,0.2,181.22
1529,718,101,2,68.79,0,137.58
1530,718,19,2,229.68,0,459.36
1531,719,39,1,43.96,0,43.96
1532,720,18,2,268.84,0,537.68
1533,721,123,1,92.73,0,92.73
1534,721,74,1,41.44,0.1,37.3
1535,721,71,1,16.86,0,16.86
1536,721,119,1,213.48,0.15,181.46
1537,721,101,2,68.79,0,137.58
1538,722,57,2,91.71,0,183.42
1539,722,26,1,66.46,0,66.46
1540,722,145,1,84.99,0,84.99
1541,722,119,2,213.48,0,426.96
1542,723,54,1,92.65,0,92.65
1543,724,54,1,92.65,0,92.65
1544,725,36,1,143.82,0.1,129.44
1545,726,149,2,68.48,0,136.96
1546,726,43,1,75.67,0,75.67
1547,727,54,1,92.65,0,92.65
1548,728,155,1,82.21,0,82.21
1549,729,31,1,121.18,0.2,96.94
1550,729,97,1,23.97,0.2,19.18
1551,730,101,3,68.79,0,206.37
1552,730,132,1,101.25,0,101.25
1553,731,19,1,229.68,0,229.68
1554,731,56,1,48.94,0.15,41.6
1555,731,138,1,24.71,0,24.71
1556,732,91,1,50.62,0.1,45.56
1557,733,54,1,92.65,0.1,83.39
1558,733,33,1,49.0,0,49.0
1559,733,83,2,23.95,0.1,43.11
1560,734,97,1,23.97,0.1,21.57
1561,734,114,1,240.92,0,240.92
1562,735,61,1,12.8,0,12.8
1563,735,5,2,135.87,0,271.74
1564,736,91,1,50.62,0,50.62
1565,736,44,2,83.07,0,166.14
1566,737,99,2,79.98,0,159.96
1567,738,135,1,105.74,0.1,95.17
1568,739,113,1,274.17,0,274.17
1569,740,31,2,121.18,0,242.36
1570,741,54,3,92.65,0,277.95
1571,741,137,1,15.32,0,15.32
1572,741,12,1,291.22,0,291.22
1573,741,94,1,59.56,0,59.56
1574,742,60,1,294.14,0,294.14
1575,742,60,1,294.14,0.1,264.73
1576,743,50,3,55.81,0.2,133.94
1577,744,98,1,11.23,0,11.23
1578,744,140,1,66.53,0.15,56.55
1579,744,26,1,66.46,0,66.46
1580,744,111,3,282.79,0,848.37
1581,744,137,1,15.32,0,15.32
1582,745,136,1,116.14,0.15,98.72
1583,746,31,2,121.18,0,242.36
1584,747,54,1,92.65,0,92.65
1585,748,140,1,66.53,0,66.53
1586,748,54,1,92.65,0.15,78.75
1587,749,119,1,213.48,0,213.48
1588,749,64,2,113.76,0,227.52
1589,749,22,1,399.88,0,399.88
1590,749,11,1,176.03,0,176.03
1591,750,90,1,52.82,0,52.82
1592,750,27,1,21.73,0,21.73
1593,750,156,2,17.86,0.15,30.36
1594,750,75,1,185.8,0,185.8
1595,751,91,1,50.62,0,50.62
1596,751,119,1,213.48,0,213.48
1597,752,139,1,70.5,0,70.5
1598,752,71,1,16.86,0,16.86
1599,753,11,1,176.03,0.15,149.63
1600,753,61,2,12.8,0,25.6
1601,754,40,1,53.97,0,53.97
1602,754,72,1,196.03,0,196.03
1603,755,91,2,50.62,0.15,86.05
1604,756,57,3,91.71,0,275.13
1605,756,61,2,12.8,0,25.6
1606,757,86,3,8.05,0,24.15
1607,758,5,1,135.87,0,135.87
1608,758,40,1,53.97,0,53.97
1609,758,60,1,294.14,0,294.14
1610,759,53,1,86.91,0.2,69.53
1611,760,160,3,40.26,0,120.78
1612,760,54,1,92.65,0,92.65
1613,761,81,1,52.03,0,52.03
1614,761,100,1,69.29,0,69.29
1615,762,43,1,75.67,0,75.67
1616,763,97,1,23.97,0,23.97
1617,764,64,1,113.76,0,113.76
1618,764,160,1,40.26,0,40.26
1619,764,64,1,113.76,0,113.76
1620,764,61,1,12.8,0.1,11.52
1621,764,84,1,13.12,0,13.12
1622,765,54,2,92.65,0.2,148.24
1623,765,60,1,294.14,0,294.14
1624,765,118,1,357.71,0,357.71
1625,765,71,1,16.86,0,16.86
1626,766,141,1,71.69,0,71.69
1627,766,2,1,198.54,0,198.54
1628,766,17,1,75.74,0,75.74
1629,766,61,1,12.8,0.1,11.52
1630,767,54,1,92.65,0.1,83.39
1631,767,75,2,185.8,0.15,315.86
1632,768,158,1,14.07,0,14.07
1633,769,139,1,70.5,0,70.5
1634,770,7,2,33.9,0.15,57.63
1635,770,34,2,164.11,0,328.22
1636,770,108,1,97.45,0,97.45
1637,770,100,1,69.29,0,69.29
1638,771,126,2,319.24,0,638.48
1639,771,97,1,23.97,0,23.97
1640,771,115,2,276.86,0.1,498.35
1641,772,43,1,75.67,0.15,64.32
1642,772,18,2,268.84,0,537.68
1643,772,21,1,274.21,0.15,233.08
1644,772,119,1,213.48,0,213.48
1645,772,84,1,13.12,0,13.12
1646,773,54,1,92.65,0,92.65
1647,774,145,2,84.99,0,169.98
1648,774,71,1,16.86,0,16.86
1649,774,54,1,92.65,0.1,83.39
1650,775,152,1,66.12,0.2,52.9
1651,775,34,1,164.11,0.1,147.7
1652,776,152,2,66.12,0,132.24
1653,776,53,1,86.91,0.15,73.87
1654,776,98,1,11.23,0,11.23
1655,776,94,1,59.56,0.1,53.6
1656,777,156,2,17.86,0,35.72
1657,777,17,1,75.74,0.1,68.17
1658,778,10,2,116.26,0,232.52
1659,778,78,1,77.23,0,77.23
1660,779,63,1,115.75,0,115.75
1661,780,152,1,66.12,0.15,56.2
1662,780,61,1,12.8,0,12.8
1663,781,2,1,198.54,0,198.54
1664,782,119,2,213.48,0.1,384.26
1665,782,70,1,67.88,0,67.88
1666,783,70,1,67.88,0.1,61.09
1667,783,25,1,292.94,0,292.94
1668,783,152,1,66.12,0,66.12
1669,783,17,1,75.74,0,75.74
1670,784,136,1,116.14,0,116.14
1671,785,54,3,92.65,0,277.95
1672,785,152,1,66.12,0.1,59.51
1673,785,45,1,61.85,0,61.85
1674,786,94,1,59.56,0.2,47.65
1675,786,39,1,43.96,0,43.96
1676,787,160,1,40.26,0,40.26
1677,788,40,1,53.97,0.15,45.87
1678,788,119,3,213.48,0,640.44
1679,788,91,1,50.62,0.15,43.03
1680,788,55,1,295.32,0,295.32
1681,789,93,2,19.37,0.15,32.93
1682,790,91,1,50.62,0.15,43.03
1683,791,30,1,168.06,0,168.06
1684,791,33,2,49.0,0,98.0
1685,791,6,1,180.27,0,180.27
1686,791,111,1,282.79,0,282.79
1687,792,101,1,68.79,0,68.79
1688,792,56,1,48.94,0.1,44.05
1689,792,1,1,134.64,0,134.64
1690,792,140,1,66.53,0.2,53.22
1691,792,97,1,23.97,0,23.97
1692,793,11,1,176.03,0,176.03
1693,794,19,1,229.68,0,229.68
1694,794,54,1,92.65,0,92.65
1695,794,17,1,75.74,0.1,68.17
1696,795,46,1,64.69,0.1,58.22
1697,796,132,1,101.25,0,101.25
1698,796,99,1,79.98,0,79.98
1699,796,119,1,213.48,0,213.48
1700,796,110,1,59.23,0,59.23
1701,796,142,1,31.27,0,31.27
1702,797,160,2,40.26,0.15,68.44
1703,798,160,2,40.26,0,80.52
1704,799,61,1,12.8,0,12.8
1705,800,68,1,204.27,0,204.27
1706,800,47,1,173.41,0,173.41
1707,801,33,1,49.0,0.1,44.1
1708,801,121,1,374.5,0.2,299.6
1709,801,107,1,335.62,0.15,285.28
1710,802,146,1,20.85,0,20.85
1711,802,38,1,79.64,0,79.64
1712,802,142,1,31.27,0.15,26.58
1713,803,52,1,190.14,0.1,171.13
1714,803,54,1,92.65,0.15,78.75
1715,804,54,3,92.65,0,277.95
1716,805,111,1,282.79,0,282.79
1717,806,36,1,143.82,0,143.82
1718,806,77,1,42.23,0,42.23
1719,807,61,1,12.8,0,12.8
1720,808,5,1,135.87,0,135.87
1721,809,152,1,66.12,0,66.12
1722,809,74,2,41.44,0,82.88
1723,810,91,1,50.62,0,50.62
1724,811,159,1,57.51,0,57.51
1725,811,155,1,82.21,0,82.21
1726,812,90,1,52.82,0,52.82
1727,813,153,1,99.2,0.15,84.32
1728,814,101,1,68.79,0,68.79
1729,815,85,1,74.75,0,74.75
1730,815,19,1,229.68,0.15,195.23
1731,815,101,1,68.79,0,68.79
1732,816,5,1,135.87,0,135.87
1733,816,54,1,92.65,0,92.65
1734,817,41,1,179.88,0.1,161.89
1735,817,61,1,12.8,0,12.8
1736,817,16,1,232.17,0,232.17
1737,818,110,1,59.23,0,59.23
1738,818,120,2,179.87,0,359.74
1739,819,31,1,121.18,0,121.18
1740,819,54,1,92.65,0.1,83.39
1741,820,54,1,92.65,0,92.65
1742,820,160,1,40.26,0,40.26
1743,820,54,2,92.65,0,185.3
1744,821,31,2,121.18,0.1,218.12
1745,822,2,1,198.54,0,198.54
1746,822,41,2,179.88,0,359.76
1747,823,1,1,134.64,0.1,121.18
1748,823,110,1,59.23,0,59.23
1749,824,94,1,59.56,0,59.56
1750,825,1,2,134.64,0,269.28
1751,826,30,1,168.06,0,168.06
1752,826,132,1,101.25,0,101.25
1753,826,112,2,329.53,0,659.06
1754,827,102,3,116.44,0.15,296.92
1755,827,101,1,68.79,0.2,55.03
1756,827,47,1,173.41,0,173.41
1757,827,148,2,60.49,0,120.98
1758,827,118,1,357.71,0.1,321.94
1759,828,54,1,92.65,0.1,83.39
1760,828,110,1,59.23,0,59.23
1761,828,132,1,101.25,0,101.25
1762,829,56,1,48.94,0,48.94
1763,829,145,1,84.99,0,84.99
1764,829,142,1,31.27,0.15,26.58
1765,829,84,2,13.12,0.1,23.62
1766,830,111,3,282.79,0.1,763.53
1767,831,116,1,217.77,0,217.77
1768,832,160,1,40.26,0.1,36.23
1769,832,125,1,226.52,0.2,181.22
1770,832,44,1,83.07,0,83.07
1771,833,89,3,41.71,0.1,112.62
1772,834,119,2,213.48,0,426.96
1773,835,121,2,374.5,0,749.0
1774,835,15,1,152.22,0,152.22
1775,836,94,1,59.56,0,59.56
1776,836,113,1,274.17,0,274.17
1777,836,1,1,134.64,0.1,121.18
1778,836,160,1,40.26,0,40.26
1779,837,101,1,68.79,0.15,58.47
1780,837,150,2,44.1,0.15,74.97
1781,838,84,2,13.12,0,26.24
1782,838,56,1,48.94,0.2,39.15
1783,839,89,2,41.71,0.2,66.74
1784,839,119,1,213.48,0,213.48
1785,840,74,1,41.44,0,41.44
1786,840,81,1,52.03,0.1,46.83
1787,841,110,1,59.23,0,59.23
1788,842,61,2,12.8,0,25.6
1789,843,105,1,348.07,0,348.07
1790,844,125,1,226.52,0,226.52
1791,845,101,2,68.79,0.2,110.06
1792,845,138,1,24.71,0.15,21.0
1793,845,118,1,357.71,0.1,321.94
1794,845,72,2,196.03,0,392.06
1795,845,97,1,23.97,0.2,19.18
1796,846,54,1,92.65,0.1,83.39
1797,847,21,1,274.21,0,274.21
1798,847,148,1,60.49,0,60.49
1799,847,101,1,68.79,0,68.79
1800,847,39,1,43.96,0.1,39.56
1801,847,106,1,187.33,0,187.33
1802,848,153,1,99.2,0.1,89.28
1803,849,110,1,59.23,0,59.23
1804,849,61,1,12.8,0,12.8
1805,849,40,1,53.97,0,53.97
1806,849,72,1,196.03,0,196.03
1807,850,78,1,77.23,0.1,69.51
1808,851,34,1,164.11,0.2,131.29
1809,851,9,1,98.65,0.15,83.85
1810,851,27,1,21.73,0,21.73
1811,851,50,1,55.81,0,55.81
1812,852,96,2,51.37,0,102.74
1813,852,154,1,83.05,0,83.05
1814,852,33,1,49.0,0,49.0
1815,852,108,1,97.45,0.15,82.83
1816,853,54,1,92.65,0,92.65
1817,854,127,1,268.94,0,268.94
1818,855,82,1,54.72,0.1,49.25
1819,855,78,1,77.23,0.1,69.51
1820,856,93,1,19.37,0,19.37
1821,856,97,2,23.97,0,47.94
1822,856,53,1,86.91,0,86.91
1823,856,130,2,68.02,0,136.04
1824,856,8,3,255.14,0.15,650.61
1825,857,91,1,50.62,0,50.62
1826,858,101,2,68.79,0,137.58
1827,859,94,1,59.56,0,59.56
1828,860,39,1,43.96,0,43.96
1829,861,118,2,357.71,0,715.42
1830,861,34,1,164.11,0.15,139.49
1831,861,148,1,60.49,0,60.49
1832,862,91,2,50.62,0,101.24
1833,863,12,1,291.22,0,291.22
1834,863,54,1,92.65,0.15,78.75
1835,864,106,2,187.33,0.1,337.19
1836,865,93,1,19.37,0,19.37
1837,865,11,1,176.03,0,176.03
1838,866,135,1,105.74,0,105.74
1839,866,64,1,113.76,0.1,102.38
1840,867,160,1,40.26,0,40.26
1841,867,38,1,79.64,0.15,67.69
1842,867,72,1,196.03,0,196.03
1843,867,71,2,16.86,0,33.72
1844,868,11,1,176.03,0,176.03
1845,868,67,1,62.01,0.15,52.71
1846,868,33,1,49.0,0,49.0
1847,869,33,1,49.0,0.1,44.1
1848,869,61,1,12.8,0,12.8
1849,869,113,1,274.17,0,274.17
1850,870,61,1,12.8,0,12.8
1851,871,61,1,12.8,0,12.8
1852,871,54,1,92.65,0,92.65
1853,871,75,1,185.8,0,185.8
1854,871,139,2,70.5,0,141.0
1855,871,134,1,40.72,0,40.72
1856,872,19,1,229.68,0,229.68
1857,872,98,1,11.23,0,11.23
1858,873,110,1,59.23,0,59.23
1859,873,78,1,77.23,0,77.23
1860,873,144,2,11.66,0,23.32
1861,874,94,2,59.56,0,119.12
1862,874,115,1,276.86,0,276.86
1863,874,96,1,51.37,0,51.37
1864,874,71,2,16.86,0.15,28.66
1865,874,34,1,164.11,0,164.11
1866,875,60,1,294.14,0,294.14
1867,876,98,1,11.23,0,11.23
1868,876,7,2,33.9,0,67.8
1869,876,2,1,198.54,0,198.54
1870,877,106,1,187.33,0.15,159.23
1871,877,152,1,66.12,0,66.12
1872,878,36,1,143.82,0.1,129.44
1873,878,34,1,164.11,0,164.11
1874,878,106,1,187.33,0,187.33
1875,879,9,1,98.65,0,98.65
1876,879,124,2,13.96,0.2,22.34
1877,880,139,1,70.5,0,70.5
1878,880,123,2,92.73,0,185.46
1879,880,124,1,13.96,0,13.96
1880,881,54,2,92.65,0,185.3
1881,881,81,1,52.03,0.1,46.83
1882,881,19,1,229.68,0,229.68
1883,882,8,3,255.14,0.1,688.88
1884,882,13,1,132.43,0,132.43
1885,883,6,1,180.27,0,180.27
1886,884,158,1,14.07,0,14.07
1887,885,84,1,13.12,0,13.12
1888,885,125,2,226.52,0,453.04
1889,885,138,1,24.71,0.1,22.24
1890,885,155,1,82.21,0.1,73.99
1891,886,107,1,335.62,0,335.62
1892,887,87,1,40.81,0,40.81
1893,887,140,1,66.53,0,66.53
1894,887,9,2,98.65,0,197.3
1895,887,34,1,164.11,0,164.11
1896,888,150,1,44.1,0.2,35.28
1897,888,149,2,68.48,0.1,123.26
1898,888,89,1,41.71,0,41.71
1899,888,24,1,346.45,0,346.45
1900,889,154,1,83.05,0.1,74.75
1901,889,78,1,77.23,0,77.23
1902,889,89,1,41.71,0,41.71
1903,889,50,1,55.81,0,55.81
1904,890,139,1,70.5,0,70.5
1905,890,134,1,40.72,0,40.72
1906,891,141,3,71.69,0,215.07
1907,891,119,1,213.48,0.15,181.46
1908,892,97,1,23.97,0,23.97
1909,893,60,1,294.14,0,294.14
1910,894,123,1,92.73,0.1,83.46
1911,894,77,1,42.23,0,42.23
1912,895,111,1,282.79,0.15,240.37
1913,895,111,3,282.79,0.1,763.53
1914,896,84,3,13.12,0,39.36
1915,896,139,1,70.5,0.1,63.45
1916,897,132,3,101.25,0,303.75
1917,898,88,1,39.57,0,39.57
1918,898,101,2,68.79,0,137.58
1919,899,18,1,268.84,0,268.84
1920,900,125,1,226.52,0,226.52
1921,900,145,2,84.99,0,169.98
1922,901,67,1,62.01,0,62.01
1923,902,85,1,74.75,0,74.75
1924,902,54,1,92.65,0.1,83.39
1925,903,152,1,66.12,0,66.12
1926,904,142,2,31.27,0.2,50.03
1927,904,160,1,40.26,0,40.26
1928,905,36,2,143.82,0,287.64
1929,905,98,1,11.23,0.15,9.55
1930,905,90,1,52.82,0,52.82
1931,906,158,1,14.07,0.15,11.96
1932,906,31,1,121.18,0,121.18
1933,907,86,3,8.05,0.1,21.74
1934,907,117,1,173.82,0,173.82
1935,908,157,3,65.63,0,196.89
1936,909,101,3,68.79,0,206.37
1937,909,58,2,151.67,0.1,273.01
1938,909,48,1,156.79,0.1,141.11
1939,909,142,1,31.27,0,31.27
1940,909,38,1,79.64,0,79.64
1941,910,101,2,68.79,0,137.58
1942,911,54,3,92.65,0,277.95
1943,911,35,1,124.39,0.15,105.73
1944,911,51,1,33.99,0.1,30.59
1945,911,119,1,213.48,0,213.48
1946,912,8,1,255.14,0.2,204.11
1947,912,25,1,292.94,0.2,234.35
1948,913,61,2,12.8,0.15,21.76
1949,913,101,1,68.79,0,68.79
1950,913,46,3,64.69,0,194.07
1951,913,61,1,12.8,0.15,10.88
1952,914,113,1,274.17,0,274.17
1953,915,73,1,43.45,0,43.45
1954,916,53,2,86.91,0,173.82
1955,916,54,1,92.65,0,92.65
1956,917,152,1,66.12,0.15,56.2
1957,918,119,1,213.48,0,213.48
1958,919,89,2,41.71,0,83.42
1959,919,160,1,40.26,0,40.26
1960,919,8,2,255.14,0,510.28
1961,919,108,1,97.45,0,97.45
1962,920,17,1,75.74,0,75.74
1963,920,54,1,92.65,0,92.65
1964,920,61,1,12.8,0.15,10.88
1965,921,54,2,92.65,0,185.3
1966,922,84,2,13.12,0.2,20.99
1967,923,54,1,92.65,0,92.65
1968,924,121,1,374.5,0,374.5
1969,924,101,1,68.79,0,68.79
1970,924,82,1,54.72,0,54.72
1971,924,121,1,374.5,0.15,318.32
1972,925,15,1,152.22,0.1,137.0
1973,926,53,1,86.91,0.1,78.22
1974,926,40,1,53.97,0.2,43.18
1975,927,114,1,240.92,0,240.92
1976,928,37,1,83.16,0,83.16
1977,928,40,2,53.97,0,107.94
1978,928,121,1,374.5,0,374.5
1979,929,132,1,101.25,0,101.25
1980,930,129,1,36.16,0,36.16
1981,931,54,1,92.65,0,92.65
1982,932,54,3,92.65,0.2,222.36
1983,933,119,1,213.48,0,213.48
1984,934,31,2,121.18,0,242.36
1985,935,160,1,40.26,0.15,34.22
1986,935,9,1,98.65,0,98.65
1987,936,93,1,19.37,0,19.37
1988,936,108,2,97.45,0,194.9
1989,936,54,1,92.65,0,92.65
1990,937,61,2,12.8,0.2,20.48
1991,937,12,2,291.22,0,582.44
1992,937,54,2,92.65,0,185.3
1993,937,149,1,68.48,0,68.48
1994,938,128,1,398.69,0,398.69
1995,939,125,1,226.52,0,226.52
1996,940,76,1,65.54,0.1,58.99
1997,940,61,1,12.8,0.1,11.52
1998,940,13,1,132.43,0,132.43
1999,940,113,1,274.17,0,274.17
2000,941,81,1,52.03,0.1,46.83
2001,942,12,1,291.22,0,291.22
2002,942,120,2,179.87,0,359.74
2003,942,111,2,282.79,0,565.58
2004,942,68,1,204.27,0.15,173.63
2005,942,136,1,116.14,0,116.14
2006,943,61,1,12.8,0.2,10.24
2007,943,110,1,59.23,0,59.23
2008,943,49,1,111.88,0,111.88
2009,944,94,1,59.56,0,59.56
2010,944,139,1,70.5,0,70.5
2011,944,16,1,232.17,0.1,208.95
2012,945,54,1,92.65,0,92.65
2013,945,141,2,71.69,0,143.38
2014,945,88,1,39.57,0,39.57
2015,946,142,2,31.27,0,62.54
2016,946,146,1,20.85,0.15,17.72
2017,947,98,1,11.23,0,11.23
2018,948,138,2,24.71,0,49.42
2019,949,39,1,43.96,0.2,35.17
2020,949,140,1,66.53,0,66.53
2021,949,135,1,105.74,0,105.74
2022,950,54,1,92.65,0,92.65
2023,950,66,2,279.67,0,559.34
2024,950,77,1,42.23,0,42.23
2025,950,113,1,274.17,0.15,233.04
2026,951,1,1,134.64,0,134.64
2027,951,25,2,292.94,0,585.88
2028,952,17,1,75.74,0,75.74
2029,953,40,1,53.97,0,53.97
2030,954,112,1,329.53,0.2,263.62
2031,955,51,2,33.99,0.1,61.18
2032,955,136,1,116.14,0,116.14
2033,956,100,3,69.29,0.1,187.08
2034,956,54,1,92.65,0,92.65
2035,957,153,1,99.2,0,99.2
2036,958,85,2,74.75,0,149.5
2037,959,71,1,16.86,0.1,15.17
2038,959,140,1,66.53,0,66.53
2039,959,41,2,179.88,0,359.76
2040,959,125,1,226.52,0.1,203.87
2041,959,46,1,64.69,0,64.69
2042,960,148,1,60.49,0,60.49
2043,960,56,1,48.94,0,48.94
2044,961,54,1,92.65,0,92.65
2045,962,78,1,77.23,0.1,69.51
2046,963,96,1,51.37,0,51.37
2047,963,56,1,48.94,0,48.94
2048,963,54,1,92.65,0.1,83.39
2049,964,68,1,204.27,0,204.27
2050,965,142,3,31.27,0,93.81
2051,965,142,1,31.27,0,31.27
2052,965,113,2,274.17,0,548.34
2053,965,16,1,232.17,0,232.17
2054,966,45,1,61.85,0,61.85
2055,967,110,1,59.23,0,59.23
2056,967,10,1,116.26,0.15,98.82
2057,968,71,1,16.86,0,16.86
2058,968,152,2,66.12,0.15,112.4
2059,969,111,1,282.79,0.15,240.37
2060,970,143,1,69.82,0,69.82
2061,970,40,1,53.97,0,53.97
2062,970,42,1,80.28,0.2,64.22
2063,970,36,1,143.82,0,143.82
2064,971,72,1,196.03,0,196.03
2065,972,159,3,57.51,0.2,138.02
2066,972,132,1,101.25,0,101.25
2067,972,139,1,70.5,0,70.5
2068,973,160,1,40.26,0,40.26
2069,974,25,1,292.94,0,292.94
2070,975,115,1,276.86,0.15,235.33
2071,976,89,1,41.71,0.1,37.54
2072,976,103,1,74.37,0.2,59.5
2073,977,12,2,291.22,0,582.44
2074,977,91,1,50.62,0,50.62
2075,978,90,2,52.82,0,105.64
2076,978,7,1,33.9,0,33.9
2077,978,157,1,65.63,0,65.63
2078,979,89,3,41.71,0,125.13
2079,979,42,1,80.28,0,80.28
2080,979,92,2,74.46,0,148.92
2081,980,132,2,101.25,0,202.5
2082,980,119,1,213.48,0,213.48
2083,981,64,2,113.76,0.15,193.39
2084,981,113,1,274.17,0,274.17
2085,981,119,2,213.48,0.1,384.26
2086,982,54,1,92.65,0,92.65
2087,982,54,1,92.65,0.1,83.39
2088,983,63,1,115.75,0,115.75
2089,984,70,1,67.88,0,67.88
2090,985,25,3,292.94,0,878.82
2091,986,39,1,43.96,0,43.96
2092,986,54,3,92.65,0,277.95
2093,986,31,3,121.18,0,363.54
2094,987,52,1,190.14,0.15,161.62
2095,987,37,2,83.16,0.2,133.06
2096,987,150,1,44.1,0.1,39.69
2097,987,152,1,66.12,0.1,59.51
2098,987,44,1,83.07,0,83.07
2099,988,73,1,43.45,0,43.45
2100,989,93,2,19.37,0.1,34.87
2101,989,159,2,57.51,0,115.02
2102,989,15,2,152.22,0,304.44
2103,990,34,2,164.11,0,328.22
2104,991,143,2,69.82,0,139.64
2105,991,132,1,101.25,0,101.25
2106,992,75,2,185.8,0,371.6
2107,993,50,1,55.81,0,55.81
2108,993,143,1,69.82,0,69.82
2109,994,99,2,79.98,0,159.96
2110,995,31,1,121.18,0,121.18
2111,995,101,1,68.79,0.1,61.91
2112,995,142,1,31.27,0,31.27
2113,995,99,2,79.98,0,159.96
2114,995,3,1,101.49,0,101.49
2115,996,61,1,12.8,0,12.8
2116,996,58,1,151.67,0,151.67
2117,997,73,1,43.45,0,43.45
2118,997,107,1,335.62,0.1,302.06
2119,997,68,1,204.27,0.2,163.42
2120,998,53,1,86.91,0,86.91
2121,998,155,1,82.21,0,82.21
2122,999,147,2,23.93,0,47.86
2123,999,108,1,97.45,0,97.45
2124,1000,130,1,68.02,0,68.02
2125,1000,64,1,113.76,0,113.76
2126,1000,54,1,92.65,0,92.65
2127,1001,108,1,97.45,0,97.45
2128,1001,8,1,255.14,0,255.14
2129,1002,66,1,279.67,0.1,251.7
2130,1002,33,1,49.0,0.1,44.1
2131,1003,61,1,12.8,0.15,10.88
2132,1003,34,1,164.11,0,164.11
2133,1003,54,1,92.65,0,92.65
2134,1003,91,1,50.62,0,50.62
2135,1004,55,1,295.32,0,295.32
2136,1004,123,2,92.73,0,185.46
2137,1005,11,1,176.03,0,176.03
2138,1006,61,1,12.8,0,12.8
2139,1006,60,2,294.14,0,588.28
2140,1006,109,1,22.1,0,22.1
2141,1006,157,2,65.63,0,131.26
2142,1007,61,1,12.8,0,12.8
2143,1007,124,1,13.96,0,13.96
2144,1008,41,1,179.88,0.15,152.9
2145,1008,137,1,15.32,0.1,13.79
2146,1008,34,2,164.11,0,328.22
2147,1009,152,1,66.12,0.2,52.9
2148,1010,40,1,53.97,0,53.97
2149,1011,26,1,66.46,0,66.46
2150,1011,54,3,92.65,0.1,250.16
2151,1011,119,1,213.48,0,213.48
2152,1011,128,1,398.69,0.2,318.95
2153,1012,143,2,69.82,0,139.64
2154,1012,113,1,274.17,0,274.17
2155,1012,31,2,121.18,0,242.36
2156,1013,95,1,42.95,0,42.95
2157,1013,149,1,68.48,0,68.48
2158,1014,54,1,92.65,0,92.65
2159,1015,61,1,12.8,0,12.8
2160,1016,50,1,55.81,0,55.81
2161,1017,7,1,33.9,0,33.9
2162,1018,64,1,113.76,0,113.76
2163,1018,54,1,92.65,0,92.65
2164,1018,65,1,172.37,0,172.37
2165,1018,145,2,84.99,0,169.98
2166,1019,128,1,398.69,0.1,358.82
2167,1020,56,2,48.94,0.1,88.09
2168,1021,10,1,116.26,0,116.26
2169,1021,123,1,92.73,0.1,83.46
2170,1021,54,1,92.65,0.1,83.39
2171,1021,54,1,92.65,0,92.65
2172,1022,84,1,13.12,0.15,11.15
2173,1023,73,3,43.45,0,130.35
2174,1024,20,1,84.59,0,84.59
2175,1024,54,1,92.65,0,92.65
2176,1025,93,1,19.37,0.1,17.43
2177,1026,80,1,41.32,0,41.32
2178,1026,78,1,77.23,0.15,65.65
2179,1026,88,1,39.57,0.1,35.61
2180,1027,136,1,116.14,0,116.14
2181,1027,160,3,40.26,0,120.78
2182,1027,3,2,101.49,0,202.98
2183,1027,148,1,60.49,0,60.49
2184,1027,111,1,282.79,0,282.79
2185,1028,107,2,335.62,0.1,604.12
2186,1029,55,1,295.32,0,295.32
2187,1029,34,1,164.11,0,164.11
2188,1030,123,2,92.73,0.2,148.37
2189,1030,118,1,357.71,0.1,321.94
2190,1030,113,2,274.17,0,548.34
2191,1030,102,1,116.44,0,116.44
2192,1031,88,1,39.57,0,39.57
2193,1031,144,1,11.66,0,11.66
2194,1032,34,1,164.11,0,164.11
2195,1032,28,1,93.65,0,93.65
2196,1033,141,1,71.69,0,71.69
2197,1033,111,1,282.79,0.2,226.23
2198,1033,100,1,69.29,0,69.29
2199,1034,84,1,13.12,0,13.12
2200,1034,62,1,117.07,0,117.07
2201,1035,63,1,115.75,0,115.75
2202,1035,9,2,98.65,0,197.3
2203,1035,88,2,39.57,0,79.14
2204,1036,2,1,198.54,0.15,168.76
2205,1036,109,1,22.1,0,22.1
2206,1036,136,1,116.14,0.15,98.72
2207,1037,98,1,11.23,0.1,10.11
2208,1038,33,1,49.0,0,49.0
2209,1039,54,2,92.65,0,185.3
2210,1039,39,1,43.96,0.1,39.56
2211,1040,22,2,399.88,0.2,639.81
2212,1041,113,2,274.17,0,548.34
2213,1042,31,3,121.18,0,363.54
2214,1042,126,2,319.24,0,638.48
2215,1043,54,2,92.65,0.15,157.5
2216,1043,85,1,74.75,0,74.75
2217,1043,54,2,92.65,0,185.3
2218,1044,129,2,36.16,0.1,65.09
2219,1044,54,1,92.65,0,92.65
2220,1044,34,1,164.11,0.15,139.49
2221,1045,118,1,357.71,0,357.71
2222,1045,85,2,74.75,0,149.5
2223,1046,56,1,48.94,0,48.94
2224,1047,64,1,113.76,0.2,91.01
2225,1048,34,1,164.11,0.1,147.7
2226,1049,52,1,190.14,0.1,171.13
2227,1050,125,1,226.52,0.15,192.54
2228,1050,54,2,92.65,0,185.3
2229,1051,73,1,43.45,0,43.45
2230,1051,132,1,101.25,0.1,91.12
2231,1051,95,1,42.95,0,42.95
2232,1052,152,2,66.12,0,132.24
2233,1052,139,1,70.5,0,70.5
2234,1053,54,3,92.65,0,277.95
2235,1054,43,1,75.67,0,75.67
2236,1054,54,1,92.65,0.15,78.75
2237,1055,82,1,54.72,0.2,43.78
2238,1055,152,2,66.12,0,132.24
2239,1055,33,1,49.0,0.1,44.1
2240,1056,73,1,43.45,0,43.45
2241,1057,54,1,92.65,0.1,83.39
2242,1058,70,1,67.88,0,67.88
2243,1058,75,1,185.8,0,185.8
2244,1058,61,1,12.8,0,12.8
2245,1058,61,1,12.8,0,12.8
2246,1058,10,1,116.26,0,116.26
2247,1059,61,1,12.8,0.1,11.52
2248,1059,56,1,48.94,0,48.94
2249,1059,39,1,43.96,0,43.96
2250,1060,43,2,75.67,0,151.34
2251,1060,101,1,68.79,0.15,58.47
2252,1060,30,1,168.06,0,168.06
2253,1060,126,1,319.24,0,319.24
2254,1060,18,2,268.84,0,537.68
2255,1061,57,1,91.71,0,91.71
2256,1061,45,1,61.85,0,61.85
2257,1062,100,1,69.29,0,69.29
2258,1063,128,1,398.69,0,398.69
2259,1063,113,1,274.17,0.15,233.04
2260,1063,99,1,79.98,0,79.98
2261,1064,92,1,74.46,0,74.46
2262,1065,79,2,40.31,0.2,64.5
2263,1065,54,1,92.65,0,92.65
2264,1066,9,2,98.65,0,197.3
2265,1067,140,2,66.53,0,133.06
2266,1067,140,1,66.53,0,66.53
2267,1067,85,2,74.75,0,149.5
2268,1068,159,1,57.51,0.2,46.01
2269,1068,56,1,48.94,0.15,41.6
2270,1068,2,1,198.54,0,198.54
2271,1068,108,2,97.45,0,194.9
2272,1069,83,2,23.95,0.1,43.11
2273,1069,139,1,70.5,0,70.5
2274,1069,88,2,39.57,0,79.14
2275,1069,77,1,42.23,0,42.23
2276,1070,66,3,279.67,0,839.01
2277,1070,35,1,124.39,0,124.39
2278,1070,119,1,213.48,0,213.48
2279,1070,144,1,11.66,0.15,9.91
2280,1070,61,1,12.8,0,12.8
2281,1071,27,1,21.73,0.15,18.47
2282,1071,85,1,74.75,0,74.75
2283,1072,109,1,22.1,0,22.1
2284,1072,76,1,65.54,0.15,55.71
2285,1073,111,1,282.79,0,282.79
2286,1074,112,1,329.53,0,329.53
2287,1074,92,1,74.46,0,74.46
2288,1074,52,1,190.14,0.1,171.13
2289,1075,61,1,12.8,0,12.8
2290,1076,132,1,101.25,0,101.25
2291,1077,160,1,40.26,0,40.26
2292,1077,6,1,180.27,0,180.27
2293,1077,89,1,41.71,0,41.71
2294,1078,57,1,91.71,0,91.71
2295,1078,6,1,180.27,0,180.27
2296,1079,64,2,113.76,0,227.52
2297,1079,50,1,55.81,0,55.81
2298,1079,98,1,11.23,0.1,10.11
2299,1080,50,1,55.81,0.1,50.23
2300,1080,72,1,196.03,0.2,156.82
2301,1080,97,1,23.97,0.15,20.37
2302,1080,54,1,92.65,0,92.65
2303,1081,61,1,12.8,0,12.8
2304,1081,107,1,335.62,0.1,302.06
2305,1081,61,2,12.8,0,25.6
2306,1081,39,1,43.96,0,43.96
2307,1082,57,3,91.71,0,275.13
2308,1083,98,2,11.23,0,22.46
2309,1083,34,1,164.11,0,164.11
2310,1084,136,1,116.14,0,116.14
2311,1084,1,1,134.64,0,134.64
2312,1084,156,2,17.86,0,35.72
2313,1085,108,2,97.45,0,194.9
2314,1085,76,3,65.54,0,196.62
2315,1086,137,1,15.32,0.15,13.02
2316,1087,80,1,41.32,0.1,37.19
2317,1088,116,1,217.77,0,217.77
2318,1088,84,2,13.12,0,26.24
2319,1088,105,3,348.07,0.1,939.79
2320,1089,137,2,15.32,0.15,26.04
2321,1090,57,1,91.71,0,91.71
2322,1091,85,1,74.75,0,74.75
2323,1091,61,2,12.8,0,25.6
2324,1091,140,2,66.53,0,133.06
2325,1092,1,1,134.64,0.1,121.18
2326,1092,45,1,61.85,0,61.85
2327,1093,61,1,12.8,0,12.8
2328,1093,158,1,14.07,0.1,12.66
2329,1094,141,1,71.69,0.1,64.52
2330,1095,84,1,13.12,0,13.12
2331,1095,139,1,70.5,0.15,59.92
2332,1096,159,2,57.51,0.15,97.77
2333,1097,145,1,84.99,0,84.99
2334,1097,40,1,53.97,0.2,43.18
2335,1097,121,1,374.5,0.1,337.05
2336,1097,98,1,11.23,0.15,9.55
2337,1097,53,1,86.91,0,86.91
2338,1098,96,1,51.37,0,51.37
2339,1098,28,1,93.65,0,93.65
2340,1099,138,1,24.71,0,24.71
2341,1099,5,1,135.87,0.15,115.49
2342,1099,19,1,229.68,0,229.68
2343,1099,50,1,55.81,0.15,47.44
2344,1099,142,2,31.27,0,62.54
2345,1100,74,1,41.44,0.15,35.22
2346,1101,111,1,282.79,0,282.79
2347,1101,109,2,22.1,0,44.2
2348,1101,29,1,122.84,0,122.84
2349,1102,101,1,68.79,0,68.79
2350,1103,152,1,66.12,0,66.12
2351,1103,71,2,16.86,0,33.72
2352,1104,135,2,105.74,0,211.48
2353,1104,57,1,91.71,0.2,73.37
2354,1104,142,1,31.27,0.1,28.14
2355,1105,157,2,65.63,0,131.26
2356,1106,111,1,282.79,0,282.79
2357,1106,1,1,134.64,0,134.64
2358,1107,139,2,70.5,0.1,126.9
2359,1107,83,2,23.95,0,47.9
2360,1108,131,3,62.23,0.15,158.69
2361,1108,152,1,66.12,0,66.12
2362,1109,160,3,40.26,0,120.78
2363,1110,54,1,92.65,0.1,83.39
2364,1110,64,1,113.76,0.1,102.38
2365,1110,99,1,79.98,0.15,67.98
2366,1111,43,3,75.67,0.1,204.31
2367,1112,96,1,51.37,0.1,46.23
2368,1113,73,2,43.45,0,86.9
2369,1114,91,2,50.62,0,101.24
2370,1115,111,1,282.79,0,282.79
2371,1115,119,1,213.48,0.1,192.13
2372,1116,91,1,50.62,0.2,40.5
2373,1116,145,1,84.99,0,84.99
2374,1117,78,2,77.23,0.15,131.29
2375,1117,71,1,16.86,0.1,15.17
2376,1117,40,1,53.97,0,53.97
2377,1118,34,1,164.11,0,164.11
2378,1119,154,1,83.05,0,83.05
2379,1120,121,2,374.5,0,749.0
2380,1120,106,1,187.33,0.15,159.23
2381,1120,18,1,268.84,0,268.84
2382,1121,72,1,196.03,0.1,176.43
2383,1121,25,1,292.94,0,292.94
2384,1121,125,1,226.52,0,226.52
2385,1122,54,1,92.65,0.15,78.75
2386,1123,125,1,226.52,0,226.52
2387,1123,152,1,66.12,0.15,56.2
2388,1124,121,2,374.5,0,749.0
2389,1124,54,1,92.65,0,92.65
2390,1125,71,2,16.86,0.1,30.35
2391,1126,112,2,329.53,0,659.06
2392,1126,140,1,66.53,0.1,59.88
2393,1127,113,2,274.17,0,548.34
2394,1128,135,1,105.74,0,105.74
2395,1128,29,1,122.84,0,122.84
2396,1129,123,1,92.73,0,92.73
2397,1129,60,2,294.14,0,588.28
2398,1130,152,1,66.12,0,66.12
2399,1130,129,1,36.16,0.15,30.74
2400,1130,152,1,66.12,0,66.12
2401,1131,54,2,92.65,0.1,166.77
2402,1131,132,3,101.25,0,303.75
2403,1132,157,1,65.63,0,65.63
2404,1133,121,1,374.5,0.2,299.6
2405,1133,56,1,48.94,0,48.94
2406,1134,75,1,185.8,0,185.8
2407,1135,94,1,59.56,0,59.56
2408,1135,94,2,59.56,0.1,107.21
2409,1136,85,2,74.75,0.2,119.6
2410,1136,153,1,99.2,0,99.2
2411,1137,96,1,51.37,0,51.37
2412,1137,21,1,274.21,0,274.21
2413,1138,108,1,97.45,0,97.45
2414,1139,107,1,335.62,0,335.62
2415,1140,152,1,66.12,0,66.12
2416,1140,91,1,50.62,0.15,43.03
2417,1141,119,2,213.48,0,426.96
2418,1141,54,1,92.65,0,92.65
2419,1142,62,1,117.07,0,117.07
2420,1142,54,1,92.65,0,92.65
2421,1142,54,1,92.65,0,92.65
2422,1143,67,1,62.01,0,62.01
2423,1143,47,1,173.41,0,173.41
2424,1144,91,1,50.62,0,50.62
2425,1145,97,3,23.97,0,71.91
2426,1146,68,1,204.27,0,204.27
2427,1147,124,2,13.96,0.1,25.13
2428,1148,64,3,113.76,0,341.28
2429,1149,33,2,49.0,0,98.0
2430,1150,53,1,86.91,0.15,73.87
2431,1150,91,1,50.62,0,50.62
2432,1151,108,2,97.45,0,194.9
2433,1151,16,1,232.17,0,232.17
2434,1151,84,1,13.12,0,13.12
2435,1151,79,1,40.31,0,40.31
2436,1151,54,1,92.65,0.15,78.75
2437,1152,107,1,335.62,0.1,302.06
2438,1152,123,1,92.73,0,92.73
2439,1153,64,2,113.76,0,227.52
2440,1153,101,3,68.79,0.15,175.41
2441,1154,39,1,43.96,0,43.96
2442,1154,50,1,55.81,0,55.81
2443,1155,113,2,274.17,0,548.34
2444,1156,107,2,335.62,0,671.24
2445,1156,106,1,187.33,0,187.33
2446,1157,88,1,39.57,0.2,31.66
2447,1158,150,1,44.1,0.2,35.28
2448,1158,144,1,11.66,0,11.66
2449,1159,40,1,53.97,0,53.97
2450,1160,116,1,217.77,0,217.77
2451,1160,79,2,40.31,0,80.62
2452,1160,8,2,255.14,0,510.28
2453,1160,34,2,164.11,0,328.22
2454,1160,97,1,23.97,0,23.97
2455,1161,154,1,83.05,0.15,70.59
2456,1161,125,1,226.52,0,226.52
2457,1162,143,1,69.82,0,69.82
2458,1162,113,1,274.17,0,274.17
2459,1163,94,2,59.56,0,119.12
2460,1163,54,1,92.65,0,92.65
2461,1164,19,1,229.68,0,229.68
2462,1165,137,1,15.32,0,15.32
2463,1166,64,1,113.76,0,113.76
2464,1166,33,1,49.0,0,49.0
2465,1167,75,1,185.8,0,185.8
2466,1167,13,1,132.43,0.15,112.57
2467,1168,9,1,98.65,0.2,78.92
2468,1168,94,2,59.56,0.2,95.3
2469,1169,110,1,59.23,0,59.23
2470,1169,40,2,53.97,0,107.94
2471,1170,139,1,70.5,0,70.5
2472,1171,12,1,291.22,0,291.22
2473,1171,70,1,67.88,0,67.88
2474,1172,119,2,213.48,0,426.96
2475,1173,137,1,15.32,0,15.32
2476,1174,11,1,176.03,0,176.03
2477,1175,119,1,213.48,0.1,192.13
2478,1175,1,1,134.64,0,134.64
2479,1176,120,1,179.87,0,179.87
2480,1177,2,1,198.54,0.1,178.69
2481,1177,156,1,17.86,0.1,16.07
2482,1177,54,1,92.65,0,92.65
2483,1178,91,1,50.62,0.1,45.56
2484,1178,74,1,41.44,0,41.44
2485,1179,80,3,41.32,0.1,111.56
2486,1179,117,1,173.82,0.1,156.44
2487,1180,113,1,274.17,0,274.17
2488,1181,97,2,23.97,0.1,43.15
2489,1182,150,2,44.1,0.2,70.56
2490,1182,139,1,70.5,0,70.5
2491,1183,58,1,151.67,0,151.67
2492,1184,33,2,49.0,0,98.0
2493,1185,31,2,121.18,0,242.36
2494,1186,68,2,204.27,0,408.54
2495,1187,68,1,204.27,0.1,183.84
2496,1187,1,1,134.64,0,134.64
2497,1187,102,1,116.44,0,116.44
2498,1188,6,2,180.27,0.1,324.49
2499,1189,81,1,52.03,0,52.03
2500,1189,11,1,176.03,0,176.03
2501,1190,156,1,17.86,0.2,14.29
2502,1190,71,1,16.86,0,16.86
2503,1191,139,2,70.5,0,141.0
2504,1192,114,1,240.92,0,240.92
2505,1192,91,1,50.62,0,50.62
2506,1192,117,1,173.82,0,173.82
2507,1192,72,1,196.03,0,196.03
2508,1193,88,1,39.57,0.1,35.61
2509,1194,60,2,294.14,0,588.28
2510,1194,159,2,57.51,0,115.02
2511,1195,119,1,213.48,0,213.48
2512,1195,38,1,79.64,0,79.64
2513,1196,27,1,21.73,0,21.73
2514,1196,20,1,84.59,0,84.59
2515,1196,64,1,113.76,0,113.76
2516,1197,61,1,12.8,0.1,11.52
2517,1198,111,1,282.79,0,282.79
2518,1199,31,1,121.18,0,121.18
2519,1199,39,1,43.96,0,43.96
2520,1200,125,1,226.52,0.15,192.54
2521,1200,33,1,49.0,0,49.0
2522,1200,43,1,75.67,0,75.67
2523,1200,70,2,67.88,0,135.76
2524,1200,72,2,196.03,0,392.06
2525,1201,114,1,240.92,0,240.92
2526,1201,121,1,374.5,0.15,318.32
2527,1202,49,2,111.88,0,223.76
2528,1203,144,1,11.66,0,11.66
2529,1203,72,1,196.03,0.1,176.43
2530,1204,160,1,40.26,0,40.26
2531,1204,39,1,43.96,0,43.96
2532,1205,119,1,213.48,0.15,181.46
2533,1206,3,1,101.49,0,101.49
2534,1206,33,1,49.0,0,49.0
2535,1206,78,2,77.23,0,154.46
2536,1207,101,2,68.79,0,137.58
2537,1207,64,1,113.76,0.2,91.01
2538,1208,157,1,65.63,0,65.63
2539,1209,8,1,255.14,0,255.14
2540,1209,39,2,43.96,0.1,79.13
2541,1209,72,1,196.03,0.15,166.63
2542,1210,54,1,92.65,0,92.65
2543,1210,160,1,40.26,0.1,36.23
2544,1210,1,1,134.64,0,134.64
2545,1210,38,1,79.64,0,79.64
2546,1211,61,1,12.8,0.2,10.24
2547,1212,11,2,176.03,0,352.06
2548,1212,11,3,176.03,0,528.09
2549,1212,123,1,92.73,0.1,83.46
2550,1213,119,1,213.48,0,213.48
2551,1214,84,2,13.12,0,26.24
2552,1215,54,1,92.65,0,92.65
2553,1215,30,1,168.06,0.2,134.45
2554,1215,43,1,75.67,0.15,64.32
2555,1215,40,1,53.97,0,53.97
2556,1215,61,2,12.8,0,25.6
2557,1216,75,1,185.8,0,185.8
2558,1217,19,1,229.68,0,229.68
2559,1218,97,1,23.97,0,23.97
2560,1218,83,2,23.95,0,47.9
2561,1219,30,2,168.06,0,336.12
2562,1220,7,1,33.9,0,33.9
2563,1220,71,1,16.86,0,16.86
2564,1220,142,1,31.27,0,31.27
2565,1221,88,1,39.57,0.15,33.63
2566,1222,54,3,92.65,0,277.95
2567,1222,97,1,23.97,0.2,19.18
2568,1222,24,3,346.45,0,1039.35
2569,1222,64,1,113.76,0,113.76
2570,1223,54,1,92.65,0,92.65
2571,1224,113,1,274.17,0,274.17
2572,1225,152,1,66.12,0,66.12
2573,1226,49,2,111.88,0.1,201.38
2574,1227,98,1,11.23,0,11.23
2575,1227,115,1,276.86,0,276.86
2576,1227,103,1,74.37,0.15,63.21
2577,1228,82,1,54.72,0.1,49.25
2578,1228,138,2,24.71,0,49.42
2579,1228,17,1,75.74,0,75.74
2580,1228,71,1,16.86,0.1,15.17
2581,1229,97,1,23.97,0.1,21.57
2582,1229,138,2,24.71,0,49.42
2583,1229,156,1,17.86,0,17.86
2584,1230,160,1,40.26,0.1,36.23
2585,1231,39,1,43.96,0,43.96
2586,1232,61,1,12.8,0,12.8
2587,1233,5,1,135.87,0,135.87
2588,1233,142,1,31.27,0.15,26.58
2589,1234,85,1,74.75,0,74.75
2590,1235,39,1,43.96,0,43.96
2591,1235,18,1,268.84,0.1,241.96
2592,1236,77,1,42.23,0,42.23
2593,1237,54,1,92.65,0,92.65
2594,1238,2,1,198.54,0,198.54
2595,1238,54,2,92.65,0,185.3
2596,1239,60,1,294.14,0,294.14
2597,1240,97,1,23.97,0,23.97
2598,1240,56,1,48.94,0.15,41.6
2599,1240,22,1,399.88,0.15,339.9
2600,1241,46,2,64.69,0.15,109.97
2601,1242,136,1,116.14,0,116.14
2602,1243,47,1,173.41,0.15,147.4
2603,1244,154,1,83.05,0,83.05
2604,1244,160,2,40.26,0,80.52
2605,1244,40,1,53.97,0,53.97
2606,1244,153,2,99.2,0.15,168.64
2607,1245,108,1,97.45,0.1,87.7
2608,1245,118,1,357.71,0,357.71
2609,1245,136,1,116.14,0.15,98.72
2610,1245,54,1,92.65,0.1,83.39
2611,1246,135,1,105.74,0.2,84.59
2612,1247,158,1,14.07,0.1,12.66
2613,1247,12,2,291.22,0,582.44
2614,1248,87,1,40.81,0,40.81
2615,1248,84,3,13.12,0.1,35.42
2616,1248,5,1,135.87,0.15,115.49
2617,1249,6,1,180.27,0.2,144.22
2618,1249,19,1,229.68,0,229.68
2619,1249,10,1,116.26,0,116.26
2620,1250,97,1,23.97,0.15,20.37
2621,1251,101,1,68.79,0,68.79
2622,1252,56,2,48.94,0.1,88.09
2623,1253,30,1,168.06,0,168.06
2624,1254,33,2,49.0,0.2,78.4
2625,1254,109,1,22.1,0,22.1
2626,1254,108,1,97.45,0.1,87.7
2627,1254,96,1,51.37,0,51.37
2628,1254,56,2,48.94,0.15,83.2
2629,1255,136,1,116.14,0.1,104.53
2630,1255,72,2,196.03,0.15,333.25
2631,1256,42,1,80.28,0,80.28
2632,1257,9,1,98.65,0,98.65
2633,1257,84,1,13.12,0,13.12
2634,1257,44,1,83.07,0.15,70.61
2635,1258,114,1,240.92,0.15,204.78
2636,1258,54,1,92.65,0.2,74.12
2637,1259,50,1,55.81,0.15,47.44
2638,1259,101,2,68.79,0,137.58
2639,1260,101,1,68.79,0,68.79
2640,1260,47,1,173.41,0,173.41
2641,1260,61,1,12.8,0,12.8
2642,1260,33,1,49.0,0,49.0
2643,1260,57,2,91.71,0,183.42
2644,1261,74,1,41.44,0.1,37.3
2645,1262,55,1,295.32,0,295.32
2646,1262,54,1,92.65,0.1,83.39
2647,1263,108,1,97.45,0,97.45
2648,1263,72,3,196.03,0,588.09
2649,1263,111,2,282.79,0,565.58
2650,1264,8,2,255.14,0,510.28
2651,1265,80,3,41.32,0.1,111.56
2652,1265,157,1,65.63,0,65.63
2653,1266,152,1,66.12,0.15,56.2
2654,1267,18,3,268.84,0,806.52
2655,1267,64,1,113.76,0.1,102.38
2656,1268,91,1,50.62,0.1,45.56
2657,1268,64,3,113.76,0,341.28
2658,1269,54,1,92.65,0.1,83.39
2659,1270,97,2,23.97,0,47.94
2660,1270,127,3,268.94,0,806.82
2661,1270,13,1,132.43,0,132.43
2662,1270,42,1,80.28,0.15,68.24
2663,1271,54,2,92.65,0,185.3
2664,1271,5,2,135.87,0,271.74
2665,1272,111,1,282.79,0,282.79
2666,1272,129,1,36.16,0.1,32.54
2667,1272,22,1,399.88,0,399.88
2668,1272,123,1,92.73,0.1,83.46
2669,1273,126,3,319.24,0,957.72
2670,1273,74,1,41.44,0,41.44
2671,1273,7,1,33.9,0,33.9
2672,1273,128,1,398.69,0,398.69
2673,1274,6,1,180.27,0,180.27
2674,1274,33,1,49.0,0,49.0
2675,1274,61,1,12.8,0.15,10.88
2676,1274,78,1,77.23,0.2,61.78
2677,1275,68,2,204.27,0.1,367.69
2678,1275,159,1,57.51,0,57.51
2679,1275,49,1,111.88,0,111.88
2680,1276,119,1,213.48,0,213.48
2681,1277,54,2,92.65,0,185.3
2682,1278,34,1,164.11,0,164.11
2683,1278,87,1,40.81,0,40.81
2684,1279,125,1,226.52,0,226.52
2685,1280,116,1,217.77,0,217.77
2686,1280,99,2,79.98,0,159.96
2687,1280,140,1,66.53,0,66.53
2688,1280,37,1,83.16,0,83.16
2689,1281,130,1,68.02,0.1,61.22
2690,1281,146,1,20.85,0,20.85
2691,1281,56,1,48.94,0.15,41.6
2692,1282,65,2,172.37,0,344.74
2693,1283,61,1,12.8,0.1,11.52
2694,1283,89,2,41.71,0,83.42
2695,1283,31,1,121.18,0.1,109.06
2696,1283,118,2,357.71,0,715.42
2697,1284,5,2,135.87,0,271.74
2698,1285,40,1,53.97,0,53.97
2699,1286,33,1,49.0,0,49.0
2700,1286,100,1,69.29,0,69.29
2701,1286,51,1,33.99,0.15,28.89
2702,1287,43,1,75.67,0,75.67
2703,1287,60,1,294.14,0,294.14
2704,1287,102,1,116.44,0,116.44
2705,1288,92,2,74.46,0,148.92
2706,1288,34,2,164.11,0,328.22
2707,1289,125,1,226.52,0.1,203.87
2708,1290,71,1,16.86,0,16.86
2709,1291,33,1,49.0,0,49.0
2710,1291,114,1,240.92,0,240.92
2711,1292,72,2,196.03,0,392.06
2712,1293,89,1,41.71,0,41.71
2713,1294,56,2,48.94,0.15,83.2
2714,1295,54,1,92.65,0,92.65
2715,1295,41,1,179.88,0.1,161.89
2716,1296,32,1,49.75,0.1,44.77
2717,1296,70,1,67.88,0,67.88
2718,1296,155,3,82.21,0,246.63
2719,1297,16,1,232.17,0.2,185.74
2720,1297,39,1,43.96,0.2,35.17
2721,1297,99,1,79.98,0.1,71.98
2722,1298,17,1,75.74,0,75.74
2723,1298,145,1,84.99,0,84.99
2724,1298,76,1,65.54,0,65.54
2725,1298,27,1,21.73,0.1,19.56
2726,1299,74,1,41.44,0,41.44
2727,1299,136,1,116.14,0,116.14
2728,1299,145,2,84.99,0.15,144.48
2729,1300,34,2,164.11,0,328.22
2730,1300,111,1,282.79,0,282.79
2731,1300,107,1,335.62,0,335.62
2732,1300,160,1,40.26,0,40.26
2733,1300,97,1,23.97,0,23.97
2734,1301,94,2,59.56,0,119.12
2735,1302,64,1,113.76,0,113.76
2736,1303,99,1,79.98,0,79.98
2737,1303,113,2,274.17,0,548.34
2738,1303,152,1,66.12,0,66.12
2739,1304,1,2,134.64,0,269.28
2740,1304,97,1,23.97,0.2,19.18
2741,1305,70,1,67.88,0,67.88
2742,1306,54,1,92.65,0,92.65
2743,1306,160,1,40.26,0,40.26
2744,1307,98,1,11.23,0,11.23
2745,1308,119,1,213.48,0,213.48
2746,1309,109,1,22.1,0,22.1
2747,1309,110,1,59.23,0.15,50.35
2748,1309,145,1,84.99,0,84.99
2749,1309,33,1,49.0,0,49.0
2750,1310,60,1,294.14,0,294.14
2751,1310,52,1,190.14,0,190.14
2752,1310,8,1,255.14,0.1,229.63
2753,1311,54,1,92.65,0,92.65
2754,1312,72,1,196.03,0,196.03
2755,1312,34,1,164.11,0,164.11
2756,1312,66,1,279.67,0,279.67
2757,1312,152,1,66.12,0,66.12
2758,1313,53,1,86.91,0.2,69.53
2759,1313,108,2,97.45,0,194.9
2760,1314,9,1,98.65,0,98.65
2761,1315,38,1,79.64,0.1,71.68
2762,1315,67,2,62.01,0.1,111.62
2763,1315,111,2,282.79,0,565.58
2764,1316,57,2,91.71,0.2,146.74
2765,1317,72,2,196.03,0,392.06
2766,1317,83,1,23.95,0.1,21.55
2767,1317,93,1,19.37,0.1,17.43
2768,1318,114,2,240.92,0.15,409.56
2769,1318,1,2,134.64,0,269.28
2770,1319,145,1,84.99,0.1,76.49
2771,1320,31,1,121.18,0.15,103.0
2772,1320,84,1,13.12,0.15,11.15
2773,1321,129,1,36.16,0,36.16
2774,1321,6,1,180.27,0.15,153.23
2775,1321,81,1,52.03,0,52.03
2776,1322,54,1,92.65,0.1,83.39
2777,1323,61,1,12.8,0,12.8
2778,1324,18,1,268.84,0,268.84
2779,1325,157,2,65.63,0,131.26
2780,1326,141,1,71.69,0.1,64.52
2781,1326,99,1,79.98,0,79.98
2782,1327,18,1,268.84,0,268.84
2783,1327,34,2,164.11,0.1,295.4
2784,1328,91,1,50.62,0,50.62
2785,1329,113,2,274.17,0,548.34
2786,1330,78,1,77.23,0,77.23
2787,1330,57,1,91.71,0,91.71
2788,1330,131,1,62.23,0,62.23
2789,1330,53,1,86.91,0,86.91
2790,1331,103,1,74.37,0.1,66.93
2791,1332,152,1,66.12,0.15,56.2
2792,1332,129,1,36.16,0,36.16
2793,1332,113,1,274.17,0,274.17
2794,1333,94,2,59.56,0.15,101.25
2795,1333,54,1,92.65,0,92.65
2796,1334,95,3,42.95,0,128.85
2797,1334,82,1,54.72,0,54.72
2798,1335,111,1,282.79,0,282.79
2799,1335,64,1,113.76,0.1,102.38
2800,1336,15,2,152.22,0,304.44
2801,1337,52,3,190.14,0.1,513.38
2802,1337,12,1,291.22,0.1,262.1
2803,1337,20,2,84.59,0,169.18
2804,1337,111,1,282.79,0.15,240.37
2805,1338,54,1,92.65,0,92.65
2806,1338,85,1,74.75,0,74.75
2807,1339,54,2,92.65,0.2,148.24
2808,1339,112,2,329.53,0,659.06
2809,1339,85,1,74.75,0.1,67.28
2810,1339,54,1,92.65,0,92.65
2811,1340,158,3,14.07,0.1,37.99
2812,1340,49,1,111.88,0.1,100.69
2813,1341,54,1,92.65,0.1,83.39
2814,1341,109,3,22.1,0.1,59.67
2815,1341,145,2,84.99,0,169.98
2816,1341,111,1,282.79,0,282.79
2817,1342,61,2,12.8,0,25.6
2818,1342,142,1,31.27,0.15,26.58
2819,1343,142,1,31.27,0,31.27
2820,1343,11,2,176.03,0.1,316.85
2821,1343,128,2,398.69,0,797.38
2822,1344,118,3,357.71,0,1073.13
2823,1344,138,1,24.71,0,24.71
2824,1344,132,2,101.25,0.1,182.25
2825,1344,39,1,43.96,0,43.96
2826,1345,131,2,62.23,0.1,112.01
2827,1346,47,1,173.41,0,173.41
2828,1346,42,1,80.28,0,80.28
2829,1347,88,3,39.57,0,118.71
2830,1348,108,2,97.45,0,194.9
2831,1349,11,1,176.03,0.1,158.43
2832,1349,54,1,92.65,0,92.65
2833,1349,3,1,101.49,0,101.49
2834,1349,153,2,99.2,0,198.4
2835,1350,19,1,229.68,0,229.68
2836,1350,145,1,84.99,0,84.99
2837,1350,2,1,198.54,0,198.54
2838,1351,43,1,75.67,0,75.67
2839,1351,68,1,204.27,0,204.27
2840,1352,150,1,44.1,0.15,37.48
2841,1353,110,1,59.23,0.1,53.31
2842,1354,155,1,82.21,0.15,69.88
2843,1354,54,2,92.65,0,185.3
2844,1354,152,1,66.12,0,66.12
2845,1355,143,1,69.82,0,69.82
2846,1355,128,2,398.69,0,797.38
2847,1356,27,1,21.73,0,21.73
2848,1356,97,1,23.97,0,23.97
2849,1357,64,1,113.76,0.15,96.7
2850,1357,108,1,97.45,0,97.45
2851,1357,159,1,57.51,0,57.51
2852,1358,50,2,55.81,0.1,100.46
2853,1359,34,2,164.11,0.15,278.99
2854,1360,142,1,31.27,0.1,28.14
2855,1361,84,1,13.12,0,13.12
2856,1361,141,1,71.69,0,71.69
2857,1361,71,1,16.86,0,16.86
2858,1362,13,1,132.43,0,132.43
2859,1363,76,1,65.54,0,65.54
2860,1363,71,1,16.86,0,16.86
2861,1364,39,1,43.96,0,43.96
2862,1365,137,2,15.32,0.1,27.58
2863,1365,86,1,8.05,0.1,7.25
2864,1366,84,3,13.12,0,39.36
2865,1366,26,1,66.46,0,66.46
2866,1366,114,2,240.92,0,481.84
2867,1367,150,2,44.1,0.15,74.97
2868,1368,101,1,68.79,0,68.79
2869,1368,19,2,229.68,0,459.36
2870,1369,113,1,274.17,0,274.17
2871,1370,54,1,92.65,0,92.65
2872,1370,13,1,132.43,0,132.43
2873,1370,98,1,11.23,0,11.23
2874,1370,75,1,185.8,0,185.8
2875,1371,97,1,23.97,0,23.97
2876,1371,35,1,124.39,0,124.39
2877,1372,53,1,86.91,0,86.91
2878,1373,88,3,39.57,0,118.71
2879,1373,42,1,80.28,0,80.28
2880,1374,54,3,92.65,0,277.95
2881,1374,61,1,12.8,0,12.8
2882,1375,101,1,68.79,0.1,61.91
2883,1375,41,1,179.88,0,179.88
2884,1375,63,1,115.75,0.1,104.17
2885,1375,34,1,164.11,0,164.11
2886,1375,109,2,22.1,0,44.2
2887,1376,128,1,398.69,0,398.69
2888,1376,78,2,77.23,0,154.46
2889,1377,54,1,92.65,0,92.65
2890,1377,38,1,79.64,0.15,67.69
2891,1377,121,1,374.5,0,374.5
2892,1378,118,1,357.71,0,357.71
2893,1378,19,1,229.68,0,229.68
2894,1379,75,3,185.8,0,557.4
2895,1379,158,1,14.07,0.15,11.96
2896,1380,125,1,226.52,0,226.52
2897,1381,47,1,173.41,0,173.41
2898,1381,24,1,346.45,0.1,311.81
2899,1382,132,2,101.25,0,202.5
2900,1383,89,2,41.71,0,83.42
2901,1383,1,1,134.64,0,134.64
2902,1383,121,1,374.5,0,374.5
2903,1383,140,1,66.53,0,66.53
2904,1383,34,1,164.11,0,164.11
2905,1384,119,1,213.48,0,213.48
2906,1385,10,1,116.26,0,116.26
2907,1386,136,1,116.14,0,116.14
2908,1387,111,1,282.79,0,282.79
2909,1388,135,1,105.74,0,105.74
2910,1388,141,1,71.69,0.2,57.35
2911,1388,129,2,36.16,0,72.32
2912,1388,38,2,79.64,0,159.28
2913,1389,98,1,11.23,0.2,8.98
2914,1390,145,1,84.99,0,84.99
2915,1390,135,2,105.74,0,211.48
2916,1390,11,1,176.03,0,176.03
2917,1390,99,1,79.98,0,79.98
2918,1390,106,1,187.33,0,187.33
2919,1391,97,1,23.97,0,23.97
2920,1392,113,1,274.17,0,274.17
2921,1393,74,1,41.44,0,41.44
2922,1394,142,1,31.27,0,31.27
2923,1395,126,3,319.24,0,957.72
2924,1396,1,2,134.64,0,269.28
2925,1396,54,1,92.65,0,92.65
2926,1396,54,1,92.65,0,92.65
2927,1396,84,1,13.12,0,13.12
2928,1396,140,2,66.53,0.15,113.1
2929,1397,56,1,48.94,0,48.94
2930,1397,40,1,53.97,0,53.97
2931,1398,82,1,54.72,0.15,46.51
2932,1398,35,1,124.39,0,124.39
2933,1399,105,1,348.07,0,348.07
2934,1400,152,1,66.12,0,66.12
2935,1401,159,1,57.51,0,57.51
2936,1401,48,1,156.79,0,156.79
2937,1402,20,1,84.59,0.1,76.13
2938,1403,7,2,33.9,0,67.8
2939,1404,16,1,232.17,0.1,208.95
2940,1405,56,2,48.94,0,97.88
2941,1406,35,2,124.39,0.1,223.9
2942,1406,153,1,99.2,0,99.2
2943,1407,159,1,57.51,0,57.51
2944,1408,68,1,204.27,0,204.27
2945,1408,145,1,84.99,0,84.99
2946,1409,54,2,92.65,0.15,157.5
2947,1409,17,1,75.74,0.1,68.17
2948,1410,111,1,282.79,0,282.79
2949,1411,54,1,92.65,0,92.65
2950,1411,39,1,43.96,0,43.96
2951,1412,121,1,374.5,0,374.5
2952,1412,56,1,48.94,0,48.94
2953,1413,111,1,282.79,0.15,240.37
2954,1413,143,1,69.82,0.1,62.84
2955,1413,99,1,79.98,0,79.98
2956,1414,87,1,40.81,0,40.81
2957,1415,47,1,173.41,0.1,156.07
2958,1416,75,1,185.8,0,185.8
2959,1416,54,1,92.65,0,92.65
2960,1416,158,2,14.07,0,28.14
2961,1416,44,1,83.07,0,83.07
2962,1416,47,1,173.41,0,173.41
2963,1417,54,1,92.65,0,92.65
2964,1417,157,2,65.63,0,131.26
2965,1418,54,1,92.65,0.1,83.39
2966,1418,53,1,86.91,0.15,73.87
2967,1419,25,1,292.94,0.15,249.0
2968,1420,101,1,68.79,0.1,61.91
2969,1421,119,1,213.48,0,213.48
2970,1421,60,1,294.14,0.15,250.02
2971,1421,83,1,23.95,0,23.95
2972,1421,144,1,11.66,0.15,9.91
2973,1422,51,1,33.99,0,33.99
2974,1422,114,1,240.92,0,240.92
2975,1423,1,1,134.64,0.1,121.18
2976,1424,38,1,79.64,0.15,67.69
2977,1424,110,1,59.23,0,59.23
2978,1424,47,1,173.41,0,173.41
2979,1424,54,1,92.65,0,92.65
2980,1425,77,1,42.23,0.1,38.01
2981,1426,129,1,36.16,0,36.16
2982,1427,28,2,93.65,0,187.3
2983,1427,6,1,180.27,0.1,162.24
2984,1428,137,1,15.32,0.15,13.02
2985,1429,65,2,172.37,0,344.74
2986,1430,54,1,92.65,0.15,78.75
2987,1430,33,2,49.0,0,98.0
2988,1430,160,3,40.26,0,120.78
2989,1430,18,2,268.84,0,537.68
2990,1431,101,1,68.79,0.1,61.91
2991,1431,27,1,21.73,0,21.73
2992,1431,37,1,83.16,0,83.16
2993,1431,90,1,52.82,0,52.82
2994,1431,142,1,31.27,0,31.27
2995,1432,15,1,152.22,0,152.22
2996,1433,44,1,83.07,0.1,74.76
2997,1433,78,2,77.23,0,154.46
2998,1434,135,1,105.74,0,105.74
2999,1434,117,1,173.82,0,173.82
3000,1434,112,1,329.53,0.15,280.1
3001,1435,54,1,92.65,0,92.65
3002,1436,54,1,92.65,0,92.65
3003,1437,136,1,116.14,0.2,92.91
3004,1438,87,3,40.81,0,122.43
3005,1438,119,1,213.48,0,213.48
3006,1438,100,1,69.29,0,69.29
3007,1438,98,1,11.23,0.15,9.55
3008,1439,19,1,229.68,0,229.68
3009,1439,19,1,229.68,0.1,206.71
3010,1439,54,1,92.65,0,92.65
3011,1440,97,1,23.97,0,23.97
3012,1440,47,2,173.41,0.1,312.14
3013,1440,62,2,117.07,0,234.14
3014,1440,48,2,156.79,0.1,282.22
3015,1440,34,1,164.11,0,164.11
3016,1441,50,2,55.81,0,111.62
3017,1441,128,1,398.69,0,398.69
3018,1441,125,1,226.52,0.1,203.87
3019,1441,56,1,48.94,0,48.94
3020,1442,54,1,92.65,0,92.65
3021,1442,37,2,83.16,0.15,141.37
3022,1443,35,2,124.39,0,248.78
3023,1444,20,1,84.59,0,84.59
3024,1445,43,1,75.67,0.15,64.32
3025,1445,111,2,282.79,0,565.58
3026,1445,54,1,92.65,0,92.65
3027,1445,112,1,329.53,0,329.53
3028,1446,54,1,92.65,0,92.65
3029,1447,97,1,23.97,0,23.97
3030,1448,55,1,295.32,0.1,265.79
3031,1449,153,1,99.2,0,99.2
3032,1450,131,2,62.23,0,124.46
3033,1451,54,2,92.65,0,185.3
3034,1451,64,1,113.76,0,113.76
3035,1452,90,1,52.82,0.15,44.9
3036,1452,11,1,176.03,0,176.03
3037,1453,152,1,66.12,0.15,56.2
3038,1453,121,1,374.5,0.2,299.6
3039,1454,13,3,132.43,0,397.29
3040,1454,50,1,55.81,0.15,47.44
3041,1455,40,1,53.97,0,53.97
3042,1456,111,1,282.79,0.15,240.37
3043,1457,158,1,14.07,0,14.07
3044,1458,124,1,13.96,0,13.96
3045,1459,54,1,92.65,0.15,78.75
3046,1459,128,2,398.69,0,797.38
3047,1459,76,1,65.54,0.2,52.43
3048,1460,132,1,101.25,0,101.25
3049,1460,94,1,59.56,0,59.56
3050,1461,8,1,255.14,0.1,229.63
3051,1462,27,1,21.73,0,21.73
3052,1462,60,3,294.14,0,882.42
3053,1463,54,1,92.65,0,92.65
3054,1463,97,1,23.97,0,23.97
3055,1463,152,1,66.12,0.1,59.51
3056,1463,61,1,12.8,0,12.8
3057,1463,114,1,240.92,0,240.92
3058,1464,158,1,14.07,0,14.07
3059,1464,140,1,66.53,0,66.53
3060,1464,117,1,173.82,0,173.82
3061,1464,60,2,294.14,0,588.28
3062,1465,119,1,213.48,0,213.48
3063,1465,64,1,113.76,0,113.76
3064,1466,54,1,92.65,0.1,83.39
3065,1466,18,1,268.84,0,268.84
3066,1466,78,2,77.23,0,154.46
3067,1467,119,1,213.48,0,213.48
3068,1468,54,1,92.65,0,92.65
3069,1469,40,1,53.97,0,53.97
3070,1469,31,1,121.18,0,121.18
3071,1470,142,1,31.27,0,31.27
3072,1470,85,1,74.75,0,74.75
3073,1471,142,1,31.27,0,31.27
3074,1471,158,1,14.07,0,14.07
3075,1471,91,1,50.62,0,50.62
3076,1471,64,1,113.76,0.15,96.7
3077,1471,119,1,213.48,0,213.48
3078,1472,17,1,75.74,0,75.74
3079,1473,145,1,84.99,0.1,76.49
3080,1473,71,1,16.86,0,16.86
3081,1473,117,1,173.82,0,173.82
3082,1474,40,2,53.97,0,107.94
3083,1474,92,1,74.46,0,74.46
3084,1475,39,1,43.96,0,43.96
3085,1475,119,1,213.48,0,213.48
3086,1475,128,1,398.69,0,398.69
3087,1476,61,3,12.8,0.1,34.56
3088,1477,160,1,40.26,0.1,36.23
3089,1478,123,1,92.73,0,92.73
3090,1479,79,1,40.31,0.1,36.28
3091,1479,60,1,294.14,0.1,264.73
3092,1479,98,1,11.23,0,11.23
3093,1480,119,1,213.48,0,213.48
3094,1481,119,1,213.48,0,213.48
3095,1482,84,2,13.12,0,26.24
3096,1483,137,1,15.32,0,15.32
3097,1483,108,1,97.45,0,97.45
3098,1483,113,1,274.17,0,274.17
3099,1484,21,1,274.21,0,274.21
3100,1484,150,1,44.1,0.1,39.69
3101,1484,82,1,54.72,0,54.72
3102,1485,54,1,92.65,0.1,83.39
3103,1485,38,1,79.64,0,79.64
3104,1485,17,1,75.74,0,75.74
3105,1485,49,1,111.88,0,111.88
3106,1486,7,1,33.9,0,33.9
3107,1486,44,1,83.07,0.1,74.76
3108,1486,56,1,48.94,0,48.94
3109,1486,54,1,92.65,0.2,74.12
3110,1486,110,1,59.23,0,59.23
3111,1487,121,1,374.5,0,374.5
3112,1487,50,1,55.81,0,55.81
3113,1487,58,1,151.67,0.1,136.5
3114,1488,88,1,39.57,0,39.57
3115,1489,144,2,11.66,0,23.32
3116,1489,145,1,84.99,0,84.99
3117,1490,114,1,240.92,0,240.92
3118,1491,152,2,66.12,0,132.24
3119,1492,107,1,335.62,0.15,285.28
3120,1492,6,1,180.27,0,180.27
3121,1492,137,1,15.32,0.1,13.79
3122,1492,31,1,121.18,0.15,103.0
3123,1493,68,1,204.27,0.1,183.84
3124,1493,99,2,79.98,0,159.96
3125,1494,96,1,51.37,0,51.37
3126,1494,113,1,274.17,0,274.17
3127,1495,152,1,66.12,0,66.12
3128,1496,64,2,113.76,0,227.52
3129,1496,26,1,66.46,0.1,59.81
3130,1497,107,1,335.62,0.15,285.28
3131,1498,16,1,232.17,0.15,197.34
3132,1499,152,1,66.12,0,66.12
3133,1499,40,1,53.97,0,53.97
3134,1500,55,1,295.32,0.1,265.79
3135,1500,106,2,187.33,0.1,337.19
3136,1501,53,2,86.91,0,173.82
3137,1502,160,1,40.26,0.1,36.23
3138,1502,54,1,92.65,0,92.65
3139,1502,65,2,172.37,0,344.74
3140,1502,89,1,41.71,0,41.71
3141,1503,125,1,226.52,0,226.52
3142,1503,64,1,113.76,0,113.76
3143,1503,141,1,71.69,0,71.69
3144,1503,31,1,121.18,0,121.18
3145,1503,54,1,92.65,0,92.65
3146,1504,3,1,101.49,0.2,81.19
3147,1504,6,2,180.27,0,360.54
3148,1504,147,1,23.93,0.15,20.34
3149,1505,81,1,52.03,0,52.03
3150,1506,25,1,292.94,0.15,249.0
3151,1506,26,1,66.46,0,66.46
3152,1507,31,1,121.18,0,121.18
3153,1508,94,1,59.56,0,59.56
3154,1508,9,1,98.65,0,98.65
3155,1508,119,2,213.48,0,426.96
3156,1508,97,1,23.97,0,23.97
3157,1508,137,2,15.32,0,30.64
3158,1509,112,3,329.53,0,988.59
3159,1509,108,1,97.45,0.2,77.96
3160,1510,54,1,92.65,0,92.65
3161,1510,160,2,40.26,0,80.52
3162,1511,107,1,335.62,0,335.62
3163,1512,40,1,53.97,0,53.97
3164,1512,99,1,79.98,0,79.98
3165,1513,75,1,185.8,0,185.8
3166,1513,55,2,295.32,0,590.64
3167,1513,54,2,92.65,0,185.3
3168,1513,18,1,268.84,0,268.84
3169,1514,121,2,374.5,0,749.0
3170,1514,128,1,398.69,0.2,318.95
3171,1514,91,3,50.62,0,151.86
3172,1514,97,1,23.97,0,23.97
3173,1514,119,1,213.48,0.1,192.13
3174,1515,26,1,66.46,0.1,59.81
3175,1515,140,1,66.53,0.15,56.55
3176,1516,64,1,113.76,0,113.76
3177,1516,152,1,66.12,0,66.12
3178,1517,54,1,92.65,0.1,83.39
3179,1517,127,1,268.94,0.15,228.6
3180,1517,130,1,68.02,0,68.02
3181,1517,87,1,40.81,0,40.81
3182,1517,159,2,57.51,0.1,103.52
3183,1518,54,1,92.65,0.1,83.39
3184,1519,119,1,213.48,0.2,170.78
3185,1519,135,1,105.74,0,105.74
3186,1520,54,1,92.65,0.1,83.39
3187,1521,54,1,92.65,0,92.65
3188,1521,119,1,213.48,0,213.48
3189,1521,54,1,92.65,0.2,74.12
3190,1521,40,1,53.97,0,53.97
3191,1522,140,1,66.53,0,66.53
3192,1522,114,1,240.92,0,240.92
3193,1522,136,1,116.14,0.1,104.53
3194,1522,152,3,66.12,0.2,158.69
3195,1523,119,1,213.48,0.15,181.46
3196,1523,61,1,12.8,0,12.8
3197,1524,160,3,40.26,0,120.78
3198,1524,100,2,69.29,0.1,124.72
3199,1524,6,1,180.27,0,180.27
3200,1524,110,1,59.23,0.2,47.38
3201,1524,54,1,92.65,0,92.65
3202,1525,121,1,374.5,0,374.5
3203,1526,119,1,213.48,0.15,181.46
3204,1526,137,1,15.32,0,15.32
3205,1526,39,1,43.96,0,43.96
3206,1526,48,1,156.79,0,156.79
3207,1527,149,1,68.48,0,68.48
3208,1527,47,2,173.41,0,346.82
3209,1528,97,1,23.97,0,23.97
3210,1529,65,1,172.37,0,172.37
3211,1529,124,1,13.96,0,13.96
3212,1530,136,1,116.14,0,116.14
3213,1530,63,3,115.75,0,347.25
3214,1531,152,1,66.12,0,66.12
3215,1531,38,1,79.64,0,79.64
3216,1531,5,2,135.87,0,271.74
3217,1532,18,1,268.84,0,268.84
3218,1533,61,2,12.8,0,25.6
3219,1534,97,2,23.97,0.1,43.15
3220,1534,84,1,13.12,0,13.12
3221,1535,136,1,116.14,0.15,98.72
3222,1536,120,3,179.87,0.2,431.69
3223,1536,67,1,62.01,0,62.01
3224,1537,87,2,40.81,0.2,65.3
3225,1537,54,1,92.65,0.15,78.75
3226,1537,97,1,23.97,0.1,21.57
3227,1538,106,1,187.33,0.15,159.23
3228,1539,106,1,187.33,0.1,168.6
3229,1540,32,1,49.75,0,49.75
3230,1540,54,1,92.65,0,92.65
3231,1540,17,1,75.74,0.15,64.38
3232,1540,6,2,180.27,0,360.54
3233,1541,54,1,92.65,0.1,83.39
3234,1541,143,2,69.82,0,139.64
3235,1541,121,1,374.5,0,374.5
3236,1541,92,2,74.46,0,148.92
3237,1542,106,1,187.33,0,187.33
3238,1543,54,2,92.65,0,185.3
3239,1544,72,2,196.03,0,392.06
3240,1545,35,1,124.39,0,124.39
3241,1545,119,2,213.48,0,426.96
3242,1546,121,1,374.5,0,374.5
3243,1547,1,3,134.64,0,403.92
3244,1548,119,1,213.48,0.15,181.46
3245,1548,76,1,65.54,0.15,55.71
3246,1548,45,1,61.85,0,61.85
3247,1548,113,2,274.17,0,548.34
3248,1549,97,2,23.97,0,47.94
3249,1549,128,1,398.69,0.2,318.95
3250,1550,108,1,97.45,0,97.45
3251,1550,46,2,64.69,0,129.38
3252,1550,101,1,68.79,0,68.79
3253,1550,56,1,48.94,0.2,39.15
3254,1550,41,1,179.88,0,179.88
3255,1551,31,1,121.18,0,121.18
3256,1552,152,1,66.12,0,66.12
3257,1552,84,2,13.12,0,26.24
3258,1552,81,1,52.03,0,52.03
3259,1553,74,1,41.44,0,41.44
3260,1554,50,1,55.81,0.1,50.23
3261,1554,113,1,274.17,0,274.17
3262,1555,54,2,92.65,0,185.3
3263,1555,152,2,66.12,0,132.24
3264,1556,60,1,294.14,0,294.14
3265,1557,39,1,43.96,0,43.96
3266,1557,84,1,13.12,0.15,11.15
3267,1558,54,1,92.65,0.1,83.39
3268,1559,54,1,92.65,0,92.65
3269,1559,158,1,14.07,0.15,11.96
3270,1559,60,2,294.14,0,588.28
3271,1560,72,2,196.03,0,392.06
3272,1560,34,1,164.11,0,164.11
3273,1561,119,1,213.48,0,213.48
3274,1561,43,3,75.67,0,227.01
3275,1562,88,1,39.57,0.1,35.61
3276,1562,54,2,92.65,0.15,157.5
3277,1563,78,1,77.23,0.1,69.51
3278,1563,113,1,274.17,0.15,233.04
3279,1563,72,1,196.03,0,196.03
3280,1564,54,2,92.65,0,185.3
3281,1565,121,1,374.5,0,374.5
3282,1566,119,1,213.48,0,213.48
3283,1566,54,3,92.65,0,277.95
3284,1567,113,1,274.17,0,274.17
3285,1567,35,1,124.39,0,124.39
3286,1568,61,1,12.8,0,12.8
3287,1568,83,1,23.95,0,23.95
3288,1569,146,1,20.85,0.1,18.77
3289,1569,152,1,66.12,0,66.12
3290,1570,29,2,122.84,0,245.68
3291,1570,136,2,116.14,0,232.28
3292,1571,101,1,68.79,0,68.79
3293,1571,54,3,92.65,0.1,250.16
3294,1572,31,1,121.18,0.2,96.94
3295,1572,54,1,92.65,0.1,83.39
3296,1573,149,1,68.48,0,68.48
3297,1573,21,1,274.21,0.1,246.79
3298,1574,121,3,374.5,0,1123.5
3299,1575,97,1,23.97,0,23.97
3300,1575,34,1,164.11,0,164.11
3301,1575,64,1,113.76,0.1,102.38
3302,1576,97,2,23.97,0,47.94
3303,1576,143,1,69.82,0,69.82
3304,1576,60,2,294.14,0,588.28
3305,1577,57,1,91.71,0.2,73.37
3306,1577,145,1,84.99,0.1,76.49
3307,1577,72,3,196.03,0,588.09
3308,1578,94,1,59.56,0,59.56
3309,1579,72,1,196.03,0.1,176.43
3310,1579,91,1,50.62,0,50.62
3311,1579,39,1,43.96,0,43.96
3312,1580,13,2,132.43,0,264.86
3313,1580,54,1,92.65,0.1,83.39
3314,1580,40,1,53.97,0,53.97
3315,1580,24,1,346.45,0,346.45
3316,1580,109,3,22.1,0.1,59.67
3317,1581,2,1,198.54,0.1,178.69
3318,1581,140,2,66.53,0,133.06
3319,1581,119,1,213.48,0,213.48
3320,1581,38,1,79.64,0.15,67.69
3321,1581,111,1,282.79,0,282.79
3322,1582,54,3,92.65,0,277.95
3323,1582,152,1,66.12,0,66.12
3324,1582,61,3,12.8,0,38.4
3325,1583,54,2,92.65,0.2,148.24
3326,1584,98,1,11.23,0.15,9.55
3327,1585,39,1,43.96,0,43.96
3328,1585,146,1,20.85,0.2,16.68
3329,1586,12,1,291.22,0,291.22
3330,1586,128,1,398.69,0,398.69
3331,1586,67,1,62.01,0.1,55.81
3332,1587,138,3,24.71,0,74.13
3333,1588,68,1,204.27,0,204.27
3334,1588,17,1,75.74,0,75.74
3335,1589,39,2,43.96,0,87.92
3336,1589,44,1,83.07,0.15,70.61
3337,1590,32,1,49.75,0.2,39.8
3338,1590,26,1,66.46,0,66.46
3339,1590,29,1,122.84,0,122.84
3340,1591,142,1,31.27,0.1,28.14
3341,1591,53,1,86.91,0,86.91
3342,1592,152,1,66.12,0,66.12
3343,1592,54,1,92.65,0,92.65
3344,1593,19,2,229.68,0.2,367.49
3345,1594,94,2,59.56,0,119.12
3346,1594,43,2,75.67,0,151.34
3347,1595,107,1,335.62,0,335.62
3348,1595,99,1,79.98,0.15,67.98
3349,1596,111,2,282.79,0.1,509.02
3350,1597,9,3,98.65,0,295.95
3351,1597,108,1,97.45,0,97.45
3352,1597,21,1,274.21,0,274.21
3353,1598,97,1,23.97,0.1,21.57
3354,1598,156,1,17.86,0,17.86
3355,1598,50,2,55.81,0,111.62
3356,1599,84,1,13.12,0,13.12
3357,1599,78,1,77.23,0,77.23
3358,1599,150,2,44.1,0,88.2
3359,1599,50,1,55.81,0.15,47.44
3360,1600,54,2,92.65,0,185.3
3361,1601,60,2,294.14,0,588.28
3362,1602,25,1,292.94,0,292.94
3363,1603,33,1,49.0,0,49.0
3364,1604,64,1,113.76,0,113.76
3365,1604,52,1,190.14,0.1,171.13
3366,1605,72,2,196.03,0,392.06
3367,1606,114,2,240.92,0,481.84
3368,1606,97,1,23.97,0,23.97
3369,1606,136,2,116.14,0.1,209.05
3370,1606,61,1,12.8,0.2,10.24
3371,1607,61,1,12.8,0,12.8
3372,1607,79,1,40.31,0.2,32.25
3373,1607,138,1,24.71,0.1,22.24
3374,1608,54,1,92.65,0,92.65
3375,1608,24,2,346.45,0.1,623.61
3376,1608,54,1,92.65,0,92.65
3377,1609,33,1,49.0,0.2,39.2
3378,1609,54,2,92.65,0,185.3
3379,1610,43,2,75.67,0,151.34
3380,1611,110,1,59.23,0.15,50.35
3381,1611,137,1,15.32,0,15.32
3382,1611,40,1,53.97,0.1,48.57
3383,1612,56,1,48.94,0,48.94
3384,1612,89,1,41.71,0,41.71
3385,1613,97,3,23.97,0,71.91
3386,1613,127,1,268.94,0,268.94
3387,1614,145,1,84.99,0,84.99
3388,1615,101,1,68.79,0.2,55.03
3389,1615,74,2,41.44,0.15,70.45
3390,1615,91,1,50.62,0,50.62
3391,1615,119,1,213.48,0,213.48
3392,1615,152,1,66.12,0.2,52.9
3393,1616,32,1,49.75,0.1,44.77
3394,1616,61,1,12.8,0,12.8
3395,1616,119,3,213.48,0.1,576.4
3396,1616,54,1,92.65,0,92.65
3397,1617,111,2,282.79,0,565.58
3398,1618,64,1,113.76,0,113.76
3399,1618,78,1,77.23,0.15,65.65
3400,1618,118,1,357.71,0.15,304.05
3401,1618,74,1,41.44,0,41.44
3402,1619,61,1,12.8,0,12.8
3403,1619,123,1,92.73,0.1,83.46
3404,1620,42,1,80.28,0,80.28
3405,1621,39,1,43.96,0,43.96
3406,1621,72,1,196.03,0.2,156.82
3407,1622,39,1,43.96,0,43.96
3408,1622,24,1,346.45,0,346.45
3409,1622,149,1,68.48,0.1,61.63
3410,1622,86,1,8.05,0,8.05
3411,1623,54,1,92.65,0,92.65
3412,1624,71,2,16.86,0,33.72
3413,1624,76,3,65.54,0.1,176.96
3414,1625,160,2,40.26,0,80.52
3415,1626,159,1,57.51,0.1,51.76
3416,1626,101,1,68.79,0.1,61.91
3417,1627,18,1,268.84,0,268.84
3418,1627,44,1,83.07,0.2,66.46
3419,1627,93,1,19.37,0.1,17.43
3420,1628,45,3,61.85,0,185.55
3421,1628,100,1,69.29,0,69.29
3422,1629,94,1,59.56,0,59.56
3423,1629,141,1,71.69,0,71.69
3424,1629,56,1,48.94,0,48.94
3425,1629,119,1,213.48,0,213.48
3426,1630,123,1,92.73,0,92.73
3427,1631,13,1,132.43,0,132.43
3428,1631,39,1,43.96,0,43.96
3429,1632,61,1,12.8,0,12.8
3430,1632,22,2,399.88,0,799.76
3431,1633,34,1,164.11,0.15,139.49
3432,1634,154,1,83.05,0,83.05
3433,1634,64,1,113.76,0,113.76
3434,1635,94,1,59.56,0,59.56
3435,1635,34,1,164.11,0.15,139.49
3436,1636,73,1,43.45,0.15,36.93
3437,1636,108,2,97.45,0,194.9
3438,1636,108,2,97.45,0.1,175.41
3439,1636,81,1,52.03,0,52.03
3440,1637,95,1,42.95,0,42.95
3441,1637,97,1,23.97,0,23.97
3442,1637,52,1,190.14,0,190.14
3443,1638,96,3,51.37,0,154.11
3444,1638,77,1,42.23,0,42.23
3445,1638,53,1,86.91,0.1,78.22
3446,1638,61,2,12.8,0.1,23.04
3447,1638,142,1,31.27,0.1,28.14
3448,1639,105,3,348.07,0,1044.21
3449,1639,49,1,111.88,0.1,100.69
3450,1640,33,1,49.0,0,49.0
3451,1641,2,3,198.54,0.1,536.06
3452,1642,127,1,268.94,0.1,242.05
3453,1642,135,1,105.74,0.2,84.59
3454,1643,101,1,68.79,0,68.79
3455,1643,97,1,23.97,0.1,21.57
3456,1644,111,1,282.79,0,282.79
3457,1645,54,1,92.65,0.2,74.12
3458,1645,142,1,31.27,0,31.27
3459,1646,56,1,48.94,0.2,39.15
3460,1646,18,1,268.84,0,268.84
3461,1646,53,2,86.91,0.1,156.44
3462,1646,71,1,16.86,0,16.86
3463,1646,72,1,196.03,0,196.03
3464,1647,76,1,65.54,0,65.54
3465,1647,100,1,69.29,0.15,58.9
3466,1648,54,1,92.65,0,92.65
3467,1648,119,1,213.48,0,213.48
3468,1648,61,1,12.8,0.1,11.52
3469,1649,97,1,23.97,0,23.97
3470,1649,97,1,23.97,0,23.97
3471,1650,93,1,19.37,0,19.37
3472,1650,43,3,75.67,0,227.01
3473,1651,18,1,268.84,0,268.84
3474,1651,82,1,54.72,0,54.72
3475,1652,19,3,229.68,0,689.04
3476,1652,68,1,204.27,0,204.27
3477,1653,54,1,92.65,0.2,74.12
3478,1653,79,1,40.31,0,40.31
3479,1654,38,1,79.64,0.15,67.69
3480,1654,150,1,44.1,0,44.1
3481,1654,125,1,226.52,0.15,192.54
3482,1654,56,1,48.94,0.15,41.6
3483,1655,107,1,335.62,0,335.62
3484,1655,136,1,116.14,0,116.14
3485,1656,2,3,198.54,0.2,476.5
3486,1657,77,1,42.23,0,42.23
3487,1657,61,1,12.8,0,12.8
3488,1657,54,1,92.65,0,92.65
3489,1657,152,1,66.12,0,66.12
3490,1658,96,1,51.37,0,51.37
3491,1658,126,1,319.24,0,319.24
3492,1659,39,1,43.96,0,43.96
3493,1659,61,1,12.8,0.15,10.88
3494,1660,63,1,115.75,0.15,98.39
3495,1660,45,1,61.85,0.15,52.57
3496,1660,152,1,66.12,0.15,56.2
3497,1661,101,3,68.79,0,206.37
3498,1661,49,3,111.88,0,335.64
3499,1662,31,1,121.18,0,121.18
3500,1663,54,1,92.65,0,92.65
3501,1663,152,3,66.12,0,198.36
3502,1664,97,2,23.97,0,47.94
3503,1664,21,1,274.21,0,274.21
3504,1665,85,1,74.75,0,74.75
3505,1665,126,1,319.24,0.15,271.35
3506,1666,97,3,23.97,0.1,64.72
3507,1666,51,2,33.99,0,67.98
3508,1666,53,1,86.91,0.1,78.22
3509,1667,68,1,204.27,0,204.27
3510,1668,121,1,374.5,0,374.5
3511,1668,147,1,23.93,0,23.93
3512,1668,18,1,268.84,0.15,228.51
3513,1669,96,1,51.37,0,51.37
3514,1670,27,1,21.73,0,21.73
3515,1671,44,1,83.07,0,83.07
3516,1672,158,1,14.07,0.15,11.96
3517,1672,39,2,43.96,0.1,79.13
3518,1673,39,2,43.96,0.1,79.13
3519,1673,113,1,274.17,0,274.17
3520,1673,97,1,23.97,0.1,21.57
3521,1673,75,1,185.8,0.1,167.22
3522,1674,78,1,77.23,0,77.23
3523,1674,99,2,79.98,0,159.96
3524,1675,65,1,172.37,0.1,155.13
3525,1675,11,1,176.03,0.15,149.63
3526,1675,152,2,66.12,0,132.24
3527,1675,72,1,196.03,0,196.03
3528,1676,141,1,71.69,0,71.69
3529,1677,34,3,164.11,0.2,393.86
3530,1677,97,2,23.97,0,47.94
3531,1678,33,1,49.0,0,49.0
3532,1678,56,1,48.94,0,48.94
3533,1679,16,1,232.17,0,232.17
3534,1679,70,2,67.88,0.1,122.18
3535,1680,90,1,52.82,0,52.82
3536,1680,107,1,335.62,0.1,302.06
3537,1680,159,2,57.51,0,115.02
3538,1681,33,2,49.0,0.15,83.3
3539,1681,85,1,74.75,0,74.75
3540,1682,10,1,116.26,0,116.26
3541,1683,48,1,156.79,0,156.79
3542,1684,44,1,83.07,0.2,66.46
3543,1684,92,1,74.46,0,74.46
3544,1684,128,1,398.69,0,398.69
3545,1684,120,1,179.87,0,179.87
3546,1685,86,1,8.05,0,8.05
3547,1685,87,1,40.81,0.2,32.65
3548,1685,8,1,255.14,0.15,216.87
3549,1686,107,1,335.62,0,335.62
3550,1686,10,3,116.26,0,348.78
3551,1687,1,2,134.64,0.1,242.35
3552,1688,9,1,98.65,0.1,88.79
3553,1689,6,1,180.27,0,180.27
3554,1689,88,1,39.57,0,39.57
3555,1690,5,1,135.87,0,135.87
3556,1691,152,1,66.12,0,66.12
3557,1691,119,1,213.48,0,213.48
3558,1692,20,1,84.59,0,84.59
3559,1692,102,2,116.44,0,232.88
3560,1692,3,1,101.49,0,101.49
3561,1692,54,1,92.65,0,92.65
3562,1692,106,1,187.33,0,187.33
3563,1693,54,1,92.65,0,92.65
3564,1693,123,1,92.73,0.1,83.46
3565,1694,42,1,80.28,0,80.28
3566,1694,43,1,75.67,0,75.67
3567,1695,114,1,240.92,0,240.92
3568,1696,101,2,68.79,0,137.58
3569,1697,8,1,255.14,0,255.14
3570,1698,145,1,84.99,0.1,76.49
3571,1698,89,1,41.71,0,41.71
3572,1698,119,1,213.48,0,213.48
3573,1698,125,1,226.52,0,226.52
3574,1698,64,1,113.76,0,113.76
3575,1699,28,1,93.65,0,93.65
3576,1699,61,1,12.8,0,12.8
3577,1700,26,1,66.46,0,66.46
3578,1701,61,2,12.8,0,25.6
3579,1701,34,1,164.11,0,164.11
3580,1701,68,1,204.27,0,204.27
3581,1701,27,1,21.73,0.15,18.47
3582,1702,123,1,92.73,0,92.73
3583,1702,101,1,68.79,0,68.79
3584,1702,152,1,66.12,0,66.12
3585,1702,78,1,77.23,0,77.23
3586,1703,64,2,113.76,0,227.52
3587,1704,64,1,113.76,0,113.76
3588,1705,54,1,92.65,0.1,83.39
3589,1706,114,1,240.92,0,240.92
3590,1706,58,1,151.67,0.15,128.92
3591,1707,51,2,33.99,0,67.98
3592,1707,83,1,23.95,0.1,21.55
3593,1708,116,1,217.77,0.1,195.99
3594,1708,54,1,92.65,0,92.65
3595,1708,38,1,79.64,0,79.64
3596,1708,76,2,65.54,0.15,111.42
3597,1709,39,1,43.96,0,43.96
3598,1710,113,1,274.17,0,274.17
3599,1710,132,1,101.25,0.1,91.12
3600,1710,41,1,179.88,0,179.88
3601,1710,52,2,190.14,0.15,323.24
3602,1711,145,1,84.99,0,84.99
3603,1712,3,1,101.49,0,101.49
3604,1713,105,1,348.07,0,348.07
3605,1713,42,2,80.28,0,160.56
3606,1714,31,1,121.18,0,121.18
3607,1714,71,2,16.86,0.1,30.35
3608,1714,113,2,274.17,0,548.34
3609,1714,68,2,204.27,0.1,367.69
3610,1715,94,1,59.56,0,59.56
3611,1715,34,2,164.11,0,328.22
3612,1715,93,1,19.37,0,19.37
3613,1716,97,1,23.97,0,23.97
3614,1716,140,1,66.53,0,66.53
3615,1716,145,1,84.99,0.1,76.49
3616,1717,121,1,374.5,0,374.5
3617,1717,140,1,66.53,0.15,56.55
3618,1717,78,1,77.23,0,77.23
3619,1718,152,1,66.12,0,66.12
3620,1718,114,1,240.92,0,240.92
3621,1718,84,1,13.12,0,13.12
3622,1718,25,1,292.94,0,292.94
3623,1718,61,2,12.8,0.1,23.04
3624,1719,107,2,335.62,0,671.24
3625,1719,48,1,156.79,0.1,141.11
3626,1719,78,2,77.23,0,154.46
3627,1720,64,1,113.76,0.1,102.38
3628,1721,38,1,79.64,0.15,67.69
3629,1721,33,3,49.0,0,147.0
3630,1721,138,2,24.71,0.2,39.54
3631,1721,80,1,41.32,0.2,33.06
3632,1721,101,1,68.79,0,68.79
3633,1722,31,2,121.18,0.15,206.01
3634,1722,15,1,152.22,0,152.22
3635,1722,54,1,92.65,0.1,83.39
3636,1722,18,2,268.84,0,537.68
3637,1722,139,1,70.5,0,70.5
3638,1723,89,2,41.71,0,83.42
3639,1724,153,1,99.2,0,99.2
3640,1725,98,1,11.23,0.2,8.98
3641,1726,61,1,12.8,0,12.8
3642,1726,61,1,12.8,0,12.8
3643,1726,9,1,98.65,0.1,88.79
3644,1727,15,1,152.22,0,152.22
3645,1727,36,1,143.82,0,143.82
3646,1728,107,2,335.62,0,671.24
3647,1728,38,1,79.64,0,79.64
3648,1729,54,1,92.65,0,92.65
3649,1729,120,1,179.87,0.1,161.88
3650,1729,58,1,151.67,0,151.67
3651,1730,93,1,19.37,0,19.37
3652,1730,116,3,217.77,0.1,587.98
3653,1730,54,1,92.65,0.1,83.39
3654,1731,132,1,101.25,0,101.25
3655,1732,73,1,43.45,0.1,39.11
3656,1732,7,1,33.9,0.1,30.51
3657,1733,160,1,40.26,0,40.26
3658,1733,112,2,329.53,0,659.06
3659,1733,1,1,134.64,0,134.64
3660,1734,136,1,116.14,0.2,92.91
3661,1735,160,1,40.26,0,40.26
3662,1736,21,1,274.21,0,274.21
3663,1737,71,1,16.86,0,16.86
3664,1738,26,1,66.46,0,66.46
3665,1739,135,2,105.74,0,211.48
3666,1740,126,3,319.24,0,957.72
3667,1741,53,1,86.91,0.15,73.87
3668,1742,119,1,213.48,0,213.48
3669,1742,77,1,42.23,0,42.23
3670,1743,54,1,92.65,0,92.65
3671,1744,98,1,11.23,0,11.23
3672,1744,132,1,101.25,0,101.25
3673,1745,113,1,274.17,0.15,233.04
3674,1745,61,1,12.8,0.2,10.24
3675,1746,114,1,240.92,0,240.92
3676,1747,43,2,75.67,0,151.34
3677,1747,147,2,23.93,0,47.86
3678,1748,61,2,12.8,0,25.6
3679,1748,54,1,92.65,0,92.65
3680,1749,102,2,116.44,0,232.88
3681,1749,124,1,13.96,0,13.96
3682,1749,152,2,66.12,0,132.24
3683,1749,62,1,117.07,0,117.07
3684,1750,131,1,62.23,0.15,52.9
3685,1750,19,3,229.68,0,689.04
3686,1751,15,1,152.22,0.1,137.0
3687,1752,121,1,374.5,0.2,299.6
3688,1752,114,2,240.92,0,481.84
3689,1752,112,1,329.53,0,329.53
3690,1752,140,1,66.53,0,66.53
3691,1753,30,2,168.06,0,336.12
3692,1754,86,1,8.05,0.2,6.44
3693,1754,31,1,121.18,0.1,109.06
3694,1754,152,2,66.12,0,132.24
3695,1754,15,1,152.22,0,152.22
3696,1755,111,1,282.79,0,282.79
3697,1756,54,1,92.65,0.15,78.75
3698,1756,119,2,213.48,0,426.96
3699,1757,25,3,292.94,0.15,747.0
3700,1757,111,1,282.79,0,282.79
3701,1757,42,1,80.28,0,80.28
3702,1758,119,1,213.48,0,213.48
3703,1758,2,1,198.54,0,198.54
3704,1759,27,2,21.73,0,43.46
3705,1760,134,1,40.72,0,40.72
3706,1760,48,3,156.79,0.1,423.33
3707,1761,8,1,255.14,0,255.14
3708,1761,107,2,335.62,0,671.24
3709,1762,42,1,80.28,0,80.28
3710,1762,5,1,135.87,0,135.87
3711,1762,146,1,20.85,0,20.85
3712,1763,123,2,92.73,0,185.46
3713,1764,53,1,86.91,0,86.91
3714,1765,37,2,83.16,0,166.32
3715,1765,18,1,268.84,0.15,228.51
3716,1766,131,1,62.23,0.15,52.9
3717,1766,123,1,92.73,0.2,74.18
3718,1766,38,3,79.64,0.1,215.03
3719,1766,78,1,77.23,0,77.23
3720,1767,97,1,23.97,0.1,21.57
3721,1767,140,1,66.53,0,66.53
3722,1768,1,1,134.64,0.1,121.18
3723,1769,65,1,172.37,0.2,137.9
3724,1769,111,1,282.79,0,282.79
3725,1770,40,1,53.97,0,53.97
3726,1771,143,1,69.82,0,69.82
3727,1772,54,1,92.65,0.2,74.12
3728,1772,54,1,92.65,0.2,74.12
3729,1772,158,2,14.07,0,28.14
3730,1773,79,3,40.31,0,120.93
3731,1773,97,1,23.97,0,23.97
3732,1774,109,1,22.1,0,22.1
3733,1774,145,1,84.99,0,84.99
3734,1775,26,1,66.46,0,66.46
3735,1776,85,2,74.75,0,149.5
3736,1777,31,1,121.18,0,121.18
3737,1777,45,1,61.85,0.1,55.66
3738,1777,37,2,83.16,0.15,141.37
3739,1778,54,1,92.65,0,92.65
3740,1778,94,1,59.56,0,59.56
3741,1778,132,2,101.25,0.2,162.0
3742,1779,27,1,21.73,0,21.73
3743,1779,129,1,36.16,0.2,28.93
3744,1779,118,1,357.71,0,357.71
3745,1779,39,1,43.96,0,43.96
3746,1780,91,1,50.62,0,50.62
3747,1780,121,1,374.5,0,374.5
3748,1781,123,1,92.73,0,92.73
3749,1782,54,1,92.65,0,92.65
3750,1783,54,2,92.65,0,185.3
3751,1783,152,1,66.12,0,66.12
3752,1783,84,1,13.12,0,13.12
3753,1783,137,2,15.32,0,30.64
3754,1784,33,1,49.0,0.2,39.2
3755,1784,146,2,20.85,0.2,33.36
3756,1784,54,1,92.65,0.1,83.39
3757,1785,24,1,346.45,0.1,311.81
3758,1785,142,1,31.27,0,31.27
3759,1785,126,1,319.24,0,319.24
3760,1786,119,1,213.48,0.1,192.13
3761,1786,46,1,64.69,0,64.69
3762,1787,114,1,240.92,0,240.92
3763,1787,135,1,105.74,0,105.74
3764,1788,100,1,69.29,0.1,62.36
3765,1788,42,1,80.28,0.15,68.24
3766,1789,10,1,116.26,0,116.26
3767,1789,33,1,49.0,0.2,39.2
3768,1790,49,2,111.88,0.15,190.2
3769,1790,56,2,48.94,0,97.88
3770,1790,123,1,92.73,0,92.73
3771,1790,54,2,92.65,0,185.3
3772,1791,159,1,57.51,0,57.51
3773,1791,145,1,84.99,0,84.99
3774,1791,119,1,213.48,0.1,192.13
3775,1792,91,2,50.62,0.1,91.12
3776,1792,119,1,213.48,0.1,192.13
3777,1793,111,3,282.79,0.1,763.53
3778,1794,54,3,92.65,0,277.95
3779,1794,39,2,43.96,0,87.92
3780,1795,107,1,335.62,0,335.62
3781,1795,64,1,113.76,0,113.76
3782,1795,125,1,226.52,0,226.52
3783,1795,54,1,92.65,0,92.65
3784,1796,139,1,70.5,0,70.5
3785,1796,18,1,268.84,0,268.84
3786,1796,140,1,66.53,0,66.53
3787,1796,55,2,295.32,0.2,472.51
3788,1797,9,1,98.65,0,98.65
3789,1798,61,1,12.8,0.2,10.24
3790,1798,123,2,92.73,0,185.46
3791,1799,97,1,23.97,0,23.97
3792,1799,137,1,15.32,0,15.32
3793,1800,27,1,21.73,0,21.73
3794,1800,107,1,335.62,0,335.62
3795,1800,26,1,66.46,0,66.46
3796,1800,128,1,398.69,0,398.69
3797,1800,56,2,48.94,0,97.88
3798,1801,100,1,69.29,0,69.29
3799,1802,140,2,66.53,0,133.06
3800,1802,129,1,36.16,0.2,28.93
3801,1803,57,3,91.71,0,275.13
3802,1804,54,1,92.65,0,92.65
3803,1804,119,2,213.48,0,426.96
3804,1805,143,1,69.82,0,69.82
3805,1806,152,1,66.12,0,66.12
3806,1807,93,1,19.37,0,19.37
3807,1808,157,1,65.63,0.15,55.79
3808,1808,145,1,84.99,0,84.99
3809,1808,93,1,19.37,0.1,17.43
3810,1809,94,1,59.56,0,59.56
3811,1809,101,3,68.79,0.1,185.73
3812,1809,54,1,92.65,0,92.65
3813,1809,118,1,357.71,0,357.71
3814,1809,125,2,226.52,0.15,385.08
3815,1810,33,1,49.0,0,49.0
3816,1811,88,1,39.57,0,39.57
3817,1812,13,1,132.43,0,132.43
3818,1812,97,2,23.97,0,47.94
3819,1813,68,1,204.27,0.1,183.84
3820,1814,71,1,16.86,0,16.86
3821,1814,93,1,19.37,0,19.37
3822,1814,6,2,180.27,0,360.54
3823,1815,137,1,15.32,0,15.32
3824,1815,121,2,374.5,0,749.0
3825,1816,149,1,68.48,0.2,54.78
3826,1816,32,1,49.75,0,49.75
3827,1817,132,1,101.25,0,101.25
3828,1818,79,1,40.31,0.1,36.28
3829,1818,152,1,66.12,0,66.12
3830,1819,152,1,66.12,0.2,52.9
3831,1819,108,1,97.45,0.15,82.83
3832,1819,41,1,179.88,0.2,143.9
3833,1819,131,2,62.23,0.2,99.57
3834,1820,111,1,282.79,0,282.79
3835,1820,33,1,49.0,0,49.0
3836,1821,34,1,164.11,0,164.11
3837,1821,141,1,71.69,0,71.69
3838,1821,159,1,57.51,0,57.51
3839,1821,129,2,36.16,0,72.32
3840,1822,155,1,82.21,0,82.21
3841,1823,85,1,74.75,0,74.75
3842,1823,33,1,49.0,0.2,39.2
3843,1824,54,1,92.65,0.1,83.39
3844,1824,137,1,15.32,0,15.32
3845,1825,76,1,65.54,0,65.54
3846,1825,15,1,152.22,0,152.22
3847,1826,54,1,92.65,0.1,83.39
3848,1826,117,1,173.82,0,173.82
3849,1826,5,3,135.87,0,407.61
3850,1827,89,1,41.71,0,41.71
3851,1828,101,1,68.79,0.1,61.91
3852,1829,88,2,39.57,0,79.14
3853,1829,90,1,52.82,0,52.82
3854,1829,160,1,40.26,0.1,36.23
3855,1829,145,2,84.99,0,169.98
3856,1829,53,2,86.91,0.2,139.06
3857,1830,43,2,75.67,0,151.34
3858,1831,138,1,24.71,0.2,19.77
3859,1832,113,1,274.17,0,274.17
3860,1833,159,1,57.51,0,57.51
3861,1834,40,1,53.97,0,53.97
3862,1834,17,2,75.74,0,151.48
3863,1835,135,1,105.74,0,105.74
3864,1836,91,1,50.62,0.1,45.56
3865,1837,92,1,74.46,0.1,67.01
3866,1837,53,2,86.91,0.2,139.06
3867,1838,88,1,39.57,0,39.57
3868,1838,148,1,60.49,0.1,54.44
3869,1839,124,2,13.96,0,27.92
3870,1839,54,1,92.65,0,92.65
3871,1840,53,1,86.91,0,86.91
3872,1841,54,1,92.65,0.15,78.75
3873,1841,121,1,374.5,0,374.5
3874,1841,50,2,55.81,0,111.62
3875,1842,41,1,179.88,0,179.88
3876,1843,58,1,151.67,0.15,128.92
3877,1843,70,2,67.88,0,135.76
3878,1844,111,1,282.79,0,282.79
3879,1844,54,1,92.65,0,92.65
3880,1844,39,1,43.96,0,43.96
3881,1844,145,2,84.99,0.2,135.98
3882,1844,71,2,16.86,0,33.72
3883,1845,106,1,187.33,0,187.33
3884,1845,19,2,229.68,0,459.36
3885,1845,142,1,31.27,0,31.27
3886,1846,34,1,164.11,0,164.11
3887,1846,114,1,240.92,0,240.92
3888,1846,143,2,69.82,0,139.64
3889,1846,3,2,101.49,0,202.98
3890,1847,50,1,55.81,0,55.81
3891,1847,88,2,39.57,0.2,63.31
3892,1847,9,1,98.65,0,98.65
3893,1847,54,1,92.65,0.15,78.75
3894,1847,75,1,185.8,0.15,157.93
3895,1848,148,1,60.49,0,60.49
3896,1848,99,1,79.98,0.15,67.98
3897,1848,13,2,132.43,0.1,238.37
3898,1848,156,3,17.86,0,53.58
3899,1849,135,1,105.74,0,105.74
3900,1849,54,1,92.65,0,92.65
3901,1849,34,1,164.11,0,164.11
3902,1849,75,1,185.8,0,185.8
3903,1850,25,1,292.94,0,292.94
3904,1851,91,2,50.62,0,101.24
3905,1852,117,3,173.82,0.15,443.24
3906,1852,61,1,12.8,0.1,11.52
3907,1853,99,1,79.98,0,79.98
3908,1853,149,1,68.48,0,68.48
3909,1853,119,1,213.48,0,213.48
3910,1854,50,3,55.81,0,167.43
3911,1854,98,1,11.23,0,11.23
3912,1855,145,1,84.99,0.2,67.99
3913,1856,87,2,40.81,0,81.62
3914,1857,74,1,41.44,0,41.44
3915,1857,64,1,113.76,0.15,96.7
3916,1858,3,2,101.49,0,202.98
3917,1858,110,3,59.23,0.1,159.92
3918,1859,84,3,13.12,0,39.36
3919,1860,66,1,279.67,0,279.67
3920,1861,54,1,92.65,0,92.65
3921,1861,139,2,70.5,0,141.0
3922,1861,52,1,190.14,0.2,152.11
3923,1862,153,1,99.2,0.2,79.36
3924,1863,10,2,116.26,0.1,209.27
3925,1863,95,1,42.95,0,42.95
3926,1864,88,2,39.57,0,79.14
3927,1864,20,1,84.59,0,84.59
3928,1864,108,1,97.45,0,97.45
3929,1864,35,1,124.39,0,124.39
3930,1864,119,2,213.48,0,426.96
3931,1865,116,1,217.77,0.15,185.1
3932,1865,61,2,12.8,0,25.6
3933,1865,48,2,156.79,0,313.58
3934,1866,68,1,204.27,0.1,183.84
3935,1866,64,1,113.76,0.15,96.7
3936,1866,159,2,57.51,0.1,103.52
3937,1867,78,2,77.23,0.1,139.01
3938,1868,152,1,66.12,0,66.12
3939,1868,5,1,135.87,0.1,122.28
3940,1869,22,2,399.88,0,799.76
3941,1869,135,1,105.74,0,105.74
3942,1870,6,1,180.27,0,180.27
3943,1871,1,3,134.64,0,403.92
3944,1871,87,1,40.81,0,40.81
3945,1871,111,2,282.79,0,565.58
3946,1872,141,3,71.69,0,215.07
3947,1873,31,1,121.18,0,121.18
3948,1873,105,1,348.07,0,348.07
3949,1874,100,1,69.29,0.15,58.9
3950,1875,147,1,23.93,0,23.93
3951,1875,54,1,92.65,0,92.65
3952,1875,78,1,77.23,0,77.23
3953,1875,145,1,84.99,0,84.99
3954,1875,84,1,13.12,0,13.12
3955,1876,135,2,105.74,0,211.48
3956,1877,113,1,274.17,0.2,219.34
3957,1878,19,1,229.68,0.1,206.71
3958,1878,6,1,180.27,0,180.27
3959,1879,9,3,98.65,0,295.95
3960,1879,54,1,92.65,0,92.65
3961,1880,111,2,282.79,0,565.58
3962,1880,33,2,49.0,0,98.0
3963,1881,34,2,164.11,0,328.22
3964,1881,58,1,151.67,0,151.67
3965,1882,128,1,398.69,0,398.69
3966,1883,87,1,40.81,0.15,34.69
3967,1883,128,1,398.69,0,398.69
3968,1884,111,1,282.79,0,282.79
3969,1885,64,2,113.76,0,227.52
3970,1886,61,1,12.8,0,12.8
3971,1886,46,1,64.69,0.15,54.99
3972,1886,103,2,74.37,0,148.74
3973,1886,158,1,14.07,0,14.07
3974,1887,128,1,398.69,0,398.69
3975,1888,33,1,49.0,0.1,44.1
3976,1889,54,2,92.65,0,185.3
3977,1890,127,1,268.94,0.1,242.05
3978,1890,103,1,74.37,0,74.37
3979,1891,157,1,65.63,0,65.63
3980,1892,39,2,43.96,0,87.92
3981,1893,24,1,346.45,0,346.45
3982,1893,111,1,282.79,0,282.79
3983,1894,62,1,117.07,0,117.07
3984,1894,86,1,8.05,0,8.05
3985,1894,159,2,57.51,0,115.02
3986,1895,83,1,23.95,0,23.95
3987,1895,145,1,84.99,0,84.99
3988,1895,15,1,152.22,0,152.22
3989,1895,145,1,84.99,0,84.99
3990,1896,107,1,335.62,0,335.62
3991,1897,91,1,50.62,0,50.62
3992,1898,129,2,36.16,0.15,61.47
3993,1899,148,1,60.49,0,60.49
3994,1899,72,1,196.03,0,196.03
3995,1900,64,1,113.76,0,113.76
3996,1900,64,1,113.76,0,113.76
3997,1901,6,1,180.27,0,180.27
3998,1902,101,1,68.79,0,68.79
3999,1902,54,2,92.65,0,185.3
4000,1902,149,1,68.48,0,68.48
4001,1902,48,2,156.79,0,313.58
4002,1903,100,1,69.29,0.1,62.36
4003,1904,107,1,335.62,0,335.62
4004,1904,61,3,12.8,0,38.4
4005,1904,33,1,49.0,0,49.0
4006,1905,86,2,8.05,0.15,13.69
4007,1906,3,1,101.49,0,101.49
4008,1907,111,1,282.79,0,282.79
4009,1907,84,1,13.12,0,13.12
4010,1908,123,1,92.73,0,92.73
4011,1909,159,1,57.51,0,57.51
4012,1910,53,1,86.91,0,86.91
4013,1910,45,1,61.85,0.2,49.48
4014,1910,35,1,124.39,0.1,111.95
4015,1910,113,2,274.17,0,548.34
4016,1910,150,1,44.1,0,44.1
4017,1911,143,1,69.82,0,69.82
4018,1911,159,1,57.51,0,57.51
4019,1912,150,2,44.1,0,88.2
4020,1912,111,1,282.79,0,282.79
4021,1913,138,1,24.71,0,24.71
4022,1913,137,2,15.32,0,30.64
4023,1914,19,2,229.68,0,459.36
4024,1914,11,1,176.03,0,176.03
4025,1914,26,1,66.46,0.1,59.81
4026,1914,61,1,12.8,0,12.8
4027,1915,119,1,213.48,0.1,192.13
4028,1916,113,1,274.17,0,274.17
4029,1917,40,1,53.97,0.1,48.57
4030,1917,26,1,66.46,0.15,56.49
4031,1917,160,1,40.26,0,40.26
4032,1918,139,1,70.5,0,70.5
4033,1918,128,1,398.69,0.2,318.95
4034,1918,21,1,274.21,0,274.21
4035,1918,107,3,335.62,0.2,805.49
4036,1919,54,1,92.65,0.15,78.75
4037,1919,108,1,97.45,0.15,82.83
4038,1920,79,1,40.31,0.2,32.25
4039,1920,136,1,116.14,0,116.14
4040,1921,89,2,41.71,0,83.42
4041,1921,113,1,274.17,0.15,233.04
4042,1921,54,1,92.65,0,92.65
4043,1921,97,1,23.97,0,23.97
4044,1922,35,1,124.39,0.15,105.73
4045,1922,45,1,61.85,0,61.85
4046,1922,126,2,319.24,0,638.48
4047,1923,54,1,92.65,0,92.65
4048,1923,101,1,68.79,0,68.79
4049,1924,148,1,60.49,0,60.49
4050,1924,82,1,54.72,0,54.72
4051,1925,101,1,68.79,0,68.79
4052,1926,84,1,13.12,0,13.12
4053,1926,106,1,187.33,0.15,159.23
4054,1926,54,1,92.65,0,92.65
4055,1927,38,1,79.64,0,79.64
4056,1928,82,1,54.72,0,54.72
4057,1929,17,1,75.74,0,75.74
4058,1929,54,1,92.65,0,92.65
4059,1930,61,3,12.8,0,38.4
4060,1931,12,2,291.22,0,582.44
4061,1932,152,1,66.12,0,66.12
4062,1933,121,2,374.5,0,749.0
4063,1933,147,1,23.93,0,23.93
4064,1934,124,1,13.96,0,13.96
4065,1934,39,3,43.96,0,131.88
4066,1935,119,1,213.48,0,213.48
4067,1935,101,1,68.79,0,68.79
4068,1936,31,1,121.18,0,121.18
4069,1936,107,2,335.62,0.1,604.12
4070,1937,81,1,52.03,0.1,46.83
4071,1937,85,2,74.75,0,149.5
4072,1937,51,1,33.99,0,33.99
4073,1937,79,1,40.31,0,40.31
4074,1937,77,1,42.23,0,42.23
4075,1938,91,1,50.62,0,50.62
4076,1939,88,1,39.57,0.2,31.66
4077,1939,44,2,83.07,0,166.14
4078,1939,84,1,13.12,0.1,11.81
4079,1940,25,2,292.94,0,585.88
4080,1940,97,2,23.97,0.1,43.15
4081,1940,93,3,19.37,0.2,46.49
4082,1940,35,1,124.39,0,124.39
4083,1941,93,1,19.37,0,19.37
4084,1941,121,1,374.5,0.1,337.05
4085,1942,11,1,176.03,0,176.03
4086,1943,129,1,36.16,0,36.16
4087,1943,107,1,335.62,0,335.62
4088,1943,119,1,213.48,0,213.48
4089,1943,140,1,66.53,0.15,56.55
4090,1944,142,1,31.27,0,31.27
4091,1944,132,1,101.25,0.15,86.06
4092,1944,61,1,12.8,0.1,11.52
4093,1944,97,2,23.97,0,47.94
4094,1945,38,1,79.64,0,79.64
4095,1945,146,1,20.85,0.15,17.72
4096,1945,108,1,97.45,0,97.45
4097,1946,97,1,23.97,0,23.97
4098,1947,125,1,226.52,0,226.52
4099,1947,95,1,42.95,0.2,34.36
4100,1947,91,2,50.62,0,101.24
4101,1948,156,2,17.86,0.1,32.15
4102,1949,56,2,48.94,0,97.88
4103,1950,54,1,92.65,0,92.65
4104,1950,26,1,66.46,0,66.46
4105,1951,31,1,121.18,0,121.18
4106,1951,5,1,135.87,0.1,122.28
4107,1952,61,1,12.8,0,12.8
4108,1952,72,1,196.03,0,196.03
4109,1953,1,1,134.64,0,134.64
4110,1953,39,1,43.96,0,43.96
4111,1953,105,2,348.07,0.1,626.53
4112,1954,101,1,68.79,0,68.79
4113,1955,5,2,135.87,0.1,244.57
4114,1956,65,1,172.37,0.15,146.51
4115,1956,111,2,282.79,0.1,509.02
4116,1956,29,3,122.84,0,368.52
4117,1956,111,2,282.79,0.15,480.74
4118,1957,140,1,66.53,0,66.53
4119,1958,132,1,101.25,0.15,86.06
4120,1958,34,2,164.11,0,328.22
4121,1959,67,1,62.01,0.1,55.81
4122,1959,30,1,168.06,0,168.06
4123,1959,97,1,23.97,0,23.97
4124,1960,70,1,67.88,0,67.88
4125,1960,66,3,279.67,0,839.01
4126,1961,17,1,75.74,0.15,64.38
4127,1961,34,1,164.11,0,164.11
4128,1962,136,2,116.14,0,232.28
4129,1962,88,2,39.57,0,79.14
4130,1963,38,2,79.64,0,159.28
4131,1963,159,1,57.51,0,57.51
4132,1964,54,1,92.65,0,92.65
4133,1965,119,2,213.48,0,426.96
4134,1966,61,1,12.8,0,12.8
4135,1966,119,1,213.48,0,213.48
4136,1966,85,2,74.75,0.1,134.55
4137,1967,127,1,268.94,0.1,242.05
4138,1967,29,1,122.84,0,122.84
4139,1967,47,1,173.41,0,173.41
4140,1968,74,2,41.44,0,82.88
4141,1968,88,1,39.57,0,39.57
4142,1969,126,1,319.24,0,319.24
4143,1969,6,1,180.27,0,180.27
4144,1969,145,1,84.99,0.1,76.49
4145,1970,44,1,83.07,0,83.07
4146,1970,51,2,33.99,0.2,54.38
4147,1971,67,1,62.01,0,62.01
4148,1971,135,1,105.74,0.2,84.59
4149,1972,17,1,75.74,0,75.74
4150,1972,155,2,82.21,0,164.42
4151,1972,54,1,92.65,0.1,83.39
4152,1972,138,1,24.71,0.1,22.24
4153,1973,11,3,176.03,0,528.09
4154,1973,157,1,65.63,0,65.63
4155,1973,54,1,92.65,0,92.65
4156,1973,84,1,13.12,0,13.12
4157,1974,1,1,134.64,0,134.64
4158,1975,95,1,42.95,0,42.95
4159,1975,97,1,23.97,0,23.97
4160,1976,160,1,40.26,0,40.26
4161,1977,42,2,80.28,0.2,128.45
4162,1977,152,1,66.12,0.1,59.51
4163,1978,136,1,116.14,0,116.14
4164,1978,35,1,124.39,0,124.39
4165,1979,85,1,74.75,0,74.75
4166,1980,58,1,151.67,0,151.67
4167,1980,158,2,14.07,0.2,22.51
4168,1981,57,1,91.71,0,91.71
4169,1982,158,1,14.07,0,14.07
4170,1983,54,2,92.65,0,185.3
4171,1983,68,1,204.27,0.1,183.84
4172,1983,89,2,41.71,0,83.42
4173,1983,79,1,40.31,0,40.31
4174,1984,54,1,92.65,0,92.65
4175,1984,76,1,65.54,0,65.54
4176,1985,115,1,276.86,0.1,249.17
4177,1986,152,1,66.12,0,66.12
4178,1986,114,2,240.92,0,481.84
4179,1986,61,1,12.8,0,12.8
4180,1986,85,1,74.75,0,74.75
4181,1987,58,2,151.67,0,303.34
4182,1988,131,1,62.23,0.15,52.9
4183,1988,140,2,66.53,0.15,113.1
4184,1988,152,1,66.12,0,66.12
4185,1989,159,3,57.51,0,172.53
4186,1990,50,1,55.81,0.2,44.65
4187,1990,39,2,43.96,0.1,79.13
4188,1990,152,1,66.12,0.1,59.51
4189,1991,71,2,16.86,0,33.72
4190,1991,119,2,213.48,0,426.96
4191,1991,135,1,105.74,0,105.74
4192,1992,121,2,374.5,0,749.0
4193,1992,120,2,179.87,0,359.74
4194,1993,84,1,13.12,0,13.12
4195,1994,95,1,42.95,0,42.95
4196,1994,103,1,74.37,0.2,59.5
4197,1995,33,1,49.0,0.2,39.2
4198,1996,111,1,282.79,0,282.79
4199,1996,124,1,13.96,0,13.96
4200,1997,119,1,213.48,0,213.48
4201,1997,146,1,20.85,0,20.85
4202,1997,54,1,92.65,0,92.65
4203,1997,8,1,255.14,0.1,229.63
4204,1997,94,1,59.56,0.15,50.63
4205,1998,143,1,69.82,0,69.82
4206,1999,157,1,65.63,0,65.63
4207,2000,41,1,179.88,0,179.88
4208,2000,132,1,101.25,0.1,91.12
4209,2000,32,1,49.75,0.2,39.8
4210,2001,121,2,374.5,0,749.0
4211,2001,17,2,75.74,0,151.48
4212,2001,94,1,59.56,0,59.56
4213,2001,110,1,59.23,0.2,47.38
4214,2001,83,1,23.95,0.1,21.55
4215,2002,91,1,50.62,0,50.62
4216,2002,155,1,82.21,0,82.21
4217,2003,25,1,292.94,0,292.94
4218,2003,34,1,164.11,0,164.11
4219,2003,61,1,12.8,0,12.8
4220,2003,98,1,11.23,0,11.23
4221,2004,33,2,49.0,0,98.0
4222,2005,36,1,143.82,0,143.82
4223,2005,64,1,113.76,0,113.76
4224,2006,44,1,83.07,0.15,70.61
4225,2006,152,1,66.12,0,66.12
4226,2007,101,1,68.79,0,68.79
4227,2008,132,2,101.25,0,202.5
4228,2008,54,1,92.65,0,92.65
4229,2008,17,1,75.74,0.1,68.17
4230,2009,113,3,274.17,0,822.51
4231,2010,142,1,31.27,0,31.27
4232,2010,56,1,48.94,0.2,39.15
4233,2011,93,1,19.37,0.15,16.46
4234,2011,60,1,294.14,0,294.14
4235,2011,29,1,122.84,0,122.84
4236,2012,40,2,53.97,0.15,91.75
4237,2013,76,1,65.54,0,65.54
4238,2013,21,1,274.21,0,274.21
4239,2013,135,2,105.74,0,211.48
4240,2013,54,3,92.65,0.2,222.36
4241,2013,100,1,69.29,0,69.29
4242,2014,111,1,282.79,0,282.79
4243,2014,6,1,180.27,0,180.27
4244,2015,102,1,116.44,0.2,93.15
4245,2015,53,2,86.91,0,173.82
4246,2016,56,1,48.94,0.1,44.05
4247,2016,113,1,274.17,0,274.17
4248,2016,114,1,240.92,0.1,216.83
4249,2016,152,2,66.12,0,132.24
4250,2017,97,1,23.97,0,23.97
4251,2018,72,1,196.03,0.15,166.63
4252,2019,61,2,12.8,0,25.6
4253,2020,67,2,62.01,0.15,105.42
4254,2020,65,1,172.37,0.1,155.13
4255,2021,52,2,190.14,0.1,342.25
4256,2021,157,1,65.63,0,65.63
4257,2021,90,1,52.82,0,52.82
4258,2021,78,2,77.23,0,154.46
4259,2022,74,1,41.44,0,41.44
4260,2022,110,2,59.23,0,118.46
4261,2022,94,1,59.56,0,59.56
4262,2022,68,1,204.27,0,204.27
4263,2023,65,1,172.37,0,172.37
4264,2023,147,1,23.93,0.2,19.14
4265,2023,32,1,49.75,0,49.75
4266,2023,71,2,16.86,0,33.72
4267,2023,33,1,49.0,0,49.0
4268,2024,54,1,92.65,0.1,83.39
4269,2025,147,1,23.93,0,23.93
4270,2026,53,1,86.91,0.2,69.53
4271,2026,7,1,33.9,0,33.9
4272,2027,42,1,80.28,0,80.28
4273,2027,136,2,116.14,0,232.28
4274,2028,94,1,59.56,0.2,47.65
4275,2029,152,1,66.12,0.15,56.2
4276,2029,54,1,92.65,0,92.65
4277,2029,54,1,92.65,0,92.65
4278,2030,13,2,132.43,0,264.86
4279,2030,109,3,22.1,0.2,53.04
4280,2030,102,1,116.44,0,116.44
4281,2030,160,1,40.26,0,40.26
4282,2031,33,1,49.0,0,49.0
4283,2032,54,1,92.65,0,92.65
4284,2033,138,1,24.71,0,24.71
4285,2033,91,1,50.62,0.2,40.5
4286,2033,137,1,15.32,0.15,13.02
4287,2033,8,1,255.14,0.2,204.11
4288,2033,55,1,295.32,0.15,251.02
4289,2034,145,1,84.99,0,84.99
4290,2035,140,1,66.53,0.1,59.88
4291,2035,94,1,59.56,0.1,53.6
4292,2036,78,3,77.23,0.1,208.52
4293,2037,152,2,66.12,0,132.24
4294,2037,160,1,40.26,0,40.26
4295,2038,149,1,68.48,0,68.48
4296,2038,54,1,92.65,0.15,78.75
4297,2038,125,1,226.52,0,226.52
4298,2039,36,1,143.82,0.1,129.44
4299,2039,53,1,86.91,0.15,73.87
4300,2040,62,1,117.07,0.1,105.36
4301,2041,39,2,43.96,0,87.92
4302,2042,70,1,67.88,0.1,61.09
4303,2042,127,1,268.94,0,268.94
4304,2042,89,1,41.71,0,41.71
4305,2043,139,1,70.5,0,70.5
4306,2044,16,1,232.17,0,232.17
4307,2044,157,1,65.63,0,65.63
4308,2045,91,1,50.62,0.1,45.56
4309,2045,64,1,113.76,0,113.76
4310,2046,77,1,42.23,0,42.23
4311,2046,123,1,92.73,0.1,83.46
4312,2047,152,1,66.12,0.1,59.51
4313,2047,39,1,43.96,0,43.96
4314,2048,139,1,70.5,0,70.5
4315,2049,84,3,13.12,0,39.36
4316,2050,157,2,65.63,0,131.26
4317,2050,142,1,31.27,0,31.27
4318,2051,113,2,274.17,0,548.34
4319,2051,90,1,52.82,0,52.82
4320,2052,67,1,62.01,0,62.01
4321,2052,40,1,53.97,0,53.97
4322,2052,53,1,86.91,0,86.91
4323,2053,1,1,134.64,0.1,121.18
4324,2054,105,1,348.07,0,348.07
4325,2054,61,1,12.8,0,12.8
4326,2055,140,2,66.53,0,133.06
4327,2056,121,1,374.5,0,374.5
4328,2056,25,1,292.94,0,292.94
4329,2056,17,1,75.74,0,75.74
4330,2057,49,2,111.88,0,223.76
4331,2057,54,1,92.65,0,92.65
4332,2058,34,2,164.11,0,328.22
4333,2059,94,1,59.56,0,59.56
4334,2060,43,1,75.67,0,75.67
4335,2060,102,1,116.44,0.1,104.8
4336,2061,39,1,43.96,0,43.96
4337,2061,71,1,16.86,0.1,15.17
4338,2061,153,1,99.2,0.1,89.28
4339,2061,22,1,399.88,0.2,319.9
4340,2061,65,1,172.37,0,172.37
4341,2062,19,2,229.68,0,459.36
4342,2062,67,3,62.01,0.1,167.43
4343,2062,142,1,31.27,0,31.27
4344,2062,132,1,101.25,0,101.25
4345,2063,34,2,164.11,0,328.22
4346,2064,139,1,70.5,0,70.5
4347,2064,8,1,255.14,0,255.14
4348,2064,91,2,50.62,0,101.24
4349,2064,119,3,213.48,0,640.44
4350,2064,31,1,121.18,0.15,103.0
4351,2065,102,1,116.44,0,116.44
4352,2065,54,1,92.65,0.15,78.75
4353,2066,64,1,113.76,0,113.76
4354,2067,132,2,101.25,0.15,172.12
4355,2067,60,1,294.14,0,294.14
4356,2068,57,1,91.71,0,91.71
4357,2068,33,1,49.0,0,49.0
4358,2068,97,2,23.97,0.15,40.75
4359,2068,156,1,17.86,0,17.86
4360,2069,142,1,31.27,0,31.27
4361,2069,60,1,294.14,0.1,264.73
4362,2069,54,1,92.65,0,92.65
4363,2070,54,3,92.65,0,277.95
4364,2071,155,2,82.21,0,164.42
4365,2071,68,1,204.27,0.1,183.84
4366,2071,63,1,115.75,0.1,104.17
4367,2072,34,1,164.11,0.1,147.7
4368,2073,29,1,122.84,0.1,110.56
4369,2074,139,1,70.5,0,70.5
4370,2074,136,1,116.14,0,116.14
4371,2074,119,1,213.48,0.1,192.13
4372,2074,41,1,179.88,0,179.88
4373,2074,123,2,92.73,0,185.46
4374,2075,54,1,92.65,0,92.65
4375,2076,107,2,335.62,0,671.24
4376,2076,119,2,213.48,0,426.96
4377,2077,134,1,40.72,0,40.72
4378,2077,28,1,93.65,0,93.65
4379,2077,92,1,74.46,0.15,63.29
4380,2078,18,1,268.84,0,268.84
4381,2079,95,1,42.95,0,42.95
4382,2079,84,1,13.12,0.15,11.15
4383,2080,57,1,91.71,0,91.71
4384,2080,61,3,12.8,0,38.4
4385,2080,3,1,101.49,0,101.49
4386,2081,94,1,59.56,0.1,53.6
4387,2081,68,1,204.27,0.1,183.84
4388,2082,54,1,92.65,0,92.65
4389,2082,91,1,50.62,0,50.62
4390,2083,33,1,49.0,0,49.0
4391,2084,35,1,124.39,0.15,105.73
4392,2085,42,2,80.28,0,160.56
4393,2086,54,1,92.65,0,92.65
4394,2086,68,1,204.27,0,204.27
4395,2086,97,2,23.97,0.15,40.75
4396,2087,41,1,179.88,0,179.88
4397,2088,58,1,151.67,0,151.67
4398,2088,156,1,17.86,0,17.86
4399,2089,101,1,68.79,0,68.79
4400,2089,118,2,357.71,0,715.42
4401,2090,7,1,33.9,0.15,28.81
4402,2090,97,1,23.97,0,23.97
4403,2090,54,1,92.65,0.15,78.75
4404,2091,94,1,59.56,0,59.56
4405,2092,97,1,23.97,0.1,21.57
4406,2092,94,1,59.56,0,59.56
4407,2092,97,2,23.97,0.2,38.35
4408,2093,119,1,213.48,0,213.48
4409,2093,144,1,11.66,0,11.66
4410,2094,15,1,152.22,0.1,137.0
4411,2094,97,1,23.97,0,23.97
4412,2095,49,1,111.88,0,111.88
4413,2095,31,3,121.18,0.15,309.01
4414,2095,51,1,33.99,0,33.99
4415,2095,125,1,226.52,0,226.52
4416,2096,77,1,42.23,0,42.23
4417,2096,1,1,134.64,0,134.64
4418,2097,159,2,57.51,0.1,103.52
4419,2097,61,2,12.8,0.2,20.48
4420,2098,21,1,274.21,0,274.21
4421,2098,159,1,57.51,0.1,51.76
4422,2098,121,1,374.5,0.15,318.32
4423,2099,40,1,53.97,0,53.97
4424,2100,97,1,23.97,0,23.97
4425,2101,54,3,92.65,0.1,250.16
4426,2102,31,1,121.18,0,121.18
4427,2103,38,1,79.64,0,79.64
4428,2104,123,2,92.73,0,185.46
4429,2104,95,1,42.95,0,42.95
4430,2104,130,1,68.02,0,68.02
4431,2104,56,1,48.94,0,48.94
4432,2105,145,1,84.99,0,84.99
4433,2106,72,1,196.03,0,196.03
4434,2107,38,2,79.64,0.2,127.42
4435,2107,71,1,16.86,0.15,14.33
4436,2108,135,1,105.74,0,105.74
4437,2108,54,1,92.65,0.1,83.39
4438,2109,113,2,274.17,0.1,493.51
4439,2109,152,1,66.12,0,66.12
4440,2109,142,1,31.27,0,31.27
4441,2109,135,1,105.74,0,105.74
4442,2110,39,1,43.96,0.1,39.56
4443,2111,144,1,11.66,0,11.66
4444,2111,54,1,92.65,0.1,83.39
4445,2111,119,1,213.48,0.1,192.13
4446,2112,11,2,176.03,0.15,299.25
4447,2113,97,1,23.97,0.1,21.57
4448,2113,143,3,69.82,0,209.46
4449,2114,31,1,121.18,0.1,109.06
4450,2114,159,1,57.51,0,57.51
4451,2114,107,1,335.62,0.1,302.06
4452,2115,72,1,196.03,0,196.03
4453,2115,54,1,92.65,0,92.65
4454,2115,17,1,75.74,0,75.74
4455,2115,117,1,173.82,0,173.82
4456,2115,52,3,190.14,0,570.42
4457,2116,64,1,113.76,0,113.76
4458,2116,56,1,48.94,0,48.94
4459,2116,31,1,121.18,0.15,103.0
4460,2117,34,1,164.11,0,164.11
4461,2117,47,1,173.41,0,173.41
4462,2118,132,1,101.25,0,101.25
4463,2119,121,1,374.5,0,374.5
4464,2119,115,1,276.86,0,276.86
4465,2119,41,2,179.88,0,359.76
4466,2119,93,1,19.37,0.1,17.43
4467,2119,152,1,66.12,0,66.12
4468,2120,33,1,49.0,0,49.0
4469,2120,143,2,69.82,0.2,111.71
4470,2120,109,2,22.1,0.15,37.57
4471,2120,120,1,179.87,0,179.87
4472,2121,43,1,75.67,0,75.67
4473,2121,159,1,57.51,0,57.51
4474,2122,83,2,23.95,0,47.9
4475,2122,56,2,48.94,0,97.88
4476,2122,71,1,16.86,0,16.86
4477,2122,70,1,67.88,0.1,61.09
4478,2122,148,1,60.49,0,60.49
4479,2123,67,1,62.01,0.15,52.71
4480,2123,56,1,48.94,0,48.94
4481,2124,54,1,92.65,0,92.65
4482,2124,64,1,113.76,0.15,96.7
4483,2124,107,2,335.62,0,671.24
4484,2125,71,1,16.86,0.1,15.17
4485,2126,142,1,31.27,0,31.27
4486,2126,106,2,187.33,0,374.66
4487,2127,100,2,69.29,0,138.58
4488,2127,131,3,62.23,0,186.69
4489,2128,143,1,69.82,0,69.82
4490,2129,13,1,132.43,0,132.43
4491,2130,31,1,121.18,0.2,96.94
4492,2131,16,1,232.17,0,232.17
4493,2132,160,1,40.26,0,40.26
4494,2133,139,1,70.5,0,70.5
4495,2134,61,1,12.8,0,12.8
4496,2134,60,1,294.14,0.1,264.73
4497,2134,111,1,282.79,0.15,240.37
4498,2135,51,1,33.99,0.1,30.59
4499,2135,54,1,92.65,0,92.65
4500,2135,28,1,93.65,0,93.65
4501,2136,72,2,196.03,0,392.06
4502,2137,132,1,101.25,0,101.25
4503,2137,113,1,274.17,0.1,246.75
4504,2137,114,1,240.92,0,240.92
4505,2138,126,1,319.24,0,319.24
4506,2138,44,1,83.07,0,83.07
4507,2138,99,1,79.98,0,79.98
4508,2138,140,1,66.53,0.2,53.22
4509,2139,136,1,116.14,0,116.14
4510,2139,54,1,92.65,0,92.65
4511,2140,129,1,36.16,0.1,32.54
4512,2141,54,1,92.65,0.1,83.39
4513,2141,71,1,16.86,0.1,15.17
4514,2142,86,1,8.05,0.15,6.84
4515,2142,54,1,92.65,0.2,74.12
4516,2143,125,1,226.52,0,226.52
4517,2144,119,1,213.48,0.15,181.46
4518,2145,66,1,279.67,0.1,251.7
4519,2145,111,1,282.79,0,282.79
4520,2146,131,1,62.23,0,62.23
4521,2147,25,2,292.94,0.2,468.7
4522,2147,91,2,50.62,0.15,86.05
4523,2148,152,1,66.12,0.1,59.51
4524,2149,61,1,12.8,0,12.8
4525,2150,75,1,185.8,0.15,157.93
4526,2151,73,3,43.45,0,130.35
4527,2152,92,1,74.46,0.1,67.01
4528,2152,111,1,282.79,0.1,254.51
4529,2153,114,3,240.92,0,722.76
4530,2154,114,2,240.92,0,481.84
4531,2155,18,2,268.84,0,537.68
4532,2155,101,2,68.79,0.1,123.82
4533,2156,78,1,77.23,0,77.23
4534,2156,79,1,40.31,0,40.31
4535,2157,110,2,59.23,0,118.46
4536,2158,110,2,59.23,0,118.46
4537,2158,94,1,59.56,0.1,53.6
4538,2158,157,1,65.63,0,65.63
4539,2159,145,1,84.99,0,84.99
4540,2159,6,1,180.27,0,180.27
4541,2159,150,1,44.1,0,44.1
4542,2160,15,1,152.22,0,152.22
4543,2160,160,1,40.26,0.1,36.23
4544,2161,53,2,86.91,0,173.82
4545,2161,111,1,282.79,0,282.79
4546,2161,73,1,43.45,0,43.45
4547,2161,33,1,49.0,0,49.0
4548,2162,6,1,180.27,0,180.27
4549,2162,113,1,274.17,0,274.17
4550,2163,53,2,86.91,0,173.82
4551,2164,39,2,43.96,0.15,74.73
4552,2164,85,1,74.75,0,74.75
4553,2164,31,1,121.18,0,121.18
4554,2164,120,1,179.87,0,179.87
4555,2165,54,2,92.65,0,185.3
4556,2165,39,2,43.96,0,87.92
4557,2166,58,1,151.67,0,151.67
4558,2167,7,1,33.9,0,33.9
4559,2167,99,1,79.98,0.15,67.98
4560,2168,10,1,116.26,0,116.26
4561,2168,64,1,113.76,0,113.76
4562,2169,88,2,39.57,0,79.14
4563,2169,101,1,68.79,0,68.79
4564,2170,57,1,91.71,0,91.71
4565,2171,53,1,86.91,0.1,78.22
4566,2172,72,1,196.03,0,196.03
4567,2172,44,1,83.07,0,83.07
4568,2173,85,1,74.75,0,74.75
4569,2173,54,1,92.65,0,92.65
4570,2173,159,1,57.51,0,57.51
4571,2174,39,1,43.96,0,43.96
4572,2174,132,2,101.25,0,202.5
4573,2174,1,2,134.64,0,269.28
4574,2174,95,1,42.95,0.1,38.66
4575,2174,109,3,22.1,0.1,59.67
4576,2175,10,2,116.26,0,232.52
4577,2175,61,2,12.8,0,25.6
4578,2176,54,1,92.65,0,92.65
4579,2176,71,1,16.86,0,16.86
4580,2177,57,1,91.71,0,91.71
4581,2177,88,1,39.57,0,39.57
4582,2178,39,1,43.96,0,43.96
4583,2179,99,2,79.98,0,159.96
4584,2179,11,1,176.03,0,176.03
4585,2180,35,2,124.39,0,248.78
4586,2181,57,1,91.71,0.15,77.95
4587,2182,116,1,217.77,0,217.77
4588,2183,106,1,187.33,0,187.33
4589,2183,63,1,115.75,0,115.75
4590,2183,54,1,92.65,0.1,83.39
4591,2183,120,1,179.87,0,179.87
4592,2184,11,2,176.03,0,352.06
4593,2184,33,1,49.0,0,49.0
4594,2185,84,1,13.12,0,13.12
4595,2186,18,1,268.84,0,268.84
4596,2186,97,1,23.97,0,23.97
4597,2186,56,1,48.94,0,48.94
4598,2186,155,1,82.21,0,82.21
4599,2187,152,1,66.12,0,66.12
4600,2187,54,1,92.65,0,92.65
4601,2187,66,2,279.67,0,559.34
4602,2187,91,1,50.62,0,50.62
4603,2188,17,3,75.74,0.2,181.78
4604,2189,117,1,173.82,0,173.82
4605,2190,39,2,43.96,0,87.92
4606,2191,39,1,43.96,0,43.96
4607,2191,5,1,135.87,0,135.87
4608,2192,106,1,187.33,0,187.33
4609,2192,160,3,40.26,0.15,102.66
4610,2192,71,2,16.86,0.15,28.66
4611,2192,110,1,59.23,0,59.23
4612,2192,106,1,187.33,0,187.33
4613,2193,42,2,80.28,0,160.56
4614,2194,78,1,77.23,0,77.23
4615,2195,103,2,74.37,0,148.74
4616,2196,155,1,82.21,0.15,69.88
4617,2197,154,1,83.05,0,83.05
4618,2197,152,1,66.12,0.15,56.2
4619,2197,87,1,40.81,0,40.81
4620,2197,54,1,92.65,0,92.65
4621,2197,31,1,121.18,0,121.18
4622,2198,142,1,31.27,0,31.27
4623,2198,32,2,49.75,0,99.5
4624,2198,108,2,97.45,0,194.9
4625,2199,103,1,74.37,0,74.37
4626,2199,39,1,43.96,0,43.96
4627,2200,54,1,92.65,0,92.65
4628,2200,61,3,12.8,0.1,34.56
4629,2201,61,2,12.8,0,25.6
4630,2202,53,1,86.91,0,86.91
4631,2203,94,1,59.56,0.2,47.65
4632,2204,111,1,282.79,0,282.79
4633,2205,102,1,116.44,0,116.44
4634,2205,136,1,116.14,0.15,98.72
4635,2205,85,1,74.75,0,74.75
4636,2205,95,1,42.95,0,42.95
4637,2206,142,1,31.27,0,31.27
4638,2207,18,1,268.84,0,268.84
4639,2207,1,2,134.64,0,269.28
4640,2207,26,2,66.46,0,132.92
4641,2208,85,1,74.75,0,74.75
4642,2208,97,2,23.97,0,47.94
4643,2208,68,3,204.27,0,612.81
4644,2208,160,1,40.26,0.1,36.23
4645,2209,83,1,23.95,0,23.95
4646,2210,108,1,97.45,0,97.45
4647,2211,145,1,84.99,0.1,76.49
4648,2211,71,2,16.86,0,33.72
4649,2211,91,1,50.62,0.2,40.5
4650,2212,33,1,49.0,0.1,44.1
4651,2213,119,2,213.48,0,426.96
4652,2214,20,1,84.59,0,84.59
4653,2214,8,1,255.14,0.1,229.63
4654,2215,47,1,173.41,0,173.41
4655,2216,58,1,151.67,0.2,121.34
4656,2217,61,1,12.8,0,12.8
4657,2218,96,1,51.37,0.1,46.23
4658,2218,84,1,13.12,0,13.12
4659,2218,64,1,113.76,0.15,96.7
4660,2219,1,1,134.64,0,134.64
4661,2219,100,1,69.29,0,69.29
4662,2219,78,3,77.23,0.15,196.94
4663,2219,46,1,64.69,0.2,51.75
4664,2219,54,1,92.65,0,92.65
4665,2220,89,1,41.71,0,41.71
4666,2220,152,1,66.12,0,66.12
4667,2221,45,1,61.85,0.15,52.57
4668,2221,56,1,48.94,0,48.94
4669,2221,140,1,66.53,0,66.53
4670,2221,76,1,65.54,0,65.54
4671,2221,102,1,116.44,0.15,98.97
4672,2222,74,2,41.44,0,82.88
4673,2223,143,1,69.82,0,69.82
4674,2223,10,1,116.26,0,116.26
4675,2223,62,1,117.07,0,117.07
4676,2224,40,1,53.97,0.1,48.57
4677,2224,11,1,176.03,0.1,158.43
4678,2225,56,1,48.94,0,48.94
4679,2226,41,1,179.88,0,179.88
4680,2227,54,1,92.65,0.1,83.39
4681,2228,72,3,196.03,0,588.09
4682,2228,158,1,14.07,0,14.07
4683,2229,6,1,180.27,0,180.27
4684,2229,72,2,196.03,0,392.06
4685,2229,54,2,92.65,0,185.3
4686,2229,54,1,92.65,0,92.65
4687,2230,123,1,92.73,0,92.73
4688,2230,113,1,274.17,0,274.17
4689,2231,25,1,292.94,0,292.94
4690,2232,61,2,12.8,0.1,23.04
4691,2232,48,1,156.79,0,156.79
4692,2232,95,1,42.95,0.1,38.66
4693,2233,33,1,49.0,0,49.0
4694,2234,101,1,68.79,0.1,61.91
4695,2234,150,1,44.1,0,44.1
4696,2234,54,1,92.65,0,92.65
4697,2235,86,1,8.05,0,8.05
4698,2236,91,1,50.62,0,50.62
4699,2236,113,1,274.17,0,274.17
4700,2236,46,1,64.69,0,64.69
4701,2237,54,2,92.65,0,185.3
4702,2237,116,2,217.77,0,435.54
4703,2238,54,1,92.65,0,92.65
4704,2239,47,1,173.41,0.2,138.73
4705,2239,12,1,291.22,0.1,262.1
4706,2239,78,1,77.23,0,77.23
4707,2239,39,1,43.96,0.15,37.37
4708,2240,97,1,23.97,0,23.97
4709,2241,39,1,43.96,0,43.96
4710,2241,82,1,54.72,0,54.72
4711,2242,113,1,274.17,0,274.17
4712,2243,160,1,40.26,0,40.26
4713,2244,129,1,36.16,0,36.16
4714,2244,9,1,98.65,0.15,83.85
4715,2244,113,1,274.17,0.2,219.34
4716,2244,22,1,399.88,0,399.88
4717,2245,43,2,75.67,0,151.34
4718,2245,111,1,282.79,0,282.79
4719,2246,72,2,196.03,0.15,333.25
4720,2246,27,1,21.73,0.1,19.56
4721,2247,84,1,13.12,0,13.12
4722,2247,152,1,66.12,0.1,59.51
4723,2248,118,1,357.71,0,357.71
4724,2248,54,1,92.65,0,92.65
4725,2249,118,1,357.71,0,357.71
4726,2250,68,2,204.27,0,408.54
4727,2251,119,1,213.48,0,213.48
4728,2251,36,1,143.82,0,143.82
4729,2251,98,2,11.23,0,22.46
4730,2252,72,1,196.03,0,196.03
4731,2252,152,2,66.12,0,132.24
4732,2252,152,1,66.12,0.1,59.51
4733,2253,119,1,213.48,0.1,192.13
4734,2253,15,1,152.22,0,152.22
4735,2253,119,1,213.48,0,213.48
4736,2254,102,1,116.44,0,116.44
4737,2255,50,1,55.81,0.1,50.23
4738,2255,64,2,113.76,0,227.52
4739,2256,136,1,116.14,0,116.14
4740,2257,13,1,132.43,0.15,112.57
4741,2258,142,1,31.27,0,31.27
4742,2259,64,1,113.76,0.15,96.7
4743,2259,49,1,111.88,0.1,100.69
4744,2259,146,2,20.85,0.1,37.53
4745,2260,61,1,12.8,0,12.8
4746,2260,94,1,59.56,0,59.56
4747,2260,54,1,92.65,0,92.65
4748,2260,89,1,41.71,0.15,35.45
4749,2261,18,1,268.84,0,268.84
4750,2261,9,1,98.65,0.2,78.92
4751,2262,27,1,21.73,0,21.73
4752,2263,131,2,62.23,0,124.46
4753,2263,106,1,187.33,0,187.33
4754,2264,160,1,40.26,0,40.26
4755,2264,54,3,92.65,0,277.95
4756,2265,108,3,97.45,0,292.35
4757,2265,54,2,92.65,0,185.3
4758,2266,89,1,41.71,0.1,37.54
4759,2266,9,1,98.65,0.1,88.79
4760,2267,152,1,66.12,0,66.12
4761,2268,11,1,176.03,0,176.03
4762,2268,34,1,164.11,0,164.11
4763,2269,139,1,70.5,0,70.5
4764,2269,75,1,185.8,0,185.8
4765,2270,54,3,92.65,0.15,236.26
4766,2270,100,1,69.29,0,69.29
4767,2271,143,1,69.82,0,69.82
4768,2272,54,1,92.65,0,92.65
4769,2272,5,1,135.87,0,135.87
4770,2272,84,1,13.12,0.1,11.81
4771,2273,149,1,68.48,0,68.48
4772,2273,94,2,59.56,0.1,107.21
4773,2274,121,1,374.5,0,374.5
4774,2274,6,2,180.27,0.15,306.46
4775,2274,96,1,51.37,0.1,46.23
4776,2275,101,2,68.79,0.1,123.82
4777,2275,84,1,13.12,0,13.12
4778,2275,71,2,16.86,0,33.72
4779,2276,34,1,164.11,0,164.11
4780,2276,65,1,172.37,0,172.37
4781,2276,101,2,68.79,0.1,123.82
4782,2277,17,2,75.74,0,151.48
4783,2278,39,1,43.96,0,43.96
4784,2278,116,1,217.77,0,217.77
4785,2278,80,1,41.32,0,41.32
4786,2279,83,2,23.95,0,47.9
4787,2279,123,2,92.73,0.2,148.37
4788,2279,100,1,69.29,0,69.29
4789,2279,19,1,229.68,0,229.68
4790,2279,111,2,282.79,0,565.58
4791,2280,34,1,164.11,0.15,139.49
4792,2280,127,1,268.94,0,268.94
4793,2280,54,2,92.65,0,185.3
4794,2280,28,1,93.65,0.1,84.29
4795,2280,33,3,49.0,0.15,124.95
4796,2281,118,1,357.71,0.15,304.05
4797,2281,39,1,43.96,0.15,37.37
4798,2282,142,2,31.27,0,62.54
4799,2282,41,3,179.88,0,539.64
4800,2283,123,1,92.73,0,92.73
4801,2283,54,1,92.65,0,92.65
4802,2284,98,1,11.23,0,11.23
4803,2284,56,1,48.94,0,48.94
4804,2285,54,1,92.65,0,92.65
4805,2285,16,1,232.17,0,232.17
4806,2286,97,1,23.97,0.1,21.57
4807,2286,9,2,98.65,0,197.3
4808,2286,61,1,12.8,0,12.8
4809,2286,94,1,59.56,0,59.56
4810,2286,119,1,213.48,0.1,192.13
4811,2287,21,3,274.21,0.2,658.1
4812,2287,29,2,122.84,0,245.68
4813,2287,77,2,42.23,0,84.46
4814,2287,68,2,204.27,0.1,367.69
4815,2287,60,1,294.14,0.1,264.73
4816,2288,98,1,11.23,0.15,9.55
4817,2288,11,2,176.03,0,352.06
4818,2288,88,1,39.57,0,39.57
4819,2288,130,1,68.02,0.15,57.82
4820,2289,152,1,66.12,0.2,52.9
4821,2289,142,1,31.27,0,31.27
4822,2289,50,2,55.81,0,111.62
4823,2290,137,1,15.32,0,15.32
4824,2290,28,2,93.65,0,187.3
4825,2291,97,1,23.97,0.1,21.57
4826,2291,93,1,19.37,0.1,17.43
4827,2292,141,1,71.69,0,71.69
4828,2293,108,2,97.45,0,194.9
4829,2294,159,2,57.51,0,115.02
4830,2294,111,1,282.79,0,282.79
4831,2295,119,1,213.48,0,213.48
4832,2296,54,2,92.65,0.15,157.5
4833,2296,88,2,39.57,0,79.14
4834,2297,54,1,92.65,0,92.65
4835,2297,39,1,43.96,0,43.96
4836,2298,54,1,92.65,0,92.65
4837,2298,44,1,83.07,0,83.07
4838,2299,54,2,92.65,0,185.3
4839,2300,43,1,75.67,0,75.67
4840,2300,51,1,33.99,0.15,28.89
4841,2301,136,1,116.14,0.1,104.53
4842,2302,119,1,213.48,0,213.48
4843,2303,152,1,66.12,0,66.12
4844,2304,31,1,121.18,0.1,109.06
4845,2304,58,1,151.67,0.1,136.5
4846,2304,64,1,113.76,0,113.76
4847,2305,3,1,101.49,0,101.49
4848,2305,46,1,64.69,0.15,54.99
4849,2306,119,1,213.48,0.2,170.78
4850,2307,112,2,329.53,0.2,527.25
4851,2308,3,2,101.49,0.1,182.68
4852,2309,112,1,329.53,0,329.53
4853,2310,160,1,40.26,0,40.26
4854,2311,54,2,92.65,0,185.3
4855,2311,79,2,40.31,0,80.62
4856,2312,102,1,116.44,0,116.44
4857,2312,126,1,319.24,0,319.24
4858,2313,100,1,69.29,0,69.29
4859,2313,129,1,36.16,0,36.16
4860,2313,113,1,274.17,0.2,219.34
4861,2313,103,1,74.37,0,74.37
4862,2314,34,1,164.11,0,164.11
4863,2314,54,2,92.65,0.1,166.77
4864,2314,64,1,113.76,0.2,91.01
4865,2315,70,1,67.88,0,67.88
4866,2316,17,1,75.74,0,75.74
4867,2316,140,2,66.53,0,133.06
4868,2316,61,1,12.8,0.15,10.88
4869,2317,108,2,97.45,0.15,165.66
4870,2318,99,1,79.98,0,79.98
4871,2318,156,1,17.86,0,17.86
4872,2319,54,2,92.65,0,185.3
4873,2320,35,2,124.39,0,248.78
4874,2320,129,1,36.16,0,36.16
4875,2321,50,1,55.81,0,55.81
4876,2322,159,1,57.51,0,57.51
4877,2322,92,1,74.46,0,74.46
4878,2323,137,1,15.32,0,15.32
4879,2323,53,1,86.91,0.15,73.87
4880,2324,156,1,17.86,0,17.86
4881,2324,16,1,232.17,0,232.17
4882,2324,91,2,50.62,0,101.24
4883,2325,139,2,70.5,0.1,126.9
4884,2325,84,1,13.12,0,13.12
4885,2325,15,3,152.22,0.1,410.99
4886,2326,73,1,43.45,0,43.45
4887,2326,113,2,274.17,0,548.34
4888,2327,84,1,13.12,0,13.12
4889,2327,61,1,12.8,0,12.8
4890,2328,144,1,11.66,0,11.66
4891,2329,56,1,48.94,0,48.94
4892,2330,134,1,40.72,0,40.72
4893,2330,62,1,117.07,0,117.07
4894,2331,54,1,92.65,0.2,74.12
4895,2332,121,1,374.5,0.1,337.05
4896,2332,29,1,122.84,0,122.84
4897,2333,37,1,83.16,0.2,66.53
4898,2333,116,1,217.77,0,217.77
4899,2333,82,1,54.72,0,54.72
4900,2333,39,2,43.96,0,87.92
4901,2334,70,1,67.88,0,67.88
4902,2335,58,3,151.67,0.2,364.01
4903,2335,37,1,83.16,0,83.16
4904,2336,54,1,92.65,0,92.65
4905,2337,84,1,13.12,0,13.12
4906,2337,39,1,43.96,0,43.96
4907,2337,39,1,43.96,0,43.96
4908,2337,16,2,232.17,0,464.34
4909,2338,41,1,179.88,0,179.88
4910,2338,124,1,13.96,0.15,11.87
4911,2338,61,1,12.8,0,12.8
4912,2338,138,1,24.71,0,24.71
4913,2339,128,1,398.69,0,398.69
4914,2339,19,2,229.68,0,459.36
4915,2339,24,1,346.45,0,346.45
4916,2339,54,1,92.65,0,92.65
4917,2339,54,2,92.65,0,185.3
4918,2340,1,1,134.64,0,134.64
4919,2340,66,1,279.67,0,279.67
4920,2340,106,1,187.33,0.15,159.23
4921,2341,126,1,319.24,0,319.24
4922,2341,157,1,65.63,0.15,55.79
4923,2342,62,3,117.07,0.1,316.09
4924,2343,101,1,68.79,0,68.79
4925,2343,60,1,294.14,0.2,235.31
4926,2344,20,1,84.59,0,84.59
4927,2344,131,2,62.23,0,124.46
4928,2344,53,1,86.91,0,86.91
4929,2345,140,2,66.53,0,133.06
4930,2345,21,1,274.21,0,274.21
4931,2346,25,1,292.94,0,292.94
4932,2346,142,1,31.27,0,31.27
4933,2346,121,3,374.5,0,1123.5
4934,2346,152,1,66.12,0.1,59.51
4935,2347,8,1,255.14,0,255.14
4936,2347,114,2,240.92,0,481.84
4937,2347,137,1,15.32,0.1,13.79
4938,2347,1,1,134.64,0.1,121.18
4939,2347,157,2,65.63,0,131.26
4940,2348,39,1,43.96,0,43.96
4941,2349,99,2,79.98,0,159.96
4942,2349,93,1,19.37,0,19.37
4943,2350,11,1,176.03,0,176.03
4944,2350,139,1,70.5,0.2,56.4
4945,2350,47,1,173.41,0,173.41
4946,2351,40,2,53.97,0.2,86.35
4947,2351,61,2,12.8,0.2,20.48
4948,2352,143,2,69.82,0,139.64
4949,2353,54,1,92.65,0.2,74.12
4950,2354,1,1,134.64,0,134.64
4951,2355,118,2,357.71,0,715.42
4952,2355,150,1,44.1,0.2,35.28
4953,2355,108,1,97.45,0.1,87.7
4954,2355,160,3,40.26,0,120.78
4955,2355,89,1,41.71,0,41.71
4956,2356,115,1,276.86,0.1,249.17
4957,2356,35,2,124.39,0,248.78
4958,2357,18,1,268.84,0,268.84
4959,2358,121,1,374.5,0.1,337.05
4960,2358,17,1,75.74,0,75.74
4961,2359,84,2,13.12,0,26.24
4962,2360,39,1,43.96,0,43.96
4963,2360,53,2,86.91,0,173.82
4964,2361,84,1,13.12,0.1,11.81
4965,2362,119,1,213.48,0,213.48
4966,2362,34,1,164.11,0,164.11
4967,2363,15,1,152.22,0,152.22
4968,2364,111,1,282.79,0,282.79
4969,2364,29,1,122.84,0,122.84
4970,2365,8,1,255.14,0.1,229.63
4971,2365,8,1,255.14,0,255.14
4972,2366,107,1,335.62,0.15,285.28
4973,2366,83,1,23.95,0,23.95
4974,2367,33,1,49.0,0,49.0
4975,2367,135,1,105.74,0,105.74
4976,2368,88,1,39.57,0,39.57
4977,2368,15,1,152.22,0,152.22
4978,2368,146,2,20.85,0,41.7
4979,2368,13,1,132.43,0.15,112.57
4980,2368,39,1,43.96,0,43.96
4981,2369,150,2,44.1,0,88.2
4982,2369,32,1,49.75,0.1,44.77
4983,2369,108,3,97.45,0,292.35
4984,2370,18,1,268.84,0,268.84
4985,2371,159,1,57.51,0,57.51
4986,2372,114,2,240.92,0.2,385.47
4987,2373,37,2,83.16,0,166.32
4988,2374,115,1,276.86,0.15,235.33
4989,2374,121,1,374.5,0,374.5
4990,2374,3,1,101.49,0,101.49
4991,2374,114,1,240.92,0,240.92
4992,2374,58,1,151.67,0,151.67
4993,2375,54,2,92.65,0.2,148.24
4994,2376,55,2,295.32,0,590.64
4995,2376,72,1,196.03,0,196.03
4996,2376,139,1,70.5,0.1,63.45
4997,2376,84,2,13.12,0,26.24
4998,2376,134,1,40.72,0,40.72
4999,2377,101,1,68.79,0,68.79
5000,2377,37,1,83.16,0,83.16
5001,2378,53,1,86.91,0,86.91
5002,2379,26,1,66.46,0,66.46
5003,2379,57,2,91.71,0,183.42
5004,2379,119,1,213.48,0,213.48
5005,2379,61,1,12.8,0,12.8
5006,2379,114,1,240.92,0,240.92
5007,2380,82,1,54.72,0.1,49.25
5008,2380,140,1,66.53,0.15,56.55
5009,2381,152,1,66.12,0,66.12
5010,2381,31,1,121.18,0,121.18
5011,2382,71,1,16.86,0,16.86
5012,2382,39,1,43.96,0,43.96
5013,2383,121,1,374.5,0,374.5
5014,2383,98,1,11.23,0,11.23
5015,2384,27,1,21.73,0.15,18.47
5016,2385,39,1,43.96,0,43.96
5017,2386,54,1,92.65,0,92.65
5018,2387,127,1,268.94,0.15,228.6
5019,2387,46,2,64.69,0,129.38
5020,2388,108,1,97.45,0,97.45
5021,2388,146,1,20.85,0,20.85
5022,2389,123,1,92.73,0,92.73
5023,2389,29,2,122.84,0,245.68
5024,2389,80,1,41.32,0,41.32
5025,2389,145,2,84.99,0,169.98
5026,2390,114,3,240.92,0.1,650.48
5027,2390,54,1,92.65,0.15,78.75
5028,2390,124,1,13.96,0.1,12.56
5029,2390,88,1,39.57,0,39.57
5030,2391,111,1,282.79,0,282.79
5031,2392,115,2,276.86,0.1,498.35
5032,2393,97,1,23.97,0,23.97
5033,2394,160,1,40.26,0,40.26
5034,2395,113,1,274.17,0,274.17
5035,2395,101,1,68.79,0.2,55.03
5036,2395,54,1,92.65,0,92.65
5037,2396,101,1,68.79,0,68.79
5038,2397,137,1,15.32,0,15.32
5039,2397,29,1,122.84,0.15,104.41
5040,2398,7,2,33.9,0,67.8
5041,2398,72,2,196.03,0,392.06
5042,2399,5,1,135.87,0,135.87
5043,2400,56,1,48.94,0,48.94
5044,2400,71,1,16.86,0.1,15.17
5045,2401,74,1,41.44,0,41.44
5046,2402,68,1,204.27,0.1,183.84
5047,2403,1,1,134.64,0,134.64
5048,2404,153,1,99.2,0,99.2
5049,2404,140,1,66.53,0,66.53
5050,2404,26,3,66.46,0,199.38
5051,2405,29,1,122.84,0,122.84
5052,2406,115,1,276.86,0,276.86
5053,2407,113,3,274.17,0.15,699.13
5054,2408,50,2,55.81,0,111.62
5055,2409,37,1,83.16,0,83.16
5056,2409,88,2,39.57,0,79.14
5057,2409,60,2,294.14,0,588.28
5058,2409,62,1,117.07,0,117.07
5059,2410,142,1,31.27,0,31.27
5060,2410,63,2,115.75,0,231.5
5061,2410,54,1,92.65,0.15,78.75
5062,2411,18,1,268.84,0.15,228.51
5063,2412,152,1,66.12,0,66.12
5064,2413,35,1,124.39,0.15,105.73
5065,2413,114,1,240.92,0,240.92
5066,2413,7,1,33.9,0.2,27.12
5067,2413,78,2,77.23,0.1,139.01
5068,2414,103,1,74.37,0.15,63.21
5069,2415,35,1,124.39,0,124.39
5070,2415,41,1,179.88,0,179.88
5071,2415,80,1,41.32,0,41.32
5072,2415,10,1,116.26,0,116.26
5073,2416,152,1,66.12,0,66.12
5074,2417,94,1,59.56,0,59.56
5075,2418,61,1,12.8,0,12.8
5076,2419,11,3,176.03,0.15,448.88
5077,2420,19,1,229.68,0.1,206.71
5078,2421,106,1,187.33,0.15,159.23
5079,2422,36,3,143.82,0,431.46
5080,2422,152,1,66.12,0.1,59.51
5081,2422,129,3,36.16,0.1,97.63
5082,2423,19,1,229.68,0,229.68
5083,2424,97,1,23.97,0,23.97
5084,2424,119,1,213.48,0,213.48
5085,2425,94,1,59.56,0,59.56
5086,2425,62,2,117.07,0,234.14
5087,2425,54,2,92.65,0,185.3
5088,2426,107,2,335.62,0.15,570.55
5089,2427,47,1,173.41,0,173.41
5090,2427,67,1,62.01,0,62.01
5091,2427,82,2,54.72,0,109.44
5092,2427,91,1,50.62,0,50.62
5093,2428,62,1,117.07,0.15,99.51
5094,2428,101,1,68.79,0,68.79
5095,2429,78,1,77.23,0,77.23
5096,2429,57,1,91.71,0,91.71
5097,2429,98,1,11.23,0,11.23
5098,2430,75,1,185.8,0,185.8
5099,2431,63,1,115.75,0,115.75
5100,2432,64,1,113.76,0.1,102.38
5101,2432,140,2,66.53,0.15,113.1
5102,2433,108,1,97.45,0.15,82.83
5103,2434,145,1,84.99,0,84.99
5104,2435,91,1,50.62,0,50.62
5105,2435,15,1,152.22,0,152.22
5106,2436,56,1,48.94,0,48.94
5107,2437,160,2,40.26,0,80.52
5108,2437,47,2,173.41,0,346.82
5109,2437,54,2,92.65,0,185.3
5110,2438,61,2,12.8,0,25.6
5111,2438,128,1,398.69,0,398.69
5112,2438,160,3,40.26,0.1,108.7
5113,2439,65,2,172.37,0.2,275.79
5114,2439,113,2,274.17,0,548.34
5115,2440,154,1,83.05,0,83.05
5116,2441,72,1,196.03,0,196.03
5117,2441,39,1,43.96,0,43.96
5118,2442,67,2,62.01,0,124.02
5119,2442,111,1,282.79,0.15,240.37
5120,2442,137,2,15.32,0,30.64
5121,2442,54,1,92.65,0,92.65
5122,2443,160,1,40.26,0,40.26
5123,2443,64,1,113.76,0,113.76
5124,2444,55,1,295.32,0,295.32
5125,2444,25,1,292.94,0.15,249.0
5126,2444,54,1,92.65,0,92.65
5127,2445,81,1,52.03,0,52.03
5128,2446,26,1,66.46,0.1,59.81
5129,2446,113,2,274.17,0,548.34
5130,2446,95,2,42.95,0,85.9
5131,2446,77,1,42.23,0,42.23
5132,2446,158,1,14.07,0,14.07
5133,2447,91,1,50.62,0.1,45.56
5134,2448,54,1,92.65,0,92.65
5135,2448,156,1,17.86,0,17.86
5136,2448,54,1,92.65,0,92.65
5137,2449,143,1,69.82,0,69.82
5138,2449,61,1,12.8,0,12.8
5139,2449,150,3,44.1,0,132.3
5140,2449,40,1,53.97,0,53.97
5141,2449,55,2,295.32,0,590.64
5142,2450,111,1,282.79,0.15,240.37
5143,2450,33,1,49.0,0.1,44.1
5144,2450,61,1,12.8,0,12.8
5145,2450,88,1,39.57,0,39.57
5146,2450,92,1,74.46,0,74.46
5147,2451,106,1,187.33,0,187.33
5148,2451,84,1,13.12,0,13.12
5149,2451,19,1,229.68,0,229.68
5150,2452,44,1,83.07,0,83.07
5151,2453,71,1,16.86,0.1,15.17
5152,2454,81,1,52.03,0,52.03
5153,2455,86,1,8.05,0,8.05
5154,2455,119,1,213.48,0,213.48
5155,2456,137,1,15.32,0.2,12.26
5156,2456,54,1,92.65,0.15,78.75
5157,2456,90,1,52.82,0.15,44.9
5158,2456,37,1,83.16,0.1,74.84
5159,2456,39,2,43.96,0,87.92
5160,2457,57,1,91.71,0,91.71
5161,2458,25,1,292.94,0.1,263.65
5162,2459,97,1,23.97,0.1,21.57
5163,2460,100,1,69.29,0.15,58.9
5164,2460,94,2,59.56,0,119.12
5165,2460,20,1,84.59,0,84.59
5166,2461,84,1,13.12,0,13.12
5167,2462,152,1,66.12,0,66.12
5168,2463,121,1,374.5,0,374.5
5169,2463,63,1,115.75,0.1,104.17
5170,2464,111,1,282.79,0,282.79
5171,2465,138,1,24.71,0.1,22.24
5172,2465,156,1,17.86,0,17.86
5173,2466,106,1,187.33,0,187.33
5174,2466,97,2,23.97,0,47.94
5175,2467,71,1,16.86,0.1,15.17
5176,2468,111,1,282.79,0.15,240.37
5177,2468,53,2,86.91,0,173.82
5178,2468,146,1,20.85,0,20.85
5179,2468,56,1,48.94,0,48.94
5180,2469,152,1,66.12,0.1,59.51
5181,2470,5,2,135.87,0.1,244.57
5182,2470,58,1,151.67,0.2,121.34
5183,2470,148,2,60.49,0,120.98
5184,2470,66,1,279.67,0.1,251.7
5185,2471,105,2,348.07,0.2,556.91
5186,2472,37,2,83.16,0,166.32
5187,2473,29,1,122.84,0,122.84
5188,2474,130,1,68.02,0,68.02
5189,2474,19,1,229.68,0,229.68
5190,2475,52,1,190.14,0.1,171.13
5191,2476,54,1,92.65,0.15,78.75
5192,2476,48,1,156.79,0.1,141.11
5193,2476,83,1,23.95,0,23.95
5194,2476,111,1,282.79,0,282.79
5195,2476,6,2,180.27,0,360.54
5196,2477,9,1,98.65,0.1,88.79
5197,2477,113,1,274.17,0,274.17
5198,2478,120,2,179.87,0,359.74
5199,2478,51,1,33.99,0,33.99
5200,2479,156,1,17.86,0,17.86
5201,2479,109,1,22.1,0,22.1
5202,2479,117,2,173.82,0,347.64
5203,2479,99,3,79.98,0.1,215.95
5204,2480,87,1,40.81,0,40.81
5205,2480,21,1,274.21,0,274.21
5206,2481,160,1,40.26,0,40.26
5207,2482,150,2,44.1,0,88.2
5208,2482,34,2,164.11,0.2,262.58
5209,2482,139,1,70.5,0.15,59.92
5210,2483,54,1,92.65,0,92.65
5211,2483,121,1,374.5,0,374.5
5212,2484,85,3,74.75,0.1,201.83
5213,2484,50,1,55.81,0.1,50.23
5214,2485,157,1,65.63,0,65.63
5215,2485,33,1,49.0,0,49.0
5216,2485,44,1,83.07,0,83.07
5217,2486,143,1,69.82,0,69.82
5218,2487,140,1,66.53,0,66.53
5219,2487,20,1,84.59,0,84.59
5220,2487,61,1,12.8,0.2,10.24
5221,2488,38,1,79.64,0,79.64
5222,2489,155,1,82.21,0,82.21
5223,2490,101,3,68.79,0,206.37
5224,2491,121,1,374.5,0,374.5
5225,2492,111,3,282.79,0,848.37
5226,2492,137,1,15.32,0.1,13.79
5227,2492,73,1,43.45,0,43.45
5228,2493,160,1,40.26,0.2,32.21
5229,2493,48,1,156.79,0,156.79
5230,2494,34,2,164.11,0,328.22
5231,2495,56,3,48.94,0,146.82
5232,2496,65,1,172.37,0.1,155.13
5233,2496,150,2,44.1,0,88.2
5234,2496,105,1,348.07,0,348.07
5235,2497,35,1,124.39,0,124.39
5236,2498,55,1,295.32,0,295.32
5237,2498,38,1,79.64,0,79.64
5238,2498,98,1,11.23,0.15,9.55
5239,2498,58,1,151.67,0,151.67
5240,2499,57,1,91.71,0,91.71
5241,2500,158,2,14.07,0,28.14
5242,2500,38,1,79.64,0,79.64
5243,2500,155,1,82.21,0,82.21
5244,2500,152,1,66.12,0,66.12
5245,2501,63,1,115.75,0.1,104.17
5246,2502,16,1,232.17,0.2,185.74
5247,2502,60,1,294.14,0,294.14
5248,2502,101,1,68.79,0.15,58.47
5249,2502,54,1,92.65,0,92.65
5250,2503,11,1,176.03,0,176.03
5251,2503,121,3,374.5,0,1123.5
5252,2503,110,1,59.23,0.1,53.31
5253,2504,64,2,113.76,0,227.52
5254,2505,38,1,79.64,0.1,71.68
5255,2506,54,1,92.65,0.2,74.12
5256,2506,111,2,282.79,0.15,480.74
5257,2507,54,1,92.65,0,92.65
5258,2507,73,1,43.45,0,43.45
5259,2507,95,1,42.95,0,42.95
5260,2507,75,2,185.8,0,371.6
5261,2508,139,2,70.5,0,141.0
5262,2508,54,1,92.65,0.1,83.39
5263,2509,44,2,83.07,0,166.14
5264,2509,55,1,295.32,0,295.32
5265,2510,160,1,40.26,0,40.26
5266,2511,50,1,55.81,0.15,47.44
5267,2511,15,1,152.22,0,152.22
5268,2512,140,1,66.53,0,66.53
5269,2513,98,1,11.23,0,11.23
5270,2513,71,1,16.86,0,16.86
5271,2513,102,1,116.44,0,116.44
5272,2514,54,1,92.65,0,92.65
5273,2515,150,1,44.1,0,44.1
5274,2515,63,1,115.75,0,115.75
5275,2516,72,2,196.03,0.2,313.65
5276,2516,132,3,101.25,0.15,258.19
5277,2517,57,1,91.71,0.1,82.54
5278,2518,57,1,91.71,0.1,82.54
5279,2518,157,1,65.63,0,65.63
5280,2519,108,2,97.45,0,194.9
5281,2520,5,1,135.87,0.1,122.28
5282,2520,37,1,83.16,0,83.16
5283,2521,94,2,59.56,0,119.12
5284,2522,39,1,43.96,0,43.96
5285,2523,53,1,86.91,0,86.91
5286,2523,111,1,282.79,0.1,254.51
5287,2524,19,1,229.68,0.1,206.71
5288,2524,121,1,374.5,0.1,337.05
5289,2525,40,1,53.97,0,53.97
5290,2526,22,1,399.88,0,399.88
5291,2526,79,1,40.31,0,40.31
5292,2526,78,2,77.23,0,154.46
5293,2527,152,1,66.12,0,66.12
5294,2527,39,2,43.96,0,87.92
5295,2527,12,1,291.22,0,291.22
5296,2528,51,1,33.99,0.1,30.59
5297,2528,56,2,48.94,0.2,78.3
5298,2529,139,1,70.5,0.1,63.45
5299,2529,39,1,43.96,0.1,39.56
5300,2529,54,1,92.65,0.1,83.39
5301,2530,47,1,173.41,0,173.41
5302,2530,79,2,40.31,0,80.62
5303,2530,54,1,92.65,0,92.65
5304,2531,44,1,83.07,0,83.07
5305,2532,34,3,164.11,0,492.33
5306,2533,153,1,99.2,0,99.2
5307,2534,53,1,86.91,0,86.91
5308,2534,72,1,196.03,0,196.03
5309,2534,121,2,374.5,0,749.0
5310,2535,10,1,116.26,0.15,98.82
5311,2535,137,1,15.32,0.15,13.02
5312,2535,25,3,292.94,0.15,747.0
5313,2536,91,2,50.62,0,101.24
5314,2537,94,1,59.56,0,59.56
5315,2537,116,2,217.77,0,435.54
5316,2537,68,1,204.27,0.1,183.84
5317,2537,56,1,48.94,0,48.94
5318,2538,94,2,59.56,0,119.12
5319,2538,152,2,66.12,0,132.24
5320,2539,16,1,232.17,0,232.17
5321,2540,3,1,101.49,0,101.49
5322,2541,18,2,268.84,0,537.68
5323,2542,82,1,54.72,0,54.72
5324,2542,53,1,86.91,0.15,73.87
5325,2543,132,1,101.25,0,101.25
5326,2544,54,1,92.65,0,92.65
5327,2545,147,1,23.93,0.1,21.54
5328,2545,97,1,23.97,0,23.97
5329,2546,97,1,23.97,0,23.97
5330,2546,106,1,187.33,0,187.33
5331,2546,90,1,52.82,0,52.82
5332,2546,79,1,40.31,0.2,32.25
5333,2547,121,1,374.5,0,374.5
5334,2547,157,2,65.63,0.1,118.13
5335,2547,152,1,66.12,0,66.12
5336,2547,34,1,164.11,0,164.11
5337,2548,112,1,329.53,0,329.53
5338,2548,21,3,274.21,0,822.63
5339,2549,47,1,173.41,0,173.41
5340,2549,32,1,49.75,0,49.75
5341,2549,101,1,68.79,0.2,55.03
5342,2550,108,1,97.45,0.1,87.7
5343,2551,140,1,66.53,0,66.53
5344,2551,108,1,97.45,0,97.45
5345,2551,42,2,80.28,0.1,144.5
5346,2552,119,1,213.48,0,213.48
5347,2552,44,1,83.07,0,83.07
5348,2552,60,1,294.14,0,294.14
5349,2553,116,1,217.77,0.15,185.1
5350,2553,149,1,68.48,0,68.48
5351,2553,29,2,122.84,0.15,208.83
5352,2554,33,2,49.0,0,98.0
5353,2555,99,1,79.98,0,79.98
5354,2556,129,1,36.16,0,36.16
5355,2557,62,2,117.07,0,234.14
5356,2558,13,1,132.43,0,132.43
5357,2558,107,1,335.62,0.1,302.06
5358,2559,75,1,185.8,0.15,157.93
5359,2559,54,1,92.65,0,92.65
5360,2560,101,1,68.79,0,68.79
5361,2560,124,2,13.96,0,27.92
5362,2561,34,1,164.11,0.2,131.29
5363,2562,152,1,66.12,0.1,59.51
5364,2562,118,1,357.71,0,357.71
5365,2563,108,1,97.45,0.1,87.7
5366,2563,34,2,164.11,0,328.22
5367,2563,160,2,40.26,0.1,72.47
5368,2563,93,1,19.37,0,19.37
5369,2564,144,3,11.66,0,34.98
5370,2565,132,1,101.25,0,101.25
5371,2566,111,1,282.79,0,282.79
5372,2566,61,1,12.8,0,12.8
5373,2567,119,1,213.48,0,213.48
5374,2568,97,1,23.97,0,23.97
5375,2569,150,1,44.1,0,44.1
5376,2569,9,2,98.65,0,197.3
5377,2569,102,1,116.44,0,116.44
5378,2569,54,1,92.65,0,92.65
5379,2569,119,2,213.48,0,426.96
5380,2570,115,1,276.86,0,276.86
5381,2570,109,1,22.1,0,22.1
5382,2570,54,1,92.65,0.1,83.39
5383,2571,134,2,40.72,0,81.44
5384,2571,6,1,180.27,0.1,162.24
5385,2572,65,2,172.37,0,344.74
5386,2572,54,1,92.65,0.1,83.39
5387,2572,101,1,68.79,0,68.79
5388,2572,71,1,16.86,0.15,14.33
5389,2573,54,1,92.65,0,92.65
5390,2573,61,1,12.8,0.2,10.24
5391,2573,36,2,143.82,0,287.64
5392,2574,101,2,68.79,0.15,116.94
5393,2574,66,2,279.67,0,559.34
5394,2575,62,1,117.07,0.15,99.51
5395,2575,68,1,204.27,0,204.27
5396,2576,145,1,84.99,0,84.99
5397,2577,34,1,164.11,0.15,139.49
5398,2577,54,1,92.65,0,92.65
5399,2578,97,1,23.97,0,23.97
5400,2579,128,1,398.69,0.1,358.82
5401,2580,63,2,115.75,0,231.5
5402,2581,157,1,65.63,0,65.63
5403,2581,54,1,92.65,0,92.65
5404,2582,121,1,374.5,0.2,299.6
5405,2582,85,1,74.75,0.1,67.28
5406,2582,95,2,42.95,0.1,77.31
5407,2583,13,2,132.43,0,264.86
5408,2583,73,1,43.45,0,43.45
5409,2584,97,1,23.97,0,23.97
5410,2584,79,1,40.31,0.2,32.25
5411,2585,11,1,176.03,0,176.03
5412,2585,96,1,51.37,0,51.37
5413,2586,1,2,134.64,0.1,242.35
5414,2587,24,1,346.45,0,346.45
5415,2587,148,1,60.49,0,60.49
5416,2587,119,1,213.48,0.2,170.78
5417,2588,18,1,268.84,0,268.84
5418,2588,147,1,23.93,0,23.93
5419,2588,89,1,41.71,0,41.71
5420,2588,16,1,232.17,0.15,197.34
5421,2588,60,2,294.14,0,588.28
5422,2589,126,2,319.24,0,638.48
5423,2590,146,1,20.85,0,20.85
5424,2590,147,1,23.93,0,23.93
5425,2590,152,1,66.12,0.15,56.2
5426,2591,51,1,33.99,0,33.99
5427,2591,54,3,92.65,0.1,250.16
5428,2591,128,2,398.69,0,797.38
5429,2592,147,1,23.93,0,23.93
5430,2592,132,1,101.25,0,101.25
5431,2592,53,2,86.91,0,173.82
5432,2593,119,1,213.48,0,213.48
5433,2594,54,2,92.65,0.1,166.77
5434,2594,70,3,67.88,0,203.64
5435,2595,101,1,68.79,0,68.79
5436,2595,3,1,101.49,0.1,91.34
5437,2596,38,1,79.64,0,79.64
5438,2596,119,2,213.48,0.15,362.92
5439,2596,90,1,52.82,0,52.82
5440,2596,82,1,54.72,0.15,46.51
5441,2597,91,1,50.62,0.1,45.56
5442,2597,7,1,33.9,0,33.9
5443,2598,101,1,68.79,0.1,61.91
5444,2598,52,1,190.14,0.15,161.62
5445,2598,113,3,274.17,0.2,658.01
5446,2598,30,1,168.06,0.1,151.25
5447,2599,128,1,398.69,0,398.69
5448,2600,101,2,68.79,0,137.58
5449,2600,38,1,79.64,0.15,67.69
5450,2601,54,1,92.65,0,92.65
5451,2601,119,1,213.48,0,213.48
5452,2602,54,1,92.65,0.15,78.75
5453,2602,54,1,92.65,0,92.65
5454,2603,119,1,213.48,0,213.48
5455,2603,143,2,69.82,0,139.64
5456,2604,54,1,92.65,0,92.65
5457,2604,153,1,99.2,0.1,89.28
5458,2604,114,1,240.92,0.1,216.83
5459,2604,43,1,75.67,0,75.67
5460,2604,61,1,12.8,0,12.8
5461,2605,135,1,105.74,0,105.74
5462,2605,97,2,23.97,0,47.94
5463,2605,1,1,134.64,0,134.64
5464,2605,40,3,53.97,0,161.91
5465,2605,127,1,268.94,0,268.94
5466,2606,56,1,48.94,0,48.94
5467,2607,9,1,98.65,0.15,83.85
5468,2607,121,1,374.5,0,374.5
5469,2608,33,1,49.0,0.15,41.65
5470,2608,140,1,66.53,0,66.53
5471,2608,58,1,151.67,0,151.67
5472,2609,119,1,213.48,0,213.48
5473,2610,99,2,79.98,0,159.96
5474,2610,90,1,52.82,0,52.82
5475,2611,24,1,346.45,0,346.45
5476,2611,54,1,92.65,0.15,78.75
5477,2612,54,1,92.65,0,92.65
5478,2612,53,1,86.91,0,86.91
5479,2612,158,3,14.07,0,42.21
5480,2612,39,1,43.96,0,43.96
5481,2612,113,2,274.17,0,548.34
5482,2613,64,1,113.76,0.1,102.38
5483,2613,54,2,92.65,0.15,157.5
5484,2613,114,2,240.92,0,481.84
5485,2614,54,1,92.65,0,92.65
5486,2614,140,2,66.53,0,133.06
5487,2614,32,1,49.75,0.1,44.77
5488,2615,39,1,43.96,0,43.96
5489,2615,125,1,226.52,0,226.52
5490,2616,95,1,42.95,0,42.95
5491,2617,60,1,294.14,0,294.14
5492,2617,91,1,50.62,0,50.62
5493,2617,132,1,101.25,0,101.25
5494,2618,91,2,50.62,0.15,86.05
5495,2619,31,1,121.18,0,121.18
5496,2619,54,1,92.65,0,92.65
5497,2620,130,1,68.02,0,68.02
5498,2620,107,1,335.62,0,335.62
5499,2621,117,1,173.82,0,173.82
5500,2621,28,1,93.65,0.15,79.6
5501,2621,71,2,16.86,0,33.72
5502,2621,30,1,168.06,0,168.06
5503,2621,47,1,173.41,0,173.41
5504,2622,46,2,64.69,0,129.38
5505,2622,152,1,66.12,0,66.12
5506,2622,141,1,71.69,0,71.69
5507,2622,42,2,80.28,0,160.56
5508,2623,145,1,84.99,0,84.99
5509,2624,19,1,229.68,0,229.68
5510,2625,114,1,240.92,0,240.92
5511,2625,76,1,65.54,0,65.54
5512,2626,111,1,282.79,0.15,240.37
5513,2627,25,1,292.94,0.1,263.65
5514,2627,152,1,66.12,0.15,56.2
5515,2628,88,1,39.57,0,39.57
5516,2628,54,2,92.65,0,185.3
5517,2629,110,1,59.23,0,59.23
5518,2630,132,3,101.25,0,303.75
5519,2630,116,1,217.77,0,217.77
5520,2630,48,1,156.79,0.2,125.43
5521,2630,98,1,11.23,0.15,9.55
5522,2631,108,2,97.45,0,194.9
5523,2632,123,1,92.73,0,92.73
5524,2632,139,2,70.5,0.15,119.85
5525,2632,82,1,54.72,0.1,49.25
5526,2633,116,1,217.77,0,217.77
5527,2634,5,2,135.87,0,271.74
5528,2634,113,1,274.17,0,274.17
5529,2634,61,2,12.8,0.1,23.04
5530,2634,65,1,172.37,0.15,146.51
5531,2635,158,1,14.07,0.15,11.96
5532,2636,123,1,92.73,0,92.73
5533,2637,142,1,31.27,0,31.27
5534,2638,43,1,75.67,0,75.67
5535,2638,135,1,105.74,0,105.74
5536,2639,84,3,13.12,0,39.36
5537,2640,19,1,229.68,0,229.68
5538,2640,31,1,121.18,0.15,103.0
5539,2641,18,1,268.84,0.1,241.96
5540,2641,152,2,66.12,0,132.24
5541,2641,40,1,53.97,0,53.97
5542,2642,49,1,111.88,0,111.88
5543,2643,64,1,113.76,0,113.76
5544,2643,121,1,374.5,0,374.5
5545,2643,26,1,66.46,0,66.46
5546,2644,54,1,92.65,0,92.65
5547,2644,47,1,173.41,0.2,138.73
5548,2644,54,1,92.65,0,92.65
5549,2644,39,1,43.96,0,43.96
5550,2645,54,1,92.65,0,92.65
5551,2645,112,2,329.53,0.15,560.2
5552,2646,54,1,92.65,0,92.65
5553,2647,43,1,75.67,0,75.67
5554,2648,106,1,187.33,0,187.33
5555,2648,54,1,92.65,0.1,83.39
5556,2649,35,1,124.39,0,124.39
5557,2650,53,1,86.91,0,86.91
5558,2650,132,1,101.25,0.15,86.06
5559,2651,57,2,91.71,0.15,155.91
5560,2651,119,2,213.48,0,426.96
5561,2651,152,2,66.12,0.15,112.4
5562,2652,72,1,196.03,0.15,166.63
5563,2652,54,2,92.65,0,185.3
5564,2653,119,1,213.48,0,213.48
5565,2653,85,1,74.75,0.15,63.54
5566,2653,159,1,57.51,0.1,51.76
5567,2654,110,2,59.23,0.15,100.69
5568,2654,148,1,60.49,0,60.49
5569,2655,22,1,399.88,0.1,359.89
5570,2655,152,1,66.12,0.15,56.2
5571,2655,152,1,66.12,0,66.12
5572,2656,98,1,11.23,0,11.23
5573,2656,141,1,71.69,0,71.69
5574,2656,73,1,43.45,0.2,34.76
5575,2657,152,2,66.12,0,132.24
5576,2657,94,1,59.56,0.1,53.6
5577,2658,137,2,15.32,0.15,26.04
5578,2658,121,2,374.5,0,749.0
5579,2659,92,2,74.46,0,148.92
5580,2659,54,1,92.65,0.2,74.12
5581,2659,3,2,101.49,0.15,172.53
5582,2659,45,1,61.85,0,61.85
5583,2659,152,2,66.12,0,132.24
5584,2660,44,1,83.07,0,83.07
5585,2660,54,3,92.65,0.1,250.16
5586,2660,134,1,40.72,0,40.72
5587,2660,54,3,92.65,0,277.95
5588,2660,60,2,294.14,0.15,500.04
5589,2661,54,1,92.65,0,92.65
5590,2661,54,1,92.65,0,92.65
5591,2662,27,1,21.73,0.15,18.47
5592,2663,54,1,92.65,0.15,78.75
5593,2664,39,1,43.96,0.1,39.56
5594,2664,141,1,71.69,0,71.69
5595,2665,11,3,176.03,0,528.09
5596,2665,85,1,74.75,0,74.75
5597,2665,54,1,92.65,0,92.65
5598,2665,149,1,68.48,0,68.48
5599,2665,54,2,92.65,0.1,166.77
5600,2666,129,1,36.16,0,36.16
5601,2667,78,1,77.23,0,77.23
5602,2667,131,1,62.23,0.15,52.9
5603,2668,54,1,92.65,0,92.65
5604,2668,33,2,49.0,0,98.0
5605,2668,152,1,66.12,0,66.12
5606,2669,77,1,42.23,0,42.23
5607,2670,33,1,49.0,0,49.0
5608,2671,144,1,11.66,0.2,9.33
5609,2672,54,3,92.65,0,277.95
5610,2672,78,1,77.23,0.15,65.65
5611,2673,136,2,116.14,0,232.28
5612,2673,70,1,67.88,0.2,54.3
5613,2673,60,1,294.14,0,294.14
5614,2674,19,1,229.68,0,229.68
5615,2674,61,2,12.8,0.2,20.48
5616,2675,121,1,374.5,0.1,337.05
5617,2675,116,2,217.77,0,435.54
5618,2675,54,3,92.65,0,277.95
5619,2675,39,1,43.96,0,43.96
5620,2676,54,1,92.65,0.1,83.39
5621,2676,144,1,11.66,0.1,10.49
5622,2676,54,1,92.65,0,92.65
5623,2677,111,1,282.79,0,282.79
5624,2677,97,1,23.97,0,23.97
5625,2678,6,1,180.27,0,180.27
5626,2678,110,3,59.23,0.1,159.92
5627,2679,111,1,282.79,0,282.79
5628,2679,61,1,12.8,0.1,11.52
5629,2680,31,1,121.18,0.2,96.94
5630,2681,54,2,92.65,0.1,166.77
5631,2681,47,1,173.41,0,173.41
5632,2682,46,1,64.69,0,64.69
5633,2682,54,1,92.65,0,92.65
5634,2683,126,1,319.24,0.2,255.39
5635,2683,156,1,17.86,0,17.86
5636,2684,27,1,21.73,0,21.73
5637,2684,72,2,196.03,0,392.06
5638,2685,124,2,13.96,0,27.92
5639,2686,89,1,41.71,0.1,37.54
5640,2686,124,1,13.96,0,13.96
5641,2687,67,1,62.01,0,62.01
5642,2687,88,1,39.57,0,39.57
5643,2687,146,2,20.85,0,41.7
5644,2687,61,1,12.8,0,12.8
5645,2688,32,1,49.75,0,49.75
5646,2688,94,1,59.56,0.15,50.63
5647,2689,54,1,92.65,0.1,83.39
5648,2690,63,1,115.75,0,115.75
5649,2690,100,1,69.29,0,69.29
5650,2690,39,3,43.96,0.1,118.69
5651,2691,111,1,282.79,0,282.79
5652,2691,78,1,77.23,0,77.23
5653,2691,87,1,40.81,0,40.81
5654,2692,107,1,335.62,0,335.62
5655,2693,159,1,57.51,0,57.51
5656,2694,27,1,21.73,0,21.73
5657,2694,88,1,39.57,0,39.57
5658,2694,63,1,115.75,0,115.75
5659,2695,89,1,41.71,0,41.71
5660,2696,33,2,49.0,0.1,88.2
5661,2697,121,2,374.5,0,749.0
5662,2698,110,1,59.23,0,59.23
5663,2698,111,1,282.79,0.1,254.51
5664,2699,53,1,86.91,0,86.91
5665,2700,54,3,92.65,0,277.95
5666,2700,132,3,101.25,0.1,273.38
5667,2701,113,1,274.17,0,274.17
5668,2701,93,1,19.37,0,19.37
5669,2702,119,1,213.48,0.15,181.46
5670,2702,54,1,92.65,0,92.65
5671,2703,76,1,65.54,0.15,55.71
5672,2703,64,1,113.76,0,113.76
5673,2703,140,2,66.53,0,133.06
5674,2703,160,2,40.26,0,80.52
5675,2704,2,1,198.54,0.15,168.76
5676,2704,150,1,44.1,0.2,35.28
5677,2705,97,2,23.97,0,47.94
5678,2706,150,2,44.1,0.15,74.97
5679,2706,43,1,75.67,0,75.67
5680,2706,94,1,59.56,0,59.56
5681,2706,106,1,187.33,0,187.33
5682,2707,98,2,11.23,0,22.46
5683,2708,41,1,179.88,0,179.88
5684,2708,11,1,176.03,0,176.03
5685,2709,129,1,36.16,0.1,32.54
5686,2709,64,2,113.76,0,227.52
5687,2710,60,2,294.14,0,588.28
5688,2711,142,1,31.27,0.1,28.14
5689,2711,126,2,319.24,0,638.48
5690,2712,39,1,43.96,0,43.96
5691,2712,54,1,92.65,0.15,78.75
5692,2712,56,1,48.94,0,48.94
5693,2713,111,1,282.79,0.1,254.51
5694,2714,16,2,232.17,0,464.34
5695,2714,158,2,14.07,0,28.14
5696,2714,54,3,92.65,0,277.95
5697,2714,3,1,101.49,0,101.49
5698,2715,72,1,196.03,0,196.03
5699,2716,132,1,101.25,0,101.25
5700,2716,61,1,12.8,0.15,10.88
5701,2716,1,1,134.64,0.15,114.44
5702,2717,121,1,374.5,0,374.5
5703,2717,43,2,75.67,0,151.34
5704,2717,54,1,92.65,0.2,74.12
5705,2718,101,2,68.79,0,137.58
5706,2718,111,2,282.79,0,565.58
5707,2718,66,3,279.67,0,839.01
5708,2718,78,2,77.23,0,154.46
5709,2719,39,2,43.96,0,87.92
5710,2720,31,1,121.18,0,121.18
5711,2721,54,1,92.65,0,92.65
5712,2721,50,2,55.81,0,111.62
5713,2721,103,1,74.37,0,74.37
5714,2722,100,1,69.29,0.1,62.36
5715,2723,22,3,399.88,0,1199.64
5716,2723,53,1,86.91,0.1,78.22
5717,2724,84,1,13.12,0.2,10.5
5718,2724,53,2,86.91,0,173.82
5719,2724,34,2,164.11,0,328.22
5720,2724,57,1,91.71,0,91.71
5721,2725,55,2,295.32,0,590.64
5722,2725,141,1,71.69,0.1,64.52
5723,2726,54,1,92.65,0,92.65
5724,2727,91,1,50.62,0,50.62
5725,2727,11,2,176.03,0.1,316.85
5726,2728,87,1,40.81,0.1,36.73
5727,2729,62,2,117.07,0,234.14
5728,2730,148,1,60.49,0,60.49
5729,2730,64,1,113.76,0,113.76
5730,2730,33,2,49.0,0,98.0
5731,2731,43,1,75.67,0,75.67
5732,2731,152,1,66.12,0.15,56.2
5733,2732,125,1,226.52,0,226.52
5734,2732,46,1,64.69,0,64.69
5735,2732,125,2,226.52,0,453.04
5736,2732,25,1,292.94,0,292.94
5737,2733,84,1,13.12,0.1,11.81
5738,2734,19,1,229.68,0,229.68
5739,2735,26,1,66.46,0,66.46
5740,2736,158,1,14.07,0,14.07
5741,2737,119,3,213.48,0,640.44
5742,2737,78,1,77.23,0,77.23
5743,2737,61,1,12.8,0,12.8
5744,2737,97,2,23.97,0.2,38.35
5745,2738,111,1,282.79,0,282.79
5746,2739,6,1,180.27,0,180.27
5747,2739,71,1,16.86,0,16.86
5748,2740,61,1,12.8,0,12.8
5749,2740,84,1,13.12,0,13.12
5750,2740,48,1,156.79,0,156.79
5751,2741,25,2,292.94,0,585.88
5752,2742,19,1,229.68,0,229.68
5753,2742,71,1,16.86,0,16.86
5754,2742,142,1,31.27,0,31.27
5755,2743,22,1,399.88,0,399.88
5756,2744,39,3,43.96,0,131.88
5757,2744,65,1,172.37,0,172.37
5758,2745,27,1,21.73,0,21.73
5759,2746,56,1,48.94,0.15,41.6
5760,2747,137,1,15.32,0.15,13.02
5761,2747,61,1,12.8,0,12.8
5762,2748,48,2,156.79,0,313.58
5763,2748,85,1,74.75,0,74.75
5764,2749,5,1,135.87,0.15,115.49
5765,2749,96,2,51.37,0.1,92.47
5766,2750,1,1,134.64,0,134.64
5767,2751,19,1,229.68,0,229.68
5768,2752,113,1,274.17,0.2,219.34
5769,2753,97,1,23.97,0.15,20.37
5770,2753,54,1,92.65,0,92.65
5771,2753,53,1,86.91,0,86.91
5772,2754,119,1,213.48,0,213.48
5773,2755,138,2,24.71,0.1,44.48
5774,2755,155,2,82.21,0,164.42
5775,2755,91,1,50.62,0,50.62
5776,2756,15,1,152.22,0,152.22
5777,2757,105,1,348.07,0.15,295.86
5778,2758,40,1,53.97,0,53.97
5779,2759,111,1,282.79,0,282.79
5780,2759,149,1,68.48,0,68.48
5781,2759,142,1,31.27,0,31.27
5782,2760,98,1,11.23,0.15,9.55
5783,2760,88,1,39.57,0.15,33.63
5784,2761,78,1,77.23,0,77.23
5785,2762,24,1,346.45,0.1,311.81
5786,2763,55,1,295.32,0.1,265.79
5787,2763,72,1,196.03,0,196.03
5788,2764,56,2,48.94,0.1,88.09
5789,2764,41,1,179.88,0,179.88
5790,2765,54,2,92.65,0,185.3
5791,2765,121,1,374.5,0.1,337.05
5792,2765,54,1,92.65,0,92.65
5793,2766,54,1,92.65,0.15,78.75
5794,2767,54,1,92.65,0,92.65
5795,2767,156,1,17.86,0.15,15.18
5796,2767,56,1,48.94,0.1,44.05
5797,2767,79,3,40.31,0.1,108.84
5798,2768,119,1,213.48,0.2,170.78
5799,2769,10,2,116.26,0,232.52
5800,2770,33,1,49.0,0.2,39.2
5801,2771,44,1,83.07,0.15,70.61
5802,2771,39,1,43.96,0.2,35.17
5803,2772,118,1,357.71,0,357.71
5804,2773,8,1,255.14,0.1,229.63
5805,2774,131,1,62.23,0,62.23
5806,2775,54,1,92.65,0,92.65
5807,2775,40,1,53.97,0,53.97
5808,2776,61,1,12.8,0.1,11.52
5809,2777,89,1,41.71,0,41.71
5810,2778,68,1,204.27,0,204.27
5811,2778,121,1,374.5,0,374.5
5812,2778,100,1,69.29,0,69.29
5813,2779,84,1,13.12,0,13.12
5814,2779,158,1,14.07,0,14.07
5815,2780,91,3,50.62,0.2,121.49
5816,2780,107,3,335.62,0,1006.86
5817,2781,109,1,22.1,0,22.1
5818,2781,54,1,92.65,0,92.65
5819,2781,29,1,122.84,0,122.84
5820,2782,119,2,213.48,0.15,362.92
5821,2783,83,2,23.95,0,47.9
5822,2784,87,1,40.81,0,40.81
5823,2784,128,2,398.69,0,797.38
5824,2784,132,1,101.25,0,101.25
5825,2784,53,2,86.91,0.1,156.44
5826,2785,97,1,23.97,0,23.97
5827,2786,68,1,204.27,0,204.27
5828,2787,54,1,92.65,0,92.65
5829,2788,97,3,23.97,0.15,61.12
5830,2788,97,1,23.97,0,23.97
5831,2789,36,2,143.82,0.15,244.49
5832,2789,24,1,346.45,0,346.45
5833,2789,54,1,92.65,0.1,83.39
5834,2790,103,2,74.37,0.1,133.87
5835,2791,156,1,17.86,0,17.86
5836,2792,111,1,282.79,0,282.79
5837,2792,108,1,97.45,0,97.45
5838,2793,39,2,43.96,0,87.92
5839,2794,117,1,173.82,0,173.82
5840,2794,38,1,79.64,0,79.64
5841,2795,54,1,92.65,0,92.65
5842,2796,126,2,319.24,0,638.48
5843,2796,61,2,12.8,0.15,21.76
5844,2796,103,1,74.37,0.15,63.21
5845,2797,34,2,164.11,0.1,295.4
5846,2798,88,1,39.57,0,39.57
5847,2798,97,2,23.97,0,47.94
5848,2798,78,1,77.23,0,77.23
5849,2799,54,1,92.65,0,92.65
5850,2800,82,1,54.72,0,54.72
5851,2801,148,1,60.49,0,60.49
5852,2801,89,1,41.71,0,41.71
5853,2801,39,1,43.96,0,43.96
5854,2802,152,1,66.12,0.1,59.51
5855,2803,20,1,84.59,0,84.59
5856,2804,33,1,49.0,0,49.0
5857,2805,160,1,40.26,0,40.26
5858,2805,101,1,68.79,0,68.79
5859,2806,67,1,62.01,0.15,52.71
5860,2806,19,1,229.68,0,229.68
5861,2806,61,2,12.8,0,25.6
5862,2807,84,1,13.12,0,13.12
5863,2807,54,1,92.65,0,92.65
5864,2807,39,1,43.96,0.1,39.56
5865,2808,101,1,68.79,0,68.79
5866,2809,153,1,99.2,0,99.2
5867,2810,54,1,92.65,0,92.65
5868,2811,54,1,92.65,0,92.65
5869,2811,26,1,66.46,0,66.46
5870,2812,36,2,143.82,0.15,244.49
5871,2812,152,1,66.12,0,66.12
5872,2812,114,1,240.92,0,240.92
5873,2812,39,1,43.96,0,43.96
5874,2813,61,2,12.8,0,25.6
5875,2813,100,1,69.29,0.1,62.36
5876,2814,32,1,49.75,0,49.75
5877,2815,91,1,50.62,0.15,43.03
5878,2816,64,1,113.76,0,113.76
5879,2817,34,1,164.11,0,164.11
5880,2818,91,2,50.62,0,101.24
5881,2818,61,1,12.8,0,12.8
5882,2818,17,1,75.74,0.2,60.59
5883,2819,124,1,13.96,0,13.96
5884,2819,9,2,98.65,0.15,167.71
5885,2820,129,1,36.16,0,36.16
5886,2820,155,1,82.21,0,82.21
5887,2820,116,2,217.77,0,435.54
5888,2821,92,1,74.46,0.15,63.29
5889,2822,152,1,66.12,0,66.12
5890,2823,44,1,83.07,0,83.07
5891,2823,93,1,19.37,0,19.37
5892,2824,118,1,357.71,0.1,321.94
5893,2824,148,1,60.49,0,60.49
5894,2825,129,1,36.16,0,36.16
5895,2825,49,2,111.88,0.1,201.38
5896,2825,2,2,198.54,0.1,357.37
5897,2825,89,1,41.71,0,41.71
5898,2826,144,1,11.66,0,11.66
5899,2827,127,1,268.94,0,268.94
5900,2827,97,1,23.97,0,23.97
5901,2828,1,1,134.64,0.15,114.44
5902,2829,111,1,282.79,0.2,226.23
5903,2830,39,1,43.96,0.2,35.17
5904,2831,92,3,74.46,0,223.38
5905,2831,142,1,31.27,0.2,25.02
5906,2832,60,1,294.14,0,294.14
5907,2833,54,2,92.65,0,185.3
5908,2833,139,1,70.5,0,70.5
5909,2834,144,1,11.66,0.1,10.49
5910,2835,38,1,79.64,0,79.64
5911,2835,136,2,116.14,0.1,209.05
5912,2835,54,1,92.65,0,92.65
5913,2835,53,2,86.91,0,173.82
5914,2836,123,1,92.73,0.1,83.46
5915,2836,54,1,92.65,0,92.65
5916,2837,145,2,84.99,0.15,144.48
5917,2838,108,1,97.45,0,97.45
5918,2838,54,1,92.65,0.15,78.75
5919,2838,29,1,122.84,0,122.84
5920,2838,22,1,399.88,0.1,359.89
5921,2839,61,1,12.8,0,12.8
5922,2839,35,1,124.39,0,124.39
5923,2840,128,2,398.69,0,797.38
5924,2840,61,1,12.8,0,12.8
5925,2841,91,1,50.62,0,50.62
5926,2841,140,1,66.53,0,66.53
5927,2842,54,1,92.65,0,92.65
5928,2842,107,3,335.62,0,1006.86
5929,2843,1,1,134.64,0,134.64
5930,2844,18,1,268.84,0,268.84
5931,2845,117,1,173.82,0,173.82
5932,2845,5,1,135.87,0,135.87
5933,2845,119,1,213.48,0,213.48
5934,2846,119,1,213.48,0.1,192.13
5935,2846,150,1,44.1,0,44.1
5936,2846,95,1,42.95,0,42.95
5937,2847,61,1,12.8,0,12.8
5938,2847,61,2,12.8,0,25.6
5939,2848,88,3,39.57,0.15,100.9
5940,2848,146,1,20.85,0,20.85
5941,2848,124,1,13.96,0,13.96
5942,2849,61,1,12.8,0.1,11.52
5943,2850,92,2,74.46,0,148.92
5944,2851,2,1,198.54,0,198.54
5945,2852,16,2,232.17,0,464.34
5946,2852,99,2,79.98,0.15,135.97
5947,2852,15,1,152.22,0,152.22
5948,2852,12,1,291.22,0,291.22
5949,2853,152,1,66.12,0.15,56.2
5950,2854,19,1,229.68,0,229.68
5951,2854,143,1,69.82,0,69.82
5952,2855,61,1,12.8,0,12.8
5953,2855,64,2,113.76,0,227.52
5954,2856,39,1,43.96,0.1,39.56
5955,2856,58,2,151.67,0.15,257.84
5956,2856,64,1,113.76,0.1,102.38
5957,2857,39,1,43.96,0,43.96
5958,2857,140,2,66.53,0,133.06
5959,2857,97,1,23.97,0,23.97
5960,2857,99,1,79.98,0,79.98
5961,2858,54,1,92.65,0,92.65
5962,2859,111,1,282.79,0,282.79
5963,2860,3,1,101.49,0,101.49
5964,2861,143,1,69.82,0,69.82
5965,2861,91,2,50.62,0,101.24
5966,2861,132,1,101.25,0,101.25
5967,2862,10,1,116.26,0,116.26
5968,2862,54,1,92.65,0,92.65
5969,2862,12,1,291.22,0,291.22
5970,2863,84,1,13.12,0,13.12
5971,2863,39,1,43.96,0,43.96
5972,2863,85,2,74.75,0,149.5
5973,2863,141,1,71.69,0,71.69
5974,2864,147,1,23.93,0,23.93
5975,2865,108,1,97.45,0,97.45
5976,2866,19,1,229.68,0,229.68
5977,2866,101,1,68.79,0,68.79
5978,2867,87,3,40.81,0,122.43
5979,2868,130,1,68.02,0.1,61.22
5980,2869,106,1,187.33,0.2,149.86
5981,2869,147,1,23.93,0.15,20.34
5982,2870,85,2,74.75,0.1,134.55
5983,2870,15,1,152.22,0.15,129.39
5984,2871,123,3,92.73,0.1,250.37
5985,2871,137,1,15.32,0.1,13.79
5986,2871,42,1,80.28,0.15,68.24
5987,2872,110,1,59.23,0,59.23
5988,2872,40,2,53.97,0,107.94
5989,2873,106,1,187.33,0,187.33
5990,2874,145,3,84.99,0,254.97
5991,2875,91,1,50.62,0.1,45.56
5992,2875,24,1,346.45,0.1,311.81
5993,2876,92,2,74.46,0,148.92
5994,2876,101,2,68.79,0.15,116.94
5995,2876,157,1,65.63,0,65.63
5996,2876,103,1,74.37,0,74.37
5997,2877,62,1,117.07,0,117.07
5998,2877,157,1,65.63,0.2,52.5
5999,2877,54,1,92.65,0,92.65
6000,2878,138,1,24.71,0.1,22.24
6001,2878,158,2,14.07,0,28.14
6002,2878,54,1,92.65,0,92.65
6003,2879,145,1,84.99,0.15,72.24
6004,2880,27,1,21.73,0,21.73
6005,2881,39,1,43.96,0.1,39.56
6006,2882,108,1,97.45,0.15,82.83
6007,2883,73,2,43.45,0.15,73.87
6008,2884,88,1,39.57,0,39.57
6009,2885,114,1,240.92,0.1,216.83
6010,2885,142,1,31.27,0,31.27
6011,2885,70,1,67.88,0,67.88
6012,2885,76,2,65.54,0,131.08
6013,2885,101,2,68.79,0,137.58
6014,2886,136,1,116.14,0,116.14
6015,2886,98,1,11.23,0,11.23
6016,2887,74,1,41.44,0,41.44
6017,2888,107,1,335.62,0,335.62
6018,2888,70,1,67.88,0.2,54.3
6019,2888,71,3,16.86,0,50.58
6020,2888,63,1,115.75,0,115.75
6021,2889,140,3,66.53,0.15,169.65
6022,2889,152,1,66.12,0,66.12
6023,2890,115,1,276.86,0,276.86
6024,2890,38,2,79.64,0,159.28
6025,2890,2,1,198.54,0,198.54
6026,2891,63,1,115.75,0.1,104.17
6027,2892,143,1,69.82,0,69.82
6028,2893,119,1,213.48,0,213.48
6029,2894,134,2,40.72,0.1,73.3
6030,2895,47,1,173.41,0,173.41
6031,2896,117,1,173.82,0,173.82
6032,2897,113,3,274.17,0.2,658.01
6033,2897,91,1,50.62,0,50.62
6034,2898,141,1,71.69,0,71.69
6035,2899,18,1,268.84,0,268.84
6036,2900,128,1,398.69,0,398.69
6037,2900,54,1,92.65,0,92.65
6038,2901,106,3,187.33,0,561.99
6039,2902,127,3,268.94,0,806.82
6040,2903,81,1,52.03,0,52.03
6041,2903,33,1,49.0,0,49.0
6042,2903,158,1,14.07,0,14.07
6043,2904,54,2,92.65,0,185.3
6044,2905,15,1,152.22,0.1,137.0
6045,2906,135,1,105.74,0.1,95.17
6046,2907,82,1,54.72,0,54.72
6047,2907,159,2,57.51,0.2,92.02
6048,2908,37,1,83.16,0,83.16
6049,2908,54,1,92.65,0,92.65
6050,2909,17,1,75.74,0,75.74
6051,2909,105,1,348.07,0,348.07
6052,2909,159,2,57.51,0.1,103.52
6053,2909,101,1,68.79,0,68.79
6054,2909,84,1,13.12,0,13.12
6055,2910,18,1,268.84,0,268.84
6056,2910,12,3,291.22,0,873.66
6057,2911,54,1,92.65,0,92.65
6058,2911,34,1,164.11,0,164.11
6059,2912,52,1,190.14,0,190.14
6060,2913,54,1,92.65,0,92.65
6061,2913,54,1,92.65,0,92.65
6062,2913,154,1,83.05,0,83.05
6063,2913,64,1,113.76,0.2,91.01
6064,2914,36,1,143.82,0,143.82
6065,2914,41,2,179.88,0.1,323.78
6066,2914,76,1,65.54,0,65.54
6067,2915,108,1,97.45,0,97.45
6068,2915,157,2,65.63,0,131.26
6069,2916,74,1,41.44,0,41.44
6070,2916,105,1,348.07,0.1,313.26
6071,2916,156,1,17.86,0,17.86
6072,2917,54,1,92.65,0,92.65
6073,2918,54,1,92.65,0,92.65
6074,2918,65,1,172.37,0.1,155.13
6075,2919,54,1,92.65,0,92.65
6076,2919,113,1,274.17,0.1,246.75
6077,2920,34,1,164.11,0,164.11
6078,2921,113,1,274.17,0.1,246.75
6079,2921,54,1,92.65,0,92.65
6080,2921,156,1,17.86,0,17.86
6081,2921,9,1,98.65,0.1,88.79
6082,2922,106,1,187.33,0,187.33
6083,2923,138,1,24.71,0.2,19.77
6084,2923,141,1,71.69,0.15,60.94
6085,2923,160,1,40.26,0.2,32.21
6086,2923,75,1,185.8,0,185.8
6087,2924,119,1,213.48,0,213.48
6088,2925,138,1,24.71,0.1,22.24
6089,2926,30,1,168.06,0,168.06
6090,2927,82,1,54.72,0,54.72
6091,2927,72,1,196.03,0.15,166.63
6092,2928,34,1,164.11,0.15,139.49
6093,2929,73,2,43.45,0,86.9
6094,2930,106,2,187.33,0.1,337.19
6095,2930,152,1,66.12,0,66.12
6096,2930,97,1,23.97,0,23.97
6097,2930,52,1,190.14,0,190.14
6098,2931,35,1,124.39,0,124.39
6099,2932,152,1,66.12,0,66.12
6100,2933,154,1,83.05,0.1,74.75
6101,2934,114,2,240.92,0,481.84
6102,2935,74,1,41.44,0,41.44
6103,2936,103,1,74.37,0.15,63.21
6104,2937,35,1,124.39,0,124.39
6105,2937,115,1,276.86,0,276.86
6106,2937,82,1,54.72,0,54.72
6107,2937,119,1,213.48,0,213.48
6108,2938,19,1,229.68,0,229.68
6109,2938,54,1,92.65,0,92.65
6110,2938,111,1,282.79,0,282.79
6111,2938,101,1,68.79,0.15,58.47
6112,2939,89,1,41.71,0,41.71
6113,2939,152,1,66.12,0,66.12
6114,2939,79,2,40.31,0,80.62
6115,2940,58,3,151.67,0,455.01
6116,2941,34,1,164.11,0,164.11
6117,2941,61,1,12.8,0,12.8
6118,2942,106,1,187.33,0,187.33
6119,2942,16,1,232.17,0,232.17
6120,2942,64,1,113.76,0,113.76
6121,2942,39,1,43.96,0,43.96
6122,2943,64,1,113.76,0,113.76
6123,2943,121,1,374.5,0,374.5
6124,2944,138,1,24.71,0.1,22.24
6125,2945,159,1,57.51,0,57.51
6126,2945,54,1,92.65,0,92.65
6127,2945,66,1,279.67,0.2,223.74
6128,2946,93,1,19.37,0,19.37
6129,2946,159,1,57.51,0,57.51
6130,2946,32,1,49.75,0,49.75
6131,2946,100,1,69.29,0,69.29
6132,2946,63,1,115.75,0,115.75
6133,2947,64,2,113.76,0,227.52
6134,2948,125,1,226.52,0,226.52
6135,2949,49,1,111.88,0,111.88
6136,2949,118,1,357.71,0.2,286.17
6137,2949,98,2,11.23,0,22.46
6138,2949,113,1,274.17,0,274.17
6139,2949,138,2,24.71,0,49.42
6140,2950,145,1,84.99,0,84.99
6141,2950,83,2,23.95,0,47.9
6142,2950,41,3,179.88,0,539.64
6143,2950,11,1,176.03,0,176.03
6144,2951,29,1,122.84,0,122.84
6145,2951,44,2,83.07,0.15,141.22
6146,2952,53,1,86.91,0,86.91
6147,2952,75,1,185.8,0.1,167.22
6148,2952,97,1,23.97,0,23.97
6149,2953,101,1,68.79,0,68.79
6150,2953,113,2,274.17,0,548.34
6151,2953,54,1,92.65,0.15,78.75
6152,2954,106,1,187.33,0.1,168.6
6153,2955,53,1,86.91,0,86.91
6154,2955,50,1,55.81,0.15,47.44
6155,2955,71,2,16.86,0,33.72
6156,2955,64,1,113.76,0.15,96.7
6157,2956,41,2,179.88,0,359.76
6158,2956,61,2,12.8,0.15,21.76
6159,2956,54,1,92.65,0,92.65
6160,2957,139,1,70.5,0,70.5
6161,2957,123,1,92.73,0,92.73
6162,2957,44,1,83.07,0,83.07
6163,2958,32,1,49.75,0.1,44.77
6164,2958,61,2,12.8,0.15,21.76
6165,2958,110,1,59.23,0.2,47.38
6166,2958,94,2,59.56,0,119.12
6167,2959,60,2,294.14,0,588.28
6168,2959,72,1,196.03,0,196.03
6169,2960,79,1,40.31,0,40.31
6170,2960,78,2,77.23,0,154.46
6171,2960,111,1,282.79,0,282.79
6172,2960,123,1,92.73,0,92.73
6173,2961,47,1,173.41,0,173.41
6174,2962,82,1,54.72,0,54.72
6175,2962,129,1,36.16,0,36.16
6176,2963,119,3,213.48,0.15,544.37
6177,2963,34,1,164.11,0,164.11
6178,2963,157,1,65.63,0,65.63
6179,2964,84,3,13.12,0.1,35.42
6180,2964,142,2,31.27,0,62.54
6181,2964,159,2,57.51,0,115.02
6182,2965,12,2,291.22,0,582.44
6183,2965,85,1,74.75,0,74.75
6184,2965,42,1,80.28,0,80.28
6185,2966,106,1,187.33,0.1,168.6
6186,2967,142,1,31.27,0,31.27
6187,2967,88,1,39.57,0.1,35.61
6188,2968,52,1,190.14,0.1,171.13
6189,2969,64,1,113.76,0,113.76
6190,2970,35,1,124.39,0.15,105.73
6191,2970,107,1,335.62,0.1,302.06
6192,2971,108,1,97.45,0,97.45
6193,2972,84,1,13.12,0.15,11.15
6194,2973,102,1,116.44,0.15,98.97
6195,2973,7,1,33.9,0.15,28.81
6196,2974,152,1,66.12,0.1,59.51
6197,2975,54,1,92.65,0.2,74.12
6198,2976,54,1,92.65,0,92.65
6199,2976,98,1,11.23,0,11.23
6200,2976,55,1,295.32,0,295.32
6201,2976,63,1,115.75,0,115.75
6202,2976,39,1,43.96,0,43.96
6203,2977,19,1,229.68,0,229.68
6204,2977,57,2,91.71,0,183.42
6205,2977,61,1,12.8,0,12.8
6206,2977,72,1,196.03,0.1,176.43
6207,2977,126,1,319.24,0,319.24
6208,2978,152,1,66.12,0,66.12
6209,2979,3,1,101.49,0.2,81.19
6210,2980,142,2,31.27,0,62.54
6211,2981,121,1,374.5,0.15,318.32
6212,2982,139,3,70.5,0.15,179.78
6213,2982,66,1,279.67,0.1,251.7
6214,2983,97,1,23.97,0.1,21.57
6215,2984,42,1,80.28,0.1,72.25
6216,2985,160,1,40.26,0,40.26
6217,2986,159,2,57.51,0,115.02
6218,2987,145,1,84.99,0.15,72.24
6219,2987,42,2,80.28,0,160.56
6220,2987,141,1,71.69,0.15,60.94
6221,2988,92,1,74.46,0,74.46
6222,2988,80,1,41.32,0,41.32
6223,2989,147,1,23.93,0.2,19.14
6224,2989,34,1,164.11,0,164.11
6225,2990,56,1,48.94,0.1,44.05
6226,2991,111,1,282.79,0,282.79
6227,2991,101,1,68.79,0.1,61.91
6228,2991,120,1,179.87,0,179.87
6229,2991,113,2,274.17,0,548.34
6230,2991,160,1,40.26,0,40.26
6231,2992,89,2,41.71,0,83.42
6232,2993,155,1,82.21,0.2,65.77
6233,2993,142,1,31.27,0.15,26.58
6234,2993,101,3,68.79,0,206.37
6235,2993,68,2,204.27,0,408.54
6236,2994,54,3,92.65,0.15,236.26
6237,2995,97,1,23.97,0,23.97
6238,2995,54,1,92.65,0,92.65
6239,2996,107,1,335.62,0,335.62
6240,2996,8,1,255.14,0,255.14
6241,2997,88,1,39.57,0.1,35.61
6242,2998,119,2,213.48,0,426.96
6243,2998,103,1,74.37,0,74.37
6244,2998,97,1,23.97,0,23.97
6245,2998,78,1,77.23,0.15,65.65
6246,2999,66,1,279.67,0,279.67
6247,3000,97,1,23.97,0.15,20.37
6248,3001,28,1,93.65,0,93.65
6249,3002,65,1,172.37,0,172.37
6250,3003,82,1,54.72,0.15,46.51
6251,3003,1,1,134.64,0,134.64
6252,3004,111,1,282.79,0.1,254.51
6253,3005,42,1,80.28,0.1,72.25
6254,3005,114,1,240.92,0.1,216.83
6255,3006,108,1,97.45,0,97.45
6256,3007,92,2,74.46,0,148.92
6257,3007,123,2,92.73,0,185.46
6258,3007,131,1,62.23,0,62.23
6259,3008,37,1,83.16,0,83.16
6260,3009,121,1,374.5,0,374.5
6261,3010,160,1,40.26,0,40.26
6262,3010,124,3,13.96,0,41.88
6263,3011,101,1,68.79,0.15,58.47
6264,3012,72,1,196.03,0.15,166.63
6265,3012,111,1,282.79,0,282.79
6266,3013,132,1,101.25,0,101.25
6267,3013,82,1,54.72,0,54.72
6268,3014,97,1,23.97,0,23.97
6269,3015,91,1,50.62,0,50.62
6270,3016,158,3,14.07,0.15,35.88
6271,3017,54,2,92.65,0,185.3
6272,3017,98,1,11.23,0.1,10.11
6273,3017,142,1,31.27,0,31.27
6274,3018,101,1,68.79,0,68.79
6275,3019,99,1,79.98,0,79.98
6276,3020,49,3,111.88,0,335.64
6277,3020,150,1,44.1,0,44.1
6278,3021,28,1,93.65,0,93.65
6279,3021,135,1,105.74,0.1,95.17
6280,3021,111,1,282.79,0,282.79
6281,3021,119,1,213.48,0,213.48
6282,3022,61,1,12.8,0,12.8
6283,3023,89,2,41.71,0.1,75.08
6284,3024,134,1,40.72,0,40.72
6285,3025,29,1,122.84,0,122.84
6286,3025,94,2,59.56,0,119.12
6287,3026,145,1,84.99,0,84.99
6288,3026,9,1,98.65,0.1,88.79
6289,3027,160,1,40.26,0,40.26
6290,3028,61,1,12.8,0.1,11.52
6291,3028,88,1,39.57,0.2,31.66
6292,3029,111,1,282.79,0,282.79
6293,3029,112,1,329.53,0.15,280.1
6294,3029,71,1,16.86,0,16.86
6295,3029,1,1,134.64,0,134.64
6296,3030,131,1,62.23,0,62.23
6297,3030,6,1,180.27,0,180.27
6298,3031,19,2,229.68,0,459.36
6299,3031,57,1,91.71,0,91.71
6300,3032,120,1,179.87,0,179.87
6301,3032,63,1,115.75,0.1,104.17
6302,3032,89,1,41.71,0.15,35.45
6303,3033,18,1,268.84,0,268.84
6304,3034,117,1,173.82,0.2,139.06
6305,3035,102,1,116.44,0,116.44
6306,3036,57,1,91.71,0,91.71
6307,3037,5,1,135.87,0.2,108.7
6308,3037,51,1,33.99,0.15,28.89
6309,3037,106,1,187.33,0,187.33
6310,3038,91,1,50.62,0.15,43.03
6311,3038,158,1,14.07,0.1,12.66
6312,3038,56,3,48.94,0,146.82
6313,3038,96,1,51.37,0,51.37
6314,3038,15,1,152.22,0,152.22
6315,3039,118,1,357.71,0.1,321.94
6316,3040,129,1,36.16,0.1,32.54
6317,3040,152,3,66.12,0.1,178.52
6318,3041,78,1,77.23,0,77.23
6319,3041,111,3,282.79,0,848.37
6320,3041,136,2,116.14,0.1,209.05
6321,3042,55,1,295.32,0,295.32
6322,3042,91,1,50.62,0,50.62
6323,3042,25,1,292.94,0,292.94
6324,3042,31,1,121.18,0,121.18
6325,3043,33,1,49.0,0.1,44.1
6326,3044,56,1,48.94,0,48.94
6327,3044,145,1,84.99,0,84.99
6328,3045,40,1,53.97,0,53.97
6329,3045,123,1,92.73,0,92.73
6330,3045,68,1,204.27,0.1,183.84
6331,3046,31,1,121.18,0,121.18
6332,3046,40,1,53.97,0,53.97
6333,3046,121,2,374.5,0,749.0
6334,3047,116,1,217.77,0,217.77
6335,3048,46,2,64.69,0,129.38
6336,3049,152,1,66.12,0,66.12
6337,3049,152,1,66.12,0,66.12
6338,3050,60,1,294.14,0,294.14
6339,3051,57,2,91.71,0,183.42
6340,3051,85,1,74.75,0,74.75
6341,3052,89,1,41.71,0,41.71
6342,3052,121,2,374.5,0,749.0
6343,3052,10,1,116.26,0.15,98.82
6344,3053,128,1,398.69,0.15,338.89
6345,3054,89,3,41.71,0,125.13
6346,3055,17,1,75.74,0,75.74
6347,3055,145,1,84.99,0,84.99
6348,3056,63,2,115.75,0,231.5
6349,3057,111,1,282.79,0,282.79
6350,3057,77,2,42.23,0,84.46
6351,3057,53,2,86.91,0,173.82
6352,3057,100,1,69.29,0.15,58.9
6353,3057,157,1,65.63,0.2,52.5
6354,3058,39,3,43.96,0,131.88
6355,3058,125,1,226.52,0,226.52
6356,3059,17,1,75.74,0.2,60.59
6357,3060,97,1,23.97,0.1,21.57
6358,3060,109,1,22.1,0,22.1
6359,3060,42,1,80.28,0.2,64.22
6360,3061,119,3,213.48,0,640.44
6361,3061,111,1,282.79,0,282.79
6362,3062,11,1,176.03,0,176.03
6363,3063,87,1,40.81,0,40.81
6364,3063,61,1,12.8,0,12.8
6365,3063,54,1,92.65,0,92.65
6366,3063,5,1,135.87,0,135.87
6367,3064,54,1,92.65,0,92.65
6368,3065,160,1,40.26,0,40.26
6369,3065,97,1,23.97,0.1,21.57
6370,3066,35,1,124.39,0,124.39
6371,3066,91,1,50.62,0.15,43.03
6372,3067,94,2,59.56,0,119.12
6373,3067,109,1,22.1,0,22.1
6374,3068,29,1,122.84,0,122.84
6375,3068,34,1,164.11,0,164.11
6376,3069,124,2,13.96,0,27.92
6377,3069,88,1,39.57,0.15,33.63
6378,3069,85,1,74.75,0.2,59.8
6379,3070,33,1,49.0,0,49.0
6380,3071,123,1,92.73,0,92.73
6381,3072,119,1,213.48,0,213.48
6382,3073,54,1,92.65,0,92.65
6383,3074,70,2,67.88,0.2,108.61
6384,3074,138,1,24.71,0,24.71
6385,3074,43,2,75.67,0,151.34
6386,3075,11,1,176.03,0.2,140.82
6387,3076,106,1,187.33,0.2,149.86
6388,3077,19,1,229.68,0.15,195.23
6389,3077,135,1,105.74,0,105.74
6390,3078,2,1,198.54,0,198.54
6391,3079,157,1,65.63,0.1,59.07
6392,3080,119,1,213.48,0,213.48
6393,3080,150,1,44.1,0,44.1
6394,3080,108,2,97.45,0,194.9
6395,3080,140,1,66.53,0.15,56.55
6396,3081,54,1,92.65,0,92.65
6397,3081,102,1,116.44,0,116.44
6398,3082,1,1,134.64,0,134.64
6399,3083,54,2,92.65,0,185.3
6400,3083,24,1,346.45,0,346.45
6401,3083,18,1,268.84,0,268.84
6402,3083,157,1,65.63,0,65.63
6403,3083,154,2,83.05,0,166.1
6404,3084,95,1,42.95,0,42.95
6405,3084,10,1,116.26,0,116.26
6406,3084,125,1,226.52,0.1,203.87
6407,3084,129,1,36.16,0,36.16
6408,3085,77,1,42.23,0,42.23
6409,3085,43,1,75.67,0,75.67
6410,3085,111,1,282.79,0,282.79
6411,3085,54,1,92.65,0,92.65
6412,3085,106,1,187.33,0,187.33
6413,3086,52,1,190.14,0,190.14
6414,3086,66,1,279.67,0,279.67
6415,3087,39,1,43.96,0.15,37.37
6416,3087,17,1,75.74,0.2,60.59
6417,3088,45,1,61.85,0.1,55.66
6418,3089,121,1,374.5,0,374.5
6419,3089,89,2,41.71,0,83.42
6420,3089,54,2,92.65,0,185.3
6421,3089,131,3,62.23,0.1,168.02
6422,3090,131,1,62.23,0,62.23
6423,3090,101,1,68.79,0,68.79
6424,3090,91,1,50.62,0,50.62
6425,3091,39,1,43.96,0,43.96
6426,3091,54,1,92.65,0.2,74.12
6427,3091,153,1,99.2,0,99.2
6428,3091,116,2,217.77,0,435.54
6429,3092,72,2,196.03,0.1,352.85
6430,3092,35,2,124.39,0,248.78
6431,3093,39,1,43.96,0.1,39.56
6432,3094,97,2,23.97,0,47.94
6433,3094,70,1,67.88,0.15,57.7
6434,3094,116,2,217.77,0,435.54
6435,3094,84,1,13.12,0,13.12
6436,3094,19,2,229.68,0,459.36
6437,3095,119,1,213.48,0,213.48
6438,3096,73,2,43.45,0,86.9
6439,3096,128,1,398.69,0,398.69
6440,3096,119,1,213.48,0,213.48
6441,3097,99,1,79.98,0,79.98
6442,3097,61,1,12.8,0,12.8
6443,3098,94,1,59.56,0.2,47.65
6444,3098,75,1,185.8,0.1,167.22
6445,3098,101,2,68.79,0,137.58
6446,3098,24,1,346.45,0.15,294.48
6447,3098,25,1,292.94,0.1,263.65
6448,3099,121,1,374.5,0,374.5
6449,3100,70,1,67.88,0,67.88
6450,3101,58,1,151.67,0,151.67
6451,3101,127,1,268.94,0,268.94
6452,3101,160,1,40.26,0,40.26
6453,3102,54,1,92.65,0.15,78.75
6454,3103,29,1,122.84,0,122.84
6455,3104,10,1,116.26,0,116.26
6456,3104,18,1,268.84,0.2,215.07
6457,3104,71,1,16.86,0,16.86
6458,3105,39,1,43.96,0.1,39.56
6459,3105,82,1,54.72,0,54.72
6460,3105,39,2,43.96,0.1,79.13
6461,3105,16,1,232.17,0,232.17
6462,3106,57,1,91.71,0,91.71
6463,3106,54,1,92.65,0,92.65
6464,3107,99,1,79.98,0,79.98
6465,3108,31,1,121.18,0,121.18
6466,3108,138,1,24.71,0,24.71
6467,3109,85,2,74.75,0.15,127.08
6468,3109,68,1,204.27,0.1,183.84
6469,3109,6,1,180.27,0.1,162.24
6470,3110,92,1,74.46,0.2,59.57
6471,3110,105,1,348.07,0,348.07
6472,3111,54,1,92.65,0.15,78.75
6473,3112,89,2,41.71,0,83.42
6474,3112,145,1,84.99,0,84.99
6475,3113,54,1,92.65,0.15,78.75
6476,3114,119,1,213.48,0,213.48
6477,3115,3,1,101.49,0,101.49
6478,3115,101,1,68.79,0,68.79
6479,3116,54,1,92.65,0,92.65
6480,3117,61,2,12.8,0,25.6
6481,3117,5,1,135.87,0,135.87
6482,3118,17,2,75.74,0,151.48
6483,3119,18,1,268.84,0,268.84
6484,3119,119,1,213.48,0,213.48
6485,3120,38,2,79.64,0,159.28
6486,3121,70,1,67.88,0.1,61.09
6487,3121,10,1,116.26,0,116.26
6488,3122,119,2,213.48,0.15,362.92
6489,3122,54,1,92.65,0,92.65
6490,3123,140,2,66.53,0,133.06
6491,3123,160,3,40.26,0.1,108.7
6492,3123,145,2,84.99,0,169.98
6493,3124,7,1,33.9,0.1,30.51
6494,3124,79,1,40.31,0,40.31
6495,3125,145,3,84.99,0,254.97
6496,3126,101,1,68.79,0,68.79
6497,3127,84,1,13.12,0,13.12
6498,3128,47,3,173.41,0,520.23
6499,3128,46,1,64.69,0.2,51.75
6500,3129,150,2,44.1,0,88.2
6501,3129,119,1,213.48,0,213.48
6502,3130,97,1,23.97,0.1,21.57
6503,3131,97,1,23.97,0,23.97
6504,3132,53,1,86.91,0,86.91
6505,3133,76,1,65.54,0.1,58.99
6506,3134,111,1,282.79,0.15,240.37
6507,3135,54,1,92.65,0.1,83.39
6508,3136,111,1,282.79,0,282.79
6509,3136,78,1,77.23,0.1,69.51
6510,3136,79,3,40.31,0.2,96.74
6511,3136,143,1,69.82,0,69.82
6512,3137,87,2,40.81,0,81.62
6513,3138,152,2,66.12,0,132.24
6514,3139,34,1,164.11,0,164.11
6515,3140,88,1,39.57,0.2,31.66
6516,3140,120,1,179.87,0,179.87
6517,3140,88,1,39.57,0,39.57
6518,3140,111,2,282.79,0,565.58
6519,3141,125,1,226.52,0.1,203.87
6520,3142,66,1,279.67,0,279.67
6521,3143,61,1,12.8,0,12.8
6522,3144,111,1,282.79,0.1,254.51
6523,3144,152,2,66.12,0,132.24
6524,3145,157,2,65.63,0,131.26
6525,3145,54,1,92.65,0.2,74.12
6526,3146,3,2,101.49,0,202.98
6527,3146,34,1,164.11,0.1,147.7
6528,3146,115,1,276.86,0,276.86
6529,3146,150,2,44.1,0,88.2
6530,3147,48,1,156.79,0,156.79
6531,3147,139,1,70.5,0,70.5
6532,3148,119,1,213.48,0,213.48
6533,3148,124,1,13.96,0,13.96
6534,3149,152,1,66.12,0.1,59.51
6535,3149,148,1,60.49,0,60.49
6536,3149,54,1,92.65,0,92.65
6537,3149,145,1,84.99,0.2,67.99
6538,3150,34,1,164.11,0,164.11
6539,3150,31,2,121.18,0,242.36
6540,3151,148,1,60.49,0,60.49
6541,3152,140,3,66.53,0,199.59
6542,3153,17,1,75.74,0,75.74
6543,3153,88,2,39.57,0,79.14
6544,3154,108,1,97.45,0.2,77.96
6545,3155,55,2,295.32,0.15,502.04
6546,3155,157,2,65.63,0,131.26
6547,3156,108,2,97.45,0,194.9
6548,3156,110,1,59.23,0,59.23
6549,3157,53,1,86.91,0,86.91
6550,3157,139,1,70.5,0,70.5
6551,3158,130,1,68.02,0.2,54.42
6552,3159,88,1,39.57,0,39.57
6553,3159,84,3,13.12,0,39.36
6554,3159,120,1,179.87,0,179.87
6555,3159,91,1,50.62,0,50.62
6556,3160,8,1,255.14,0,255.14
6557,3160,155,1,82.21,0.1,73.99
6558,3161,84,1,13.12,0.15,11.15
6559,3161,54,1,92.65,0.1,83.39
6560,3161,45,1,61.85,0,61.85
6561,3161,108,2,97.45,0,194.9
6562,3161,125,1,226.52,0,226.52
6563,3162,82,1,54.72,0,54.72
6564,3162,102,1,116.44,0,116.44
6565,3163,22,1,399.88,0.1,359.89
6566,3164,78,2,77.23,0,154.46
6567,3165,24,1,346.45,0.15,294.48
6568,3165,96,3,51.37,0,154.11
6569,3165,61,2,12.8,0,25.6
6570,3166,54,1,92.65,0,92.65
6571,3166,145,1,84.99,0,84.99
6572,3166,53,1,86.91,0.15,73.87
6573,3167,11,1,176.03,0.2,140.82
6574,3167,72,1,196.03,0,196.03
6575,3167,139,2,70.5,0.15,119.85
6576,3167,89,1,41.71,0.1,37.54
6577,3168,127,1,268.94,0,268.94
6578,3168,106,2,187.33,0,374.66
6579,3168,142,1,31.27,0,31.27
6580,3168,39,1,43.96,0,43.96
6581,3169,50,1,55.81,0.2,44.65
6582,3170,39,1,43.96,0.15,37.37
6583,3170,2,1,198.54,0,198.54
6584,3171,54,1,92.65,0.15,78.75
6585,3171,97,1,23.97,0,23.97
6586,3172,3,1,101.49,0,101.49
6587,3173,39,2,43.96,0,87.92
6588,3173,18,1,268.84,0,268.84
6589,3174,101,1,68.79,0.1,61.91
6590,3175,32,2,49.75,0,99.5
6591,3176,140,1,66.53,0,66.53
6592,3176,160,2,40.26,0.1,72.47
6593,3176,101,1,68.79,0,68.79
6594,3177,107,1,335.62,0,335.62
6595,3178,141,1,71.69,0.15,60.94
6596,3178,8,1,255.14,0.15,216.87
6597,3178,108,1,97.45,0,97.45
6598,3178,53,1,86.91,0.1,78.22
6599,3179,78,1,77.23,0,77.23
6600,3179,160,2,40.26,0,80.52
6601,3180,65,1,172.37,0,172.37
6602,3180,64,1,113.76,0,113.76
6603,3180,101,2,68.79,0,137.58
6604,3181,39,1,43.96,0,43.96
6605,3182,109,1,22.1,0.1,19.89
6606,3182,6,2,180.27,0.1,324.49
6607,3183,64,2,113.76,0.1,204.77
6608,3184,158,1,14.07,0.1,12.66
6609,3185,150,1,44.1,0.15,37.48
6610,3185,54,1,92.65,0,92.65
6611,3185,152,1,66.12,0.1,59.51
6612,3185,61,1,12.8,0.2,10.24
6613,3186,47,1,173.41,0.1,156.07
6614,3187,158,1,14.07,0,14.07
6615,3188,111,1,282.79,0,282.79
6616,3189,94,1,59.56,0,59.56
6617,3190,125,3,226.52,0,679.56
6618,3191,41,1,179.88,0,179.88
6619,3191,82,1,54.72,0,54.72
6620,3192,5,2,135.87,0.1,244.57
6621,3193,113,2,274.17,0.1,493.51
6622,3194,61,2,12.8,0,25.6
6623,3194,158,1,14.07,0.1,12.66
6624,3194,153,2,99.2,0.15,168.64
6625,3194,111,1,282.79,0,282.79
6626,3195,154,1,83.05,0,83.05
6627,3196,118,1,357.71,0.1,321.94
6628,3196,145,1,84.99,0,84.99
6629,3196,60,2,294.14,0,588.28
6630,3196,54,2,92.65,0.15,157.5
6631,3197,54,2,92.65,0,185.3
6632,3197,5,1,135.87,0.1,122.28
6633,3197,43,1,75.67,0,75.67
6634,3197,160,2,40.26,0,80.52
6635,3198,137,1,15.32,0,15.32
6636,3198,44,1,83.07,0,83.07
6637,3198,97,2,23.97,0,47.94
6638,3198,60,1,294.14,0,294.14
6639,3199,61,1,12.8,0.15,10.88
6640,3199,110,1,59.23,0.1,53.31
6641,3200,86,1,8.05,0.1,7.25
6642,3201,42,1,80.28,0,80.28
6643,3201,56,1,48.94,0.1,44.05
6644,3201,149,2,68.48,0,136.96
6645,3201,105,1,348.07,0.1,313.26
6646,3201,159,1,57.51,0,57.51
6647,3202,19,1,229.68,0,229.68
6648,3202,92,3,74.46,0.15,189.87
6649,3202,57,3,91.71,0,275.13
6650,3202,92,1,74.46,0,74.46
6651,3203,8,2,255.14,0,510.28
6652,3204,119,1,213.48,0.1,192.13
6653,3205,140,1,66.53,0,66.53
6654,3206,15,1,152.22,0,152.22
6655,3207,152,1,66.12,0,66.12
6656,3207,84,3,13.12,0,39.36
6657,3207,128,2,398.69,0,797.38
6658,3208,81,2,52.03,0,104.06
6659,3208,97,2,23.97,0.1,43.15
6660,3208,33,1,49.0,0,49.0
6661,3208,42,1,80.28,0,80.28
6662,3209,155,1,82.21,0,82.21
6663,3209,160,2,40.26,0,80.52
6664,3209,119,1,213.48,0,213.48
6665,3210,78,1,77.23,0,77.23
6666,3211,34,2,164.11,0,328.22
6667,3212,34,2,164.11,0,328.22
6668,3212,31,1,121.18,0,121.18
6669,3212,13,2,132.43,0,264.86
6670,3213,57,1,91.71,0,91.71
6671,3213,121,2,374.5,0.2,599.2
6672,3214,35,1,124.39,0,124.39
6673,3215,54,1,92.65,0,92.65
6674,3215,54,2,92.65,0,185.3
6675,3215,43,2,75.67,0.1,136.21
6676,3215,57,1,91.71,0,91.71
6677,3216,140,1,66.53,0,66.53
6678,3216,62,1,117.07,0,117.07
6679,3216,54,1,92.65,0,92.65
6680,3216,86,1,8.05,0,8.05
6681,3217,54,1,92.65,0,92.65
6682,3217,33,1,49.0,0,49.0
6683,3217,38,1,79.64,0.1,71.68
6684,3217,80,1,41.32,0,41.32
6685,3218,13,1,132.43,0,132.43
6686,3218,155,2,82.21,0.2,131.54
6687,3219,5,2,135.87,0,271.74
6688,3220,11,1,176.03,0,176.03
6689,3221,79,1,40.31,0,40.31
6690,3222,78,1,77.23,0,77.23
6691,3223,84,2,13.12,0.2,20.99
6692,3223,72,1,196.03,0.1,176.43
6693,3224,92,1,74.46,0,74.46
6694,3224,43,1,75.67,0,75.67
6695,3224,7,1,33.9,0,33.9
6696,3224,49,2,111.88,0,223.76
6697,3225,137,1,15.32,0,15.32
6698,3225,40,1,53.97,0,53.97
6699,3226,152,1,66.12,0.15,56.2
6700,3226,56,2,48.94,0,97.88
6701,3226,126,1,319.24,0,319.24
6702,3227,86,1,8.05,0,8.05
6703,3228,18,1,268.84,0,268.84
6704,3229,140,1,66.53,0,66.53
6705,3230,99,3,79.98,0,239.94
6706,3231,62,1,117.07,0,117.07
6707,3232,116,1,217.77,0,217.77
6708,3233,76,1,65.54,0,65.54
6709,3233,49,1,111.88,0.15,95.1
6710,3233,54,1,92.65,0,92.65
6711,3234,15,2,152.22,0.2,243.55
6712,3234,63,2,115.75,0,231.5
6713,3234,50,2,55.81,0,111.62
6714,3235,16,2,232.17,0.1,417.91
6715,3235,17,2,75.74,0,151.48
6716,3235,111,1,282.79,0,282.79
6717,3236,149,1,68.48,0,68.48
6718,3237,145,1,84.99,0.15,72.24
6719,3238,103,2,74.37,0.15,126.43
6720,3239,119,1,213.48,0.1,192.13
6721,3239,78,1,77.23,0,77.23
6722,3240,19,2,229.68,0.15,390.46
6723,3241,121,2,374.5,0.1,674.1
6724,3241,132,1,101.25,0,101.25
6725,3242,54,1,92.65,0,92.65
6726,3242,54,1,92.65,0.2,74.12
6727,3243,140,1,66.53,0.1,59.88
6728,3243,31,1,121.18,0,121.18
6729,3243,38,2,79.64,0,159.28
6730,3244,62,1,117.07,0,117.07
6731,3244,78,2,77.23,0.15,131.29
6732,3245,114,1,240.92,0,240.92
6733,3246,54,2,92.65,0,185.3
6734,3247,136,1,116.14,0,116.14
6735,3248,119,1,213.48,0.15,181.46
6736,3248,145,2,84.99,0.15,144.48
6737,3249,53,1,86.91,0,86.91
6738,3249,61,1,12.8,0.15,10.88
6739,3249,94,2,59.56,0,119.12
6740,3249,39,2,43.96,0.15,74.73
6741,3250,39,1,43.96,0,43.96
6742,3251,116,1,217.77,0,217.77
6743,3252,39,1,43.96,0.1,39.56
6744,3252,108,1,97.45,0.1,87.7
6745,3252,88,2,39.57,0,79.14
6746,3252,101,1,68.79,0.1,61.91
6747,3252,90,1,52.82,0,52.82
6748,3253,140,1,66.53,0.1,59.88
6749,3254,111,1,282.79,0.1,254.51
6750,3254,54,1,92.65,0.15,78.75
6751,3255,96,1,51.37,0.15,43.66
6752,3255,81,1,52.03,0.15,44.23
6753,3256,106,3,187.33,0,561.99
6754,3256,26,1,66.46,0,66.46
6755,3257,53,1,86.91,0,86.91
6756,3258,108,1,97.45,0,97.45
6757,3258,53,1,86.91,0.15,73.87
6758,3258,93,2,19.37,0,38.74
6759,3259,39,3,43.96,0,131.88
6760,3260,56,1,48.94,0,48.94
6761,3261,43,1,75.67,0.1,68.1
6762,3261,107,1,335.62,0,335.62
6763,3262,91,1,50.62,0.2,40.5
6764,3263,91,1,50.62,0,50.62
6765,3264,125,2,226.52,0,453.04
6766,3265,35,1,124.39,0.1,111.95
6767,3266,54,1,92.65,0,92.65
6768,3267,111,1,282.79,0.1,254.51
6769,3267,142,1,31.27,0,31.27
6770,3268,72,1,196.03,0.2,156.82
6771,3269,152,1,66.12,0,66.12
6772,3269,18,1,268.84,0,268.84
6773,3270,129,1,36.16,0,36.16
6774,3271,54,1,92.65,0,92.65
6775,3271,142,1,31.27,0,31.27
6776,3272,31,2,121.18,0,242.36
6777,3273,108,2,97.45,0.1,175.41
6778,3274,7,1,33.9,0,33.9
6779,3274,28,1,93.65,0,93.65
6780,3275,101,1,68.79,0,68.79
6781,3276,99,1,79.98,0,79.98
6782,3277,140,1,66.53,0,66.53
6783,3277,24,1,346.45,0,346.45
6784,3278,130,1,68.02,0,68.02
6785,3278,71,1,16.86,0,16.86
6786,3279,91,1,50.62,0.15,43.03
6787,3279,82,1,54.72,0,54.72
6788,3279,127,2,268.94,0,537.88
6789,3279,82,2,54.72,0,109.44
6790,3280,54,1,92.65,0,92.65
6791,3281,33,1,49.0,0.1,44.1
6792,3281,33,2,49.0,0,98.0
6793,3281,54,1,92.65,0.1,83.39
6794,3282,54,1,92.65,0.1,83.39
6795,3283,147,1,23.93,0,23.93
6796,3283,83,1,23.95,0,23.95
6797,3283,156,1,17.86,0,17.86
6798,3284,143,1,69.82,0,69.82
6799,3284,56,2,48.94,0,97.88
6800,3285,115,1,276.86,0,276.86
6801,3286,61,1,12.8,0,12.8
6802,3287,110,1,59.23,0,59.23
6803,3287,61,3,12.8,0.2,30.72
6804,3287,27,2,21.73,0.1,39.11
6805,3287,60,1,294.14,0.15,250.02
6806,3288,17,1,75.74,0,75.74
6807,3289,111,1,282.79,0,282.79
6808,3289,9,1,98.65,0,98.65
6809,3289,132,1,101.25,0.1,91.12
6810,3290,127,1,268.94,0,268.94
6811,3290,142,2,31.27,0,62.54
6812,3290,42,1,80.28,0,80.28
6813,3291,54,1,92.65,0.1,83.39
6814,3291,88,2,39.57,0,79.14
6815,3291,91,1,50.62,0,50.62
6816,3291,113,1,274.17,0.1,246.75
6817,3292,112,1,329.53,0,329.53
6818,3292,55,1,295.32,0.1,265.79
6819,3293,3,1,101.49,0.15,86.27
6820,3294,11,1,176.03,0.15,149.63
6821,3294,114,1,240.92,0,240.92
6822,3294,75,1,185.8,0,185.8
6823,3294,54,2,92.65,0,185.3
6824,3295,121,1,374.5,0,374.5
6825,3295,91,1,50.62,0,50.62
6826,3295,19,1,229.68,0,229.68
6827,3296,157,1,65.63,0.15,55.79
6828,3296,152,1,66.12,0,66.12
6829,3296,62,1,117.07,0,117.07
6830,3297,54,1,92.65,0,92.65
6831,3297,26,1,66.46,0.2,53.17
6832,3298,123,1,92.73,0,92.73
6833,3298,39,2,43.96,0,87.92
6834,3298,150,1,44.1,0.2,35.28
6835,3298,15,1,152.22,0,152.22
6836,3298,98,1,11.23,0.15,9.55
6837,3299,114,1,240.92,0.15,204.78
6838,3300,68,1,204.27,0,204.27
6839,3300,47,2,173.41,0,346.82
6840,3300,8,2,255.14,0,510.28
6841,3300,99,1,79.98,0,79.98
6842,3300,119,1,213.48,0,213.48
6843,3301,53,1,86.91,0,86.91
6844,3302,96,1,51.37,0.1,46.23
6845,3302,21,1,274.21,0,274.21
6846,3302,54,3,92.65,0.2,222.36
6847,3302,47,2,173.41,0,346.82
6848,3303,110,1,59.23,0,59.23
6849,3304,143,2,69.82,0,139.64
6850,3305,97,1,23.97,0.1,21.57
6851,3305,19,1,229.68,0,229.68
6852,3305,74,1,41.44,0,41.44
6853,3305,66,1,279.67,0,279.67
6854,3306,21,3,274.21,0,822.63
6855,3307,148,1,60.49,0,60.49
6856,3308,143,2,69.82,0,139.64
6857,3308,54,1,92.65,0,92.65
6858,3308,34,1,164.11,0,164.11
6859,3309,101,1,68.79,0,68.79
6860,3310,126,2,319.24,0,638.48
6861,3311,44,1,83.07,0.1,74.76
6862,3312,130,1,68.02,0,68.02
6863,3313,54,1,92.65,0.1,83.39
6864,3314,137,1,15.32,0,15.32
6865,3314,129,1,36.16,0,36.16
6866,3315,43,1,75.67,0.1,68.1
6867,3315,113,1,274.17,0,274.17
6868,3315,94,2,59.56,0.1,107.21
6869,3316,54,3,92.65,0,277.95
6870,3316,46,2,64.69,0,129.38
6871,3317,89,1,41.71,0.2,33.37
6872,3317,18,1,268.84,0,268.84
6873,3317,29,2,122.84,0,245.68
6874,3318,119,2,213.48,0,426.96
6875,3319,47,2,173.41,0,346.82
6876,3320,61,1,12.8,0,12.8
6877,3320,137,1,15.32,0.15,13.02
6878,3321,39,1,43.96,0.1,39.56
6879,3322,111,1,282.79,0,282.79
6880,3322,71,1,16.86,0.1,15.17
6881,3323,96,1,51.37,0,51.37
6882,3323,51,1,33.99,0,33.99
6883,3323,27,1,21.73,0,21.73
6884,3323,36,1,143.82,0,143.82
6885,3324,7,1,33.9,0.1,30.51
6886,3325,40,1,53.97,0,53.97
6887,3325,21,1,274.21,0,274.21
6888,3326,54,2,92.65,0,185.3
6889,3326,129,1,36.16,0,36.16
6890,3327,107,2,335.62,0,671.24
6891,3327,7,1,33.9,0,33.9
6892,3327,54,1,92.65,0,92.65
6893,3327,40,1,53.97,0,53.97
6894,3328,79,1,40.31,0.1,36.28
6895,3328,159,1,57.51,0.15,48.88
6896,3329,8,1,255.14,0,255.14
6897,3329,132,1,101.25,0,101.25
6898,3329,126,1,319.24,0,319.24
6899,3329,54,1,92.65,0.15,78.75
6900,3330,150,1,44.1,0,44.1
6901,3330,78,2,77.23,0.1,139.01
6902,3331,58,1,151.67,0.2,121.34
6903,3332,39,1,43.96,0,43.96
6904,3332,117,1,173.82,0,173.82
6905,3332,2,2,198.54,0.1,357.37
6906,3332,43,1,75.67,0,75.67
6907,3333,41,1,179.88,0,179.88
6908,3333,158,1,14.07,0,14.07
6909,3333,100,2,69.29,0.1,124.72
6910,3333,2,1,198.54,0,198.54
6911,3334,92,1,74.46,0,74.46
6912,3335,152,1,66.12,0,66.12
6913,3336,143,1,69.82,0,69.82
6914,3336,90,1,52.82,0,52.82
6915,3337,110,2,59.23,0.1,106.61
6916,3337,87,2,40.81,0,81.62
6917,3337,121,1,374.5,0,374.5
6918,3337,79,1,40.31,0,40.31
6919,3338,100,1,69.29,0,69.29
6920,3338,145,3,84.99,0,254.97
6921,3338,131,1,62.23,0.1,56.01
6922,3339,140,1,66.53,0.2,53.22
6923,3340,98,1,11.23,0,11.23
6924,3340,53,1,86.91,0.1,78.22
6925,3341,113,2,274.17,0.1,493.51
6926,3341,114,2,240.92,0,481.84
6927,3342,101,2,68.79,0.15,116.94
6928,3343,101,2,68.79,0,137.58
6929,3343,145,2,84.99,0,169.98
6930,3343,139,2,70.5,0.1,126.9
6931,3343,114,3,240.92,0,722.76
6932,3344,75,1,185.8,0.1,167.22
6933,3344,36,2,143.82,0,287.64
6934,3344,119,1,213.48,0,213.48
6935,3345,158,1,14.07,0.2,11.26
6936,3346,141,1,71.69,0,71.69
6937,3346,98,1,11.23,0,11.23
6938,3346,66,1,279.67,0,279.67
6939,3346,56,2,48.94,0,97.88
6940,3347,64,2,113.76,0,227.52
6941,3348,132,2,101.25,0,202.5
6942,3349,46,1,64.69,0,64.69
6943,3349,27,1,21.73,0.15,18.47
6944,3349,22,1,399.88,0,399.88
6945,3350,142,1,31.27,0,31.27
6946,3350,43,1,75.67,0,75.67
6947,3351,109,1,22.1,0,22.1
6948,3351,97,1,23.97,0,23.97
6949,3352,95,1,42.95,0.1,38.66
6950,3352,126,1,319.24,0,319.24
6951,3352,121,2,374.5,0,749.0
6952,3353,152,2,66.12,0,132.24
6953,3353,57,1,91.71,0.1,82.54
6954,3353,98,1,11.23,0,11.23
6955,3354,18,1,268.84,0,268.84
6956,3354,85,1,74.75,0,74.75
6957,3355,43,2,75.67,0,151.34
6958,3356,127,1,268.94,0.1,242.05
6959,3356,54,1,92.65,0,92.65
6960,3357,61,1,12.8,0,12.8
6961,3357,121,1,374.5,0,374.5
6962,3357,72,2,196.03,0,392.06
6963,3358,8,1,255.14,0,255.14
6964,3359,114,1,240.92,0.1,216.83
6965,3359,94,1,59.56,0,59.56
6966,3359,18,1,268.84,0,268.84
6967,3360,25,1,292.94,0,292.94
6968,3360,61,1,12.8,0.1,11.52
6969,3360,61,1,12.8,0,12.8
6970,3360,156,2,17.86,0.1,32.15
6971,3361,64,1,113.76,0,113.76
6972,3361,54,1,92.65,0,92.65
6973,3361,160,2,40.26,0.1,72.47
6974,3362,136,1,116.14,0,116.14
6975,3362,24,1,346.45,0,346.45
6976,3362,137,2,15.32,0,30.64
6977,3362,139,1,70.5,0.2,56.4
6978,3362,145,1,84.99,0,84.99
6979,3363,61,1,12.8,0,12.8
6980,3363,138,1,24.71,0.1,22.24
6981,3364,54,3,92.65,0,277.95
6982,3364,112,1,329.53,0,329.53
6983,3365,31,2,121.18,0,242.36
6984,3365,127,1,268.94,0,268.94
6985,3366,88,1,39.57,0,39.57
6986,3366,61,1,12.8,0,12.8
6987,3366,147,1,23.93,0,23.93
6988,3367,37,3,83.16,0,249.48
6989,3368,54,2,92.65,0,185.3
6990,3368,75,1,185.8,0.2,148.64
6991,3369,145,1,84.99,0,84.99
6992,3370,114,1,240.92,0,240.92
6993,3370,53,1,86.91,0.1,78.22
6994,3370,98,1,11.23,0,11.23
6995,3370,113,1,274.17,0.15,233.04
6996,3370,39,1,43.96,0,43.96
6997,3371,109,2,22.1,0,44.2
6998,3372,140,1,66.53,0.1,59.88
6999,3373,130,1,68.02,0.15,57.82
7000,3373,145,1,84.99,0,84.99
7001,3373,26,1,66.46,0,66.46
7002,3374,148,1,60.49,0,60.49
7003,3374,92,1,74.46,0,74.46
7004,3374,74,2,41.44,0,82.88
7005,3374,61,1,12.8,0.1,11.52
7006,3375,33,1,49.0,0,49.0
7007,3376,101,1,68.79,0.15,58.47
7008,3376,26,1,66.46,0,66.46
7009,3377,141,1,71.69,0,71.69
7010,3378,121,1,374.5,0.1,337.05
7011,3379,105,2,348.07,0.1,626.53
7012,3379,38,1,79.64,0.2,63.71
7013,3379,33,1,49.0,0.2,39.2
7014,3380,40,1,53.97,0,53.97
7015,3381,106,2,187.33,0,374.66
7016,3382,31,1,121.18,0,121.18
7017,3382,123,1,92.73,0,92.73
7018,3383,112,1,329.53,0,329.53
7019,3383,144,1,11.66,0,11.66
7020,3383,74,2,41.44,0,82.88
7021,3383,54,1,92.65,0,92.65
7022,3383,150,1,44.1,0.1,39.69
7023,3384,54,1,92.65,0.1,83.39
7024,3384,114,1,240.92,0.2,192.74
7025,3384,50,1,55.81,0.1,50.23
7026,3385,145,1,84.99,0.2,67.99
7027,3386,114,1,240.92,0,240.92
7028,3386,101,1,68.79,0.1,61.91
7029,3387,157,2,65.63,0,131.26
7030,3388,39,1,43.96,0,43.96
7031,3388,44,1,83.07,0,83.07
7032,3388,91,2,50.62,0,101.24
7033,3388,85,1,74.75,0,74.75
7034,3389,50,1,55.81,0,55.81
7035,3389,54,1,92.65,0,92.65
7036,3389,64,1,113.76,0.1,102.38
7037,3390,111,1,282.79,0,282.79
7038,3390,61,1,12.8,0,12.8
7039,3391,85,1,74.75,0,74.75
7040,3391,54,1,92.65,0.15,78.75
7041,3391,137,2,15.32,0,30.64
7042,3391,34,1,164.11,0.1,147.7
7043,3392,126,1,319.24,0,319.24
7044,3392,132,1,101.25,0,101.25
7045,3392,150,1,44.1,0,44.1
7046,3392,146,1,20.85,0,20.85
7047,3393,123,1,92.73,0,92.73
7048,3393,9,3,98.65,0,295.95
7049,3394,39,1,43.96,0,43.96
7050,3394,54,2,92.65,0,185.3
7051,3395,29,2,122.84,0,245.68
7052,3395,145,1,84.99,0.2,67.99
7053,3395,9,1,98.65,0,98.65
7054,3396,21,1,274.21,0.1,246.79
7055,3396,87,1,40.81,0,40.81
7056,3396,12,2,291.22,0.15,495.07
7057,3396,159,1,57.51,0,57.51
7058,3397,54,1,92.65,0,92.65
7059,3397,127,1,268.94,0,268.94
7060,3397,75,1,185.8,0.15,157.93
7061,3397,90,1,52.82,0,52.82
7062,3398,107,1,335.62,0,335.62
7063,3398,99,1,79.98,0.1,71.98
7064,3399,53,1,86.91,0,86.91
7065,3400,111,1,282.79,0,282.79
7066,3400,10,1,116.26,0,116.26
7067,3401,88,2,39.57,0.1,71.23
7068,3401,142,1,31.27,0,31.27
7069,3402,96,1,51.37,0,51.37
7070,3402,11,3,176.03,0,528.09
7071,3403,73,2,43.45,0.15,73.87
7072,3403,39,1,43.96,0,43.96
7073,3403,87,3,40.81,0,122.43
7074,3404,56,1,48.94,0.1,44.05
7075,3404,88,2,39.57,0,79.14
7076,3405,33,1,49.0,0,49.0
7077,3405,56,3,48.94,0,146.82
7078,3405,119,2,213.48,0,426.96
7079,3405,84,1,13.12,0,13.12
7080,3406,118,2,357.71,0.15,608.11
7081,3407,111,1,282.79,0,282.79
7082,3407,5,2,135.87,0,271.74
7083,3407,111,1,282.79,0,282.79
7084,3408,100,1,69.29,0,69.29
7085,3408,152,2,66.12,0,132.24
7086,3409,152,1,66.12,0,66.12
7087,3409,123,1,92.73,0,92.73
7088,3410,40,1,53.97,0,53.97
7089,3410,105,1,348.07,0,348.07
7090,3410,54,1,92.65,0,92.65
7091,3410,61,2,12.8,0,25.6
7092,3411,61,1,12.8,0.1,11.52
7093,3411,61,1,12.8,0,12.8
7094,3412,21,1,274.21,0,274.21
7095,3412,84,1,13.12,0,13.12
7096,3413,54,1,92.65,0,92.65
7097,3414,45,1,61.85,0,61.85
7098,3414,98,1,11.23,0,11.23
7099,3415,34,2,164.11,0,328.22
7100,3416,40,1,53.97,0,53.97
7101,3417,34,1,164.11,0,164.11
7102,3418,19,1,229.68,0,229.68
7103,3419,101,1,68.79,0,68.79
7104,3419,62,2,117.07,0.15,199.02
7105,3420,63,1,115.75,0.15,98.39
7106,3420,56,2,48.94,0.1,88.09
7107,3420,85,1,74.75,0,74.75
7108,3421,119,1,213.48,0,213.48
7109,3422,76,1,65.54,0,65.54
7110,3422,11,1,176.03,0,176.03
7111,3423,17,1,75.74,0,75.74
7112,3424,54,2,92.65,0.2,148.24
7113,3424,144,1,11.66,0.15,9.91
7114,3425,77,1,42.23,0,42.23
7115,3425,86,1,8.05,0.1,7.25
7116,3426,143,2,69.82,0,139.64
7117,3426,36,2,143.82,0,287.64
7118,3426,84,1,13.12,0.1,11.81
7119,3427,65,1,172.37,0.1,155.13
7120,3427,25,1,292.94,0.1,263.65
7121,3428,160,2,40.26,0,80.52
7122,3429,38,1,79.64,0,79.64
7123,3429,72,1,196.03,0.15,166.63
7124,3430,123,2,92.73,0,185.46
7125,3431,72,2,196.03,0,392.06
7126,3432,121,1,374.5,0.15,318.32
7127,3432,87,1,40.81,0,40.81
7128,3432,64,1,113.76,0,113.76
7129,3433,64,1,113.76,0.2,91.01
7130,3434,79,1,40.31,0,40.31
7131,3435,33,1,49.0,0,49.0
7132,3436,91,1,50.62,0,50.62
7133,3436,64,1,113.76,0,113.76
7134,3437,119,1,213.48,0.1,192.13
7135,3437,152,1,66.12,0,66.12
7136,3437,115,1,276.86,0,276.86
7137,3438,83,2,23.95,0.1,43.11
7138,3438,54,1,92.65,0,92.65
7139,3438,86,1,8.05,0.1,7.25
7140,3438,84,1,13.12,0,13.12
7141,3438,35,1,124.39,0.1,111.95
7142,3439,21,2,274.21,0.15,466.16
7143,3439,97,1,23.97,0.15,20.37
7144,3439,97,2,23.97,0,47.94
7145,3439,146,1,20.85,0.1,18.77
7146,3440,111,1,282.79,0,282.79
7147,3440,156,1,17.86,0,17.86
7148,3440,126,2,319.24,0,638.48
7149,3441,73,1,43.45,0,43.45
7150,3442,119,1,213.48,0,213.48
7151,3442,53,1,86.91,0.15,73.87
7152,3443,61,1,12.8,0,12.8
7153,3443,108,2,97.45,0,194.9
7154,3444,34,2,164.11,0.1,295.4
7155,3444,152,1,66.12,0,66.12
7156,3444,61,1,12.8,0,12.8
7157,3444,22,1,399.88,0,399.88
7158,3445,81,2,52.03,0,104.06
7159,3445,2,1,198.54,0,198.54
7160,3445,130,2,68.02,0,136.04
7161,3445,144,1,11.66,0.15,9.91
7162,3445,65,1,172.37,0,172.37
7163,3446,54,1,92.65,0,92.65
7164,3446,54,1,92.65,0.15,78.75
7165,3447,56,2,48.94,0,97.88
7166,3447,55,1,295.32,0,295.32
7167,3447,116,1,217.77,0.1,195.99
7168,3447,138,1,24.71,0,24.71
7169,3448,19,1,229.68,0,229.68
7170,3448,102,1,116.44,0.2,93.15
7171,3448,31,1,121.18,0.15,103.0
7172,3448,123,1,92.73,0,92.73
7173,3449,85,1,74.75,0,74.75
7174,3449,108,1,97.45,0.2,77.96
7175,3450,78,1,77.23,0,77.23
7176,3450,157,1,65.63,0,65.63
7177,3451,27,3,21.73,0.1,58.67
7178,3451,126,1,319.24,0,319.24
7179,3451,54,1,92.65,0,92.65
7180,3452,35,2,124.39,0.2,199.02
7181,3452,121,1,374.5,0.1,337.05
7182,3452,123,1,92.73,0.15,78.82
7183,3452,83,3,23.95,0,71.85
7184,3453,119,1,213.48,0,213.48
7185,3453,142,1,31.27,0,31.27
7186,3453,10,1,116.26,0,116.26
7187,3453,75,1,185.8,0,185.8
7188,3454,131,1,62.23,0.2,49.78
7189,3455,18,2,268.84,0,537.68
7190,3456,147,1,23.93,0.15,20.34
7191,3457,84,2,13.12,0,26.24
7192,3457,61,1,12.8,0,12.8
7193,3458,99,1,79.98,0,79.98
7194,3458,77,1,42.23,0,42.23
7195,3458,71,1,16.86,0.15,14.33
7196,3459,160,2,40.26,0,80.52
7197,3459,150,1,44.1,0,44.1
7198,3459,74,1,41.44,0,41.44
7199,3460,125,1,226.52,0,226.52
7200,3460,97,1,23.97,0,23.97
7201,3461,88,1,39.57,0.1,35.61
7202,3461,119,1,213.48,0,213.48
7203,3462,63,2,115.75,0,231.5
7204,3462,35,3,124.39,0.1,335.85
7205,3463,47,1,173.41,0,173.41
7206,3464,87,1,40.81,0.1,36.73
7207,3464,17,1,75.74,0,75.74
7208,3464,53,1,86.91,0.2,69.53
7209,3464,1,1,134.64,0,134.64
7210,3465,74,1,41.44,0,41.44
7211,3465,58,2,151.67,0,303.34
7212,3466,47,3,173.41,0,520.23
7213,3466,152,2,66.12,0,132.24
7214,3466,98,2,11.23,0,22.46
7215,3466,2,1,198.54,0,198.54
7216,3466,147,2,23.93,0.1,43.07
7217,3467,54,1,92.65,0,92.65
7218,3467,18,1,268.84,0,268.84
7219,3467,28,1,93.65,0,93.65
7220,3467,44,1,83.07,0,83.07
7221,3468,48,2,156.79,0,313.58
7222,3468,54,3,92.65,0,277.95
7223,3469,119,1,213.48,0,213.48
7224,3470,61,1,12.8,0,12.8
7225,3471,91,1,50.62,0,50.62
7226,3471,126,1,319.24,0,319.24
7227,3471,94,2,59.56,0,119.12
7228,3471,97,2,23.97,0,47.94
7229,3472,54,1,92.65,0,92.65
7230,3473,108,2,97.45,0,194.9
7231,3474,141,1,71.69,0,71.69
7232,3475,37,2,83.16,0,166.32
7233,3475,55,1,295.32,0,295.32
7234,3475,116,1,217.77,0,217.77
7235,3476,148,1,60.49,0,60.49
7236,3476,40,1,53.97,0.15,45.87
7237,3477,111,1,282.79,0.1,254.51
7238,3477,56,1,48.94,0,48.94
7239,3477,13,1,132.43,0.1,119.19
7240,3477,44,2,83.07,0,166.14
7241,3478,112,3,329.53,0,988.59
7242,3478,119,2,213.48,0.1,384.26
7243,3479,33,1,49.0,0,49.0
7244,3479,19,1,229.68,0,229.68
7245,3479,160,1,40.26,0,40.26
7246,3480,115,1,276.86,0.1,249.17
7247,3481,41,1,179.88,0.1,161.89
7248,3482,93,1,19.37,0.1,17.43
7249,3483,108,2,97.45,0,194.9
7250,3483,112,1,329.53,0,329.53
7251,3483,84,1,13.12,0,13.12
7252,3483,36,1,143.82,0,143.82
7253,3483,11,1,176.03,0,176.03
7254,3484,136,1,116.14,0,116.14
7255,3485,152,2,66.12,0.1,119.02
7256,3486,117,1,173.82,0,173.82
7257,3486,97,3,23.97,0,71.91
7258,3486,72,3,196.03,0,588.09
7259,3486,121,1,374.5,0.15,318.32
7260,3487,102,1,116.44,0,116.44
7261,3487,50,1,55.81,0.1,50.23
7262,3488,53,1,86.91,0,86.91
7263,3489,15,1,152.22,0,152.22
7264,3490,85,1,74.75,0,74.75
7265,3491,139,2,70.5,0,141.0
7266,3491,96,1,51.37,0,51.37
7267,3491,54,1,92.65,0.1,83.39
7268,3492,118,1,357.71,0,357.71
7269,3492,124,1,13.96,0,13.96
7270,3493,106,1,187.33,0,187.33
7271,3493,29,1,122.84,0.1,110.56
7272,3493,65,1,172.37,0.2,137.9
7273,3494,111,2,282.79,0.1,509.02
7274,3494,126,1,319.24,0,319.24
7275,3495,11,1,176.03,0,176.03
7276,3496,39,1,43.96,0.2,35.17
7277,3496,119,1,213.48,0.1,192.13
7278,3497,154,3,83.05,0,249.15
7279,3497,139,2,70.5,0.1,126.9
7280,3497,54,2,92.65,0,185.3
7281,3498,54,2,92.65,0,185.3
7282,3498,160,1,40.26,0,40.26
7283,3499,156,2,17.86,0.1,32.15
7284,3499,54,1,92.65,0.15,78.75
7285,3499,97,3,23.97,0,71.91
7286,3500,60,1,294.14,0,294.14
7287,3500,53,1,86.91,0,86.91
7288,3500,32,1,49.75,0,49.75
7289,3501,34,1,164.11,0,164.11
7290,3501,11,1,176.03,0,176.03
7291,3502,54,1,92.65,0.1,83.39
7292,3502,54,2,92.65,0.15,157.5
7293,3503,152,1,66.12,0,66.12
7294,3503,61,2,12.8,0,25.6
7295,3504,34,1,164.11,0,164.11
7296,3504,43,2,75.67,0.15,128.64
7297,3504,84,1,13.12,0,13.12
7298,3505,56,1,48.94,0,48.94
7299,3506,11,1,176.03,0,176.03
7300,3506,88,2,39.57,0,79.14
7301,3507,54,1,92.65,0,92.65
7302,3507,13,1,132.43,0.1,119.19
7303,3508,54,1,92.65,0,92.65
7304,3509,54,1,92.65,0,92.65
7305,3509,72,3,196.03,0,588.09
7306,3509,54,1,92.65,0.15,78.75
7307,3510,142,1,31.27,0,31.27
7308,3510,1,2,134.64,0.1,242.35
7309,3510,128,1,398.69,0,398.69
7310,3511,38,1,79.64,0,79.64
7311,3511,87,1,40.81,0,40.81
7312,3511,17,1,75.74,0.15,64.38
7313,3511,6,1,180.27,0,180.27
7314,3512,54,1,92.65,0.2,74.12
7315,3513,112,1,329.53,0.1,296.58
7316,3513,71,1,16.86,0.1,15.17
7317,3513,152,1,66.12,0.15,56.2
7318,3514,134,3,40.72,0.1,109.94
7319,3515,1,1,134.64,0,134.64
7320,3516,10,1,116.26,0,116.26
7321,3516,29,1,122.84,0,122.84
7322,3517,114,1,240.92,0,240.92
7323,3517,24,1,346.45,0,346.45
7324,3518,8,1,255.14,0,255.14
7325,3519,58,1,151.67,0,151.67
7326,3519,51,1,33.99,0.1,30.59
7327,3520,112,2,329.53,0,659.06
7328,3520,72,1,196.03,0,196.03
7329,3521,61,1,12.8,0,12.8
7330,3521,97,1,23.97,0,23.97
7331,3522,13,3,132.43,0.2,317.83
7332,3523,91,1,50.62,0,50.62
7333,3524,130,2,68.02,0,136.04
7334,3524,154,1,83.05,0,83.05
7335,3524,56,3,48.94,0.1,132.14
7336,3524,66,1,279.67,0,279.67
7337,3525,78,1,77.23,0.1,69.51
7338,3526,33,1,49.0,0,49.0
7339,3527,54,1,92.65,0,92.65
7340,3527,139,1,70.5,0,70.5
7341,3527,19,1,229.68,0,229.68
7342,3527,97,1,23.97,0,23.97
7343,3528,42,1,80.28,0,80.28
7344,3529,139,1,70.5,0.15,59.92
7345,3530,54,1,92.65,0,92.65
7346,3530,117,3,173.82,0,521.46
7347,3530,92,2,74.46,0,148.92
7348,3531,88,1,39.57,0.1,35.61
7349,3532,57,1,91.71,0,91.71
7350,3532,127,1,268.94,0,268.94
7351,3532,111,1,282.79,0,282.79
7352,3533,89,2,41.71,0,83.42
7353,3534,1,1,134.64,0.1,121.18
7354,3535,78,2,77.23,0.15,131.29
7355,3536,56,1,48.94,0.15,41.6
7356,3536,138,1,24.71,0,24.71
7357,3537,57,1,91.71,0,91.71
7358,3538,54,1,92.65,0,92.65
7359,3538,47,1,173.41,0.15,147.4
7360,3538,40,1,53.97,0,53.97
7361,3538,93,1,19.37,0,19.37
7362,3539,61,1,12.8,0,12.8
7363,3539,61,1,12.8,0,12.8
7364,3540,139,1,70.5,0,70.5
7365,3540,60,1,294.14,0.1,264.73
7366,3541,160,2,40.26,0,80.52
7367,3542,113,1,274.17,0.2,219.34
7368,3542,90,1,52.82,0,52.82
7369,3543,6,3,180.27,0,540.81
7370,3543,8,2,255.14,0,510.28
7371,3543,71,1,16.86,0,16.86
7372,3543,82,2,54.72,0,109.44
7373,3544,84,2,13.12,0,26.24
7374,3544,84,1,13.12,0,13.12
7375,3544,152,1,66.12,0,66.12
7376,3544,130,1,68.02,0,68.02
7377,3545,160,1,40.26,0,40.26
7378,3546,105,1,348.07,0,348.07
7379,3547,84,1,13.12,0.15,11.15
7380,3548,40,2,53.97,0,107.94
7381,3549,88,2,39.57,0,79.14
7382,3550,11,1,176.03,0,176.03
7383,3551,140,1,66.53,0,66.53
7384,3552,1,1,134.64,0,134.64
7385,3552,52,1,190.14,0,190.14
7386,3552,119,1,213.48,0.15,181.46
7387,3553,94,1,59.56,0.2,47.65
7388,3554,34,1,164.11,0,164.11
7389,3555,121,1,374.5,0.2,299.6
7390,3556,153,1,99.2,0,99.2
7391,3556,39,1,43.96,0,43.96
7392,3557,17,1,75.74,0,75.74
7393,3557,31,2,121.18,0,242.36
7394,3557,72,1,196.03,0.2,156.82
7395,3557,123,1,92.73,0,92.73
7396,3558,54,1,92.65,0.2,74.12
7397,3559,100,1,69.29,0.15,58.9
7398,3559,18,3,268.84,0,806.52
7399,3559,112,1,329.53,0.1,296.58
7400,3559,52,1,190.14,0,190.14
7401,3560,54,2,92.65,0,185.3
7402,3560,94,2,59.56,0,119.12
7403,3561,56,2,48.94,0,97.88
7404,3562,10,2,116.26,0,232.52
7405,3563,37,1,83.16,0,83.16
7406,3564,46,1,64.69,0.1,58.22
7407,3564,54,2,92.65,0.1,166.77
7408,3565,54,1,92.65,0,92.65
7409,3565,30,2,168.06,0,336.12
7410,3566,21,1,274.21,0.15,233.08
7411,3566,141,1,71.69,0,71.69
7412,3567,8,3,255.14,0,765.42
7413,3567,106,1,187.33,0,187.33
7414,3568,54,1,92.65,0,92.65
7415,3569,89,2,41.71,0.1,75.08
7416,3569,25,3,292.94,0,878.82
7417,3570,54,2,92.65,0,185.3
7418,3570,54,1,92.65,0,92.65
7419,3571,102,3,116.44,0,349.32
7420,3572,54,3,92.65,0.1,250.16
7421,3573,91,1,50.62,0.15,43.03
7422,3574,21,2,274.21,0,548.42
7423,3574,68,1,204.27,0.1,183.84
7424,3575,152,2,66.12,0,132.24
7425,3576,54,2,92.65,0,185.3
7426,3576,61,1,12.8,0.1,11.52
7427,3576,123,1,92.73,0,92.73
7428,3577,3,1,101.49,0.1,91.34
7429,3577,106,2,187.33,0.1,337.19
7430,3577,54,1,92.65,0,92.65
7431,3578,88,1,39.57,0,39.57
7432,3578,95,1,42.95,0,42.95
7433,3579,85,1,74.75,0,74.75
7434,3579,84,1,13.12,0,13.12
7435,3580,54,1,92.65,0,92.65
7436,3580,75,1,185.8,0,185.8
7437,3581,40,1,53.97,0.15,45.87
7438,3582,127,2,268.94,0.15,457.2
7439,3582,16,1,232.17,0,232.17
7440,3583,91,1,50.62,0,50.62
7441,3583,20,1,84.59,0.1,76.13
7442,3583,88,1,39.57,0.1,35.61
7443,3584,54,1,92.65,0,92.65
7444,3584,111,1,282.79,0,282.79
7445,3585,6,1,180.27,0.2,144.22
7446,3586,61,1,12.8,0,12.8
7447,3587,43,2,75.67,0,151.34
7448,3588,55,1,295.32,0,295.32
7449,3588,99,2,79.98,0.1,143.96
7450,3588,36,1,143.82,0,143.82
7451,3588,54,1,92.65,0,92.65
7452,3588,100,1,69.29,0,69.29
7453,3589,111,1,282.79,0.15,240.37
7454,3590,121,1,374.5,0,374.5
7455,3590,112,1,329.53,0.15,280.1
7456,3590,40,1,53.97,0.1,48.57
7457,3590,65,1,172.37,0.1,155.13
7458,3591,54,1,92.65,0,92.65
7459,3592,54,1,92.65,0.1,83.39
7460,3593,84,1,13.12,0,13.12
7461,3594,30,1,168.06,0.15,142.85
7462,3595,119,1,213.48,0.15,181.46
7463,3595,145,3,84.99,0,254.97
7464,3595,152,1,66.12,0.1,59.51
7465,3596,36,1,143.82,0.15,122.25
7466,3597,78,1,77.23,0,77.23
7467,3597,119,1,213.48,0.15,181.46
7468,3597,152,1,66.12,0,66.12
7469,3597,70,1,67.88,0,67.88
7470,3598,75,1,185.8,0.1,167.22
7471,3598,136,1,116.14,0,116.14
7472,3598,129,1,36.16,0.1,32.54
7473,3598,8,1,255.14,0,255.14
7474,3598,39,2,43.96,0.15,74.73
7475,3599,147,1,23.93,0.1,21.54
7476,3600,54,1,92.65,0.15,78.75
7477,3600,6,1,180.27,0,180.27
7478,3600,138,1,24.71,0.1,22.24
7479,3601,111,1,282.79,0,282.79
7480,3601,54,2,92.65,0,185.3
7481,3602,129,1,36.16,0,36.16
7482,3603,111,1,282.79,0.1,254.51
7483,3603,78,1,77.23,0.1,69.51
7484,3603,33,2,49.0,0.2,78.4
7485,3604,107,2,335.62,0,671.24
7486,3605,72,1,196.03,0,196.03
7487,3605,38,2,79.64,0,159.28
7488,3606,21,1,274.21,0,274.21
7489,3606,91,1,50.62,0,50.62
7490,3606,74,1,41.44,0.1,37.3
7491,3607,61,1,12.8,0,12.8
7492,3607,33,1,49.0,0.15,41.65
7493,3608,121,1,374.5,0,374.5
7494,3608,126,2,319.24,0,638.48
7495,3609,54,1,92.65,0,92.65
7496,3610,111,2,282.79,0,565.58
7497,3611,91,1,50.62,0,50.62
7498,3611,18,1,268.84,0,268.84
7499,3612,136,2,116.14,0,232.28
7500,3612,54,1,92.65,0,92.65
7501,3612,72,1,196.03,0,196.03
7502,3613,71,2,16.86,0,33.72
7503,3614,152,2,66.12,0,132.24
7504,3614,92,1,74.46,0,74.46
7505,3615,43,1,75.67,0.1,68.1
7506,3615,77,1,42.23,0,42.23
7507,3615,128,1,398.69,0.15,338.89
7508,3615,9,1,98.65,0,98.65
7509,3616,62,1,117.07,0,117.07
7510,3617,52,1,190.14,0,190.14
7511,3617,93,1,19.37,0,19.37
7512,3618,35,2,124.39,0,248.78
7513,3619,108,1,97.45,0,97.45
7514,3620,54,1,92.65,0,92.65
7515,3621,119,1,213.48,0,213.48
7516,3621,154,2,83.05,0,166.1
7517,3622,77,1,42.23,0,42.23
7518,3622,56,3,48.94,0,146.82
7519,3622,98,1,11.23,0,11.23
7520,3622,93,1,19.37,0,19.37
7521,3623,42,1,80.28,0,80.28
7522,3623,54,1,92.65,0,92.65
7523,3623,145,1,84.99,0.15,72.24
7524,3623,60,1,294.14,0.1,264.73
7525,3624,39,2,43.96,0,87.92
7526,3625,146,2,20.85,0.15,35.45
7527,3625,58,1,151.67,0,151.67
7528,3626,61,1,12.8,0,12.8
7529,3626,10,1,116.26,0,116.26
7530,3626,89,1,41.71,0,41.71
7531,3627,54,3,92.65,0,277.95
7532,3628,64,1,113.76,0.1,102.38
7533,3629,90,1,52.82,0,52.82
7534,3629,152,1,66.12,0.1,59.51
7535,3629,61,2,12.8,0,25.6
7536,3629,29,2,122.84,0,245.68
7537,3629,47,1,173.41,0,173.41
7538,3630,26,1,66.46,0.1,59.81
7539,3631,54,1,92.65,0.1,83.39
7540,3631,51,1,33.99,0,33.99
7541,3631,107,1,335.62,0,335.62
7542,3631,61,1,12.8,0,12.8
7543,3632,1,1,134.64,0,134.64
7544,3632,134,1,40.72,0.1,36.65
7545,3632,54,1,92.65,0,92.65
7546,3633,65,1,172.37,0,172.37
7547,3633,15,2,152.22,0.15,258.77
7548,3634,66,1,279.67,0,279.67
7549,3635,106,1,187.33,0,187.33
7550,3636,65,1,172.37,0.15,146.51
7551,3637,108,1,97.45,0,97.45
7552,3637,119,1,213.48,0.1,192.13
7553,3637,78,1,77.23,0,77.23
7554,3637,1,1,134.64,0,134.64
7555,3638,61,2,12.8,0,25.6
7556,3638,62,1,117.07,0,117.07
7557,3638,39,1,43.96,0,43.96
7558,3639,5,1,135.87,0,135.87
7559,3640,118,1,357.71,0.15,304.05
7560,3640,143,3,69.82,0,209.46
7561,3640,45,1,61.85,0,61.85
7562,3641,64,1,113.76,0.1,102.38
7563,3642,72,2,196.03,0,392.06
7564,3643,135,2,105.74,0,211.48
7565,3644,54,1,92.65,0.1,83.39
7566,3644,119,1,213.48,0.1,192.13
7567,3645,64,1,113.76,0,113.76
7568,3646,111,1,282.79,0,282.79
7569,3646,82,2,54.72,0.1,98.5
7570,3647,106,1,187.33,0.1,168.6
7571,3647,102,1,116.44,0,116.44
7572,3647,134,1,40.72,0,40.72
7573,3647,88,1,39.57,0,39.57
7574,3648,157,1,65.63,0.1,59.07
7575,3649,152,1,66.12,0,66.12
7576,3649,30,2,168.06,0,336.12
7577,3650,82,1,54.72,0,54.72
7578,3651,38,1,79.64,0,79.64
7579,3652,56,1,48.94,0,48.94
7580,3652,137,1,15.32,0,15.32
7581,3653,97,1,23.97,0,23.97
7582,3654,26,2,66.46,0.2,106.34
7583,3655,70,1,67.88,0,67.88
7584,3656,121,1,374.5,0,374.5
7585,3657,30,1,168.06,0,168.06
7586,3657,110,1,59.23,0,59.23
7587,3658,100,1,69.29,0.1,62.36
7588,3658,70,3,67.88,0,203.64
7589,3658,159,1,57.51,0,57.51
7590,3658,106,1,187.33,0,187.33
7591,3659,129,1,36.16,0,36.16
7592,3660,156,2,17.86,0,35.72
7593,3660,121,1,374.5,0,374.5
7594,3660,56,1,48.94,0,48.94
7595,3661,146,2,20.85,0,41.7
7596,3661,135,1,105.74,0,105.74
7597,3661,32,2,49.75,0.15,84.58
7598,3662,83,1,23.95,0,23.95
7599,3663,110,2,59.23,0,118.46
7600,3663,72,1,196.03,0,196.03
7601,3664,116,1,217.77,0,217.77
7602,3664,156,1,17.86,0.1,16.07
7603,3664,56,1,48.94,0,48.94
7604,3664,131,1,62.23,0,62.23
7605,3664,124,1,13.96,0.1,12.56
7606,3665,54,1,92.65,0,92.65
7607,3666,66,1,279.67,0,279.67
7608,3666,111,1,282.79,0.15,240.37
7609,3666,31,1,121.18,0.2,96.94
7610,3666,99,1,79.98,0.2,63.98
7611,3667,39,1,43.96,0,43.96
7612,3667,84,1,13.12,0,13.12
7613,3668,20,1,84.59,0.1,76.13
7614,3668,119,1,213.48,0.1,192.13
7615,3668,139,1,70.5,0,70.5
7616,3668,152,1,66.12,0,66.12
7617,3669,5,1,135.87,0.2,108.7
7618,3669,76,1,65.54,0.2,52.43
7619,3669,65,1,172.37,0,172.37
7620,3669,152,1,66.12,0,66.12
7621,3669,160,1,40.26,0,40.26
7622,3670,53,1,86.91,0.1,78.22
7623,3670,7,1,33.9,0,33.9
7624,3670,33,1,49.0,0,49.0
7625,3671,45,1,61.85,0.1,55.66
7626,3671,56,1,48.94,0,48.94
7627,3672,142,3,31.27,0,93.81
7628,3673,64,2,113.76,0.1,204.77
7629,3673,110,2,59.23,0.15,100.69
7630,3674,2,1,198.54,0,198.54
7631,3674,140,1,66.53,0,66.53
7632,3674,140,2,66.53,0.1,119.75
7633,3675,89,1,41.71,0.1,37.54
7634,3676,98,1,11.23,0.15,9.55
7635,3677,39,1,43.96,0,43.96
7636,3678,18,1,268.84,0,268.84
7637,3678,50,1,55.81,0.15,47.44
7638,3679,54,1,92.65,0,92.65
7639,3679,101,2,68.79,0.1,123.82
7640,3680,150,3,44.1,0.2,105.84
7641,3681,155,2,82.21,0,164.42
7642,3681,136,1,116.14,0,116.14
7643,3682,51,2,33.99,0,67.98
7644,3682,52,3,190.14,0,570.42
7645,3683,132,1,101.25,0.1,91.12
7646,3683,53,1,86.91,0,86.91
7647,3684,140,1,66.53,0.1,59.88
7648,3684,121,2,374.5,0,749.0
7649,3685,17,1,75.74,0,75.74
7650,3686,121,1,374.5,0,374.5
7651,3686,143,1,69.82,0.1,62.84
7652,3687,101,2,68.79,0,137.58
7653,3687,54,2,92.65,0,185.3
7654,3688,111,1,282.79,0.15,240.37
7655,3688,91,1,50.62,0,50.62
7656,3688,121,1,374.5,0,374.5
7657,3689,32,1,49.75,0,49.75
7658,3689,62,1,117.07,0,117.07
7659,3690,88,1,39.57,0,39.57
7660,3690,85,1,74.75,0.15,63.54
7661,3690,158,1,14.07,0,14.07
7662,3690,75,1,185.8,0.15,157.93
7663,3690,64,1,113.76,0,113.76
7664,3691,54,1,92.65,0.1,83.39
7665,3692,64,2,113.76,0.1,204.77
7666,3693,75,1,185.8,0.1,167.22
7667,3693,49,2,111.88,0,223.76
7668,3694,146,1,20.85,0,20.85
7669,3695,99,1,79.98,0,79.98
7670,3695,93,1,19.37,0.1,17.43
7671,3696,98,2,11.23,0,22.46
7672,3696,132,1,101.25,0,101.25
7673,3697,68,1,204.27,0,204.27
7674,3697,137,2,15.32,0.15,26.04
7675,3697,119,2,213.48,0,426.96
7676,3698,33,1,49.0,0,49.0
7677,3699,50,2,55.81,0,111.62
7678,3699,134,1,40.72,0.15,34.61
7679,3700,119,1,213.48,0,213.48
7680,3701,135,2,105.74,0,211.48
7681,3701,157,1,65.63,0,65.63
7682,3702,85,2,74.75,0,149.5
7683,3703,113,3,274.17,0,822.51
7684,3703,106,1,187.33,0,187.33
7685,3704,108,1,97.45,0.1,87.7
7686,3704,128,2,398.69,0,797.38
7687,3705,139,1,70.5,0,70.5
7688,3705,119,1,213.48,0.15,181.46
7689,3706,65,1,172.37,0.1,155.13
7690,3707,11,1,176.03,0,176.03
7691,3707,43,3,75.67,0.15,192.96
7692,3708,65,1,172.37,0,172.37
7693,3708,140,1,66.53,0,66.53
7694,3708,61,1,12.8,0,12.8
7695,3708,60,1,294.14,0,294.14
7696,3709,141,1,71.69,0,71.69
7697,3710,3,2,101.49,0.15,172.53
7698,3711,64,1,113.76,0,113.76
7699,3711,160,1,40.26,0.15,34.22
7700,3711,61,1,12.8,0.1,11.52
7701,3712,86,2,8.05,0,16.1
7702,3713,16,2,232.17,0.1,417.91
7703,3714,97,2,23.97,0,47.94
7704,3715,119,2,213.48,0.2,341.57
7705,3715,76,2,65.54,0,131.08
7706,3716,54,1,92.65,0,92.65
7707,3717,135,1,105.74,0.2,84.59
7708,3718,152,1,66.12,0,66.12
7709,3719,111,1,282.79,0,282.79
7710,3719,35,1,124.39,0,124.39
7711,3720,55,1,295.32,0,295.32
7712,3721,66,1,279.67,0,279.67
7713,3721,39,1,43.96,0,43.96
7714,3722,155,1,82.21,0,82.21
7715,3722,128,1,398.69,0,398.69
7716,3722,54,2,92.65,0,185.3
7717,3722,113,1,274.17,0.15,233.04
7718,3723,31,2,121.18,0,242.36
7719,3723,15,1,152.22,0.1,137.0
7720,3724,10,1,116.26,0.1,104.63
7721,3725,97,1,23.97,0,23.97
7722,3725,156,1,17.86,0.2,14.29
7723,3726,147,1,23.93,0,23.93
7724,3726,101,1,68.79,0.2,55.03
7725,3726,5,1,135.87,0.2,108.7
7726,3726,95,1,42.95,0,42.95
7727,3727,47,1,173.41,0,173.41
7728,3728,113,1,274.17,0,274.17
7729,3729,36,1,143.82,0,143.82
7730,3729,54,1,92.65,0,92.65
7731,3729,139,1,70.5,0,70.5
7732,3730,116,2,217.77,0,435.54
7733,3731,26,1,66.46,0,66.46
7734,3731,30,3,168.06,0.1,453.76
7735,3731,105,1,348.07,0,348.07
7736,3731,49,1,111.88,0,111.88
7737,3732,34,1,164.11,0,164.11
7738,3732,128,1,398.69,0,398.69
7739,3732,18,1,268.84,0,268.84
7740,3733,103,1,74.37,0,74.37
7741,3734,160,2,40.26,0,80.52
7742,3734,64,2,113.76,0.1,204.77
7743,3735,115,1,276.86,0,276.86
7744,3735,101,3,68.79,0.1,185.73
7745,3735,88,2,39.57,0,79.14
7746,3735,53,3,86.91,0,260.73
7747,3736,88,3,39.57,0,118.71
7748,3737,80,1,41.32,0,41.32
7749,3737,11,1,176.03,0.15,149.63
7750,3738,94,1,59.56,0.1,53.6
7751,3738,110,2,59.23,0,118.46
7752,3738,75,1,185.8,0.1,167.22
7753,3738,141,1,71.69,0.15,60.94
7754,3739,61,1,12.8,0.1,11.52
7755,3740,119,1,213.48,0,213.48
7756,3740,54,1,92.65,0,92.65
7757,3741,132,1,101.25,0,101.25
7758,3741,88,1,39.57,0,39.57
7759,3741,51,2,33.99,0.1,61.18
7760,3742,71,1,16.86,0,16.86
7761,3743,95,1,42.95,0,42.95
7762,3743,63,1,115.75,0,115.75
7763,3743,19,1,229.68,0.15,195.23
7764,3744,11,1,176.03,0,176.03
7765,3744,9,1,98.65,0,98.65
7766,3745,2,1,198.54,0.15,168.76
7767,3745,149,1,68.48,0.15,58.21
7768,3746,54,1,92.65,0.1,83.39
7769,3746,42,1,80.28,0.1,72.25
7770,3747,119,1,213.48,0,213.48
7771,3748,31,2,121.18,0,242.36
7772,3748,103,1,74.37,0,74.37
7773,3749,47,1,173.41,0.15,147.4
7774,3749,121,1,374.5,0,374.5
7775,3749,43,1,75.67,0.1,68.1
7776,3749,56,1,48.94,0,48.94
7777,3750,54,2,92.65,0,185.3
7778,3751,54,2,92.65,0.1,166.77
7779,3751,142,3,31.27,0,93.81
7780,3751,45,1,61.85,0.15,52.57
7781,3751,20,1,84.59,0,84.59
7782,3752,108,1,97.45,0.1,87.7
7783,3753,36,2,143.82,0,287.64
7784,3754,54,1,92.65,0,92.65
7785,3754,75,1,185.8,0,185.8
7786,3755,140,1,66.53,0,66.53
7787,3755,37,1,83.16,0,83.16
7788,3756,68,1,204.27,0,204.27
7789,3756,52,2,190.14,0,380.28
7790,3756,89,1,41.71,0.2,33.37
7791,3757,95,1,42.95,0,42.95
7792,3757,85,1,74.75,0,74.75
7793,3757,118,1,357.71,0,357.71
7794,3758,111,1,282.79,0.1,254.51
7795,3758,86,1,8.05,0,8.05
7796,3759,54,2,92.65,0,185.3
7797,3759,111,1,282.79,0,282.79
7798,3760,70,1,67.88,0,67.88
7799,3760,31,1,121.18,0,121.18
7800,3761,71,1,16.86,0,16.86
7801,3761,111,1,282.79,0.1,254.51
7802,3762,34,1,164.11,0.1,147.7
7803,3763,54,1,92.65,0.2,74.12
7804,3763,54,1,92.65,0.1,83.39
7805,3764,152,1,66.12,0,66.12
7806,3765,108,1,97.45,0,97.45
7807,3766,94,1,59.56,0,59.56
7808,3767,139,1,70.5,0,70.5
7809,3767,111,1,282.79,0,282.79
7810,3767,144,1,11.66,0.15,9.91
7811,3768,145,3,84.99,0.15,216.72
7812,3768,93,1,19.37,0,19.37
7813,3769,31,1,121.18,0,121.18
7814,3769,1,1,134.64,0,134.64
7815,3770,54,1,92.65,0,92.65
7816,3771,5,1,135.87,0.15,115.49
7817,3771,54,2,92.65,0,185.3
7818,3771,61,2,12.8,0.1,23.04
7819,3772,160,1,40.26,0,40.26
7820,3773,108,1,97.45,0,97.45
7821,3774,89,1,41.71,0,41.71
7822,3775,86,1,8.05,0,8.05
7823,3775,142,2,31.27,0,62.54
7824,3776,54,2,92.65,0,185.3
7825,3776,92,1,74.46,0.15,63.29
7826,3776,88,1,39.57,0,39.57
7827,3777,47,2,173.41,0,346.82
7828,3777,135,2,105.74,0,211.48
7829,3778,159,2,57.51,0,115.02
7830,3778,34,2,164.11,0,328.22
7831,3779,139,1,70.5,0,70.5
7832,3779,1,1,134.64,0.15,114.44
7833,3779,110,1,59.23,0.1,53.31
7834,3780,1,1,134.64,0,134.64
7835,3780,60,1,294.14,0,294.14
7836,3780,105,1,348.07,0.1,313.26
7837,3781,54,1,92.65,0.1,83.39
7838,3782,18,1,268.84,0,268.84
7839,3783,32,1,49.75,0.15,42.29
7840,3783,113,1,274.17,0,274.17
7841,3784,24,1,346.45,0.15,294.48
7842,3785,19,1,229.68,0,229.68
7843,3785,130,1,68.02,0,68.02
7844,3786,123,1,92.73,0,92.73
7845,3786,128,1,398.69,0,398.69
7846,3786,137,1,15.32,0,15.32
7847,3786,106,1,187.33,0,187.33
7848,3786,19,1,229.68,0.15,195.23
7849,3787,62,1,117.07,0,117.07
7850,3788,149,1,68.48,0.1,61.63
7851,3789,152,1,66.12,0.15,56.2
7852,3790,128,1,398.69,0,398.69
7853,3790,62,1,117.07,0,117.07
7854,3791,80,1,41.32,0,41.32
7855,3792,31,1,121.18,0,121.18
7856,3792,159,1,57.51,0,57.51
7857,3793,21,1,274.21,0.1,246.79
7858,3793,119,2,213.48,0,426.96
7859,3794,111,3,282.79,0,848.37
7860,3794,22,1,399.88,0,399.88
7861,3794,5,1,135.87,0,135.87
7862,3795,61,1,12.8,0,12.8
7863,3796,152,1,66.12,0,66.12
7864,3797,119,1,213.48,0,213.48
7865,3798,54,1,92.65,0,92.65
7866,3799,119,1,213.48,0,213.48
7867,3800,89,1,41.71,0,41.71
7868,3800,54,1,92.65,0,92.65
7869,3800,75,1,185.8,0,185.8
7870,3801,21,1,274.21,0.2,219.37
7871,3801,130,1,68.02,0,68.02
7872,3802,97,1,23.97,0,23.97
7873,3803,152,1,66.12,0,66.12
7874,3803,83,1,23.95,0,23.95
7875,3803,110,1,59.23,0,59.23
7876,3803,9,1,98.65,0.1,88.79
7877,3804,128,1,398.69,0,398.69
7878,3805,119,2,213.48,0.2,341.57
7879,3805,160,1,40.26,0.15,34.22
7880,3805,101,1,68.79,0,68.79
7881,3805,54,1,92.65,0,92.65
7882,3806,126,1,319.24,0.15,271.35
7883,3806,142,1,31.27,0,31.27
7884,3806,92,1,74.46,0.1,67.01
7885,3807,142,1,31.27,0,31.27
7886,3807,160,3,40.26,0.15,102.66
7887,3808,54,2,92.65,0.1,166.77
7888,3809,16,2,232.17,0,464.34
7889,3809,67,2,62.01,0,124.02
7890,3809,89,1,41.71,0,41.71
7891,3810,29,2,122.84,0,245.68
7892,3811,143,2,69.82,0,139.64
7893,3811,58,1,151.67,0,151.67
7894,3812,108,1,97.45,0,97.45
7895,3813,107,1,335.62,0.1,302.06
7896,3814,136,1,116.14,0.1,104.53
7897,3814,53,1,86.91,0,86.91
7898,3815,108,1,97.45,0.1,87.7
7899,3816,105,1,348.07,0.1,313.26
7900,3816,30,1,168.06,0,168.06
7901,3816,129,1,36.16,0,36.16
7902,3817,84,1,13.12,0,13.12
7903,3818,97,3,23.97,0,71.91
7904,3818,97,1,23.97,0,23.97
7905,3819,86,3,8.05,0,24.15
7906,3820,117,1,173.82,0,173.82
7907,3821,110,1,59.23,0,59.23
7908,3822,24,1,346.45,0.15,294.48
7909,3822,108,1,97.45,0.15,82.83
7910,3822,126,1,319.24,0,319.24
7911,3823,54,2,92.65,0,185.3
7912,3824,145,2,84.99,0.15,144.48
7913,3824,54,1,92.65,0,92.65
7914,3824,125,1,226.52,0,226.52
7915,3824,6,1,180.27,0,180.27
7916,3825,72,1,196.03,0.1,176.43
7917,3826,12,1,291.22,0,291.22
7918,3826,146,2,20.85,0.15,35.45
7919,3826,121,1,374.5,0,374.5
7920,3826,10,1,116.26,0,116.26
7921,3826,78,2,77.23,0,154.46
7922,3827,74,1,41.44,0.1,37.3
7923,3827,29,1,122.84,0,122.84
7924,3827,51,1,33.99,0.15,28.89
7925,3827,144,1,11.66,0,11.66
7926,3827,34,2,164.11,0.1,295.4
7927,3828,66,1,279.67,0.15,237.72
7928,3829,145,1,84.99,0,84.99
7929,3829,54,1,92.65,0,92.65
7930,3830,47,1,173.41,0,173.41
7931,3831,132,2,101.25,0,202.5
7932,3831,9,1,98.65,0,98.65
7933,3832,89,2,41.71,0,83.42
7934,3832,97,1,23.97,0.15,20.37
7935,3832,64,1,113.76,0,113.76
7936,3832,92,1,74.46,0,74.46
7937,3832,15,1,152.22,0,152.22
7938,3833,159,2,57.51,0,115.02
7939,3833,22,1,399.88,0,399.88
7940,3834,121,1,374.5,0,374.5
7941,3834,152,1,66.12,0,66.12
7942,3834,54,2,92.65,0,185.3
7943,3835,78,2,77.23,0.1,139.01
7944,3835,87,1,40.81,0.1,36.73
7945,3835,160,1,40.26,0,40.26
7946,3836,45,2,61.85,0.1,111.33
7947,3836,107,1,335.62,0,335.62
7948,3837,54,2,92.65,0,185.3
7949,3837,116,1,217.77,0,217.77
7950,3838,111,1,282.79,0.1,254.51
7951,3838,124,1,13.96,0,13.96
7952,3838,71,1,16.86,0,16.86
7953,3839,158,2,14.07,0.1,25.33
7954,3839,48,1,156.79,0,156.79
7955,3839,119,1,213.48,0.1,192.13
7956,3839,40,1,53.97,0,53.97
7957,3840,29,2,122.84,0,245.68
7958,3841,128,1,398.69,0.2,318.95
7959,3842,98,1,11.23,0,11.23
7960,3842,129,1,36.16,0,36.16
7961,3843,84,3,13.12,0,39.36
7962,3843,8,1,255.14,0,255.14
7963,3844,94,1,59.56,0,59.56
7964,3845,68,1,204.27,0.15,173.63
7965,3845,54,3,92.65,0,277.95
7966,3846,17,1,75.74,0.15,64.38
7967,3846,111,2,282.79,0,565.58
7968,3847,18,1,268.84,0.1,241.96
7969,3847,119,1,213.48,0,213.48
7970,3848,65,1,172.37,0.2,137.9
7971,3848,54,1,92.65,0,92.65
7972,3849,10,1,116.26,0,116.26
7973,3849,33,2,49.0,0,98.0
7974,3849,113,2,274.17,0.15,466.09
7975,3849,54,1,92.65,0,92.65
7976,3849,86,1,8.05,0,8.05
7977,3850,123,1,92.73,0,92.73
7978,3850,100,2,69.29,0,138.58
7979,3850,81,1,52.03,0,52.03
7980,3850,54,2,92.65,0,185.3
7981,3851,160,1,40.26,0,40.26
7982,3852,54,1,92.65,0,92.65
7983,3852,67,1,62.01,0,62.01
7984,3852,157,1,65.63,0,65.63
7985,3853,55,1,295.32,0,295.32
7986,3854,94,1,59.56,0,59.56
7987,3855,114,1,240.92,0,240.92
7988,3855,118,2,357.71,0,715.42
7989,3856,113,1,274.17,0.1,246.75
7990,3857,89,2,41.71,0.2,66.74
7991,3857,56,2,48.94,0.2,78.3
7992,3857,60,2,294.14,0.1,529.45
7993,3858,64,1,113.76,0.1,102.38
7994,3858,158,1,14.07,0,14.07
7995,3859,121,2,374.5,0,749.0
7996,3859,84,2,13.12,0,26.24
7997,3859,160,1,40.26,0.1,36.23
7998,3860,9,2,98.65,0.2,157.84
7999,3860,121,1,374.5,0.1,337.05
8000,3861,50,1,55.81,0,55.81
8001,3861,123,1,92.73,0,92.73
8002,3861,94,1,59.56,0,59.56
8003,3862,40,1,53.97,0,53.97
8004,3862,121,1,374.5,0.1,337.05
8005,3863,89,1,41.71,0,41.71
8006,3864,144,2,11.66,0.2,18.66
8007,3864,108,2,97.45,0.1,175.41
8008,3865,43,2,75.67,0,151.34
8009,3866,54,1,92.65,0,92.65
8010,3866,89,2,41.71,0,83.42
8011,3866,64,2,113.76,0.15,193.39
8012,3867,56,1,48.94,0.2,39.15
8013,3867,54,2,92.65,0,185.3
8014,3868,63,1,115.75,0.1,104.17
8015,3868,40,2,53.97,0.1,97.15
8016,3869,33,1,49.0,0,49.0
8017,3870,111,1,282.79,0,282.79
8018,3871,39,2,43.96,0.15,74.73
8019,3871,54,3,92.65,0.1,250.16
8020,3871,111,1,282.79,0,282.79
8021,3872,118,2,357.71,0,715.42
8022,3872,160,1,40.26,0,40.26
8023,3873,40,1,53.97,0,53.97
8024,3874,116,1,217.77,0.1,195.99
8025,3875,46,1,64.69,0.1,58.22
8026,3876,101,2,68.79,0,137.58
8027,3877,91,1,50.62,0,50.62
8028,3877,54,1,92.65,0.15,78.75
8029,3878,152,1,66.12,0.1,59.51
8030,3879,81,2,52.03,0,104.06
8031,3880,54,1,92.65,0.1,83.39
8032,3880,54,2,92.65,0,185.3
8033,3881,142,1,31.27,0,31.27
8034,3882,54,1,92.65,0,92.65
8035,3883,46,3,64.69,0,194.07
8036,3883,97,1,23.97,0,23.97
8037,3883,26,1,66.46,0.15,56.49
8038,3884,126,3,319.24,0,957.72
8039,3884,2,2,198.54,0,397.08
8040,3885,65,2,172.37,0.15,293.03
8041,3885,119,1,213.48,0,213.48
8042,3885,34,1,164.11,0,164.11
8043,3885,160,2,40.26,0.1,72.47
8044,3885,99,3,79.98,0.1,215.95
8045,3886,141,2,71.69,0,143.38
8046,3886,150,1,44.1,0,44.1
8047,3886,64,2,113.76,0,227.52
8048,3886,81,2,52.03,0.2,83.25
8049,3887,145,2,84.99,0.2,135.98
8050,3888,72,1,196.03,0.1,176.43
8051,3888,158,2,14.07,0,28.14
8052,3889,98,1,11.23,0,11.23
8053,3889,110,2,59.23,0,118.46
8054,3890,19,2,229.68,0,459.36
8055,3890,89,2,41.71,0,83.42
8056,3891,73,1,43.45,0,43.45
8057,3891,93,1,19.37,0.1,17.43
8058,3892,52,2,190.14,0.1,342.25
8059,3892,78,1,77.23,0,77.23
8060,3892,121,2,374.5,0,749.0
8061,3893,88,1,39.57,0.15,33.63
8062,3894,18,1,268.84,0.15,228.51
8063,3895,39,2,43.96,0,87.92
8064,3895,159,1,57.51,0,57.51
8065,3895,64,1,113.76,0,113.76
8066,3895,145,1,84.99,0.15,72.24
8067,3895,26,2,66.46,0.1,119.63
8068,3896,35,1,124.39,0,124.39
8069,3897,82,1,54.72,0,54.72
8070,3897,45,1,61.85,0,61.85
8071,3898,61,1,12.8,0,12.8
8072,3899,39,1,43.96,0,43.96
8073,3899,66,1,279.67,0.1,251.7
8074,3899,81,2,52.03,0,104.06
8075,3899,142,1,31.27,0.15,26.58
8076,3900,123,2,92.73,0,185.46
8077,3900,34,1,164.11,0.1,147.7
8078,3901,149,1,68.48,0,68.48
8079,3902,54,1,92.65,0,92.65
8080,3903,8,1,255.14,0,255.14
8081,3903,136,1,116.14,0,116.14
8082,3903,114,1,240.92,0,240.92
8083,3904,91,1,50.62,0,50.62
8084,3904,81,1,52.03,0,52.03
8085,3905,97,1,23.97,0.15,20.37
8086,3906,110,1,59.23,0,59.23
8087,3906,140,1,66.53,0,66.53
8088,3906,40,3,53.97,0,161.91
8089,3907,17,1,75.74,0,75.74
8090,3908,121,1,374.5,0,374.5
8091,3908,160,1,40.26,0,40.26
8092,3909,149,1,68.48,0,68.48
8093,3910,53,3,86.91,0,260.73
8094,3910,18,1,268.84,0,268.84
8095,3911,53,1,86.91,0.15,73.87
8096,3911,17,1,75.74,0,75.74
8097,3912,54,1,92.65,0,92.65
8098,3912,125,1,226.52,0,226.52
8099,3912,160,2,40.26,0,80.52
8100,3912,54,2,92.65,0,185.3
8101,3912,25,3,292.94,0.15,747.0
8102,3913,97,1,23.97,0,23.97
8103,3913,78,2,77.23,0,154.46
8104,3913,25,3,292.94,0,878.82
8105,3913,152,1,66.12,0,66.12
8106,3913,99,1,79.98,0,79.98
8107,3914,137,1,15.32,0.2,12.26
8108,3915,111,1,282.79,0,282.79
8109,3915,95,2,42.95,0,85.9
8110,3915,31,1,121.18,0,121.18
8111,3916,33,2,49.0,0.2,78.4
8112,3916,89,1,41.71,0,41.71
8113,3917,89,1,41.71,0,41.71
8114,3917,130,1,68.02,0,68.02
8115,3917,101,1,68.79,0.1,61.91
8116,3917,110,1,59.23,0,59.23
8117,3917,11,1,176.03,0,176.03
8118,3918,40,1,53.97,0,53.97
8119,3918,34,1,164.11,0,164.11
8120,3918,5,1,135.87,0.2,108.7
8121,3919,18,2,268.84,0,537.68
8122,3920,84,2,13.12,0.15,22.3
8123,3920,1,1,134.64,0.1,121.18
8124,3920,68,2,204.27,0,408.54
8125,3921,66,1,279.67,0,279.67
8126,3922,101,1,68.79,0,68.79
8127,3922,54,1,92.65,0,92.65
8128,3922,87,1,40.81,0,40.81
8129,3922,64,1,113.76,0,113.76
8130,3922,158,1,14.07,0,14.07
8131,3923,106,1,187.33,0,187.33
8132,3923,152,1,66.12,0.1,59.51
8133,3923,18,1,268.84,0.1,241.96
8134,3923,33,1,49.0,0,49.0
8135,3924,54,1,92.65,0.1,83.39
8136,3924,38,1,79.64,0.15,67.69
8137,3924,138,1,24.71,0,24.71
8138,3925,60,3,294.14,0,882.42
8139,3925,30,2,168.06,0.15,285.7
8140,3926,35,2,124.39,0,248.78
8141,3927,61,1,12.8,0,12.8
8142,3927,125,1,226.52,0,226.52
8143,3928,80,1,41.32,0,41.32
8144,3928,143,1,69.82,0,69.82
8145,3928,26,2,66.46,0,132.92
8146,3928,21,1,274.21,0.1,246.79
8147,3928,54,1,92.65,0,92.65
8148,3929,54,1,92.65,0.15,78.75
8149,3929,96,3,51.37,0.1,138.7
8150,3929,129,1,36.16,0.15,30.74
8151,3930,45,1,61.85,0.1,55.66
8152,3931,128,1,398.69,0,398.69
8153,3931,136,1,116.14,0.15,98.72
8154,3931,143,1,69.82,0.1,62.84
8155,3932,86,1,8.05,0,8.05
8156,3932,54,1,92.65,0,92.65
8157,3933,75,1,185.8,0,185.8
8158,3933,160,2,40.26,0,80.52
8159,3934,37,2,83.16,0,166.32
8160,3935,33,1,49.0,0,49.0
8161,3936,152,2,66.12,0.15,112.4
8162,3936,103,1,74.37,0,74.37
8163,3936,91,2,50.62,0,101.24
8164,3937,54,2,92.65,0,185.3
8165,3937,85,1,74.75,0,74.75
8166,3937,52,1,190.14,0,190.14
8167,3938,22,1,399.88,0.15,339.9
8168,3938,156,1,17.86,0,17.86
8169,3938,85,1,74.75,0,74.75
8170,3938,113,1,274.17,0,274.17
8171,3939,98,1,11.23,0,11.23
8172,3939,72,1,196.03,0,196.03
8173,3939,75,3,185.8,0,557.4
8174,3940,25,1,292.94,0.2,234.35
8175,3941,125,1,226.52,0.1,203.87
8176,3941,88,1,39.57,0,39.57
8177,3942,13,2,132.43,0.2,211.89
8178,3943,11,2,176.03,0,352.06
8179,3943,101,1,68.79,0.2,55.03
8180,3943,137,1,15.32,0.1,13.79
8181,3944,91,2,50.62,0.1,91.12
8182,3944,152,1,66.12,0.1,59.51
8183,3945,72,1,196.03,0,196.03
8184,3945,72,1,196.03,0,196.03
8185,3945,91,1,50.62,0.2,40.5
8186,3946,92,1,74.46,0.15,63.29
8187,3946,70,2,67.88,0,135.76
8188,3946,45,1,61.85,0,61.85
8189,3946,91,1,50.62,0,50.62
8190,3947,5,1,135.87,0.1,122.28
8191,3948,119,1,213.48,0,213.48
8192,3948,114,1,240.92,0.1,216.83
8193,3948,112,1,329.53,0.2,263.62
8194,3948,134,1,40.72,0,40.72
8195,3948,29,1,122.84,0,122.84
8196,3949,33,1,49.0,0,49.0
8197,3949,12,3,291.22,0.15,742.61
8198,3950,11,1,176.03,0,176.03
8199,3950,106,2,187.33,0,374.66
8200,3950,108,1,97.45,0.1,87.7
8201,3950,65,1,172.37,0.15,146.51
8202,3951,73,1,43.45,0.1,39.11
8203,3951,64,1,113.76,0,113.76
8204,3951,152,1,66.12,0,66.12
8205,3952,149,1,68.48,0,68.48
8206,3953,54,1,92.65,0,92.65
8207,3953,72,1,196.03,0,196.03
8208,3953,145,1,84.99,0,84.99
8209,3953,13,1,132.43,0,132.43
8210,3953,110,1,59.23,0.1,53.31
8211,3954,111,1,282.79,0.2,226.23
8212,3955,97,1,23.97,0,23.97
8213,3955,126,2,319.24,0.15,542.71
8214,3956,40,1,53.97,0,53.97
8215,3956,152,1,66.12,0.15,56.2
8216,3957,155,1,82.21,0,82.21
8217,3957,12,1,291.22,0,291.22
8218,3958,39,1,43.96,0,43.96
8219,3959,155,1,82.21,0.1,73.99
8220,3960,128,1,398.69,0.15,338.89
8221,3960,94,1,59.56,0.2,47.65
8222,3960,85,2,74.75,0,149.5
8223,3960,72,2,196.03,0,392.06
8224,3960,33,1,49.0,0,49.0
8225,3961,66,1,279.67,0.15,237.72
8226,3961,53,2,86.91,0.1,156.44
8227,3962,61,1,12.8,0.15,10.88
8228,3962,53,1,86.91,0.15,73.87
8229,3963,132,1,101.25,0,101.25
8230,3963,94,1,59.56,0,59.56
8231,3964,17,1,75.74,0,75.74
8232,3964,130,1,68.02,0.15,57.82
8233,3965,131,2,62.23,0.1,112.01
8234,3966,111,1,282.79,0,282.79
8235,3966,98,1,11.23,0,11.23
8236,3966,49,2,111.88,0,223.76
8237,3966,159,1,57.51,0,57.51
8238,3966,85,1,74.75,0,74.75
8239,3967,18,1,268.84,0,268.84
8240,3967,152,1,66.12,0.15,56.2
8241,3967,6,1,180.27,0,180.27
8242,3967,101,1,68.79,0,68.79
8243,3968,54,1,92.65,0.2,74.12
8244,3969,68,1,204.27,0,204.27
8245,3969,51,1,33.99,0.15,28.89
8246,3969,34,1,164.11,0,164.11
8247,3970,135,1,105.74,0,105.74
8248,3970,54,1,92.65,0,92.65
8249,3971,9,1,98.65,0,98.65
8250,3972,152,1,66.12,0,66.12
8251,3972,35,1,124.39,0.1,111.95
8252,3972,8,1,255.14,0,255.14
8253,3972,46,1,64.69,0,64.69
8254,3972,155,1,82.21,0,82.21
8255,3973,91,1,50.62,0,50.62
8256,3973,44,3,83.07,0,249.21
8257,3974,119,2,213.48,0,426.96
8258,3975,120,1,179.87,0,179.87
8259,3975,16,1,232.17,0.1,208.95
8260,3975,86,1,8.05,0.1,7.25
8261,3975,1,1,134.64,0,134.64
8262,3976,61,1,12.8,0,12.8
8263,3976,81,1,52.03,0,52.03
8264,3976,1,1,134.64,0,134.64
8265,3977,97,3,23.97,0.2,57.53
8266,3978,129,1,36.16,0,36.16
8267,3978,15,1,152.22,0,152.22
8268,3978,159,1,57.51,0,57.51
8269,3978,17,3,75.74,0.15,193.14
8270,3978,57,1,91.71,0.1,82.54
8271,3979,96,1,51.37,0.1,46.23
8272,3979,32,1,49.75,0,49.75
8273,3980,18,2,268.84,0.1,483.91
8274,3980,90,1,52.82,0,52.82
8275,3980,79,1,40.31,0,40.31
8276,3981,154,1,83.05,0,83.05
8277,3982,95,1,42.95,0.15,36.51
8278,3982,54,1,92.65,0,92.65
8279,3982,33,1,49.0,0,49.0
8280,3982,129,1,36.16,0,36.16
8281,3982,37,1,83.16,0,83.16
8282,3983,106,1,187.33,0,187.33
8283,3984,54,2,92.65,0.1,166.77
8284,3985,115,1,276.86,0.1,249.17
8285,3985,84,1,13.12,0.15,11.15
8286,3986,159,1,57.51,0,57.51
8287,3986,56,1,48.94,0,48.94
8288,3987,119,1,213.48,0,213.48
8289,3987,98,2,11.23,0,22.46
8290,3988,54,1,92.65,0,92.65
8291,3988,55,1,295.32,0,295.32
8292,3988,54,2,92.65,0,185.3
8293,3989,39,1,43.96,0.1,39.56
8294,3989,123,1,92.73,0,92.73
8295,3990,136,1,116.14,0,116.14
8296,3990,139,1,70.5,0,70.5
8297,3991,27,2,21.73,0,43.46
8298,3992,60,1,294.14,0,294.14
8299,3992,146,2,20.85,0,41.7
8300,3992,134,1,40.72,0,40.72
8301,3993,54,1,92.65,0,92.65
8302,3993,30,2,168.06,0.1,302.51
8303,3993,54,1,92.65,0,92.65
8304,3994,6,1,180.27,0,180.27
8305,3994,106,1,187.33,0.15,159.23
8306,3995,100,1,69.29,0,69.29
8307,3995,121,2,374.5,0,749.0
8308,3995,9,1,98.65,0,98.65
8309,3995,125,1,226.52,0.1,203.87
8310,3996,155,1,82.21,0,82.21
8311,3997,66,2,279.67,0,559.34
8312,3998,98,1,11.23,0,11.23
8313,3999,49,1,111.88,0.1,100.69
8314,3999,152,1,66.12,0.1,59.51
8315,3999,58,1,151.67,0,151.67
8316,4000,119,2,213.48,0,426.96
8317,4000,136,1,116.14,0,116.14
8318,4000,132,1,101.25,0.1,91.12
8319,4001,27,1,21.73,0.1,19.56
8320,4001,17,1,75.74,0.1,68.17
8321,4002,121,1,374.5,0,374.5
8322,4002,150,1,44.1,0,44.1
8323,4003,34,1,164.11,0,164.11
8324,4004,40,1,53.97,0,53.97
8325,4004,159,2,57.51,0.1,103.52
8326,4005,97,1,23.97,0.1,21.57
8327,4005,24,1,346.45,0.15,294.48
8328,4006,117,1,173.82,0,173.82
8329,4007,100,1,69.29,0,69.29
8330,4007,41,2,179.88,0.1,323.78
8331,4008,147,3,23.93,0.15,61.02
8332,4009,6,1,180.27,0,180.27
8333,4009,152,1,66.12,0,66.12
8334,4010,8,1,255.14,0,255.14
8335,4011,100,1,69.29,0,69.29
8336,4011,33,1,49.0,0,49.0
8337,4011,147,2,23.93,0.1,43.07
8338,4011,61,1,12.8,0,12.8
8339,4012,129,3,36.16,0,108.48
8340,4013,148,2,60.49,0.1,108.88
8341,4013,84,2,13.12,0.2,20.99
8342,4013,19,1,229.68,0.15,195.23
8343,4014,17,1,75.74,0.1,68.17
8344,4014,18,2,268.84,0,537.68
8345,4014,113,1,274.17,0.15,233.04
8346,4015,88,1,39.57,0,39.57
8347,4015,87,1,40.81,0,40.81
8348,4016,88,1,39.57,0.1,35.61
8349,4016,1,1,134.64,0,134.64
8350,4017,137,3,15.32,0,45.96
8351,4017,137,1,15.32,0,15.32
8352,4018,119,1,213.48,0,213.48
8353,4019,39,1,43.96,0,43.96
8354,4019,1,1,134.64,0,134.64
8355,4019,61,1,12.8,0,12.8
8356,4020,47,1,173.41,0,173.41
8357,4020,37,3,83.16,0,249.48
8358,4021,6,2,180.27,0,360.54
8359,4021,111,3,282.79,0.1,763.53
8360,4021,68,1,204.27,0.15,173.63
8361,4021,64,1,113.76,0,113.76
8362,4021,61,1,12.8,0,12.8
8363,4022,160,1,40.26,0,40.26
8364,4022,111,3,282.79,0.1,763.53
8365,4023,60,1,294.14,0,294.14
8366,4023,54,1,92.65,0,92.65
8367,4024,54,2,92.65,0.2,148.24
8368,4024,97,1,23.97,0,23.97
8369,4025,127,1,268.94,0.2,215.15
8370,4026,49,2,111.88,0.15,190.2
8371,4027,53,2,86.91,0,173.82
8372,4028,105,1,348.07,0.2,278.46
8373,4029,72,2,196.03,0,392.06
8374,4029,89,1,41.71,0,41.71
8375,4029,142,1,31.27,0,31.27
8376,4030,114,1,240.92,0,240.92
8377,4030,101,1,68.79,0,68.79
8378,4030,31,1,121.18,0,121.18
8379,4031,66,1,279.67,0,279.67
8380,4031,34,1,164.11,0,164.11
8381,4031,30,1,168.06,0,168.06
8382,4031,30,1,168.06,0.15,142.85
8383,4032,124,1,13.96,0.2,11.17
8384,4032,155,1,82.21,0,82.21
8385,4033,139,2,70.5,0.1,126.9
8386,4034,54,1,92.65,0,92.65
8387,4035,13,1,132.43,0,132.43
8388,4035,6,2,180.27,0,360.54
8389,4036,47,2,173.41,0,346.82
8390,4036,41,1,179.88,0,179.88
8391,4037,42,1,80.28,0,80.28
8392,4037,10,1,116.26,0.1,104.63
8393,4037,61,1,12.8,0,12.8
8394,4037,1,1,134.64,0,134.64
8395,4038,132,1,101.25,0,101.25
8396,4039,54,1,92.65,0,92.65
8397,4040,54,1,92.65,0,92.65
8398,4041,68,1,204.27,0,204.27
8399,4041,111,2,282.79,0,565.58
8400,4041,141,1,71.69,0.15,60.94
8401,4042,136,3,116.14,0,348.42
8402,4042,85,1,74.75,0,74.75
8403,4043,61,1,12.8,0,12.8
8404,4043,158,2,14.07,0.15,23.92
8405,4043,146,1,20.85,0,20.85
8406,4044,43,1,75.67,0.1,68.1
8407,4045,62,1,117.07,0.15,99.51
8408,4045,94,2,59.56,0.15,101.25
8409,4046,64,1,113.76,0.1,102.38
8410,4047,68,1,204.27,0,204.27
8411,4047,111,1,282.79,0,282.79
8412,4048,111,1,282.79,0,282.79
8413,4049,16,1,232.17,0,232.17
8414,4049,76,2,65.54,0,131.08
8415,4049,160,2,40.26,0,80.52
8416,4050,118,2,357.71,0.1,643.88
8417,4050,98,1,11.23,0.1,10.11
8418,4051,7,1,33.9,0,33.9
8419,4051,62,1,117.07,0,117.07
8420,4052,16,1,232.17,0,232.17
8421,4052,123,1,92.73,0.15,78.82
8422,4052,139,2,70.5,0.1,126.9
8423,4053,106,1,187.33,0,187.33
8424,4053,82,1,54.72,0,54.72
8425,4053,61,1,12.8,0.15,10.88
8426,4053,78,1,77.23,0,77.23
8427,4054,155,1,82.21,0,82.21
8428,4054,129,2,36.16,0,72.32
8429,4055,25,1,292.94,0,292.94
8430,4056,83,1,23.95,0.1,21.55
8431,4056,16,1,232.17,0,232.17
8432,4056,160,2,40.26,0,80.52
8433,4056,153,2,99.2,0.2,158.72
8434,4057,113,1,274.17,0.15,233.04
8435,4057,34,1,164.11,0.2,131.29
8436,4058,43,1,75.67,0,75.67
8437,4058,152,2,66.12,0,132.24
8438,4058,54,2,92.65,0,185.3
8439,4058,39,1,43.96,0.1,39.56
8440,4059,92,1,74.46,0,74.46
8441,4059,87,1,40.81,0.1,36.73
8442,4060,130,1,68.02,0.15,57.82
8443,4061,31,1,121.18,0.1,109.06
8444,4062,40,1,53.97,0.15,45.87
8445,4062,1,1,134.64,0.2,107.71
8446,4063,140,1,66.53,0,66.53
8447,4064,121,1,374.5,0,374.5
8448,4065,54,1,92.65,0,92.65
8449,4066,73,1,43.45,0.15,36.93
8450,4066,155,1,82.21,0,82.21
8451,4066,147,1,23.93,0,23.93
8452,4066,25,1,292.94,0.15,249.0
8453,4067,56,1,48.94,0,48.94
8454,4067,12,2,291.22,0,582.44
8455,4067,54,2,92.65,0,185.3
8456,4067,57,2,91.71,0,183.42
8457,4068,108,2,97.45,0.15,165.66
8458,4069,103,1,74.37,0,74.37
8459,4069,21,1,274.21,0.15,233.08
8460,4070,11,1,176.03,0,176.03
8461,4070,6,1,180.27,0,180.27
8462,4070,54,2,92.65,0,185.3
8463,4070,152,1,66.12,0,66.12
8464,4071,60,1,294.14,0,294.14
8465,4072,147,1,23.93,0,23.93
8466,4072,68,2,204.27,0.15,347.26
8467,4073,9,1,98.65,0,98.65
8468,4074,108,2,97.45,0.15,165.66
8469,4074,138,1,24.71,0,24.71
8470,4075,7,1,33.9,0,33.9
8471,4075,152,2,66.12,0,132.24
8472,4075,54,1,92.65,0.15,78.75
8473,4076,86,3,8.05,0,24.15
8474,4076,159,1,57.51,0,57.51
8475,4076,128,1,398.69,0,398.69
8476,4076,85,1,74.75,0,74.75
8477,4077,51,1,33.99,0,33.99
8478,4077,54,2,92.65,0,185.3
8479,4077,108,1,97.45,0,97.45
8480,4077,45,1,61.85,0.1,55.66
8481,4078,37,2,83.16,0,166.32
8482,4078,39,1,43.96,0.15,37.37
8483,4079,134,2,40.72,0,81.44
8484,4079,77,1,42.23,0,42.23
8485,4080,72,1,196.03,0,196.03
8486,4080,140,1,66.53,0,66.53
8487,4080,88,1,39.57,0.1,35.61
8488,4081,142,2,31.27,0.2,50.03
8489,4082,136,1,116.14,0.15,98.72
8490,4082,39,1,43.96,0,43.96
8491,4083,97,1,23.97,0,23.97
8492,4084,54,1,92.65,0.15,78.75
8493,4084,102,1,116.44,0,116.44
8494,4084,129,1,36.16,0.1,32.54
8495,4085,39,1,43.96,0.15,37.37
8496,4085,128,1,398.69,0.2,318.95
8497,4085,138,1,24.71,0.15,21.0
8498,4085,34,1,164.11,0,164.11
8499,4086,119,1,213.48,0,213.48
8500,4087,106,1,187.33,0,187.33
8501,4088,114,2,240.92,0,481.84
8502,4088,99,2,79.98,0,159.96
8503,4089,112,2,329.53,0,659.06
8504,4089,7,1,33.9,0,33.9
8505,4089,126,2,319.24,0,638.48
8506,4090,147,1,23.93,0,23.93
8507,4091,78,1,77.23,0,77.23
8508,4091,90,1,52.82,0,52.82
8509,4091,17,1,75.74,0.1,68.17
8510,4092,57,1,91.71,0,91.71
8511,4093,22,1,399.88,0,399.88
8512,4093,19,1,229.68,0,229.68
8513,4094,44,1,83.07,0.15,70.61
8514,4095,64,1,113.76,0.15,96.7
8515,4096,137,1,15.32,0.15,13.02
8516,4096,157,1,65.63,0,65.63
8517,4097,130,1,68.02,0,68.02
8518,4097,119,2,213.48,0,426.96
8519,4097,26,1,66.46,0,66.46
8520,4097,76,2,65.54,0,131.08
8521,4098,25,2,292.94,0,585.88
8522,4098,56,1,48.94,0,48.94
8523,4099,160,1,40.26,0,40.26
8524,4100,35,1,124.39,0,124.39
8525,4101,152,1,66.12,0.15,56.2
8526,4101,126,2,319.24,0.1,574.63
8527,4101,72,1,196.03,0,196.03
8528,4102,153,3,99.2,0,297.6
8529,4102,67,1,62.01,0,62.01
8530,4103,89,1,41.71,0,41.71
8531,4103,63,1,115.75,0,115.75
8532,4104,33,1,49.0,0,49.0
8533,4104,17,1,75.74,0,75.74
8534,4104,114,1,240.92,0.1,216.83
8535,4104,33,2,49.0,0,98.0
8536,4104,127,1,268.94,0,268.94
8537,4105,116,1,217.77,0,217.77
8538,4105,130,1,68.02,0,68.02
8539,4106,129,2,36.16,0,72.32
8540,4107,82,2,54.72,0,109.44
8541,4107,78,2,77.23,0.1,139.01
8542,4107,145,2,84.99,0.2,135.98
8543,4107,111,1,282.79,0,282.79
8544,4107,86,1,8.05,0,8.05
8545,4108,91,2,50.62,0,101.24
8546,4108,95,1,42.95,0,42.95
8547,4109,145,1,84.99,0.1,76.49
8548,4110,86,1,8.05,0.15,6.84
8549,4110,34,1,164.11,0,164.11
8550,4110,78,1,77.23,0,77.23
8551,4111,125,1,226.52,0.1,203.87
8552,4112,71,1,16.86,0.15,14.33
8553,4112,42,2,80.28,0,160.56
8554,4113,8,2,255.14,0,510.28
8555,4114,53,2,86.91,0,173.82
8556,4114,86,1,8.05,0,8.05
8557,4115,61,2,12.8,0,25.6
8558,4116,40,1,53.97,0.15,45.87
8559,4117,61,2,12.8,0,25.6
8560,4117,17,2,75.74,0.1,136.33
8561,4118,121,1,374.5,0.2,299.6
8562,4119,134,3,40.72,0,122.16
8563,4119,54,1,92.65,0,92.65
8564,4119,34,1,164.11,0,164.11
8565,4119,39,2,43.96,0,87.92
8566,4119,64,1,113.76,0,113.76
8567,4120,136,1,116.14,0.1,104.53
8568,4120,12,1,291.22,0.1,262.1
8569,4121,64,1,113.76,0,113.76
8570,4121,152,1,66.12,0,66.12
8571,4121,25,1,292.94,0,292.94
8572,4122,101,1,68.79,0,68.79
8573,4122,160,1,40.26,0.15,34.22
8574,4122,3,1,101.49,0,101.49
8575,4122,54,1,92.65,0,92.65
8576,4122,157,1,65.63,0,65.63
8577,4123,54,1,92.65,0,92.65
8578,4123,54,2,92.65,0,185.3
8579,4124,64,1,113.76,0,113.76
8580,4124,32,1,49.75,0.1,44.77
8581,4125,108,1,97.45,0,97.45
8582,4126,63,1,115.75,0.2,92.6
8583,4127,129,1,36.16,0,36.16
8584,4127,61,1,12.8,0,12.8
8585,4128,108,2,97.45,0.1,175.41
8586,4128,53,1,86.91,0,86.91
8587,4129,88,1,39.57,0,39.57
8588,4130,54,1,92.65,0,92.65
8589,4130,77,2,42.23,0,84.46
8590,4130,54,1,92.65,0.15,78.75
8591,4131,54,1,92.65,0.1,83.39
8592,4132,106,1,187.33,0.15,159.23
8593,4133,9,1,98.65,0,98.65
8594,4133,139,1,70.5,0,70.5
8595,4133,97,1,23.97,0,23.97
8596,4133,112,1,329.53,0,329.53
8597,4134,140,1,66.53,0,66.53
8598,4135,54,2,92.65,0,185.3
8599,4136,115,1,276.86,0.1,249.17
8600,4136,84,2,13.12,0,26.24
8601,4137,6,1,180.27,0,180.27
8602,4138,117,1,173.82,0,173.82
8603,4139,31,1,121.18,0,121.18
8604,4140,8,1,255.14,0.15,216.87
8605,4140,97,1,23.97,0.2,19.18
8606,4141,96,2,51.37,0,102.74
8607,4141,54,1,92.65,0.15,78.75
8608,4142,54,1,92.65,0.1,83.39
8609,4142,138,1,24.71,0,24.71
8610,4143,21,1,274.21,0.1,246.79
8611,4144,20,1,84.59,0,84.59
8612,4144,61,2,12.8,0,25.6
8613,4145,31,1,121.18,0,121.18
8614,4145,34,1,164.11,0,164.11
8615,4146,110,1,59.23,0,59.23
8616,4146,71,2,16.86,0,33.72
8617,4147,111,1,282.79,0,282.79
8618,4147,15,1,152.22,0.1,137.0
8619,4147,54,2,92.65,0,185.3
8620,4148,94,1,59.56,0,59.56
8621,4148,96,2,51.37,0.1,92.47
8622,4148,121,1,374.5,0.15,318.32
8623,4149,46,1,64.69,0,64.69
8624,4150,54,1,92.65,0,92.65
8625,4150,78,1,77.23,0.15,65.65
8626,4150,77,1,42.23,0,42.23
8627,4150,107,1,335.62,0,335.62
8628,4151,34,1,164.11,0,164.11
8629,4151,91,1,50.62,0.1,45.56
8630,4152,8,1,255.14,0,255.14
8631,4152,40,1,53.97,0,53.97
8632,4153,152,3,66.12,0,198.36
8633,4153,129,2,36.16,0,72.32
8634,4154,158,1,14.07,0,14.07
8635,4154,49,1,111.88,0.15,95.1
8636,4154,78,3,77.23,0,231.69
8637,4155,114,1,240.92,0,240.92
8638,4155,60,2,294.14,0,588.28
8639,4156,64,2,113.76,0,227.52
8640,4157,111,2,282.79,0,565.58
8641,4158,24,1,346.45,0.15,294.48
8642,4158,84,1,13.12,0,13.12
8643,4159,49,1,111.88,0,111.88
8644,4159,15,2,152.22,0,304.44
8645,4159,127,1,268.94,0,268.94
8646,4159,33,1,49.0,0,49.0
8647,4160,34,1,164.11,0,164.11
8648,4161,34,1,164.11,0,164.11
8649,4161,67,1,62.01,0,62.01
8650,4161,97,1,23.97,0,23.97
8651,4161,47,1,173.41,0,173.41
8652,4162,152,1,66.12,0,66.12
8653,4162,66,1,279.67,0,279.67
8654,4163,114,1,240.92,0.2,192.74
8655,4163,8,1,255.14,0,255.14
8656,4164,26,1,66.46,0,66.46
8657,4164,15,1,152.22,0,152.22
8658,4164,98,1,11.23,0,11.23
8659,4164,18,1,268.84,0,268.84
8660,4164,53,1,86.91,0,86.91
8661,4165,82,1,54.72,0,54.72
8662,4165,144,1,11.66,0,11.66
8663,4165,39,1,43.96,0,43.96
8664,4165,100,2,69.29,0.1,124.72
8665,4166,54,1,92.65,0,92.65
8666,4166,39,1,43.96,0,43.96
8667,4167,110,2,59.23,0.1,106.61
8668,4168,88,1,39.57,0.2,31.66
8669,4168,71,1,16.86,0,16.86
8670,4168,16,1,232.17,0.1,208.95
8671,4169,54,1,92.65,0,92.65
8672,4170,131,1,62.23,0.2,49.78
8673,4171,108,2,97.45,0,194.9
8674,4171,140,1,66.53,0,66.53
8675,4172,144,1,11.66,0,11.66
8676,4173,101,2,68.79,0,137.58
8677,4174,56,1,48.94,0,48.94
8678,4175,57,1,91.71,0,91.71
8679,4175,56,1,48.94,0,48.94
8680,4176,75,1,185.8,0.1,167.22
8681,4176,110,3,59.23,0,177.69
8682,4176,50,1,55.81,0.1,50.23
8683,4176,118,2,357.71,0,715.42
8684,4177,41,2,179.88,0.15,305.8
8685,4177,116,1,217.77,0.1,195.99
8686,4178,71,2,16.86,0.1,30.35
8687,4178,33,1,49.0,0,49.0
8688,4179,97,1,23.97,0.2,19.18
8689,4179,101,1,68.79,0,68.79
8690,4180,145,1,84.99,0,84.99
8691,4180,54,1,92.65,0,92.65
8692,4180,136,1,116.14,0,116.14
8693,4180,140,1,66.53,0,66.53
8694,4180,89,2,41.71,0,83.42
8695,4181,84,1,13.12,0,13.12
8696,4181,105,1,348.07,0.2,278.46
8697,4182,97,1,23.97,0,23.97
8698,4183,150,1,44.1,0.15,37.48
8699,4184,85,2,74.75,0,149.5
8700,4184,11,1,176.03,0,176.03
8701,4185,31,2,121.18,0,242.36
8702,4185,39,1,43.96,0,43.96
8703,4186,8,1,255.14,0,255.14
8704,4187,152,1,66.12,0,66.12
8705,4187,84,1,13.12,0,13.12
8706,4188,106,1,187.33,0.2,149.86
8707,4188,78,1,77.23,0,77.23
8708,4189,77,1,42.23,0,42.23
8709,4190,132,1,101.25,0,101.25
8710,4191,110,2,59.23,0,118.46
8711,4191,118,1,357.71,0,357.71
8712,4192,72,1,196.03,0,196.03
8713,4192,8,1,255.14,0,255.14
8714,4193,75,2,185.8,0,371.6
8715,4193,79,1,40.31,0,40.31
8716,4194,1,3,134.64,0.15,343.33
8717,4194,94,1,59.56,0,59.56
8718,4194,85,1,74.75,0,74.75
8719,4195,16,1,232.17,0,232.17
8720,4195,132,1,101.25,0.1,91.12
8721,4195,152,1,66.12,0,66.12
8722,4196,11,3,176.03,0,528.09
8723,4196,93,1,19.37,0,19.37
8724,4196,124,1,13.96,0,13.96
8725,4196,149,1,68.48,0,68.48
8726,4197,54,1,92.65,0,92.65
8727,4197,148,1,60.49,0.15,51.42
8728,4197,121,1,374.5,0.1,337.05
8729,4198,154,1,83.05,0,83.05
8730,4199,116,1,217.77,0,217.77
8731,4200,110,1,59.23,0.1,53.31
8732,4200,54,1,92.65,0,92.65
8733,4200,157,1,65.63,0,65.63
8734,4200,158,1,14.07,0,14.07
8735,4201,51,2,33.99,0,67.98
8736,4202,134,1,40.72,0.2,32.58
8737,4203,136,1,116.14,0,116.14
8738,4203,52,2,190.14,0,380.28
8739,4204,97,1,23.97,0,23.97
8740,4205,85,1,74.75,0.1,67.28
8741,4205,119,1,213.48,0.15,181.46
8742,4206,47,1,173.41,0.1,156.07
8743,4207,106,1,187.33,0,187.33
8744,4207,29,1,122.84,0,122.84
8745,4208,2,1,198.54,0.15,168.76
8746,4209,40,1,53.97,0.1,48.57
8747,4209,109,2,22.1,0,44.2
8748,4209,131,1,62.23,0.15,52.9
8749,4209,34,1,164.11,0,164.11
8750,4210,54,1,92.65,0,92.65
8751,4210,114,2,240.92,0,481.84
8752,4210,24,1,346.45,0,346.45
8753,4211,7,1,33.9,0,33.9
8754,4211,40,1,53.97,0.1,48.57
8755,4212,54,1,92.65,0,92.65
8756,4212,5,1,135.87,0,135.87
8757,4212,37,1,83.16,0.1,74.84
8758,4212,21,1,274.21,0.15,233.08
8759,4212,41,1,179.88,0,179.88
8760,4213,43,2,75.67,0,151.34
8761,4214,119,1,213.48,0.15,181.46
8762,4214,109,1,22.1,0,22.1
8763,4215,54,1,92.65,0,92.65
8764,4215,132,1,101.25,0.15,86.06
8765,4216,5,1,135.87,0,135.87
8766,4217,154,1,83.05,0.1,74.75
8767,4217,54,1,92.65,0.1,83.39
8768,4217,152,1,66.12,0,66.12
8769,4217,39,1,43.96,0,43.96
8770,4217,6,2,180.27,0,360.54
8771,4218,130,1,68.02,0.1,61.22
8772,4218,126,2,319.24,0.1,574.63
8773,4218,39,3,43.96,0,131.88
8774,4219,40,1,53.97,0,53.97
8775,4219,54,1,92.65,0,92.65
8776,4219,33,1,49.0,0,49.0
8777,4220,119,1,213.48,0,213.48
8778,4221,83,1,23.95,0,23.95
8779,4221,30,3,168.06,0,504.18
8780,4221,3,2,101.49,0.1,182.68
8781,4221,24,1,346.45,0.2,277.16
8782,4222,95,1,42.95,0,42.95
8783,4223,75,1,185.8,0,185.8
8784,4223,152,1,66.12,0.1,59.51
8785,4223,138,1,24.71,0.1,22.24
8786,4223,96,1,51.37,0.2,41.1
8787,4224,88,3,39.57,0,118.71
8788,4224,68,1,204.27,0,204.27
8789,4225,47,1,173.41,0,173.41
8790,4226,148,1,60.49,0,60.49
8791,4227,61,1,12.8,0,12.8
8792,4227,50,1,55.81,0.1,50.23
8793,4228,88,2,39.57,0.2,63.31
8794,4228,11,1,176.03,0,176.03
8795,4228,106,1,187.33,0,187.33
8796,4229,139,1,70.5,0,70.5
8797,4229,97,2,23.97,0,47.94
8798,4229,147,1,23.93,0.1,21.54
8799,4229,111,1,282.79,0.1,254.51
8800,4230,87,1,40.81,0.15,34.69
8801,4230,8,1,255.14,0,255.14
8802,4231,54,2,92.65,0,185.3
8803,4231,98,1,11.23,0.1,10.11
8804,4231,153,1,99.2,0,99.2
8805,4232,149,1,68.48,0,68.48
8806,4232,142,1,31.27,0.15,26.58
8807,4232,32,2,49.75,0,99.5
8808,4233,8,1,255.14,0,255.14
8809,4233,137,2,15.32,0.1,27.58
8810,4233,11,1,176.03,0,176.03
8811,4234,38,1,79.64,0,79.64
8812,4234,25,1,292.94,0.1,263.65
8813,4234,74,1,41.44,0,41.44
8814,4235,61,1,12.8,0.2,10.24
8815,4236,2,3,198.54,0.2,476.5
8816,4236,91,1,50.62,0,50.62
8817,4237,68,1,204.27,0.1,183.84
8818,4238,63,2,115.75,0,231.5
8819,4238,107,2,335.62,0,671.24
8820,4238,30,1,168.06,0,168.06
8821,4238,35,2,124.39,0,248.78
8822,4239,40,1,53.97,0,53.97
8823,4239,72,1,196.03,0.1,176.43
8824,4239,142,1,31.27,0,31.27
8825,4239,71,2,16.86,0,33.72
8826,4240,75,1,185.8,0,185.8
8827,4241,94,1,59.56,0,59.56
8828,4241,48,2,156.79,0.1,282.22
8829,4242,18,1,268.84,0.1,241.96
8830,4242,132,2,101.25,0,202.5
8831,4243,1,1,134.64,0.15,114.44
8832,4243,139,1,70.5,0.1,63.45
8833,4244,54,1,92.65,0.2,74.12
8834,4244,91,1,50.62,0,50.62
8835,4244,54,1,92.65,0,92.65
8836,4245,113,1,274.17,0,274.17
8837,4245,49,1,111.88,0,111.88
8838,4245,140,1,66.53,0,66.53
8839,4246,54,1,92.65,0,92.65
8840,4246,145,2,84.99,0.15,144.48
8841,4247,2,1,198.54,0,198.54
8842,4247,152,1,66.12,0,66.12
8843,4248,11,1,176.03,0,176.03
8844,4248,64,1,113.76,0,113.76
8845,4249,70,1,67.88,0,67.88
8846,4249,42,2,80.28,0,160.56
8847,4250,9,1,98.65,0.2,78.92
8848,4250,49,1,111.88,0,111.88
8849,4251,96,1,51.37,0.15,43.66
8850,4251,74,1,41.44,0,41.44
8851,4251,121,1,374.5,0,374.5
8852,4252,58,1,151.67,0,151.67
8853,4252,85,1,74.75,0,74.75
8854,4252,17,1,75.74,0,75.74
8855,4252,91,1,50.62,0.15,43.03
8856,4253,3,1,101.49,0.2,81.19
8857,4253,124,1,13.96,0,13.96
8858,4253,18,2,268.84,0,537.68
8859,4253,119,1,213.48,0.2,170.78
8860,4254,91,1,50.62,0.2,40.5
8861,4254,84,1,13.12,0.1,11.81
8862,4254,106,1,187.33,0,187.33
8863,4255,101,1,68.79,0,68.79
8864,4255,127,1,268.94,0,268.94
8865,4255,42,2,80.28,0,160.56
8866,4255,110,1,59.23,0,59.23
8867,4256,107,2,335.62,0.15,570.55
8868,4256,61,2,12.8,0.1,23.04
8869,4257,70,1,67.88,0.1,61.09
8870,4257,89,1,41.71,0,41.71
8871,4258,111,2,282.79,0,565.58
8872,4258,115,1,276.86,0.15,235.33
8873,4258,146,1,20.85,0,20.85
8874,4258,40,1,53.97,0.1,48.57
8875,4259,84,1,13.12,0.2,10.5
8876,4259,7,1,33.9,0,33.9
8877,4259,56,2,48.94,0,97.88
8878,4260,140,1,66.53,0.1,59.88
8879,4260,141,1,71.69,0.2,57.35
8880,4260,103,1,74.37,0,74.37
8881,4260,100,1,69.29,0,69.29
8882,4261,35,1,124.39,0,124.39
8883,4262,152,1,66.12,0.1,59.51
8884,4263,64,1,113.76,0.1,102.38
8885,4264,54,1,92.65,0,92.65
8886,4265,152,3,66.12,0,198.36
8887,4266,47,2,173.41,0,346.82
8888,4266,114,2,240.92,0,481.84
8889,4267,92,1,74.46,0,74.46
8890,4268,94,1,59.56,0.15,50.63
8891,4269,42,3,80.28,0,240.84
8892,4269,56,1,48.94,0,48.94
8893,4269,27,1,21.73,0.1,19.56
8894,4269,111,1,282.79,0,282.79
8895,4270,51,1,33.99,0,33.99
8896,4271,21,1,274.21,0,274.21
8897,4272,142,1,31.27,0,31.27
8898,4272,126,1,319.24,0,319.24
8899,4272,135,1,105.74,0,105.74
8900,4272,84,1,13.12,0,13.12
8901,4272,56,1,48.94,0,48.94
8902,4273,72,1,196.03,0.2,156.82
8903,4273,13,1,132.43,0.15,112.57
8904,4273,54,1,92.65,0,92.65
8905,4274,79,1,40.31,0.1,36.28
8906,4275,85,2,74.75,0,149.5
8907,4275,54,1,92.65,0,92.65
8908,4275,31,1,121.18,0.1,109.06
8909,4276,24,2,346.45,0,692.9
8910,4277,78,2,77.23,0,154.46
8911,4277,136,1,116.14,0,116.14
8912,4277,33,1,49.0,0,49.0
8913,4277,56,1,48.94,0,48.94
8914,4278,47,2,173.41,0,346.82
8915,4279,39,1,43.96,0,43.96
8916,4280,78,1,77.23,0.1,69.51
8917,4281,47,1,173.41,0,173.41
8918,4281,118,1,357.71,0,357.71
8919,4281,143,1,69.82,0,69.82
8920,4282,67,1,62.01,0,62.01
8921,4282,13,2,132.43,0,264.86
8922,4283,119,1,213.48,0,213.48
8923,4283,145,1,84.99,0.15,72.24
8924,4283,111,1,282.79,0,282.79
8925,4284,54,1,92.65,0.1,83.39
8926,4284,28,2,93.65,0,187.3
8927,4285,20,3,84.59,0,253.77
8928,4286,153,1,99.2,0,99.2
8929,4287,88,1,39.57,0,39.57
8930,4287,145,1,84.99,0,84.99
8931,4288,50,1,55.81,0,55.81
8932,4288,27,1,21.73,0,21.73
8933,4288,8,2,255.14,0,510.28
8934,4288,116,2,217.77,0,435.54
8935,4289,107,3,335.62,0,1006.86
8936,4289,152,1,66.12,0.1,59.51
8937,4289,106,1,187.33,0,187.33
8938,4290,18,1,268.84,0.2,215.07
8939,4290,147,1,23.93,0,23.93
8940,4291,141,1,71.69,0.1,64.52
8941,4291,143,1,69.82,0,69.82
8942,4291,19,2,229.68,0.1,413.42
8943,4291,143,2,69.82,0,139.64
8944,4292,50,1,55.81,0,55.81
8945,4292,33,2,49.0,0,98.0
8946,4292,6,1,180.27,0,180.27
8947,4292,54,1,92.65,0,92.65
8948,4293,54,1,92.65,0.15,78.75
8949,4293,152,1,66.12,0,66.12
8950,4294,108,1,97.45,0,97.45
8951,4295,152,1,66.12,0,66.12
8952,4295,40,2,53.97,0.1,97.15
8953,4296,50,2,55.81,0.1,100.46
8954,4297,79,1,40.31,0.2,32.25
8955,4297,140,1,66.53,0.1,59.88
8956,4298,54,1,92.65,0,92.65
8957,4298,111,1,282.79,0,282.79
8958,4299,8,1,255.14,0,255.14
8959,4300,123,1,92.73,0,92.73
8960,4300,10,1,116.26,0,116.26
8961,4301,111,2,282.79,0,565.58
8962,4301,54,1,92.65,0.15,78.75
8963,4302,111,1,282.79,0,282.79
8964,4303,134,1,40.72,0.1,36.65
8965,4303,154,3,83.05,0,249.15
8966,4303,159,1,57.51,0,57.51
8967,4303,80,2,41.32,0,82.64
8968,4303,121,2,374.5,0,749.0
8969,4304,31,1,121.18,0,121.18
8970,4304,55,2,295.32,0.2,472.51
8971,4305,52,2,190.14,0,380.28
8972,4305,89,1,41.71,0.15,35.45
8973,4306,34,1,164.11,0,164.11
8974,4306,145,1,84.99,0.15,72.24
8975,4307,97,2,23.97,0,47.94
8976,4307,85,2,74.75,0,149.5
8977,4308,80,1,41.32,0.15,35.12
8978,4309,101,1,68.79,0,68.79
8979,4309,54,1,92.65,0,92.65
8980,4309,158,1,14.07,0,14.07
8981,4309,64,1,113.76,0.15,96.7
8982,4310,136,1,116.14,0,116.14
8983,4311,87,2,40.81,0,81.62
8984,4312,126,2,319.24,0.1,574.63
8985,4313,9,1,98.65,0,98.65
8986,4314,123,1,92.73,0.1,83.46
8987,4315,135,1,105.74,0,105.74
8988,4315,40,1,53.97,0.2,43.18
8989,4316,119,1,213.48,0.1,192.13
8990,4317,129,1,36.16,0.1,32.54
8991,4317,24,1,346.45,0,346.45
8992,4318,87,1,40.81,0,40.81
8993,4319,71,1,16.86,0,16.86
8994,4319,91,1,50.62,0,50.62
8995,4319,10,1,116.26,0,116.26
8996,4319,114,1,240.92,0,240.92
8997,4320,97,1,23.97,0,23.97
8998,4321,36,1,143.82,0.1,129.44
8999,4322,142,1,31.27,0,31.27
9000,4322,40,1,53.97,0,53.97
9001,4323,61,2,12.8,0,25.6
9002,4323,24,1,346.45,0.1,311.81
9003,4323,102,1,116.44,0,116.44
9004,4324,111,1,282.79,0.1,254.51
9005,4324,73,1,43.45,0,43.45
9006,4325,97,1,23.97,0.15,20.37
9007,4325,160,2,40.26,0,80.52
9008,4325,68,1,204.27,0,204.27
9009,4326,160,1,40.26,0,40.26
9010,4326,149,1,68.48,0,68.48
9011,4326,85,1,74.75,0.15,63.54
9012,4327,1,1,134.64,0.15,114.44
9013,4328,101,1,68.79,0.15,58.47
9014,4328,121,1,374.5,0,374.5
9015,4328,85,3,74.75,0,224.25
9016,4328,111,1,282.79,0,282.79
9017,4328,44,3,83.07,0,249.21
9018,4329,98,2,11.23,0,22.46
9019,4330,112,1,329.53,0.1,296.58
9020,4330,112,2,329.53,0.1,593.15
9021,4331,114,1,240.92,0,240.92
9022,4331,49,1,111.88,0,111.88
9023,4332,160,1,40.26,0,40.26
9024,4332,76,2,65.54,0,131.08
9025,4332,29,1,122.84,0,122.84
9026,4333,99,2,79.98,0.2,127.97
9027,4333,98,1,11.23,0,11.23
9028,4334,113,1,274.17,0,274.17
9029,4335,52,1,190.14,0.15,161.62
9030,4335,94,1,59.56,0.15,50.63
9031,4336,61,1,12.8,0,12.8
9032,4337,130,1,68.02,0,68.02
9033,4338,110,1,59.23,0,59.23
9034,4338,17,1,75.74,0,75.74
9035,4338,16,1,232.17,0,232.17
9036,4338,107,1,335.62,0,335.62
9037,4339,34,1,164.11,0,164.11
9038,4339,121,3,374.5,0.1,1011.15
9039,4339,109,1,22.1,0.1,19.89
9040,4339,91,1,50.62,0,50.62
9041,4340,155,1,82.21,0,82.21
9042,4340,94,1,59.56,0,59.56
9043,4340,141,1,71.69,0,71.69
9044,4341,54,3,92.65,0,277.95
9045,4341,44,1,83.07,0,83.07
9046,4342,103,1,74.37,0,74.37
9047,4342,87,1,40.81,0.15,34.69
9048,4343,61,1,12.8,0,12.8
9049,4343,150,2,44.1,0,88.2
9050,4343,152,1,66.12,0.1,59.51
9051,4344,33,1,49.0,0,49.0
9052,4345,68,3,204.27,0,612.81
9053,4345,34,1,164.11,0,164.11
9054,4345,121,1,374.5,0.1,337.05
9055,4345,54,3,92.65,0,277.95
9056,4346,119,1,213.48,0.15,181.46
9057,4347,140,2,66.53,0.1,119.75
9058,4348,113,1,274.17,0,274.17
9059,4349,44,1,83.07,0.15,70.61
9060,4349,56,1,48.94,0.15,41.6
9061,4349,131,2,62.23,0.1,112.01
9062,4349,61,2,12.8,0,25.6
9063,4349,54,1,92.65,0.15,78.75
9064,4350,68,1,204.27,0,204.27
9065,4351,91,1,50.62,0,50.62
9066,4352,54,1,92.65,0,92.65
9067,4353,56,1,48.94,0.15,41.6
9068,4353,49,2,111.88,0,223.76
9069,4353,119,2,213.48,0.1,384.26
9070,4354,160,1,40.26,0,40.26
9071,4354,34,1,164.11,0,164.11
9072,4354,54,2,92.65,0,185.3
9073,4355,42,1,80.28,0.1,72.25
9074,4356,84,1,13.12,0.2,10.5
9075,4356,145,1,84.99,0.1,76.49
9076,4357,66,1,279.67,0,279.67
9077,4357,44,1,83.07,0.15,70.61
9078,4358,22,1,399.88,0,399.88
9079,4358,39,1,43.96,0,43.96
9080,4358,106,1,187.33,0.2,149.86
9081,4358,113,2,274.17,0.1,493.51
9082,4359,89,1,41.71,0.15,35.45
9083,4359,88,1,39.57,0,39.57
9084,4360,83,1,23.95,0,23.95
9085,4360,54,1,92.65,0.15,78.75
9086,4360,8,1,255.14,0,255.14
9087,4360,68,1,204.27,0.1,183.84
9088,4361,64,1,113.76,0,113.76
9089,4362,45,1,61.85,0,61.85
9090,4362,158,1,14.07,0,14.07
9091,4362,149,1,68.48,0.2,54.78
9092,4362,158,1,14.07,0.1,12.66
9093,4363,19,1,229.68,0,229.68
9094,4363,121,1,374.5,0,374.5
9095,4363,54,3,92.65,0,277.95
9096,4363,152,2,66.12,0,132.24
9097,4363,101,1,68.79,0.15,58.47
9098,4364,34,1,164.11,0.1,147.7
9099,4364,134,2,40.72,0,81.44
9100,4364,86,1,8.05,0.15,6.84
9101,4365,31,2,121.18,0,242.36
9102,4365,15,2,152.22,0,304.44
9103,4365,152,1,66.12,0.15,56.2
9104,4365,84,1,13.12,0,13.12
9105,4366,118,1,357.71,0.1,321.94
9106,4366,113,1,274.17,0.15,233.04
9107,4366,153,3,99.2,0.1,267.84
9108,4367,119,1,213.48,0,213.48
9109,4367,127,1,268.94,0.1,242.05
9110,4368,111,1,282.79,0.2,226.23
9111,4368,57,1,91.71,0.15,77.95
9112,4369,123,1,92.73,0.2,74.18
9113,4370,68,1,204.27,0,204.27
9114,4371,102,1,116.44,0,116.44
9115,4372,135,1,105.74,0.1,95.17
9116,4372,17,1,75.74,0,75.74
9117,4373,129,1,36.16,0.1,32.54
9118,4373,67,1,62.01,0.15,52.71
9119,4374,56,1,48.94,0,48.94
9120,4375,25,1,292.94,0,292.94
9121,4376,139,1,70.5,0,70.5
9122,4376,98,1,11.23,0.15,9.55
9123,4376,129,1,36.16,0,36.16
9124,4377,131,2,62.23,0,124.46
9125,4377,93,1,19.37,0.2,15.5
9126,4378,137,1,15.32,0.15,13.02
9127,4378,72,1,196.03,0.1,176.43
9128,4379,143,3,69.82,0,209.46
9129,4380,111,2,282.79,0,565.58
9130,4380,13,1,132.43,0,132.43
9131,4381,18,1,268.84,0,268.84
9132,4381,159,1,57.51,0,57.51
9133,4382,124,1,13.96,0,13.96
9134,4382,84,2,13.12,0.15,22.3
9135,4382,2,2,198.54,0,397.08
9136,4382,54,1,92.65,0,92.65
9137,4382,53,1,86.91,0,86.91
9138,4383,116,1,217.77,0,217.77
9139,4383,102,2,116.44,0,232.88
9140,4383,46,1,64.69,0,64.69
9141,4384,91,2,50.62,0,101.24
9142,4384,38,1,79.64,0,79.64
9143,4384,119,2,213.48,0,426.96
9144,4385,120,2,179.87,0.2,287.79
9145,4385,51,1,33.99,0.1,30.59
9146,4386,152,1,66.12,0,66.12
9147,4386,54,1,92.65,0,92.65
9148,4387,140,2,66.53,0,133.06
9149,4388,77,1,42.23,0,42.23
9150,4389,61,2,12.8,0.1,23.04
9151,4390,54,1,92.65,0,92.65
9152,4390,11,1,176.03,0,176.03
9153,4391,101,1,68.79,0,68.79
9154,4392,108,1,97.45,0.2,77.96
9155,4392,47,1,173.41,0.15,147.4
9156,4393,91,1,50.62,0,50.62
9157,4393,12,1,291.22,0,291.22
9158,4394,88,1,39.57,0,39.57
9159,4394,56,1,48.94,0,48.94
9160,4395,126,1,319.24,0,319.24
9161,4395,33,2,49.0,0.1,88.2
9162,4396,108,1,97.45,0.2,77.96
9163,4396,71,2,16.86,0,33.72
9164,4396,107,1,335.62,0,335.62
9165,4397,39,1,43.96,0,43.96
9166,4397,2,1,198.54,0.15,168.76
9167,4398,158,2,14.07,0,28.14
9168,4398,94,1,59.56,0,59.56
9169,4398,83,1,23.95,0,23.95
9170,4399,46,1,64.69,0,64.69
9171,4399,107,2,335.62,0,671.24
9172,4400,135,1,105.74,0,105.74
9173,4400,138,1,24.71,0,24.71
9174,4400,116,1,217.77,0,217.77
9175,4401,140,3,66.53,0,199.59
9176,4401,128,2,398.69,0,797.38
9177,4402,83,1,23.95,0,23.95
9178,4402,135,1,105.74,0,105.74
9179,4402,1,1,134.64,0,134.64
9180,4402,102,1,116.44,0.15,98.97
9181,4403,27,1,21.73,0.15,18.47
9182,4404,141,1,71.69,0,71.69
9183,4405,132,1,101.25,0,101.25
9184,4405,54,1,92.65,0,92.65
9185,4406,132,2,101.25,0,202.5
9186,4406,85,1,74.75,0.1,67.28
9187,4407,93,1,19.37,0,19.37
9188,4407,44,1,83.07,0,83.07
9189,4407,108,1,97.45,0,97.45
9190,4407,119,1,213.48,0,213.48
9191,4408,103,2,74.37,0,148.74
9192,4408,100,1,69.29,0.15,58.9
9193,4409,61,1,12.8,0,12.8
9194,4409,97,1,23.97,0,23.97
9195,4410,50,1,55.81,0,55.81
9196,4410,76,1,65.54,0,65.54
9197,4411,39,2,43.96,0,87.92
9198,4411,101,1,68.79,0,68.79
9199,4412,15,2,152.22,0,304.44
9200,4412,54,1,92.65,0,92.65
9201,4413,72,2,196.03,0,392.06
9202,4414,17,1,75.74,0,75.74
9203,4415,40,1,53.97,0,53.97
9204,4415,112,1,329.53,0.1,296.58
9205,4416,48,1,156.79,0,156.79
9206,4416,42,1,80.28,0,80.28
9207,4416,18,2,268.84,0,537.68
9208,4416,137,1,15.32,0,15.32
9209,4417,123,1,92.73,0,92.73
9210,4417,52,1,190.14,0.1,171.13
9211,4417,28,1,93.65,0,93.65
9212,4418,65,1,172.37,0,172.37
9213,4419,64,1,113.76,0,113.76
9214,4420,120,1,179.87,0,179.87
9215,4420,33,2,49.0,0,98.0
9216,4420,7,2,33.9,0,67.8
9217,4420,117,2,173.82,0,347.64
9218,4421,149,1,68.48,0,68.48
9219,4421,61,1,12.8,0,12.8
9220,4422,148,1,60.49,0.15,51.42
9221,4422,77,1,42.23,0.2,33.78
9222,4422,98,1,11.23,0.1,10.11
9223,4422,96,1,51.37,0,51.37
9224,4423,157,2,65.63,0,131.26
9225,4423,145,1,84.99,0,84.99
9226,4423,54,1,92.65,0,92.65
9227,4423,159,2,57.51,0,115.02
9228,4423,132,1,101.25,0,101.25
9229,4424,53,1,86.91,0,86.91
9230,4425,54,1,92.65,0,92.65
9231,4425,88,1,39.57,0,39.57
9232,4426,58,2,151.67,0,303.34
9233,4426,54,2,92.65,0,185.3
9234,4427,103,1,74.37,0,74.37
9235,4428,29,2,122.84,0,245.68
9236,4429,89,2,41.71,0,83.42
9237,4430,126,3,319.24,0,957.72
9238,4431,66,1,279.67,0,279.67
9239,4431,142,1,31.27,0,31.27
9240,4431,54,1,92.65,0,92.65
9241,4431,126,1,319.24,0.15,271.35
9242,4431,112,1,329.53,0,329.53
9243,4432,106,1,187.33,0.2,149.86
9244,4432,20,1,84.59,0,84.59
9245,4432,142,1,31.27,0.2,25.02
9246,4433,87,1,40.81,0,40.81
9247,4433,157,1,65.63,0.15,55.79
9248,4434,18,3,268.84,0,806.52
9249,4435,105,2,348.07,0.2,556.91
9250,4435,56,1,48.94,0,48.94
9251,4436,88,1,39.57,0,39.57
9252,4436,147,2,23.93,0,47.86
9253,4436,145,1,84.99,0.15,72.24
9254,4436,65,1,172.37,0,172.37
9255,4437,82,2,54.72,0,109.44
9256,4437,86,2,8.05,0,16.1
9257,4437,36,1,143.82,0,143.82
9258,4438,9,1,98.65,0,98.65
9259,4438,54,1,92.65,0,92.65
9260,4439,140,1,66.53,0,66.53
9261,4439,78,1,77.23,0.1,69.51
9262,4440,26,2,66.46,0,132.92
9263,4440,88,2,39.57,0,79.14
9264,4441,44,1,83.07,0,83.07
9265,4442,110,1,59.23,0,59.23
9266,4442,41,1,179.88,0,179.88
9267,4443,40,1,53.97,0,53.97
9268,4443,111,1,282.79,0,282.79
9269,4444,130,1,68.02,0.15,57.82
9270,4444,108,2,97.45,0,194.9
9271,4444,78,1,77.23,0,77.23
9272,4444,105,1,348.07,0,348.07
9273,4445,114,1,240.92,0,240.92
9274,4446,114,2,240.92,0,481.84
9275,4446,56,1,48.94,0,48.94
9276,4447,110,1,59.23,0,59.23
9277,4447,40,1,53.97,0,53.97
9278,4447,118,3,357.71,0,1073.13
9279,4448,144,2,11.66,0,23.32
9280,4449,77,2,42.23,0.2,67.57
9281,4449,119,1,213.48,0.15,181.46
9282,4450,102,2,116.44,0.1,209.59
9283,4451,61,1,12.8,0,12.8
9284,4451,98,1,11.23,0,11.23
9285,4451,31,1,121.18,0,121.18
9286,4451,140,1,66.53,0,66.53
9287,4452,47,1,173.41,0.1,156.07
9288,4453,148,1,60.49,0.1,54.44
9289,4453,100,1,69.29,0,69.29
9290,4454,140,1,66.53,0,66.53
9291,4455,42,1,80.28,0,80.28
9292,4456,148,1,60.49,0,60.49
9293,4457,94,1,59.56,0,59.56
9294,4457,140,1,66.53,0.1,59.88
9295,4458,56,1,48.94,0,48.94
9296,4459,101,1,68.79,0,68.79
9297,4460,56,3,48.94,0,146.82
9298,4461,119,1,213.48,0,213.48
9299,4461,150,1,44.1,0,44.1
9300,4462,152,1,66.12,0,66.12
9301,4463,152,1,66.12,0,66.12
9302,4464,121,1,374.5,0,374.5
9303,4465,54,1,92.65,0,92.65
9304,4465,123,2,92.73,0.15,157.64
9305,4466,54,2,92.65,0,185.3
9306,4466,17,1,75.74,0,75.74
9307,4467,137,1,15.32,0.15,13.02
9308,4468,3,1,101.49,0.1,91.34
9309,4468,97,1,23.97,0.15,20.37
9310,4469,107,1,335.62,0.1,302.06
9311,4469,57,1,91.71,0,91.71
9312,4469,53,1,86.91,0,86.91
9313,4470,138,1,24.71,0,24.71
9314,4470,33,1,49.0,0,49.0
9315,4470,110,1,59.23,0,59.23
9316,4470,67,2,62.01,0,124.02
9317,4470,39,1,43.96,0.15,37.37
9318,4471,96,1,51.37,0,51.37
9319,4471,39,1,43.96,0.15,37.37
9320,4472,61,1,12.8,0,12.8
9321,4473,111,1,282.79,0,282.79
9322,4473,54,1,92.65,0,92.65
9323,4474,71,2,16.86,0,33.72
9324,4474,16,1,232.17,0.15,197.34
9325,4474,6,1,180.27,0,180.27
9326,4474,152,1,66.12,0.1,59.51
9327,4474,84,2,13.12,0.15,22.3
9328,4475,54,1,92.65,0,92.65
9329,4476,39,1,43.96,0,43.96
9330,4476,160,1,40.26,0.2,32.21
9331,4477,121,1,374.5,0.1,337.05
9332,4477,29,1,122.84,0.1,110.56
9333,4478,33,1,49.0,0,49.0
9334,4478,125,1,226.52,0.1,203.87
9335,4479,61,1,12.8,0,12.8
9336,4479,71,1,16.86,0.15,14.33
9337,4479,75,2,185.8,0.15,315.86
9338,4479,101,2,68.79,0,137.58
9339,4480,87,1,40.81,0,40.81
9340,4480,70,1,67.88,0.2,54.3
9341,4480,150,1,44.1,0,44.1
9342,4480,40,2,53.97,0.1,97.15
9343,4481,16,3,232.17,0.1,626.86
9344,4482,10,3,116.26,0.1,313.9
9345,4483,77,2,42.23,0.1,76.01
9346,4483,99,1,79.98,0.1,71.98
9347,4483,94,1,59.56,0,59.56
9348,4484,31,1,121.18,0,121.18
9349,4485,127,1,268.94,0,268.94
9350,4486,43,2,75.67,0,151.34
9351,4487,144,3,11.66,0,34.98
9352,4487,94,1,59.56,0,59.56
9353,4488,121,1,374.5,0,374.5
9354,4488,106,1,187.33,0.1,168.6
9355,4488,33,3,49.0,0.2,117.6
9356,4488,160,1,40.26,0,40.26
9357,4488,39,1,43.96,0,43.96
9358,4489,33,1,49.0,0,49.0
9359,4490,31,1,121.18,0,121.18
9360,4490,38,1,79.64,0,79.64
9361,4490,44,1,83.07,0.1,74.76
9362,4491,13,1,132.43,0,132.43
9363,4492,29,1,122.84,0,122.84
9364,4492,37,1,83.16,0,83.16
9365,4493,56,2,48.94,0,97.88
9366,4493,28,3,93.65,0.1,252.86
9367,4493,119,1,213.48,0,213.48
9368,4493,97,1,23.97,0,23.97
9369,4493,119,2,213.48,0,426.96
9370,4494,54,2,92.65,0,185.3
9371,4494,107,1,335.62,0.1,302.06
9372,4494,101,1,68.79,0.2,55.03
9373,4494,54,1,92.65,0,92.65
9374,4494,3,3,101.49,0.1,274.02
9375,4495,16,3,232.17,0.2,557.21
9376,4495,160,2,40.26,0,80.52
9377,4496,54,3,92.65,0,277.95
9378,4497,119,1,213.48,0.15,181.46
9379,4497,68,2,204.27,0,408.54
9380,4497,123,2,92.73,0.1,166.91
9381,4497,54,1,92.65,0,92.65
9382,4498,9,1,98.65,0.1,88.79
9383,4499,113,1,274.17,0,274.17
9384,4499,34,2,164.11,0,328.22
9385,4500,65,1,172.37,0.2,137.9
9386,4500,113,1,274.17,0.1,246.75
9387,4501,42,1,80.28,0.1,72.25
9388,4501,160,1,40.26,0,40.26
9389,4502,48,1,156.79,0.1,141.11
9390,4502,119,2,213.48,0,426.96
9391,4502,150,1,44.1,0,44.1
9392,4502,134,1,40.72,0,40.72
9393,4502,54,1,92.65,0.1,83.39
9394,4503,10,1,116.26,0,116.26
9395,4503,136,2,116.14,0,232.28
9396,4504,128,1,398.69,0,398.69
9397,4504,56,1,48.94,0,48.94
9398,4505,96,2,51.37,0.2,82.19
9399,4505,77,1,42.23,0,42.23
9400,4506,28,1,93.65,0,93.65
9401,4506,97,1,23.97,0,23.97
9402,4507,134,1,40.72,0,40.72
9403,4507,54,3,92.65,0.15,236.26
9404,4507,98,1,11.23,0,11.23
9405,4507,97,1,23.97,0,23.97
9406,4507,132,1,101.25,0,101.25
9407,4508,41,1,179.88,0,179.88
9408,4508,100,1,69.29,0,69.29
9409,4509,119,1,213.48,0.15,181.46
9410,4509,54,2,92.65,0,185.3
9411,4510,131,2,62.23,0,124.46
9412,4510,70,2,67.88,0,135.76
9413,4510,62,1,117.07,0.15,99.51
9414,4510,152,1,66.12,0,66.12
9415,4511,1,1,134.64,0,134.64
9416,4511,9,1,98.65,0,98.65
9417,4512,152,1,66.12,0.1,59.51
9418,4513,119,1,213.48,0.1,192.13
9419,4514,127,1,268.94,0,268.94
9420,4514,141,2,71.69,0,143.38
9421,4515,1,1,134.64,0,134.64
9422,4515,119,1,213.48,0,213.48
9423,4515,111,2,282.79,0,565.58
9424,4515,41,1,179.88,0,179.88
9425,4515,107,2,335.62,0,671.24
9426,4516,138,1,24.71,0,24.71
9427,4516,71,2,16.86,0,33.72
9428,4516,6,1,180.27,0.2,144.22
9429,4516,121,3,374.5,0,1123.5
9430,4517,119,1,213.48,0,213.48
9431,4517,95,1,42.95,0,42.95
9432,4517,119,2,213.48,0,426.96
9433,4518,54,1,92.65,0,92.65
9434,4518,126,1,319.24,0.1,287.32
9435,4519,123,1,92.73,0,92.73
9436,4520,18,2,268.84,0,537.68
9437,4521,143,3,69.82,0,209.46
9438,4521,100,1,69.29,0,69.29
9439,4521,34,1,164.11,0,164.11
9440,4522,18,2,268.84,0,537.68
9441,4522,39,2,43.96,0,87.92
9442,4523,84,2,13.12,0,26.24
9443,4523,34,2,164.11,0,328.22
9444,4523,119,1,213.48,0,213.48
9445,4524,135,1,105.74,0,105.74
9446,4525,32,1,49.75,0,49.75
9447,4526,119,3,213.48,0.1,576.4
9448,4527,54,1,92.65,0.2,74.12
9449,4527,97,2,23.97,0,47.94
9450,4528,83,1,23.95,0.15,20.36
9451,4528,121,1,374.5,0,374.5
9452,4528,76,1,65.54,0,65.54
9453,4529,144,1,11.66,0,11.66
9454,4529,30,1,168.06,0.15,142.85
9455,4530,11,1,176.03,0.15,149.63
9456,4531,34,1,164.11,0,164.11
9457,4531,139,1,70.5,0,70.5
9458,4532,49,2,111.88,0,223.76
9459,4532,100,1,69.29,0,69.29
9460,4532,54,1,92.65,0.1,83.39
9461,4533,88,1,39.57,0.1,35.61
9462,4533,56,2,48.94,0,97.88
9463,4534,56,1,48.94,0,48.94
9464,4534,148,2,60.49,0.2,96.78
9465,4535,88,1,39.57,0.1,35.61
9466,4536,125,2,226.52,0,453.04
9467,4537,97,1,23.97,0,23.97
9468,4538,111,3,282.79,0,848.37
9469,4538,2,1,198.54,0.1,178.69
9470,4539,18,1,268.84,0.1,241.96
9471,4540,136,2,116.14,0,232.28
9472,4541,73,1,43.45,0,43.45
9473,4541,114,1,240.92,0,240.92
9474,4542,135,2,105.74,0.15,179.76
9475,4543,54,2,92.65,0,185.3
9476,4543,83,1,23.95,0,23.95
9477,4543,34,2,164.11,0,328.22
9478,4544,18,1,268.84,0,268.84
9479,4544,78,1,77.23,0,77.23
9480,4544,49,1,111.88,0.1,100.69
9481,4544,7,2,33.9,0,67.8
9482,4545,152,1,66.12,0,66.12
9483,4545,113,1,274.17,0,274.17
9484,4546,32,1,49.75,0,49.75
9485,4547,15,2,152.22,0,304.44
9486,4548,5,1,135.87,0.1,122.28
9487,4548,11,1,176.03,0,176.03
9488,4548,64,2,113.76,0,227.52
9489,4549,74,1,41.44,0.1,37.3
9490,4550,33,1,49.0,0,49.0
9491,4550,60,1,294.14,0,294.14
9492,4550,158,1,14.07,0.1,12.66
9493,4550,41,1,179.88,0,179.88
9494,4551,100,2,69.29,0,138.58
9495,4551,98,1,11.23,0.1,10.11
9496,4552,5,1,135.87,0,135.87
9497,4553,136,1,116.14,0.15,98.72
9498,4554,121,1,374.5,0,374.5
9499,4554,54,1,92.65,0,92.65
9500,4554,106,1,187.33,0,187.33
9501,4555,85,1,74.75,0.15,63.54
9502,4555,125,1,226.52,0.15,192.54
9503,4556,3,1,101.49,0.1,91.34
9504,4557,9,2,98.65,0.15,167.71
9505,4558,125,3,226.52,0,679.56
9506,4558,39,1,43.96,0.1,39.56
9507,4559,56,1,48.94,0.15,41.6
9508,4559,152,1,66.12,0.1,59.51
9509,4559,71,2,16.86,0,33.72
9510,4559,159,1,57.51,0,57.51
9511,4559,54,1,92.65,0,92.65
9512,4560,54,1,92.65,0,92.65
9513,4561,39,3,43.96,0,131.88
9514,4562,39,1,43.96,0,43.96
9515,4563,8,1,255.14,0,255.14
9516,4563,119,1,213.48,0,213.48
9517,4564,113,1,274.17,0,274.17
9518,4565,49,1,111.88,0,111.88
9519,4565,39,2,43.96,0,87.92
9520,4565,61,1,12.8,0,12.8
9521,4565,8,2,255.14,0.1,459.25
9522,4565,126,1,319.24,0.15,271.35
9523,4566,56,1,48.94,0,48.94
9524,4566,32,1,49.75,0,49.75
9525,4566,47,1,173.41,0,173.41
9526,4567,61,1,12.8,0,12.8
9527,4568,54,2,92.65,0,185.3
9528,4569,93,1,19.37,0,19.37
9529,4569,111,1,282.79,0,282.79
9530,4570,111,2,282.79,0,565.58
9531,4570,18,2,268.84,0,537.68
9532,4571,62,3,117.07,0,351.21
9533,4571,84,2,13.12,0,26.24
9534,4572,114,1,240.92,0,240.92
9535,4573,143,1,69.82,0.15,59.35
9536,4573,54,1,92.65,0,92.65
9537,4573,157,1,65.63,0.15,55.79
9538,4573,97,1,23.97,0,23.97
9539,4574,54,1,92.65,0,92.65
9540,4575,19,1,229.68,0,229.68
9541,4575,26,1,66.46,0.1,59.81
9542,4575,53,1,86.91,0,86.91
9543,4575,149,1,68.48,0,68.48
9544,4576,64,1,113.76,0,113.76
9545,4576,24,1,346.45,0,346.45
9546,4576,119,1,213.48,0,213.48
9547,4577,17,2,75.74,0,151.48
9548,4578,33,1,49.0,0.2,39.2
9549,4579,145,1,84.99,0.15,72.24
9550,4580,54,1,92.65,0,92.65
9551,4581,7,1,33.9,0,33.9
9552,4581,70,1,67.88,0,67.88
9553,4581,29,2,122.84,0,245.68
9554,4581,153,2,99.2,0.2,158.72
9555,4582,140,1,66.53,0,66.53
9556,4582,54,2,92.65,0,185.3
9557,4582,95,2,42.95,0,85.9
9558,4583,150,1,44.1,0.1,39.69
9559,4583,119,1,213.48,0,213.48
9560,4584,131,1,62.23,0,62.23
9561,4584,11,1,176.03,0,176.03
9562,4585,54,2,92.65,0,185.3
9563,4585,54,1,92.65,0.1,83.39
9564,4586,114,1,240.92,0,240.92
9565,4587,152,1,66.12,0,66.12
9566,4587,99,1,79.98,0,79.98
9567,4588,71,2,16.86,0,33.72
9568,4588,27,2,21.73,0.15,36.94
9569,4588,61,1,12.8,0,12.8
9570,4589,89,1,41.71,0.1,37.54
9571,4590,53,2,86.91,0.1,156.44
9572,4590,33,1,49.0,0,49.0
9573,4590,54,1,92.65,0,92.65
9574,4591,54,1,92.65,0.15,78.75
9575,4592,26,1,66.46,0,66.46
9576,4593,145,1,84.99,0,84.99
9577,4593,19,1,229.68,0.2,183.74
9578,4593,34,1,164.11,0,164.11
9579,4593,152,3,66.12,0,198.36
9580,4593,152,1,66.12,0,66.12
9581,4594,159,1,57.51,0,57.51
9582,4595,39,2,43.96,0,87.92
9583,4595,56,1,48.94,0,48.94
9584,4595,39,1,43.96,0,43.96
9585,4596,99,1,79.98,0,79.98
9586,4597,27,1,21.73,0,21.73
9587,4598,31,1,121.18,0,121.18
9588,4599,21,2,274.21,0,548.42
9589,4600,97,2,23.97,0,47.94
9590,4600,107,1,335.62,0.1,302.06
9591,4600,74,1,41.44,0.1,37.3
9592,4600,54,1,92.65,0,92.65
9593,4601,125,1,226.52,0,226.52
9594,4601,42,1,80.28,0,80.28
9595,4602,136,1,116.14,0,116.14
9596,4602,54,2,92.65,0,185.3
9597,4603,146,1,20.85,0,20.85
9598,4603,28,1,93.65,0,93.65
9599,4604,40,1,53.97,0,53.97
9600,4604,123,2,92.73,0,185.46
9601,4605,95,1,42.95,0,42.95
9602,4605,124,3,13.96,0,41.88
9603,4605,5,2,135.87,0,271.74
9604,4605,116,1,217.77,0.15,185.1
9605,4606,160,2,40.26,0,80.52
9606,4607,88,1,39.57,0,39.57
9607,4607,153,3,99.2,0,297.6
9608,4608,146,1,20.85,0.15,17.72
9609,4609,84,1,13.12,0.1,11.81
9610,4610,102,1,116.44,0.15,98.97
9611,4610,32,1,49.75,0,49.75
9612,4611,91,2,50.62,0.1,91.12
9613,4612,64,1,113.76,0,113.76
9614,4612,95,1,42.95,0,42.95
9615,4613,40,1,53.97,0,53.97
9616,4614,123,1,92.73,0,92.73
9617,4614,62,1,117.07,0.15,99.51
9618,4615,113,1,274.17,0.1,246.75
9619,4615,92,1,74.46,0,74.46
9620,4616,54,2,92.65,0.15,157.5
9621,4617,49,2,111.88,0,223.76
9622,4618,148,1,60.49,0,60.49
9623,4618,123,1,92.73,0,92.73
9624,4619,93,1,19.37,0,19.37
9625,4620,1,1,134.64,0,134.64
9626,4620,38,1,79.64,0,79.64
9627,4621,110,1,59.23,0,59.23
9628,4621,98,1,11.23,0,11.23
9629,4622,143,1,69.82,0,69.82
9630,4622,34,2,164.11,0,328.22
9631,4623,97,1,23.97,0,23.97
9632,4624,61,1,12.8,0,12.8
9633,4624,121,1,374.5,0.15,318.32
9634,4625,25,1,292.94,0,292.94
9635,4626,29,1,122.84,0,122.84
9636,4627,1,1,134.64,0,134.64
9637,4627,54,1,92.65,0,92.65
9638,4628,11,1,176.03,0.1,158.43
9639,4628,111,1,282.79,0.2,226.23
9640,4628,89,1,41.71,0.15,35.45
9641,4628,118,1,357.71,0.15,304.05
9642,4629,47,1,173.41,0,173.41
9643,4630,33,1,49.0,0,49.0
9644,4631,140,2,66.53,0,133.06
9645,4631,147,2,23.93,0,47.86
9646,4632,98,1,11.23,0,11.23
9647,4633,60,1,294.14,0.15,250.02
9648,4634,138,1,24.71,0.2,19.77
9649,4634,46,2,64.69,0,129.38
9650,4635,60,1,294.14,0.2,235.31
9651,4636,78,1,77.23,0,77.23
9652,4637,89,3,41.71,0,125.13
9653,4637,106,2,187.33,0,374.66
9654,4637,121,1,374.5,0,374.5
9655,4637,54,2,92.65,0,185.3
9656,4638,160,2,40.26,0.1,72.47
9657,4638,54,2,92.65,0,185.3
9658,4639,32,1,49.75,0,49.75
9659,4639,80,1,41.32,0.1,37.19
9660,4639,89,1,41.71,0.15,35.45
9661,4639,56,1,48.94,0.15,41.6
9662,4639,17,1,75.74,0.1,68.17
9663,4640,159,1,57.51,0,57.51
9664,4640,160,1,40.26,0.1,36.23
9665,4641,94,1,59.56,0.15,50.63
9666,4641,54,1,92.65,0,92.65
9667,4641,79,1,40.31,0.15,34.26
9668,4641,7,1,33.9,0.1,30.51
9669,4642,136,1,116.14,0,116.14
9670,4642,124,1,13.96,0,13.96
9671,4642,94,1,59.56,0,59.56
9672,4642,157,1,65.63,0.1,59.07
9673,4643,40,1,53.97,0,53.97
9674,4644,90,2,52.82,0,105.64
9675,4644,54,1,92.65,0,92.65
9676,4644,111,2,282.79,0.15,480.74
9677,4645,45,1,61.85,0,61.85
9678,4646,68,1,204.27,0.15,173.63
9679,4646,8,1,255.14,0,255.14
9680,4647,27,1,21.73,0.2,17.38
9681,4647,1,2,134.64,0,269.28
9682,4648,64,1,113.76,0,113.76
9683,4648,54,3,92.65,0,277.95
9684,4649,86,1,8.05,0,8.05
9685,4650,44,1,83.07,0,83.07
9686,4651,34,1,164.11,0,164.11
9687,4652,36,1,143.82,0,143.82
9688,4652,132,2,101.25,0.1,182.25
9689,4652,35,1,124.39,0,124.39
9690,4653,40,1,53.97,0.15,45.87
9691,4653,88,1,39.57,0,39.57
9692,4653,111,2,282.79,0,565.58
9693,4654,2,2,198.54,0.1,357.37
9694,4654,112,1,329.53,0,329.53
9695,4655,16,1,232.17,0.1,208.95
9696,4656,159,1,57.51,0.1,51.76
9697,4656,40,1,53.97,0,53.97
9698,4657,58,1,151.67,0.15,128.92
9699,4657,1,1,134.64,0,134.64
9700,4657,150,1,44.1,0,44.1
9701,4658,58,1,151.67,0,151.67
9702,4658,65,1,172.37,0,172.37
9703,4658,6,1,180.27,0.1,162.24
9704,4658,124,1,13.96,0.15,11.87
9705,4658,139,3,70.5,0.1,190.35
9706,4659,21,1,274.21,0,274.21
9707,4660,40,1,53.97,0,53.97
9708,4660,123,2,92.73,0,185.46
9709,4661,54,1,92.65,0,92.65
9710,4662,113,3,274.17,0,822.51
9711,4663,160,1,40.26,0.2,32.21
9712,4664,154,1,83.05,0,83.05
9713,4665,34,1,164.11,0.1,147.7
9714,4665,152,1,66.12,0,66.12
9715,4665,130,1,68.02,0.1,61.22
9716,4665,94,3,59.56,0,178.68
9717,4665,132,2,101.25,0,202.5
9718,4666,121,1,374.5,0,374.5
9719,4667,29,1,122.84,0,122.84
9720,4668,159,1,57.51,0,57.51
9721,4669,1,1,134.64,0,134.64
9722,4670,61,1,12.8,0.15,10.88
9723,4670,16,1,232.17,0,232.17
9724,4671,25,2,292.94,0,585.88
9725,4671,58,1,151.67,0.15,128.92
9726,4672,72,1,196.03,0,196.03
9727,4673,97,1,23.97,0,23.97
9728,4673,130,1,68.02,0,68.02
9729,4673,18,2,268.84,0.1,483.91
9730,4673,54,1,92.65,0,92.65
9731,4674,84,1,13.12,0,13.12
9732,4675,54,1,92.65,0,92.65
9733,4675,54,1,92.65,0,92.65
9734,4676,9,1,98.65,0,98.65
9735,4676,85,2,74.75,0,149.5
9736,4676,131,1,62.23,0,62.23
9737,4677,87,3,40.81,0.1,110.19
9738,4678,145,1,84.99,0,84.99
9739,4679,93,1,19.37,0,19.37
9740,4680,55,2,295.32,0,590.64
9741,4681,2,1,198.54,0,198.54
9742,4681,141,2,71.69,0,143.38
9743,4682,38,1,79.64,0,79.64
9744,4683,143,1,69.82,0.1,62.84
9745,4683,145,1,84.99,0,84.99
9746,4684,160,1,40.26,0,40.26
9747,4685,129,1,36.16,0,36.16
9748,4686,54,1,92.65,0.1,83.39
9749,4686,24,1,346.45,0,346.45
9750,4687,44,2,83.07,0,166.14
9751,4687,98,1,11.23,0.1,10.11
9752,4687,78,1,77.23,0,77.23
9753,4687,54,1,92.65,0,92.65
9754,4687,152,2,66.12,0,132.24
9755,4688,118,2,357.71,0.15,608.11
9756,4688,17,1,75.74,0,75.74
9757,4689,137,1,15.32,0,15.32
9758,4690,40,1,53.97,0,53.97
9759,4690,136,1,116.14,0,116.14
9760,4691,2,3,198.54,0,595.62
9761,4691,18,1,268.84,0,268.84
9762,4692,149,1,68.48,0,68.48
9763,4692,30,1,168.06,0,168.06
9764,4692,99,2,79.98,0,159.96
9765,4693,138,2,24.71,0.15,42.01
9766,4694,64,1,113.76,0,113.76
9767,4694,2,1,198.54,0,198.54
9768,4695,36,1,143.82,0.1,129.44
9769,4695,54,1,92.65,0,92.65
9770,4695,54,1,92.65,0,92.65
9771,4695,33,1,49.0,0,49.0
9772,4696,102,1,116.44,0,116.44
9773,4697,111,1,282.79,0,282.79
9774,4697,91,1,50.62,0,50.62
9775,4698,54,1,92.65,0,92.65
9776,4698,13,1,132.43,0.15,112.57
9777,4698,158,2,14.07,0,28.14
9778,4699,99,1,79.98,0,79.98
9779,4699,85,2,74.75,0,149.5
9780,4700,125,1,226.52,0,226.52
9781,4700,113,1,274.17,0,274.17
9782,4700,80,1,41.32,0.1,37.19
9783,4701,54,1,92.65,0,92.65
9784,4702,129,1,36.16,0,36.16
9785,4702,145,1,84.99,0,84.99
9786,4703,129,1,36.16,0.15,30.74
9787,4703,85,1,74.75,0,74.75
9788,4703,152,1,66.12,0,66.12
9789,4704,142,1,31.27,0,31.27
9790,4705,138,1,24.71,0.2,19.77
9791,4705,94,1,59.56,0,59.56
9792,4705,39,2,43.96,0,87.92
9793,4705,30,2,168.06,0.15,285.7
9794,4706,94,1,59.56,0.1,53.6
9795,4707,49,1,111.88,0,111.88
9796,4707,136,1,116.14,0,116.14
9797,4708,46,1,64.69,0,64.69
9798,4708,119,2,213.48,0,426.96
9799,4709,111,1,282.79,0.15,240.37
9800,4709,101,1,68.79,0.15,58.47
9801,4710,40,2,53.97,0.15,91.75
9802,4710,113,1,274.17,0.1,246.75
9803,4710,140,1,66.53,0,66.53
9804,4710,61,2,12.8,0,25.6
9805,4710,119,1,213.48,0.15,181.46
9806,4711,50,1,55.81,0,55.81
9807,4712,84,1,13.12,0,13.12
9808,4712,37,1,83.16,0.15,70.69
9809,4712,119,1,213.48,0,213.48
9810,4712,82,1,54.72,0,54.72
9811,4713,81,1,52.03,0,52.03
9812,4713,121,1,374.5,0,374.5
9813,4713,105,1,348.07,0,348.07
9814,4713,114,1,240.92,0.15,204.78
9815,4714,5,1,135.87,0,135.87
9816,4715,8,1,255.14,0.2,204.11
9817,4716,37,1,83.16,0,83.16
9818,4717,119,1,213.48,0,213.48
9819,4718,79,1,40.31,0,40.31
9820,4719,64,1,113.76,0.1,102.38
9821,4720,32,1,49.75,0,49.75
9822,4720,11,1,176.03,0,176.03
9823,4721,72,1,196.03,0,196.03
9824,4721,80,1,41.32,0,41.32
9825,4722,56,2,48.94,0,97.88
9826,4723,136,1,116.14,0,116.14
9827,4723,158,1,14.07,0.1,12.66
9828,4724,157,2,65.63,0,131.26
9829,4724,91,1,50.62,0,50.62
9830,4724,36,1,143.82,0,143.82
9831,4725,56,1,48.94,0,48.94
9832,4726,5,1,135.87,0,135.87
9833,4727,101,1,68.79,0,68.79
9834,4728,43,1,75.67,0.1,68.1
9835,4729,11,1,176.03,0,176.03
9836,4729,92,2,74.46,0,148.92
9837,4730,44,2,83.07,0,166.14
9838,4730,54,1,92.65,0,92.65
9839,4730,31,1,121.18,0.15,103.0
9840,4731,46,1,64.69,0,64.69
9841,4731,114,2,240.92,0,481.84
9842,4731,38,1,79.64,0,79.64
9843,4731,74,1,41.44,0,41.44
9844,4732,54,1,92.65,0,92.65
9845,4733,64,1,113.76,0,113.76
9846,4733,54,1,92.65,0,92.65
9847,4734,152,1,66.12,0,66.12
9848,4735,134,2,40.72,0,81.44
9849,4735,8,1,255.14,0,255.14
9850,4736,7,2,33.9,0,67.8
9851,4737,106,1,187.33,0.2,149.86
9852,4738,54,1,92.65,0,92.65
9853,4738,123,1,92.73,0,92.73
9854,4739,157,1,65.63,0.2,52.5
9855,4740,64,1,113.76,0.1,102.38
9856,4740,140,1,66.53,0,66.53
9857,4740,68,1,204.27,0.1,183.84
9858,4740,54,1,92.65,0.15,78.75
9859,4740,119,1,213.48,0,213.48
9860,4741,119,2,213.48,0,426.96
9861,4741,33,2,49.0,0,98.0
9862,4741,158,1,14.07,0,14.07
9863,4742,25,1,292.94,0.1,263.65
9864,4742,73,1,43.45,0,43.45
9865,4742,28,1,93.65,0.1,84.29
9866,4742,131,2,62.23,0.2,99.57
9867,4742,123,1,92.73,0,92.73
9868,4743,49,1,111.88,0,111.88
9869,4744,116,1,217.77,0,217.77
9870,4744,121,1,374.5,0,374.5
9871,4745,54,1,92.65,0,92.65
9872,4745,84,1,13.12,0.15,11.15
9873,4746,53,1,86.91,0.1,78.22
9874,4746,33,1,49.0,0,49.0
9875,4747,31,1,121.18,0,121.18
9876,4748,155,1,82.21,0,82.21
9877,4749,46,1,64.69,0,64.69
9878,4749,152,1,66.12,0.15,56.2
9879,4750,132,2,101.25,0.15,172.12
9880,4750,136,1,116.14,0.1,104.53
9881,4751,152,2,66.12,0,132.24
9882,4752,145,1,84.99,0,84.99
9883,4753,54,1,92.65,0.1,83.39
9884,4753,34,1,164.11,0,164.11
9885,4753,79,1,40.31,0,40.31
9886,4754,36,1,143.82,0.15,122.25
9887,4755,158,1,14.07,0,14.07
9888,4756,15,1,152.22,0,152.22
9889,4756,140,1,66.53,0,66.53
9890,4757,54,3,92.65,0.2,222.36
9891,4758,54,2,92.65,0,185.3
9892,4758,54,1,92.65,0,92.65
9893,4759,149,1,68.48,0,68.48
9894,4760,88,1,39.57,0,39.57
9895,4761,61,1,12.8,0,12.8
9896,4762,54,1,92.65,0,92.65
9897,4762,49,1,111.88,0.15,95.1
9898,4762,118,1,357.71,0,357.71
9899,4762,128,1,398.69,0,398.69
9900,4762,39,1,43.96,0,43.96
9901,4763,139,1,70.5,0.1,63.45
9902,4763,142,1,31.27,0.1,28.14
9903,4764,108,2,97.45,0,194.9
9904,4764,34,3,164.11,0.2,393.86
9905,4765,87,1,40.81,0,40.81
9906,4766,19,1,229.68,0,229.68
9907,4766,61,1,12.8,0,12.8
9908,4767,140,1,66.53,0,66.53
9909,4767,119,3,213.48,0,640.44
9910,4767,3,3,101.49,0,304.47
9911,4767,105,1,348.07,0,348.07
9912,4768,83,1,23.95,0,23.95
9913,4769,71,1,16.86,0,16.86
9914,4770,43,1,75.67,0,75.67
9915,4770,110,1,59.23,0.1,53.31
9916,4771,57,1,91.71,0,91.71
9917,4771,54,1,92.65,0,92.65
9918,4772,136,1,116.14,0,116.14
9919,4772,62,1,117.07,0.1,105.36
9920,4773,70,1,67.88,0,67.88
9921,4773,20,1,84.59,0,84.59
9922,4773,32,2,49.75,0,99.5
9923,4774,40,1,53.97,0,53.97
9924,4774,91,1,50.62,0,50.62
9925,4775,31,1,121.18,0,121.18
9926,4776,76,1,65.54,0,65.54
9927,4776,159,2,57.51,0,115.02
9928,4776,91,3,50.62,0,151.86
9929,4777,159,2,57.51,0,115.02
9930,4777,13,1,132.43,0,132.43
9931,4778,152,1,66.12,0,66.12
9932,4778,97,1,23.97,0.1,21.57
9933,4779,54,1,92.65,0,92.65
9934,4779,39,1,43.96,0.15,37.37
9935,4779,138,1,24.71,0,24.71
9936,4780,74,2,41.44,0,82.88
9937,4780,101,1,68.79,0,68.79
9938,4780,54,1,92.65,0,92.65
9939,4780,153,2,99.2,0,198.4
9940,4781,117,1,173.82,0.2,139.06
9941,4781,39,1,43.96,0.1,39.56
9942,4781,13,1,132.43,0.15,112.57
9943,4782,54,1,92.65,0,92.65
9944,4782,116,1,217.77,0,217.77
9945,4783,94,1,59.56,0.1,53.6
9946,4784,160,1,40.26,0,40.26
9947,4785,54,1,92.65,0.15,78.75
9948,4786,39,1,43.96,0.1,39.56
9949,4787,45,2,61.85,0,123.7
9950,4788,38,1,79.64,0.15,67.69
9951,4788,101,1,68.79,0.15,58.47
9952,4788,94,1,59.56,0.1,53.6
9953,4788,92,1,74.46,0,74.46
9954,4788,60,1,294.14,0.15,250.02
9955,4789,8,1,255.14,0,255.14
9956,4789,147,2,23.93,0,47.86
9957,4790,132,2,101.25,0,202.5
9958,4790,111,1,282.79,0,282.79
9959,4790,54,2,92.65,0.1,166.77
9960,4791,54,1,92.65,0,92.65
9961,4791,100,2,69.29,0,138.58
9962,4792,18,1,268.84,0,268.84
9963,4792,10,1,116.26,0,116.26
9964,4792,88,1,39.57,0.1,35.61
9965,4792,129,2,36.16,0,72.32
9966,4792,111,2,282.79,0.1,509.02
9967,4793,101,3,68.79,0,206.37
9968,4794,117,1,173.82,0.1,156.44
9969,4795,33,1,49.0,0,49.0
9970,4796,45,1,61.85,0,61.85
9971,4797,6,1,180.27,0.15,153.23
9972,4797,143,1,69.82,0.1,62.84
9973,4798,157,2,65.63,0.1,118.13
9974,4799,54,1,92.65,0,92.65
9975,4800,15,2,152.22,0,304.44
9976,4800,152,1,66.12,0,66.12
9977,4801,150,1,44.1,0,44.1
9978,4801,158,1,14.07,0,14.07
9979,4801,20,1,84.59,0.1,76.13
9980,4801,28,1,93.65,0,93.65
9981,4801,145,2,84.99,0,169.98
9982,4802,92,1,74.46,0.2,59.57
9983,4802,117,1,173.82,0,173.82
9984,4803,87,1,40.81,0,40.81
9985,4803,60,1,294.14,0,294.14
9986,4803,97,1,23.97,0.1,21.57
9987,4803,34,1,164.11,0,164.11
9988,4803,85,3,74.75,0.15,190.61
9989,4804,54,1,92.65,0,92.65
9990,4804,38,2,79.64,0,159.28
9991,4805,50,1,55.81,0,55.81
9992,4805,97,1,23.97,0,23.97
9993,4805,87,1,40.81,0.15,34.69
9994,4805,72,1,196.03,0,196.03
9995,4805,145,1,84.99,0,84.99
9996,4806,131,3,62.23,0,186.69
9997,4807,97,1,23.97,0,23.97
9998,4808,119,1,213.48,0,213.48
9999,4808,95,2,42.95,0,85.9
10000,4808,76,1,65.54,0.1,58.99
10001,4809,121,2,374.5,0,749.0
10002,4810,98,1,11.23,0,11.23
10003,4810,97,2,23.97,0,47.94
10004,4810,68,3,204.27,0.1,551.53
10005,4811,84,1,13.12,0,13.12
10006,4811,9,1,98.65,0,98.65
10007,4811,36,1,143.82,0,143.82
10008,4812,56,1,48.94,0,48.94
10009,4812,150,1,44.1,0,44.1
10010,4812,99,1,79.98,0,79.98
10011,4812,75,1,185.8,0,185.8
10012,4813,16,1,232.17,0,232.17
10013,4814,156,2,17.86,0,35.72
10014,4814,45,1,61.85,0,61.85
10015,4814,25,1,292.94,0,292.94
10016,4814,93,1,19.37,0.1,17.43
10017,4815,10,1,116.26,0,116.26
10018,4815,82,1,54.72,0.15,46.51
10019,4816,107,1,335.62,0.1,302.06
10020,4816,60,2,294.14,0,588.28
10021,4816,147,2,23.93,0,47.86
10022,4817,154,1,83.05,0.2,66.44
10023,4818,107,2,335.62,0,671.24
10024,4818,94,1,59.56,0,59.56
10025,4819,119,1,213.48,0,213.48
10026,4820,47,2,173.41,0,346.82
10027,4820,60,1,294.14,0.1,264.73
10028,4821,39,2,43.96,0,87.92
10029,4821,129,1,36.16,0,36.16
10030,4821,144,3,11.66,0,34.98
10031,4821,52,1,190.14,0,190.14
10032,4821,61,1,12.8,0,12.8
10033,4822,84,2,13.12,0,26.24
10034,4823,18,1,268.84,0.15,228.51
10035,4823,98,1,11.23,0,11.23
10036,4823,144,2,11.66,0.15,19.82
10037,4824,7,1,33.9,0,33.9
10038,4825,111,1,282.79,0.1,254.51
10039,4825,39,2,43.96,0,87.92
10040,4825,153,2,99.2,0.1,178.56
10041,4825,30,1,168.06,0,168.06
10042,4826,63,1,115.75,0,115.75
10043,4827,121,1,374.5,0,374.5
10044,4827,111,1,282.79,0,282.79
10045,4828,54,1,92.65,0,92.65
10046,4828,31,1,121.18,0,121.18
10047,4829,137,2,15.32,0,30.64
10048,4829,40,2,53.97,0,107.94
10049,4830,111,1,282.79,0,282.79
10050,4831,101,1,68.79,0,68.79
10051,4832,90,1,52.82,0.1,47.54
10052,4833,107,1,335.62,0,335.62
10053,4833,152,1,66.12,0.15,56.2
10054,4833,54,1,92.65,0,92.65
10055,4834,86,1,8.05,0,8.05
10056,4834,64,2,113.76,0,227.52
10057,4835,22,1,399.88,0.1,359.89
10058,4835,19,1,229.68,0.1,206.71
10059,4836,33,1,49.0,0,49.0
10060,4837,99,1,79.98,0.15,67.98
10061,4838,94,1,59.56,0,59.56
10062,4839,137,1,15.32,0,15.32
10063,4839,94,3,59.56,0,178.68
10064,4839,159,1,57.51,0,57.51
10065,4840,54,1,92.65,0,92.65
10066,4840,54,1,92.65,0.1,83.39
10067,4841,52,1,190.14,0,190.14
10068,4842,102,1,116.44,0,116.44
10069,4843,145,2,84.99,0.15,144.48
10070,4843,78,3,77.23,0,231.69
10071,4844,160,2,40.26,0,80.52
10072,4845,134,1,40.72,0,40.72
10073,4846,43,1,75.67,0,75.67
10074,4846,158,1,14.07,0,14.07
10075,4846,82,1,54.72,0.1,49.25
10076,4847,54,1,92.65,0.1,83.39
10077,4847,101,1,68.79,0,68.79
10078,4847,94,1,59.56,0.1,53.6
10079,4848,54,1,92.65,0,92.65
10080,4848,22,2,399.88,0.2,639.81
10081,4849,8,2,255.14,0,510.28
10082,4850,31,1,121.18,0.1,109.06
10083,4851,64,2,113.76,0,227.52
10084,4851,119,1,213.48,0,213.48
10085,4851,8,1,255.14,0,255.14
10086,4851,108,1,97.45,0.1,87.7
10087,4852,74,1,41.44,0,41.44
10088,4852,19,2,229.68,0,459.36
10089,4852,92,1,74.46,0,74.46
10090,4853,136,3,116.14,0.1,313.58
10091,4854,48,1,156.79,0,156.79
10092,4855,7,1,33.9,0,33.9
10093,4855,158,1,14.07,0,14.07
10094,4855,140,1,66.53,0.15,56.55
10095,4856,147,1,23.93,0.15,20.34
10096,4856,53,2,86.91,0,173.82
10097,4857,12,1,291.22,0,291.22
10098,4858,54,1,92.65,0,92.65
10099,4858,13,2,132.43,0,264.86
10100,4858,137,2,15.32,0,30.64
10101,4858,71,1,16.86,0,16.86
10102,4858,46,2,64.69,0,129.38
10103,4859,85,1,74.75,0,74.75
10104,4860,33,2,49.0,0,98.0
10105,4861,41,1,179.88,0,179.88
10106,4861,152,1,66.12,0.2,52.9
10107,4861,94,1,59.56,0,59.56
10108,4862,137,1,15.32,0,15.32
10109,4863,54,2,92.65,0.15,157.5
10110,4863,107,1,335.62,0,335.62
10111,4864,113,1,274.17,0,274.17
10112,4864,145,1,84.99,0,84.99
10113,4865,1,1,134.64,0.15,114.44
10114,4865,54,1,92.65,0,92.65
10115,4865,40,3,53.97,0.2,129.53
10116,4865,17,2,75.74,0,151.48
10117,4865,24,1,346.45,0,346.45
10118,4866,106,1,187.33,0,187.33
10119,4866,91,1,50.62,0,50.62
10120,4867,148,1,60.49,0.1,54.44
10121,4867,71,1,16.86,0,16.86
10122,4867,131,2,62.23,0.15,105.79
10123,4868,159,1,57.51,0,57.51
10124,4868,119,1,213.48,0,213.48
10125,4869,145,1,84.99,0,84.99
10126,4869,121,1,374.5,0.15,318.32
10127,4869,6,1,180.27,0,180.27
10128,4870,132,3,101.25,0,303.75
10129,4870,157,1,65.63,0.15,55.79
10130,4871,49,1,111.88,0,111.88
10131,4871,160,2,40.26,0,80.52
10132,4872,70,1,67.88,0,67.88
10133,4873,107,1,335.62,0.1,302.06
10134,4874,152,1,66.12,0,66.12
10135,4874,53,1,86.91,0.2,69.53
10136,4874,106,2,187.33,0,374.66
10137,4875,147,2,23.93,0,47.86
10138,4875,64,1,113.76,0,113.76
10139,4876,58,1,151.67,0,151.67
10140,4877,44,1,83.07,0.1,74.76
10141,4877,132,1,101.25,0,101.25
10142,4877,24,3,346.45,0,1039.35
10143,4877,34,1,164.11,0,164.11
10144,4878,148,2,60.49,0,120.98
10145,4879,108,1,97.45,0.1,87.7
10146,4880,1,1,134.64,0.15,114.44
10147,4881,146,1,20.85,0,20.85
10148,4882,143,1,69.82,0,69.82
10149,4883,54,1,92.65,0,92.65
10150,4884,80,1,41.32,0.1,37.19
10151,4884,54,1,92.65,0.1,83.39
10152,4884,55,1,295.32,0,295.32
10153,4884,129,1,36.16,0,36.16
10154,4885,36,1,143.82,0,143.82
10155,4885,6,3,180.27,0,540.81
10156,4885,109,1,22.1,0,22.1
10157,4885,61,1,12.8,0.2,10.24
10158,4886,54,2,92.65,0,185.3
10159,4886,147,1,23.93,0.2,19.14
10160,4887,42,1,80.28,0.1,72.25
10161,4887,84,2,13.12,0,26.24
10162,4887,85,1,74.75,0.15,63.54
10163,4888,18,1,268.84,0.15,228.51
10164,4888,54,1,92.65,0.1,83.39
10165,4889,114,2,240.92,0.1,433.66
10166,4889,159,1,57.51,0,57.51
10167,4890,108,1,97.45,0,97.45
10168,4891,94,1,59.56,0,59.56
10169,4891,97,1,23.97,0,23.97
10170,4892,79,2,40.31,0.1,72.56
10171,4893,131,1,62.23,0,62.23
10172,4894,34,2,164.11,0.1,295.4
10173,4894,143,1,69.82,0.1,62.84
10174,4895,36,1,143.82,0.1,129.44
10175,4896,77,1,42.23,0,42.23
10176,4897,28,2,93.65,0.15,159.21
10177,4898,105,1,348.07,0,348.07
10178,4898,157,1,65.63,0,65.63
10179,4899,58,1,151.67,0,151.67
10180,4900,129,1,36.16,0.15,30.74
10181,4901,119,3,213.48,0.15,544.37
10182,4902,145,1,84.99,0,84.99
10183,4902,19,1,229.68,0.2,183.74
10184,4902,111,1,282.79,0,282.79
10185,4903,95,3,42.95,0.2,103.08
10186,4903,75,2,185.8,0,371.6
10187,4904,39,1,43.96,0,43.96
10188,4905,101,1,68.79,0.15,58.47
10189,4905,25,3,292.94,0,878.82
10190,4906,47,1,173.41,0.1,156.07
10191,4906,111,2,282.79,0,565.58
10192,4907,113,1,274.17,0.1,246.75
10193,4907,143,1,69.82,0,69.82
10194,4908,132,1,101.25,0,101.25
10195,4909,126,1,319.24,0.1,287.32
10196,4910,2,1,198.54,0,198.54
10197,4910,113,2,274.17,0,548.34
10198,4911,158,2,14.07,0,28.14
10199,4911,38,1,79.64,0,79.64
10200,4911,22,1,399.88,0,399.88
10201,4911,89,2,41.71,0,83.42
10202,4911,42,1,80.28,0.1,72.25
10203,4912,38,1,79.64,0,79.64
10204,4912,84,1,13.12,0.1,11.81
10205,4912,127,1,268.94,0.1,242.05
10206,4912,88,1,39.57,0.2,31.66
10207,4913,77,1,42.23,0,42.23
10208,4913,63,1,115.75,0,115.75
10209,4913,54,1,92.65,0.1,83.39
10210,4913,99,1,79.98,0,79.98
10211,4914,9,1,98.65,0,98.65
10212,4914,160,2,40.26,0,80.52
10213,4915,54,3,92.65,0,277.95
10214,4916,106,2,187.33,0.1,337.19
10215,4916,100,1,69.29,0,69.29
10216,4917,155,1,82.21,0,82.21
10217,4917,55,1,295.32,0,295.32
10218,4918,107,2,335.62,0.1,604.12
10219,4918,160,1,40.26,0,40.26
10220,4919,99,1,79.98,0,79.98
10221,4920,43,1,75.67,0.2,60.54
10222,4920,49,1,111.88,0,111.88
10223,4920,94,2,59.56,0,119.12
10224,4920,81,2,52.03,0.1,93.65
10225,4920,38,1,79.64,0,79.64
10226,4921,11,1,176.03,0,176.03
10227,4921,156,1,17.86,0,17.86
10228,4922,102,1,116.44,0.15,98.97
10229,4923,157,2,65.63,0,131.26
10230,4924,84,1,13.12,0,13.12
10231,4924,54,1,92.65,0.1,83.39
10232,4924,101,2,68.79,0,137.58
10233,4924,29,1,122.84,0.2,98.27
10234,4925,64,1,113.76,0,113.76
10235,4925,152,3,66.12,0,198.36
10236,4925,93,2,19.37,0.15,32.93
10237,4926,139,1,70.5,0.15,59.92
10238,4927,10,1,116.26,0.15,98.82
10239,4927,119,3,213.48,0,640.44
10240,4927,146,1,20.85,0,20.85
10241,4927,47,1,173.41,0,173.41
10242,4928,34,1,164.11,0.1,147.7
10243,4928,86,1,8.05,0,8.05
10244,4928,153,1,99.2,0,99.2
10245,4928,152,1,66.12,0,66.12
10246,4929,145,1,84.99,0,84.99
10247,4929,2,1,198.54,0,198.54
10248,4929,127,1,268.94,0,268.94
10249,4929,37,1,83.16,0,83.16
10250,4930,125,1,226.52,0.1,203.87
10251,4930,95,1,42.95,0,42.95
10252,4931,139,1,70.5,0.1,63.45
10253,4931,38,1,79.64,0.1,71.68
10254,4932,132,2,101.25,0.1,182.25
10255,4933,129,1,36.16,0.1,32.54
10256,4933,98,1,11.23,0,11.23
10257,4934,53,1,86.91,0.15,73.87
10258,4935,102,1,116.44,0.15,98.97
10259,4936,53,1,86.91,0.1,78.22
10260,4937,100,1,69.29,0.1,62.36
10261,4938,118,1,357.71,0.15,304.05
10262,4938,54,1,92.65,0,92.65
10263,4939,106,2,187.33,0,374.66
10264,4940,97,2,23.97,0,47.94
10265,4940,54,2,92.65,0,185.3
10266,4941,102,1,116.44,0.15,98.97
10267,4942,50,1,55.81,0,55.81
10268,4942,100,1,69.29,0,69.29
10269,4942,89,1,41.71,0,41.71
10270,4943,67,2,62.01,0,124.02
10271,4943,72,1,196.03,0,196.03
10272,4943,159,3,57.51,0,172.53
10273,4944,5,1,135.87,0,135.87
10274,4945,8,1,255.14,0.1,229.63
10275,4946,129,2,36.16,0,72.32
10276,4946,142,2,31.27,0,62.54
10277,4946,27,1,21.73,0,21.73
10278,4946,154,1,83.05,0,83.05
10279,4946,1,1,134.64,0,134.64
10280,4947,145,1,84.99,0,84.99
10281,4947,38,1,79.64,0.15,67.69
10282,4947,54,1,92.65,0,92.65
10283,4947,33,1,49.0,0,49.0
10284,4948,40,1,53.97,0,53.97
10285,4948,33,1,49.0,0.15,41.65
10286,4949,53,1,86.91,0,86.91
10287,4950,143,2,69.82,0,139.64
10288,4951,9,1,98.65,0,98.65
10289,4952,49,1,111.88,0,111.88
10290,4953,128,2,398.69,0,797.38
10291,4953,60,2,294.14,0,588.28
10292,4954,119,1,213.48,0,213.48
10293,4954,152,1,66.12,0,66.12
10294,4954,50,1,55.81,0.15,47.44
10295,4954,38,1,79.64,0.15,67.69
10296,4955,103,1,74.37,0.1,66.93
10297,4955,101,1,68.79,0,68.79
10298,4956,85,1,74.75,0,74.75
10299,4956,25,2,292.94,0,585.88
10300,4956,31,1,121.18,0,121.18
10301,4957,157,1,65.63,0,65.63
10302,4957,99,1,79.98,0,79.98
10303,4958,54,1,92.65,0,92.65
10304,4958,54,1,92.65,0,92.65
10305,4958,121,1,374.5,0.15,318.32
10306,4959,134,1,40.72,0.15,34.61
10307,4959,21,2,274.21,0,548.42
10308,4960,134,1,40.72,0,40.72
10309,4960,157,1,65.63,0,65.63
10310,4961,101,3,68.79,0.1,185.73
10311,4961,90,2,52.82,0.1,95.08
10312,4961,97,1,23.97,0.1,21.57
10313,4962,56,1,48.94,0.15,41.6
10314,4962,56,1,48.94,0,48.94
10315,4963,42,3,80.28,0,240.84
10316,4964,54,1,92.65,0,92.65
10317,4964,78,2,77.23,0,154.46
10318,4964,54,2,92.65,0.15,157.5
10319,4965,121,1,374.5,0,374.5
10320,4965,142,1,31.27,0,31.27
10321,4965,25,1,292.94,0,292.94
10322,4965,57,1,91.71,0.1,82.54
10323,4966,1,1,134.64,0,134.64
10324,4967,135,2,105.74,0,211.48
10325,4968,54,1,92.65,0,92.65
10326,4968,150,1,44.1,0.1,39.69
10327,4968,56,2,48.94,0.15,83.2
10328,4969,88,3,39.57,0,118.71
10329,4970,145,1,84.99,0,84.99
10330,4970,152,1,66.12,0.1,59.51
10331,4971,41,1,179.88,0.1,161.89
10332,4972,54,1,92.65,0,92.65
10333,4972,157,1,65.63,0.2,52.5
10334,4972,117,1,173.82,0.1,156.44
10335,4972,61,1,12.8,0.1,11.52
10336,4973,7,1,33.9,0,33.9
10337,4974,52,1,190.14,0.2,152.11
10338,4974,121,2,374.5,0,749.0
10339,4974,119,1,213.48,0,213.48
10340,4974,61,1,12.8,0.15,10.88
10341,4975,153,2,99.2,0.1,178.56
10342,4975,84,2,13.12,0,26.24
10343,4976,63,2,115.75,0,231.5
10344,4976,51,1,33.99,0.15,28.89
10345,4977,61,1,12.8,0.2,10.24
10346,4977,140,1,66.53,0.15,56.55
10347,4977,99,1,79.98,0,79.98
10348,4978,92,1,74.46,0.15,63.29
10349,4979,84,1,13.12,0,13.12
10350,4979,121,1,374.5,0,374.5
10351,4979,111,2,282.79,0.15,480.74
10352,4980,54,3,92.65,0,277.95
10353,4980,79,1,40.31,0,40.31
10354,4981,141,1,71.69,0.1,64.52
10355,4982,144,1,11.66,0,11.66
10356,4983,61,1,12.8,0.15,10.88
10357,4984,49,1,111.88,0,111.88
10358,4984,108,2,97.45,0.2,155.92
10359,4985,46,2,64.69,0,129.38
10360,4985,157,2,65.63,0,131.26
10361,4986,2,1,198.54,0,198.54
10362,4986,18,2,268.84,0,537.68
10363,4986,129,2,36.16,0.1,65.09
10364,4987,125,1,226.52,0,226.52
10365,4987,101,1,68.79,0,68.79
10366,4987,156,1,17.86,0,17.86
10367,4987,61,1,12.8,0,12.8
10368,4988,56,1,48.94,0,48.94
10369,4988,56,1,48.94,0,48.94
10370,4989,42,1,80.28,0,80.28
10371,4989,147,3,23.93,0.1,64.61
10372,4990,62,1,117.07,0.2,93.66
10373,4990,17,2,75.74,0,151.48
10374,4990,33,1,49.0,0,49.0
10375,4990,84,1,13.12,0,13.12
10376,4990,84,2,13.12,0,26.24
10377,4991,54,1,92.65,0.15,78.75
10378,4991,33,2,49.0,0,98.0
10379,4992,159,2,57.51,0,115.02
10380,4993,160,2,40.26,0.1,72.47
10381,4994,138,1,24.71,0,24.71
10382,4994,119,1,213.48,0.1,192.13
10383,4994,29,1,122.84,0,122.84
10384,4995,61,1,12.8,0,12.8
10385,4995,38,2,79.64,0,159.28
10386,4996,108,1,97.45,0,97.45
10387,4996,94,1,59.56,0,59.56
10388,4996,95,2,42.95,0,85.9
10389,4996,99,1,79.98,0,79.98
10390,4997,54,1,92.65,0,92.65
10391,4997,74,1,41.44,0,41.44
10392,4998,84,1,13.12,0,13.12
10393,4998,47,1,173.41,0.15,147.4
10394,4999,113,1,274.17,0,274.17
10395,5000,111,2,282.79,0,565.58
10396,5001,54,1,92.65,0,92.65
10397,5001,135,2,105.74,0,211.48
10398,5002,114,1,240.92,0,240.92
10399,5002,57,1,91.71,0,91.71
10400,5003,11,1,176.03,0.1,158.43
10401,5003,113,1,274.17,0,274.17
10402,5003,19,1,229.68,0,229.68
10403,5003,156,1,17.86,0.15,15.18
10404,5004,54,2,92.65,0,185.3
10405,5005,76,1,65.54,0,65.54
10406,5005,130,1,68.02,0,68.02
10407,5005,107,1,335.62,0,335.62
10408,5005,40,1,53.97,0,53.97
10409,5005,84,1,13.12,0.1,11.81
10410,5006,6,1,180.27,0,180.27
10411,5007,63,2,115.75,0.15,196.78
10412,5007,28,2,93.65,0.15,159.21
10413,5008,10,1,116.26,0,116.26
10414,5008,93,2,19.37,0,38.74
10415,5008,131,1,62.23,0,62.23
10416,5009,137,1,15.32,0,15.32
10417,5010,25,1,292.94,0,292.94
10418,5010,86,1,8.05,0.1,7.25
10419,5011,3,1,101.49,0,101.49
10420,5011,152,1,66.12,0,66.12
10421,5011,66,1,279.67,0,279.67
10422,5012,34,1,164.11,0,164.11
10423,5012,108,1,97.45,0,97.45
10424,5012,96,2,51.37,0,102.74
10425,5013,119,2,213.48,0.2,341.57
10426,5013,141,1,71.69,0,71.69
10427,5013,128,1,398.69,0,398.69
10428,5013,45,1,61.85,0.1,55.66
10429,5014,119,1,213.48,0,213.48
10430,5014,145,1,84.99,0.2,67.99
10431,5015,13,1,132.43,0,132.43
10432,5015,97,1,23.97,0,23.97
10433,5016,10,2,116.26,0,232.52
10434,5017,52,1,190.14,0.1,171.13
10435,5017,55,2,295.32,0,590.64
10436,5018,8,1,255.14,0,255.14
10437,5019,154,1,83.05,0,83.05
10438,5019,33,1,49.0,0,49.0
10439,5020,33,1,49.0,0,49.0
10440,5021,158,1,14.07,0,14.07
10441,5021,105,1,348.07,0,348.07
10442,5022,2,2,198.54,0,397.08
10443,5022,91,3,50.62,0,151.86
10444,5022,72,1,196.03,0,196.03
10445,5022,47,1,173.41,0,173.41
10446,5023,54,1,92.65,0,92.65
10447,5023,39,2,43.96,0,87.92
10448,5023,118,1,357.71,0.2,286.17
10449,5023,25,1,292.94,0,292.94
10450,5023,143,2,69.82,0,139.64
10451,5024,41,1,179.88,0.1,161.89
10452,5025,38,1,79.64,0.1,71.68
10453,5025,97,1,23.97,0,23.97
10454,5025,97,1,23.97,0,23.97
10455,5026,91,1,50.62,0.1,45.56
10456,5027,160,1,40.26,0,40.26
10457,5027,159,1,57.51,0.2,46.01
10458,5028,26,1,66.46,0.2,53.17
10459,5028,159,2,57.51,0,115.02
10460,5028,54,1,92.65,0.15,78.75
10461,5028,100,2,69.29,0,138.58
10462,5028,7,2,33.9,0,67.8
10463,5029,114,1,240.92,0,240.92
10464,5029,71,1,16.86,0,16.86
10465,5029,19,1,229.68,0,229.68
10466,5029,64,1,113.76,0,113.76
10467,5030,54,1,92.65,0.1,83.39
10468,5030,49,1,111.88,0.1,100.69
10469,5031,61,1,12.8,0.1,11.52
10470,5032,88,1,39.57,0,39.57
10471,5033,61,1,12.8,0,12.8
10472,5034,159,2,57.51,0,115.02
10473,5034,108,3,97.45,0,292.35
10474,5035,49,1,111.88,0,111.88
10475,5035,71,2,16.86,0,33.72
10476,5035,152,1,66.12,0,66.12
10477,5035,148,1,60.49,0.15,51.42
10478,5036,44,1,83.07,0,83.07
10479,5036,134,1,40.72,0,40.72
10480,5036,18,1,268.84,0,268.84
10481,5037,124,2,13.96,0,27.92
10482,5037,72,2,196.03,0,392.06
10483,5038,27,1,21.73,0.1,19.56
10484,5038,35,1,124.39,0,124.39
10485,5038,81,1,52.03,0.15,44.23
10486,5038,145,1,84.99,0.15,72.24
10487,5039,106,1,187.33,0,187.33
10488,5039,42,1,80.28,0.1,72.25
10489,5039,37,2,83.16,0,166.32
10490,5039,93,1,19.37,0,19.37
10491,5040,159,1,57.51,0,57.51
10492,5041,111,1,282.79,0.15,240.37
10493,5042,99,1,79.98,0,79.98
10494,5042,89,1,41.71,0,41.71
10495,5043,22,1,399.88,0,399.88
10496,5044,126,1,319.24,0,319.24
10497,5045,65,2,172.37,0.1,310.27
10498,5045,140,1,66.53,0,66.53
10499,5045,99,1,79.98,0,79.98
10500,5046,47,2,173.41,0,346.82
10501,5046,72,1,196.03,0,196.03
10502,5046,54,1,92.65,0,92.65
10503,5047,60,2,294.14,0,588.28
10504,5048,130,1,68.02,0,68.02
10505,5049,119,1,213.48,0,213.48
10506,5050,29,1,122.84,0,122.84
10507,5051,92,1,74.46,0,74.46
10508,5051,53,2,86.91,0.1,156.44
10509,5051,54,1,92.65,0,92.65
10510,5052,60,1,294.14,0,294.14
10511,5052,126,1,319.24,0,319.24
10512,5052,127,1,268.94,0,268.94
10513,5052,111,1,282.79,0,282.79
10514,5053,101,1,68.79,0.1,61.91
10515,5053,19,1,229.68,0,229.68
10516,5054,71,1,16.86,0.15,14.33
10517,5055,95,1,42.95,0.1,38.66
10518,5055,72,2,196.03,0.1,352.85
10519,5055,67,1,62.01,0,62.01
10520,5056,152,1,66.12,0,66.12
10521,5056,96,1,51.37,0,51.37
10522,5057,54,1,92.65,0,92.65
10523,5057,6,2,180.27,0.1,324.49
10524,5057,9,1,98.65,0.15,83.85
10525,5057,31,2,121.18,0.1,218.12
10526,5058,118,2,357.71,0,715.42
10527,5059,84,1,13.12,0,13.12
10528,5059,95,1,42.95,0.2,34.36
10529,5060,145,2,84.99,0,169.98
10530,5060,160,2,40.26,0,80.52
10531,5061,61,1,12.8,0,12.8
10532,5061,146,2,20.85,0,41.7
10533,5062,119,1,213.48,0,213.48
10534,5063,3,1,101.49,0.2,81.19
10535,5063,70,1,67.88,0.15,57.7
10536,5063,97,1,23.97,0,23.97
10537,5064,72,1,196.03,0.1,176.43
10538,5064,7,3,33.9,0.1,91.53
10539,5064,5,1,135.87,0,135.87
10540,5064,132,1,101.25,0,101.25
10541,5064,54,1,92.65,0.2,74.12
10542,5065,160,1,40.26,0.15,34.22
10543,5065,92,1,74.46,0,74.46
10544,5066,154,1,83.05,0.15,70.59
10545,5066,26,1,66.46,0,66.46
10546,5066,48,2,156.79,0,313.58
10547,5066,84,1,13.12,0.1,11.81
10548,5067,6,3,180.27,0.15,459.69
10549,5067,146,1,20.85,0.2,16.68
10550,5068,150,1,44.1,0.15,37.48
10551,5068,152,1,66.12,0.1,59.51
10552,5069,152,2,66.12,0,132.24
10553,5069,140,1,66.53,0,66.53
10554,5070,134,1,40.72,0,40.72
10555,5070,20,1,84.59,0,84.59
10556,5071,88,1,39.57,0.2,31.66
10557,5071,149,1,68.48,0,68.48
10558,5071,153,1,99.2,0,99.2
10559,5072,86,1,8.05,0,8.05
10560,5073,61,2,12.8,0,25.6
10561,5073,105,2,348.07,0,696.14
10562,5073,113,2,274.17,0.1,493.51
10563,5074,89,1,41.71,0.2,33.37
10564,5074,64,3,113.76,0,341.28
10565,5075,144,1,11.66,0.15,9.91
10566,5076,19,3,229.68,0,689.04
10567,5076,56,2,48.94,0,97.88
10568,5076,54,3,92.65,0.2,222.36
10569,5076,155,2,82.21,0,164.42
10570,5077,92,3,74.46,0,223.38
10571,5077,2,1,198.54,0.15,168.76
10572,5078,81,1,52.03,0,52.03
10573,5078,139,2,70.5,0.2,112.8
10574,5078,101,2,68.79,0,137.58
10575,5079,24,1,346.45,0,346.45
10576,5080,152,1,66.12,0,66.12
10577,5081,54,1,92.65,0.1,83.39
10578,5082,152,3,66.12,0,198.36
10579,5083,50,1,55.81,0,55.81
10580,5083,55,2,295.32,0.1,531.58
10581,5083,11,1,176.03,0.15,149.63
10582,5084,61,1,12.8,0.1,11.52
10583,5085,54,1,92.65,0,92.65
10584,5085,91,1,50.62,0.1,45.56
10585,5086,54,1,92.65,0,92.65
10586,5087,26,1,66.46,0,66.46
10587,5087,54,1,92.65,0,92.65
10588,5088,75,1,185.8,0.2,148.64
10589,5088,47,1,173.41,0.1,156.07
10590,5089,113,1,274.17,0,274.17
10591,5090,46,1,64.69,0.1,58.22
10592,5090,87,1,40.81,0,40.81
10593,5090,99,1,79.98,0,79.98
10594,5091,20,1,84.59,0,84.59
10595,5092,120,1,179.87,0,179.87
10596,5093,97,1,23.97,0.2,19.18
10597,5093,135,1,105.74,0,105.74
10598,5094,74,2,41.44,0,82.88
10599,5094,97,1,23.97,0,23.97
10600,5094,117,1,173.82,0.15,147.75
10601,5095,18,1,268.84,0,268.84
10602,5095,87,1,40.81,0,40.81
10603,5096,57,1,91.71,0,91.71
10604,5097,85,1,74.75,0.2,59.8
10605,5098,40,1,53.97,0,53.97
10606,5099,95,1,42.95,0.1,38.66
10607,5099,129,1,36.16,0,36.16
10608,5099,61,2,12.8,0,25.6
10609,5100,8,1,255.14,0.1,229.63
10610,5101,126,1,319.24,0,319.24
10611,5102,6,1,180.27,0,180.27
10612,5103,123,1,92.73,0,92.73
10613,5104,154,3,83.05,0.2,199.32
10614,5105,75,1,185.8,0,185.8
10615,5105,19,1,229.68,0,229.68
10616,5106,40,1,53.97,0,53.97
10617,5106,47,1,173.41,0,173.41
10618,5107,17,1,75.74,0,75.74
10619,5107,56,1,48.94,0,48.94
10620,5107,31,2,121.18,0,242.36
10621,5108,37,1,83.16,0,83.16
10622,5109,44,1,83.07,0,83.07
10623,5109,111,1,282.79,0,282.79
10624,5110,121,2,374.5,0,749.0
10625,5110,5,1,135.87,0,135.87
10626,5111,89,1,41.71,0,41.71
10627,5112,121,1,374.5,0.15,318.32
10628,5113,119,1,213.48,0,213.48
10629,5114,84,3,13.12,0,39.36
10630,5114,53,1,86.91,0,86.91
10631,5115,10,1,116.26,0,116.26
10632,5115,137,1,15.32,0,15.32
10633,5115,39,1,43.96,0,43.96
10634,5115,54,1,92.65,0,92.65
10635,5115,116,1,217.77,0.1,195.99
10636,5116,139,1,70.5,0.15,59.92
10637,5116,107,1,335.62,0,335.62
10638,5117,37,2,83.16,0.2,133.06
10639,5117,10,1,116.26,0,116.26
10640,5118,68,1,204.27,0,204.27
10641,5118,17,1,75.74,0,75.74
10642,5118,72,1,196.03,0,196.03
10643,5119,78,1,77.23,0,77.23
10644,5119,34,1,164.11,0.15,139.49
10645,5120,97,1,23.97,0.1,21.57
10646,5121,61,2,12.8,0,25.6
10647,5121,85,1,74.75,0,74.75
10648,5121,36,2,143.82,0.15,244.49
10649,5122,124,1,13.96,0,13.96
10650,5122,60,1,294.14,0.15,250.02
10651,5123,31,1,121.18,0,121.18
10652,5124,108,1,97.45,0,97.45
10653,5125,2,1,198.54,0,198.54
10654,5125,56,2,48.94,0,97.88
10655,5126,32,1,49.75,0,49.75
10656,5126,17,2,75.74,0,151.48
10657,5127,87,1,40.81,0,40.81
10658,5127,111,2,282.79,0,565.58
10659,5127,54,2,92.65,0,185.3
10660,5127,153,1,99.2,0,99.2
10661,5128,81,1,52.03,0,52.03
10662,5128,93,2,19.37,0.15,32.93
10663,5128,57,1,91.71,0.1,82.54
10664,5129,84,2,13.12,0.1,23.62
10665,5130,26,2,66.46,0,132.92
10666,5130,91,1,50.62,0,50.62
10667,5131,140,2,66.53,0,133.06
10668,5131,108,1,97.45,0,97.45
10669,5131,94,3,59.56,0,178.68
10670,5132,114,1,240.92,0,240.92
10671,5132,94,1,59.56,0.1,53.6
10672,5132,27,2,21.73,0.1,39.11
10673,5132,119,2,213.48,0,426.96
10674,5133,108,1,97.45,0,97.45
10675,5133,94,1,59.56,0,59.56
10676,5134,34,1,164.11,0,164.11
10677,5135,152,1,66.12,0.1,59.51
10678,5135,84,1,13.12,0.1,11.81
10679,5136,97,1,23.97,0,23.97
10680,5136,29,2,122.84,0,245.68
10681,5137,156,1,17.86,0.1,16.07
10682,5137,10,1,116.26,0,116.26
10683,5137,106,1,187.33,0,187.33
10684,5137,139,2,70.5,0.1,126.9
10685,5138,97,3,23.97,0,71.91
10686,5139,97,1,23.97,0,23.97
10687,5139,47,1,173.41,0.15,147.4
10688,5140,54,1,92.65,0,92.65
10689,5141,80,1,41.32,0,41.32
10690,5141,99,1,79.98,0,79.98
10691,5141,101,1,68.79,0,68.79
10692,5142,63,1,115.75,0,115.75
10693,5143,144,1,11.66,0.1,10.49
10694,5143,75,3,185.8,0.1,501.66
10695,5144,103,1,74.37,0,74.37
10696,5144,26,1,66.46,0.1,59.81
10697,5145,94,1,59.56,0.15,50.63
10698,5145,39,1,43.96,0,43.96
10699,5145,85,1,74.75,0,74.75
10700,5146,33,1,49.0,0,49.0
10701,5147,71,1,16.86,0.1,15.17
10702,5148,152,1,66.12,0.1,59.51
10703,5149,160,1,40.26,0,40.26
10704,5150,160,1,40.26,0,40.26
10705,5150,31,1,121.18,0,121.18
10706,5150,84,1,13.12,0,13.12
10707,5151,101,1,68.79,0,68.79
10708,5152,54,1,92.65,0,92.65
10709,5152,35,2,124.39,0,248.78
10710,5153,91,2,50.62,0,101.24
10711,5154,26,2,66.46,0.15,112.98
10712,5155,152,2,66.12,0,132.24
10713,5155,158,2,14.07,0,28.14
10714,5156,153,1,99.2,0.15,84.32
10715,5156,27,1,21.73,0.1,19.56
10716,5156,106,1,187.33,0.2,149.86
10717,5156,90,1,52.82,0,52.82
10718,5157,111,1,282.79,0,282.79
10719,5158,63,1,115.75,0,115.75
10720,5158,107,1,335.62,0,335.62
10721,5158,61,1,12.8,0.1,11.52
10722,5159,121,1,374.5,0,374.5
10723,5159,61,1,12.8,0,12.8
10724,5160,142,2,31.27,0,62.54
10725,5161,37,1,83.16,0,83.16
10726,5162,140,1,66.53,0,66.53
10727,5163,125,1,226.52,0,226.52
10728,5163,7,2,33.9,0,67.8
10729,5164,152,1,66.12,0,66.12
10730,5165,86,1,8.05,0,8.05
10731,5165,100,1,69.29,0,69.29
10732,5165,7,1,33.9,0.15,28.81
10733,5166,102,1,116.44,0,116.44
10734,5167,110,3,59.23,0.15,151.04
10735,5167,33,1,49.0,0,49.0
10736,5168,36,1,143.82,0,143.82
10737,5168,78,1,77.23,0,77.23
10738,5168,97,1,23.97,0,23.97
10739,5169,3,1,101.49,0,101.49
10740,5169,36,3,143.82,0.2,345.17
10741,5170,125,1,226.52,0,226.52
10742,5171,126,1,319.24,0.1,287.32
10743,5171,99,1,79.98,0,79.98
10744,5172,108,1,97.45,0.1,87.7
10745,5173,66,1,279.67,0,279.67
10746,5174,60,1,294.14,0,294.14
10747,5175,29,2,122.84,0,245.68
10748,5175,132,1,101.25,0.2,81.0
10749,5176,39,1,43.96,0,43.96
10750,5176,159,1,57.51,0,57.51
10751,5176,137,1,15.32,0,15.32
10752,5177,150,1,44.1,0.15,37.48
10753,5178,44,2,83.07,0,166.14
10754,5179,93,1,19.37,0,19.37
10755,5179,155,1,82.21,0,82.21
10756,5180,126,1,319.24,0.1,287.32
10757,5180,66,1,279.67,0.15,237.72
10758,5181,101,3,68.79,0,206.37
10759,5182,120,2,179.87,0.1,323.77
10760,5182,72,1,196.03,0,196.03
10761,5182,84,3,13.12,0.1,35.42
10762,5182,105,1,348.07,0,348.07
10763,5183,140,1,66.53,0.1,59.88
10764,5184,79,1,40.31,0,40.31
10765,5184,89,1,41.71,0,41.71
10766,5185,34,2,164.11,0.1,295.4
10767,5186,112,1,329.53,0,329.53
10768,5187,91,1,50.62,0,50.62
10769,5187,121,1,374.5,0,374.5
10770,5187,35,2,124.39,0,248.78
10771,5187,152,1,66.12,0,66.12
10772,5187,11,1,176.03,0,176.03
10773,5188,31,1,121.18,0,121.18
10774,5188,7,3,33.9,0.15,86.44
10775,5188,61,3,12.8,0,38.4
10776,5188,91,2,50.62,0,101.24
10777,5188,7,2,33.9,0,67.8
10778,5189,123,1,92.73,0,92.73
10779,5189,66,1,279.67,0,279.67
10780,5189,60,1,294.14,0,294.14
10781,5190,62,1,117.07,0.2,93.66
10782,5191,42,1,80.28,0,80.28
10783,5191,98,1,11.23,0.15,9.55
10784,5192,160,2,40.26,0,80.52
10785,5193,43,1,75.67,0,75.67
10786,5193,22,1,399.88,0,399.88
10787,5193,144,1,11.66,0,11.66
10788,5193,99,1,79.98,0.15,67.98
10789,5194,36,1,143.82,0,143.82
10790,5194,49,2,111.88,0,223.76
10791,5195,130,1,68.02,0,68.02
10792,5196,54,1,92.65,0,92.65
10793,5196,62,1,117.07,0,117.07
10794,5197,19,3,229.68,0.2,551.23
10795,5197,65,2,172.37,0,344.74
10796,5198,132,1,101.25,0.1,91.12
10797,5198,5,3,135.87,0,407.61
10798,5198,29,2,122.84,0.15,208.83
10799,5199,158,2,14.07,0,28.14
10800,5199,41,1,179.88,0.1,161.89
10801,5199,7,2,33.9,0,67.8
10802,5199,152,2,66.12,0.15,112.4
10803,5200,108,2,97.45,0,194.9
10804,5200,31,1,121.18,0.15,103.0
10805,5201,9,1,98.65,0.1,88.79
10806,5201,54,1,92.65,0,92.65
10807,5201,18,1,268.84,0,268.84
10808,5201,150,1,44.1,0,44.1
10809,5201,125,1,226.52,0,226.52
10810,5202,141,1,71.69,0,71.69
10811,5203,148,2,60.49,0.1,108.88
10812,5204,30,2,168.06,0.1,302.51
10813,5205,19,1,229.68,0,229.68
10814,5205,140,2,66.53,0,133.06
10815,5205,61,1,12.8,0,12.8
10816,5206,82,1,54.72,0,54.72
10817,5206,75,2,185.8,0.15,315.86
10818,5206,53,2,86.91,0,173.82
10819,5206,99,1,79.98,0.1,71.98
10820,5206,125,1,226.52,0,226.52
10821,5207,25,1,292.94,0,292.94
10822,5207,113,2,274.17,0,548.34
10823,5207,63,1,115.75,0,115.75
10824,5208,54,1,92.65,0.15,78.75
10825,5209,158,1,14.07,0.1,12.66
10826,5209,65,1,172.37,0,172.37
10827,5209,160,3,40.26,0.15,102.66
10828,5210,97,1,23.97,0,23.97
10829,5211,13,1,132.43,0.2,105.94
10830,5211,68,3,204.27,0,612.81
10831,5212,81,1,52.03,0,52.03
10832,5212,35,1,124.39,0,124.39
10833,5213,80,1,41.32,0.2,33.06
10834,5213,89,1,41.71,0,41.71
10835,5214,108,1,97.45,0,97.45
10836,5214,98,1,11.23,0,11.23
10837,5215,53,1,86.91,0,86.91
10838,5215,137,1,15.32,0.1,13.79
10839,5216,64,1,113.76,0,113.76
10840,5216,35,2,124.39,0,248.78
10841,5217,33,3,49.0,0,147.0
10842,5218,113,1,274.17,0,274.17
10843,5219,110,1,59.23,0.15,50.35
10844,5219,43,2,75.67,0,151.34
10845,5220,109,2,22.1,0.1,39.78
10846,5220,32,2,49.75,0.1,89.55
10847,5221,61,1,12.8,0.2,10.24
10848,5222,119,1,213.48,0.2,170.78
10849,5223,84,1,13.12,0,13.12
10850,5224,115,2,276.86,0,553.72
10851,5225,46,2,64.69,0,129.38
10852,5225,111,3,282.79,0,848.37
10853,5226,11,2,176.03,0,352.06
10854,5226,62,1,117.07,0,117.07
10855,5227,74,2,41.44,0,82.88
10856,5228,81,2,52.03,0,104.06
10857,5228,112,1,329.53,0,329.53
10858,5229,132,1,101.25,0,101.25
10859,5229,141,1,71.69,0,71.69
10860,5229,64,2,113.76,0.15,193.39
10861,5230,54,2,92.65,0.15,157.5
10862,5230,159,1,57.51,0,57.51
10863,5231,91,1,50.62,0,50.62
10864,5231,12,1,291.22,0,291.22
10865,5232,149,1,68.48,0,68.48
10866,5232,128,2,398.69,0.1,717.64
10867,5232,36,1,143.82,0,143.82
10868,5233,94,1,59.56,0.1,53.6
10869,5233,119,1,213.48,0,213.48
10870,5234,94,1,59.56,0,59.56
10871,5235,98,1,11.23,0,11.23
10872,5235,81,2,52.03,0,104.06
10873,5235,81,1,52.03,0,52.03
10874,5236,149,2,68.48,0,136.96
10875,5236,47,1,173.41,0,173.41
10876,5236,20,2,84.59,0,169.18
10877,5237,88,2,39.57,0.1,71.23
10878,5238,70,1,67.88,0,67.88
10879,5238,119,2,213.48,0,426.96
10880,5238,141,1,71.69,0,71.69
10881,5239,78,1,77.23,0,77.23
10882,5239,39,1,43.96,0,43.96
10883,5240,33,2,49.0,0,98.0
10884,5240,2,1,198.54,0,198.54
10885,5240,10,1,116.26,0,116.26
10886,5240,155,1,82.21,0.1,73.99
10887,5241,113,1,274.17,0,274.17
10888,5242,50,1,55.81,0,55.81
10889,5242,121,1,374.5,0,374.5
10890,5243,18,1,268.84,0.1,241.96
10891,5243,125,1,226.52,0.1,203.87
10892,5243,99,1,79.98,0,79.98
10893,5243,152,1,66.12,0.1,59.51
10894,5244,19,2,229.68,0,459.36
10895,5244,39,1,43.96,0,43.96
10896,5245,54,1,92.65,0.15,78.75
10897,5245,1,1,134.64,0,134.64
10898,5246,54,1,92.65,0,92.65
10899,5246,138,1,24.71,0.1,22.24
10900,5247,111,1,282.79,0.1,254.51
10901,5248,5,1,135.87,0.15,115.49
10902,5249,111,1,282.79,0,282.79
10903,5250,145,1,84.99,0,84.99
10904,5250,17,1,75.74,0.15,64.38
10905,5250,18,3,268.84,0,806.52
10906,5250,31,1,121.18,0,121.18
10907,5251,88,2,39.57,0,79.14
10908,5251,132,1,101.25,0.2,81.0
10909,5251,5,2,135.87,0,271.74
10910,5252,40,1,53.97,0,53.97
10911,5253,156,1,17.86,0,17.86
10912,5254,1,1,134.64,0,134.64
10913,5255,12,1,291.22,0,291.22
10914,5255,85,2,74.75,0,149.5
10915,5255,34,1,164.11,0,164.11
10916,5256,90,2,52.82,0.1,95.08
10917,5256,111,1,282.79,0,282.79
10918,5257,110,2,59.23,0,118.46
10919,5257,52,1,190.14,0,190.14
10920,5257,112,1,329.53,0,329.53
10921,5257,62,3,117.07,0,351.21
10922,5258,94,1,59.56,0.15,50.63
10923,5258,101,1,68.79,0,68.79
10924,5258,47,1,173.41,0.2,138.73
10925,5259,142,1,31.27,0,31.27
10926,5259,19,2,229.68,0,459.36
10927,5259,63,2,115.75,0,231.5
10928,5260,97,2,23.97,0,47.94
10929,5261,54,1,92.65,0,92.65
10930,5262,88,1,39.57,0.1,35.61
10931,5262,99,1,79.98,0,79.98
10932,5263,39,2,43.96,0,87.92
10933,5263,33,1,49.0,0,49.0
10934,5263,101,2,68.79,0,137.58
10935,5263,156,1,17.86,0.1,16.07
10936,5263,33,3,49.0,0,147.0
10937,5264,68,1,204.27,0,204.27
10938,5264,97,1,23.97,0,23.97
10939,5264,84,1,13.12,0,13.12
10940,5264,9,1,98.65,0.15,83.85
10941,5264,54,2,92.65,0,185.3
10942,5265,113,2,274.17,0.15,466.09
10943,5265,121,1,374.5,0.2,299.6
10944,5265,60,1,294.14,0,294.14
10945,5265,101,1,68.79,0,68.79
10946,5266,97,1,23.97,0,23.97
10947,5267,8,1,255.14,0,255.14
10948,5267,123,2,92.73,0,185.46
10949,5268,111,1,282.79,0,282.79
10950,5269,97,1,23.97,0,23.97
10951,5269,149,1,68.48,0,68.48
10952,5269,79,1,40.31,0,40.31
10953,5269,40,1,53.97,0.1,48.57
10954,5270,56,1,48.94,0,48.94
10955,5271,152,1,66.12,0,66.12
10956,5271,54,1,92.65,0,92.65
10957,5271,106,1,187.33,0.2,149.86
10958,5272,106,1,187.33,0,187.33
10959,5272,119,2,213.48,0,426.96
10960,5272,99,2,79.98,0.1,143.96
10961,5273,56,1,48.94,0.15,41.6
10962,5273,124,1,13.96,0.1,12.56
10963,5273,111,1,282.79,0,282.79
10964,5273,160,2,40.26,0.1,72.47
10965,5274,90,1,52.82,0.2,42.26
10966,5274,84,1,13.12,0,13.12
10967,5275,19,1,229.68,0,229.68
10968,5275,37,1,83.16,0.15,70.69
10969,5276,97,2,23.97,0,47.94
10970,5277,57,1,91.71,0,91.71
10971,5277,26,2,66.46,0,132.92
10972,5278,91,1,50.62,0.15,43.03
10973,5278,113,1,274.17,0.1,246.75
10974,5279,35,1,124.39,0.1,111.95
10975,5279,97,1,23.97,0,23.97
10976,5280,63,1,115.75,0,115.75
10977,5280,1,1,134.64,0,134.64
10978,5281,152,2,66.12,0,132.24
10979,5282,96,2,51.37,0,102.74
10980,5282,94,1,59.56,0,59.56
10981,5282,37,1,83.16,0,83.16
10982,5282,11,1,176.03,0,176.03
10983,5282,31,1,121.18,0,121.18
10984,5283,73,1,43.45,0,43.45
10985,5283,150,1,44.1,0,44.1
10986,5284,125,1,226.52,0,226.52
10987,5284,100,2,69.29,0.15,117.79
10988,5284,78,1,77.23,0,77.23
10989,5285,49,2,111.88,0,223.76
10990,5285,60,1,294.14,0,294.14
10991,5285,38,1,79.64,0,79.64
10992,5286,62,1,117.07,0,117.07
10993,5286,54,1,92.65,0,92.65
10994,5286,54,1,92.65,0,92.65
10995,5286,102,1,116.44,0.2,93.15
10996,5286,98,1,11.23,0,11.23
10997,5287,33,1,49.0,0,49.0
10998,5288,157,2,65.63,0,131.26
10999,5288,85,3,74.75,0,224.25
11000,5289,99,1,79.98,0,79.98
11001,5289,78,1,77.23,0,77.23
11002,5289,84,1,13.12,0,13.12
11003,5290,54,1,92.65,0,92.65
11004,5290,1,1,134.64,0,134.64
11005,5291,119,1,213.48,0,213.48
11006,5291,30,2,168.06,0,336.12
11007,5292,51,1,33.99,0.15,28.89
11008,5293,19,1,229.68,0,229.68
11009,5294,61,1,12.8,0.1,11.52
11010,5294,27,1,21.73,0,21.73
11011,5295,94,1,59.56,0.1,53.6
11012,5296,101,1,68.79,0,68.79
11013,5297,47,2,173.41,0,346.82
11014,5298,94,1,59.56,0.1,53.6
11015,5298,87,2,40.81,0,81.62
11016,5299,152,2,66.12,0.15,112.4
11017,5300,131,1,62.23,0,62.23
11018,5300,78,1,77.23,0,77.23
11019,5300,113,1,274.17,0,274.17
11020,5301,101,1,68.79,0,68.79
11021,5301,141,1,71.69,0,71.69
11022,5302,31,1,121.18,0,121.18
11023,5303,44,1,83.07,0,83.07
11024,5304,155,1,82.21,0,82.21
11025,5304,101,1,68.79,0.15,58.47
11026,5305,54,1,92.65,0,92.65
11027,5305,143,1,69.82,0,69.82
11028,5306,91,1,50.62,0,50.62
11029,5307,67,3,62.01,0.1,167.43
11030,5307,119,1,213.48,0,213.48
11031,5308,85,1,74.75,0,74.75
11032,5308,58,1,151.67,0,151.67
11033,5309,48,1,156.79,0,156.79
11034,5309,7,1,33.9,0,33.9
11035,5309,26,1,66.46,0.1,59.81
11036,5310,126,2,319.24,0.1,574.63
11037,5310,123,1,92.73,0,92.73
11038,5310,54,1,92.65,0.15,78.75
11039,5311,130,2,68.02,0,136.04
11040,5311,60,1,294.14,0,294.14
11041,5311,91,1,50.62,0.1,45.56
11042,5311,70,1,67.88,0.1,61.09
11043,5312,93,1,19.37,0,19.37
11044,5312,54,1,92.65,0.15,78.75
11045,5313,91,1,50.62,0,50.62
11046,5314,56,1,48.94,0,48.94
11047,5314,39,3,43.96,0,131.88
11048,5314,74,1,41.44,0.15,35.22
11049,5314,70,1,67.88,0,67.88
11050,5314,157,1,65.63,0.1,59.07
11051,5315,71,1,16.86,0,16.86
11052,5315,138,2,24.71,0.1,44.48
11053,5316,113,1,274.17,0.1,246.75
11054,5316,68,2,204.27,0,408.54
11055,5317,98,1,11.23,0,11.23
11056,5318,52,1,190.14,0,190.14
11057,5319,33,1,49.0,0,49.0
11058,5320,158,1,14.07,0.15,11.96
11059,5320,44,1,83.07,0.15,70.61
11060,5320,33,1,49.0,0,49.0
11061,5320,136,1,116.14,0,116.14
11062,5320,101,1,68.79,0,68.79
11063,5321,2,2,198.54,0.1,357.37
11064,5321,56,1,48.94,0,48.94
11065,5321,118,1,357.71,0,357.71
11066,5321,139,1,70.5,0,70.5
11067,5322,114,2,240.92,0,481.84
11068,5322,142,2,31.27,0,62.54
11069,5322,55,2,295.32,0,590.64
11070,5322,145,1,84.99,0,84.99
11071,5322,36,2,143.82,0.1,258.88
11072,5323,94,1,59.56,0,59.56
11073,5324,121,1,374.5,0.1,337.05
11074,5324,157,1,65.63,0,65.63
11075,5325,11,1,176.03,0.1,158.43
11076,5325,119,1,213.48,0.2,170.78
11077,5325,45,1,61.85,0,61.85
11078,5326,114,2,240.92,0,481.84
11079,5327,88,1,39.57,0.2,31.66
11080,5327,71,1,16.86,0,16.86
11081,5328,54,1,92.65,0,92.65
11082,5328,91,1,50.62,0,50.62
11083,5329,54,1,92.65,0,92.65
11084,5329,141,1,71.69,0.15,60.94
11085,5330,63,3,115.75,0,347.25
11086,5330,31,1,121.18,0.1,109.06
11087,5330,34,1,164.11,0,164.11
11088,5330,124,1,13.96,0,13.96
11089,5331,119,3,213.48,0,640.44
11090,5331,154,2,83.05,0.2,132.88
11091,5331,143,2,69.82,0,139.64
11092,5332,134,1,40.72,0,40.72
11093,5333,40,1,53.97,0,53.97
11094,5334,97,1,23.97,0.15,20.37
11095,5335,160,1,40.26,0,40.26
11096,5335,17,2,75.74,0,151.48
11097,5335,88,2,39.57,0,79.14
11098,5335,34,2,164.11,0.15,278.99
11099,5336,71,1,16.86,0.1,15.17
11100,5336,110,1,59.23,0,59.23
11101,5336,101,1,68.79,0,68.79
11102,5337,84,1,13.12,0,13.12
11103,5337,85,1,74.75,0,74.75
11104,5338,154,1,83.05,0,83.05
11105,5338,39,3,43.96,0,131.88
11106,5338,119,2,213.48,0,426.96
11107,5338,119,1,213.48,0,213.48
11108,5339,27,2,21.73,0,43.46
11109,5340,81,2,52.03,0,104.06
11110,5341,38,3,79.64,0,238.92
11111,5342,144,1,11.66,0,11.66
11112,5342,44,3,83.07,0,249.21
11113,5342,85,2,74.75,0,149.5
11114,5343,71,2,16.86,0.1,30.35
11115,5344,45,1,61.85,0.1,55.66
11116,5344,97,2,23.97,0.15,40.75
11117,5344,121,2,374.5,0,749.0
11118,5344,46,1,64.69,0.15,54.99
11119,5345,54,1,92.65,0,92.65
11120,5346,54,1,92.65,0.1,83.39
11121,5346,92,1,74.46,0.15,63.29
11122,5347,21,1,274.21,0,274.21
11123,5347,106,2,187.33,0.2,299.73
11124,5347,35,1,124.39,0.1,111.95
11125,5348,124,2,13.96,0,27.92
11126,5348,119,1,213.48,0.1,192.13
11127,5349,49,1,111.88,0,111.88
11128,5350,101,1,68.79,0,68.79
11129,5350,34,1,164.11,0,164.11
11130,5351,64,2,113.76,0,227.52
11131,5352,76,2,65.54,0,131.08
11132,5352,64,1,113.76,0.1,102.38
11133,5352,55,2,295.32,0,590.64
11134,5353,78,1,77.23,0,77.23
11135,5353,97,3,23.97,0,71.91
11136,5354,51,1,33.99,0,33.99
11137,5354,44,2,83.07,0,166.14
11138,5354,74,1,41.44,0,41.44
11139,5355,67,1,62.01,0,62.01
11140,5355,103,1,74.37,0,74.37
11141,5356,54,1,92.65,0,92.65
11142,5356,43,1,75.67,0,75.67
11143,5356,18,1,268.84,0,268.84
11144,5356,33,1,49.0,0,49.0
11145,5356,152,2,66.12,0,132.24
11146,5357,72,1,196.03,0,196.03
11147,5358,2,1,198.54,0,198.54
11148,5358,91,1,50.62,0.1,45.56
11149,5359,115,2,276.86,0,553.72
11150,5360,157,1,65.63,0,65.63
11151,5361,157,1,65.63,0,65.63
11152,5361,68,1,204.27,0,204.27
11153,5362,156,3,17.86,0.1,48.22
11154,5362,94,1,59.56,0,59.56
11155,5362,76,1,65.54,0.15,55.71
11156,5363,108,1,97.45,0,97.45
11157,5363,114,1,240.92,0.1,216.83
11158,5363,54,1,92.65,0.1,83.39
11159,5364,54,3,92.65,0,277.95
11160,5364,7,2,33.9,0.1,61.02
11161,5364,119,1,213.48,0.1,192.13
11162,5364,113,2,274.17,0,548.34
11163,5364,54,1,92.65,0,92.65
11164,5365,72,1,196.03,0,196.03
11165,5365,64,1,113.76,0,113.76
11166,5366,11,3,176.03,0.1,475.28
11167,5367,32,1,49.75,0.2,39.8
11168,5367,147,1,23.93,0,23.93
11169,5367,136,1,116.14,0.15,98.72
11170,5368,11,1,176.03,0,176.03
11171,5369,15,1,152.22,0,152.22
11172,5369,33,1,49.0,0,49.0
11173,5370,54,1,92.65,0.1,83.39
11174,5370,54,1,92.65,0,92.65
11175,5371,60,1,294.14,0.2,235.31
11176,5371,97,2,23.97,0.1,43.15
11177,5372,145,1,84.99,0,84.99
11178,5372,94,3,59.56,0,178.68
11179,5373,111,1,282.79,0,282.79
11180,5373,142,1,31.27,0.2,25.02
11181,5373,119,1,213.48,0.1,192.13
11182,5374,84,1,13.12,0.1,11.81
11183,5375,45,1,61.85,0,61.85
11184,5375,88,1,39.57,0,39.57
11185,5375,19,1,229.68,0,229.68
11186,5375,60,1,294.14,0,294.14
11187,5376,34,2,164.11,0,328.22
11188,5377,91,1,50.62,0,50.62
11189,5377,6,1,180.27,0.15,153.23
11190,5377,101,1,68.79,0,68.79
11191,5378,131,1,62.23,0,62.23
11192,5379,114,1,240.92,0,240.92
11193,5380,88,2,39.57,0,79.14
11194,5380,118,1,357.71,0,357.71
11195,5380,61,1,12.8,0,12.8
11196,5381,54,1,92.65,0,92.65
11197,5382,132,1,101.25,0,101.25
11198,5383,132,1,101.25,0,101.25
11199,5383,54,1,92.65,0.1,83.39
11200,5384,54,1,92.65,0.1,83.39
11201,5385,89,1,41.71,0,41.71
11202,5385,111,2,282.79,0,565.58
11203,5385,119,1,213.48,0.1,192.13
11204,5385,157,2,65.63,0,131.26
11205,5386,18,1,268.84,0,268.84
11206,5386,109,2,22.1,0,44.2
11207,5386,71,1,16.86,0,16.86
11208,5386,8,1,255.14,0.15,216.87
11209,5387,54,1,92.65,0,92.65
11210,5387,46,1,64.69,0,64.69
11211,5387,54,1,92.65,0,92.65
11212,5387,160,1,40.26,0.2,32.21
11213,5387,135,1,105.74,0,105.74
11214,5388,64,2,113.76,0,227.52
11215,5388,143,1,69.82,0.1,62.84
11216,5388,54,2,92.65,0,185.3
11217,5389,124,1,13.96,0,13.96
11218,5390,153,1,99.2,0.15,84.32
11219,5391,119,1,213.48,0,213.48
11220,5391,11,1,176.03,0.1,158.43
11221,5391,119,1,213.48,0,213.48
11222,5391,1,3,134.64,0,403.92
11223,5392,110,2,59.23,0,118.46
11224,5392,118,1,357.71,0.1,321.94
11225,5392,33,1,49.0,0.15,41.65
11226,5392,85,1,74.75,0,74.75
11227,5393,152,1,66.12,0.1,59.51
11228,5393,108,1,97.45,0.1,87.7
11229,5394,21,2,274.21,0.15,466.16
11230,5395,101,1,68.79,0.15,58.47
11231,5395,93,1,19.37,0,19.37
11232,5396,145,1,84.99,0.1,76.49
11233,5397,111,1,282.79,0.1,254.51
11234,5397,30,1,168.06,0,168.06
11235,5397,32,1,49.75,0,49.75
11236,5397,89,1,41.71,0,41.71
11237,5398,19,1,229.68,0,229.68
11238,5399,22,1,399.88,0.1,359.89
11239,5400,39,1,43.96,0,43.96
11240,5401,65,1,172.37,0.15,146.51
11241,5402,88,2,39.57,0,79.14
11242,5402,95,1,42.95,0,42.95
11243,5403,9,3,98.65,0,295.95
11244,5403,39,1,43.96,0,43.96
11245,5404,125,1,226.52,0,226.52
11246,5405,102,1,116.44,0,116.44
11247,5406,125,1,226.52,0,226.52
11248,5406,67,1,62.01,0.2,49.61
11249,5407,39,1,43.96,0,43.96
11250,5408,54,1,92.65,0,92.65
11251,5408,106,1,187.33,0,187.33
11252,5408,7,1,33.9,0,33.9
11253,5408,78,2,77.23,0,154.46
11254,5409,140,3,66.53,0,199.59
11255,5409,33,1,49.0,0,49.0
11256,5410,147,1,23.93,0.15,20.34
11257,5411,39,3,43.96,0.1,118.69
11258,5412,33,1,49.0,0.15,41.65
11259,5412,15,1,152.22,0,152.22
11260,5412,100,2,69.29,0,138.58
11261,5413,66,1,279.67,0,279.67
11262,5414,97,1,23.97,0,23.97
11263,5414,20,1,84.59,0,84.59
11264,5414,136,1,116.14,0,116.14
11265,5414,64,1,113.76,0.1,102.38
11266,5414,102,1,116.44,0.15,98.97
11267,5415,87,1,40.81,0,40.81
11268,5415,145,1,84.99,0,84.99
11269,5415,80,1,41.32,0,41.32
11270,5415,102,1,116.44,0,116.44
11271,5416,36,1,143.82,0.15,122.25
11272,5416,11,1,176.03,0,176.03
11273,5416,78,1,77.23,0,77.23
11274,5417,12,2,291.22,0,582.44
11275,5418,63,1,115.75,0,115.75
11276,5418,37,1,83.16,0,83.16
11277,5418,52,3,190.14,0,570.42
11278,5419,97,1,23.97,0,23.97
11279,5419,131,1,62.23,0,62.23
11280,5420,140,2,66.53,0.1,119.75
11281,5421,156,1,17.86,0,17.86
11282,5422,31,1,121.18,0.1,109.06
11283,5423,47,1,173.41,0.1,156.07
11284,5423,24,1,346.45,0.1,311.81
11285,5423,61,1,12.8,0,12.8
11286,5424,8,1,255.14,0.2,204.11
11287,5424,8,1,255.14,0,255.14
11288,5424,67,1,62.01,0.1,55.81
11289,5425,94,1,59.56,0,59.56
11290,5425,54,2,92.65,0.15,157.5
11291,5426,53,1,86.91,0,86.91
11292,5426,119,1,213.48,0.2,170.78
11293,5427,99,1,79.98,0,79.98
11294,5428,105,1,348.07,0.1,313.26
11295,5428,61,1,12.8,0,12.8
11296,5428,64,2,113.76,0,227.52
11297,5428,101,3,68.79,0,206.37
11298,5428,61,1,12.8,0,12.8
11299,5429,118,1,357.71,0,357.71
11300,5430,145,1,84.99,0.1,76.49
11301,5430,99,1,79.98,0,79.98
11302,5430,89,1,41.71,0,41.71
11303,5431,54,2,92.65,0,185.3
11304,5431,15,1,152.22,0.1,137.0
11305,5431,54,1,92.65,0,92.65
11306,5431,27,1,21.73,0.1,19.56
11307,5431,86,2,8.05,0,16.1
11308,5432,16,1,232.17,0,232.17
11309,5432,54,1,92.65,0,92.65
11310,5433,108,3,97.45,0,292.35
11311,5434,53,1,86.91,0,86.91
11312,5435,132,1,101.25,0.15,86.06
11313,5435,33,1,49.0,0,49.0
11314,5436,142,1,31.27,0,31.27
11315,5437,60,2,294.14,0,588.28
11316,5438,143,2,69.82,0.15,118.69
11317,5438,111,2,282.79,0,565.58
11318,5438,98,2,11.23,0,22.46
11319,5438,117,1,173.82,0.15,147.75
11320,5439,53,1,86.91,0,86.91
11321,5440,106,1,187.33,0,187.33
11322,5441,124,1,13.96,0.1,12.56
11323,5442,88,1,39.57,0.15,33.63
11324,5442,54,2,92.65,0.15,157.5
11325,5442,54,1,92.65,0.1,83.39
11326,5442,58,1,151.67,0,151.67
11327,5442,102,3,116.44,0.15,296.92
11328,5443,54,1,92.65,0,92.65
11329,5443,128,2,398.69,0,797.38
11330,5443,158,1,14.07,0.1,12.66
11331,5444,34,1,164.11,0,164.11
11332,5444,44,1,83.07,0,83.07
11333,5445,94,1,59.56,0,59.56
11334,5445,128,1,398.69,0.15,338.89
11335,5445,152,1,66.12,0,66.12
11336,5446,72,1,196.03,0,196.03
11337,5446,102,2,116.44,0.15,197.95
11338,5446,61,2,12.8,0,25.6
11339,5446,135,1,105.74,0.1,95.17
11340,5447,159,1,57.51,0,57.51
11341,5447,158,1,14.07,0,14.07
11342,5447,157,1,65.63,0,65.63
11343,5448,29,3,122.84,0,368.52
11344,5448,97,1,23.97,0.1,21.57
11345,5449,72,3,196.03,0,588.09
11346,5450,8,1,255.14,0,255.14
11347,5450,25,1,292.94,0.15,249.0
11348,5450,119,1,213.48,0,213.48
11349,5450,78,1,77.23,0,77.23
11350,5451,7,1,33.9,0.1,30.51
11351,5452,112,2,329.53,0.2,527.25
11352,5452,12,1,291.22,0.1,262.1
11353,5452,91,1,50.62,0.1,45.56
11354,5452,95,1,42.95,0,42.95
11355,5453,7,1,33.9,0,33.9
11356,5453,6,2,180.27,0,360.54
11357,5454,117,1,173.82,0.15,147.75
11358,5454,72,1,196.03,0,196.03
11359,5454,61,3,12.8,0.1,34.56
11360,5455,112,1,329.53,0.1,296.58
11361,5456,87,1,40.81,0,40.81
11362,5456,54,3,92.65,0,277.95
11363,5457,119,1,213.48,0,213.48
11364,5458,73,1,43.45,0,43.45
11365,5458,31,1,121.18,0,121.18
11366,5459,17,1,75.74,0,75.74
11367,5459,74,1,41.44,0,41.44
11368,5459,92,1,74.46,0,74.46
11369,5459,140,1,66.53,0.15,56.55
11370,5460,40,1,53.97,0,53.97
11371,5460,87,3,40.81,0,122.43
11372,5461,20,1,84.59,0,84.59
11373,5461,63,2,115.75,0,231.5
11374,5462,132,1,101.25,0.15,86.06
11375,5463,101,1,68.79,0,68.79
11376,5463,118,1,357.71,0,357.71
11377,5463,33,2,49.0,0,98.0
11378,5463,131,1,62.23,0,62.23
11379,5463,25,1,292.94,0,292.94
11380,5464,143,2,69.82,0.1,125.68
11381,5464,97,1,23.97,0.1,21.57
11382,5465,86,1,8.05,0,8.05
11383,5466,61,1,12.8,0,12.8
11384,5467,99,1,79.98,0,79.98
11385,5467,95,1,42.95,0,42.95
11386,5467,97,1,23.97,0.1,21.57
11387,5467,87,1,40.81,0,40.81
11388,5468,54,1,92.65,0.1,83.39
11389,5468,40,1,53.97,0.2,43.18
11390,5469,91,1,50.62,0.1,45.56
11391,5469,152,1,66.12,0.15,56.2
11392,5470,33,1,49.0,0.1,44.1
11393,5470,81,1,52.03,0,52.03
11394,5471,26,1,66.46,0.15,56.49
11395,5471,106,2,187.33,0.1,337.19
11396,5472,91,1,50.62,0,50.62
11397,5473,39,1,43.96,0.15,37.37
11398,5473,146,1,20.85,0,20.85
11399,5473,63,1,115.75,0.15,98.39
11400,5474,79,1,40.31,0,40.31
11401,5475,42,1,80.28,0.2,64.22
11402,5475,19,2,229.68,0,459.36
11403,5476,129,1,36.16,0,36.16
11404,5477,68,1,204.27,0,204.27
11405,5478,64,1,113.76,0,113.76
11406,5478,25,3,292.94,0,878.82
11407,5478,100,1,69.29,0.1,62.36
11408,5478,111,1,282.79,0.1,254.51
11409,5478,87,2,40.81,0.1,73.46
11410,5479,49,1,111.88,0,111.88
11411,5480,91,2,50.62,0.1,91.12
11412,5481,148,1,60.49,0,60.49
11413,5481,35,3,124.39,0,373.17
11414,5481,98,1,11.23,0,11.23
11415,5481,83,1,23.95,0,23.95
11416,5481,101,2,68.79,0,137.58
11417,5482,84,1,13.12,0,13.12
11418,5483,13,1,132.43,0,132.43
11419,5483,132,2,101.25,0.1,182.25
11420,5484,73,1,43.45,0,43.45
11421,5484,19,1,229.68,0.2,183.74
11422,5485,94,2,59.56,0,119.12
11423,5485,48,1,156.79,0.2,125.43
11424,5486,143,3,69.82,0.1,188.51
11425,5486,1,1,134.64,0,134.64
11426,5487,112,1,329.53,0.1,296.58
11427,5487,73,1,43.45,0,43.45
11428,5487,114,1,240.92,0,240.92
11429,5487,54,1,92.65,0,92.65
11430,5487,127,2,268.94,0,537.88
11431,5488,11,1,176.03,0.1,158.43
11432,5489,159,1,57.51,0.2,46.01
11433,5489,1,1,134.64,0,134.64
11434,5490,56,1,48.94,0,48.94
11435,5491,54,1,92.65,0,92.65
11436,5491,32,1,49.75,0,49.75
11437,5491,103,1,74.37,0.1,66.93
11438,5492,76,1,65.54,0.15,55.71
11439,5492,61,2,12.8,0,25.6
11440,5492,40,1,53.97,0,53.97
11441,5493,107,2,335.62,0,671.24
11442,5494,54,1,92.65,0,92.65
11443,5495,40,1,53.97,0.1,48.57
11444,5496,12,1,291.22,0,291.22
11445,5496,132,2,101.25,0,202.5
11446,5496,55,1,295.32,0,295.32
11447,5496,152,1,66.12,0,66.12
11448,5497,64,1,113.76,0,113.76
11449,5497,32,1,49.75,0.1,44.77
11450,5497,97,1,23.97,0,23.97
11451,5497,117,1,173.82,0.15,147.75
11452,5497,54,1,92.65,0.1,83.39
11453,5498,31,1,121.18,0,121.18
11454,5498,76,3,65.54,0,196.62
11455,5499,42,1,80.28,0,80.28
11456,5499,72,2,196.03,0,392.06
11457,5499,145,2,84.99,0,169.98
11458,5500,54,1,92.65,0,92.65
11459,5500,84,1,13.12,0.1,11.81
11460,5500,53,1,86.91,0,86.91
11461,5501,55,1,295.32,0.1,265.79
11462,5502,2,2,198.54,0.1,357.37
11463,5502,51,1,33.99,0,33.99
11464,5503,45,1,61.85,0,61.85
11465,5503,148,1,60.49,0,60.49
11466,5504,106,1,187.33,0,187.33
11467,5504,47,2,173.41,0,346.82
11468,5504,91,2,50.62,0,101.24
11469,5504,44,1,83.07,0,83.07
11470,5505,83,1,23.95,0,23.95
11471,5505,54,1,92.65,0,92.65
11472,5506,44,2,83.07,0.2,132.91
11473,5506,8,2,255.14,0,510.28
11474,5506,156,1,17.86,0,17.86
11475,5507,98,1,11.23,0,11.23
11476,5507,84,1,13.12,0,13.12
11477,5507,150,1,44.1,0,44.1
11478,5507,85,1,74.75,0,74.75
11479,5507,60,2,294.14,0.15,500.04
11480,5508,139,1,70.5,0,70.5
11481,5508,67,2,62.01,0.2,99.22
11482,5509,105,1,348.07,0.15,295.86
11483,5510,84,1,13.12,0.1,11.81
11484,5511,142,2,31.27,0,62.54
11485,5511,6,1,180.27,0.1,162.24
11486,5511,60,1,294.14,0,294.14
11487,5512,74,2,41.44,0,82.88
11488,5513,64,1,113.76,0,113.76
11489,5513,43,1,75.67,0,75.67
11490,5514,95,2,42.95,0,85.9
11491,5515,147,1,23.93,0.2,19.14
11492,5516,26,3,66.46,0,199.38
11493,5516,148,1,60.49,0,60.49
11494,5517,113,1,274.17,0,274.17
11495,5517,81,2,52.03,0,104.06
11496,5518,53,1,86.91,0.1,78.22
11497,5519,26,2,66.46,0,132.92
11498,5520,136,1,116.14,0,116.14
11499,5520,68,1,204.27,0.15,173.63
11500,5521,74,1,41.44,0.1,37.3
11501,5522,99,1,79.98,0,79.98
11502,5522,148,1,60.49,0,60.49
11503,5522,94,1,59.56,0.1,53.6
11504,5523,113,1,274.17,0.15,233.04
11505,5523,152,1,66.12,0.1,59.51
11506,5524,7,2,33.9,0.15,57.63
11507,5524,60,2,294.14,0.15,500.04
11508,5525,96,2,51.37,0,102.74
11509,5525,33,1,49.0,0,49.0
11510,5526,119,1,213.48,0,213.48
11511,5527,108,1,97.45,0,97.45
11512,5528,42,1,80.28,0,80.28
11513,5528,132,1,101.25,0,101.25
11514,5529,18,1,268.84,0,268.84
11515,5530,135,3,105.74,0,317.22
11516,5531,19,1,229.68,0,229.68
11517,5532,143,1,69.82,0,69.82
11518,5532,34,1,164.11,0,164.11
11519,5533,21,1,274.21,0,274.21
11520,5533,119,1,213.48,0,213.48
11521,5533,75,1,185.8,0,185.8
11522,5534,140,2,66.53,0,133.06
11523,5535,54,1,92.65,0,92.65
11524,5535,153,1,99.2,0,99.2
11525,5536,158,3,14.07,0.15,35.88
11526,5537,140,1,66.53,0,66.53
11527,5537,79,1,40.31,0,40.31
11528,5538,136,1,116.14,0,116.14
11529,5539,44,1,83.07,0.15,70.61
11530,5539,56,1,48.94,0,48.94
11531,5539,154,1,83.05,0,83.05
11532,5539,126,1,319.24,0,319.24
11533,5540,54,1,92.65,0,92.65
11534,5540,97,3,23.97,0,71.91
11535,5541,54,1,92.65,0,92.65
11536,5542,160,1,40.26,0,40.26
11537,5542,138,1,24.71,0,24.71
11538,5542,94,1,59.56,0,59.56
11539,5543,121,1,374.5,0,374.5
11540,5543,98,3,11.23,0,33.69
11541,5544,61,1,12.8,0,12.8
11542,5545,88,1,39.57,0.2,31.66
11543,5545,32,1,49.75,0,49.75
11544,5546,7,2,33.9,0,67.8
11545,5546,137,1,15.32,0,15.32
11546,5547,40,1,53.97,0,53.97
11547,5547,142,1,31.27,0,31.27
11548,5548,111,1,282.79,0,282.79
11549,5548,159,2,57.51,0,115.02
11550,5549,144,1,11.66,0,11.66
11551,5549,88,1,39.57,0.1,35.61
11552,5550,63,1,115.75,0,115.75
11553,5551,51,1,33.99,0.1,30.59
11554,5552,129,2,36.16,0.1,65.09
11555,5552,94,2,59.56,0,119.12
11556,5553,145,2,84.99,0.2,135.98
11557,5554,158,2,14.07,0.1,25.33
11558,5555,129,1,36.16,0,36.16
11559,5555,142,1,31.27,0,31.27
11560,5555,56,1,48.94,0.1,44.05
11561,5556,39,1,43.96,0,43.96
11562,5556,106,1,187.33,0,187.33
11563,5557,110,1,59.23,0.15,50.35
11564,5557,38,1,79.64,0,79.64
11565,5558,70,1,67.88,0,67.88
11566,5558,92,1,74.46,0,74.46
11567,5558,38,1,79.64,0,79.64
11568,5558,157,1,65.63,0.1,59.07
11569,5559,89,1,41.71,0.15,35.45
11570,5559,84,1,13.12,0,13.12
11571,5559,94,1,59.56,0.15,50.63
11572,5560,54,2,92.65,0,185.3
11573,5560,50,2,55.81,0,111.62
11574,5560,55,1,295.32,0,295.32
11575,5561,148,1,60.49,0,60.49
11576,5561,35,1,124.39,0,124.39
11577,5562,113,1,274.17,0,274.17
11578,5563,138,1,24.71,0.1,22.24
11579,5564,54,2,92.65,0,185.3
11580,5564,90,2,52.82,0.1,95.08
11581,5564,52,1,190.14,0,190.14
11582,5565,26,1,66.46,0.1,59.81
11583,5566,94,1,59.56,0,59.56
11584,5566,94,1,59.56,0,59.56
11585,5566,56,2,48.94,0,97.88
11586,5567,107,2,335.62,0,671.24
11587,5567,156,1,17.86,0,17.86
11588,5568,79,2,40.31,0,80.62
11589,5569,48,1,156.79,0.2,125.43
11590,5569,78,1,77.23,0.1,69.51
11591,5570,121,1,374.5,0,374.5
11592,5571,114,1,240.92,0.15,204.78
11593,5572,54,1,92.65,0,92.65
11594,5572,127,2,268.94,0.1,484.09
11595,5573,121,3,374.5,0.1,1011.15
11596,5574,148,1,60.49,0,60.49
11597,5574,35,2,124.39,0,248.78
11598,5574,54,1,92.65,0,92.65
11599,5574,91,3,50.62,0,151.86
11600,5575,57,2,91.71,0.1,165.08
11601,5576,54,1,92.65,0,92.65
11602,5576,38,1,79.64,0.1,71.68
11603,5577,66,1,279.67,0,279.67
11604,5578,131,1,62.23,0,62.23
11605,5579,119,1,213.48,0,213.48
11606,5580,100,1,69.29,0,69.29
11607,5581,20,3,84.59,0,253.77
11608,5582,101,2,68.79,0,137.58
11609,5582,31,1,121.18,0.1,109.06
11610,5583,43,1,75.67,0,75.67
11611,5583,54,2,92.65,0,185.3
11612,5584,138,1,24.71,0,24.71
11613,5584,54,1,92.65,0,92.65
11614,5585,70,2,67.88,0,135.76
11615,5586,137,1,15.32,0.1,13.79
11616,5586,60,1,294.14,0,294.14
11617,5586,87,1,40.81,0,40.81
11618,5587,139,1,70.5,0,70.5
11619,5587,113,1,274.17,0.1,246.75
11620,5588,152,1,66.12,0,66.12
11621,5589,57,1,91.71,0,91.71
11622,5589,11,1,176.03,0,176.03
11623,5589,85,1,74.75,0,74.75
11624,5589,119,1,213.48,0.1,192.13
11625,5590,135,1,105.74,0,105.74
11626,5591,54,1,92.65,0.2,74.12
11627,5592,31,1,121.18,0,121.18
11628,5593,64,1,113.76,0,113.76
11629,5594,1,1,134.64,0,134.64
11630,5594,144,1,11.66,0,11.66
11631,5594,93,1,19.37,0,19.37
11632,5595,53,2,86.91,0,173.82
11633,5595,16,1,232.17,0,232.17
11634,5596,107,1,335.62,0,335.62
11635,5597,97,3,23.97,0,71.91
11636,5597,153,2,99.2,0,198.4
11637,5597,54,1,92.65,0.1,83.39
11638,5598,31,1,121.18,0.1,109.06
11639,5598,54,3,92.65,0,277.95
11640,5599,54,2,92.65,0,185.3
11641,5599,82,1,54.72,0,54.72
11642,5599,47,1,173.41,0,173.41
11643,5599,146,1,20.85,0,20.85
11644,5599,54,1,92.65,0,92.65
11645,5600,78,2,77.23,0.1,139.01
11646,5600,64,2,113.76,0,227.52
11647,5601,126,1,319.24,0,319.24
11648,5601,111,2,282.79,0,565.58
11649,5601,44,1,83.07,0.1,74.76
11650,5601,111,1,282.79,0,282.79
11651,5601,54,2,92.65,0,185.3
11652,5602,130,1,68.02,0.2,54.42
11653,5602,119,1,213.48,0,213.48
11654,5603,108,1,97.45,0,97.45
11655,5603,27,2,21.73,0,43.46
11656,5603,140,1,66.53,0.1,59.88
11657,5604,118,2,357.71,0.1,643.88
11658,5605,139,1,70.5,0,70.5
11659,5605,31,2,121.18,0,242.36
11660,5605,84,1,13.12,0.15,11.15
11661,5606,71,1,16.86,0,16.86
11662,5606,8,1,255.14,0,255.14
11663,5607,75,1,185.8,0,185.8
11664,5608,18,1,268.84,0,268.84
11665,5608,17,2,75.74,0,151.48
11666,5609,17,1,75.74,0,75.74
11667,5610,54,1,92.65,0,92.65
11668,5610,49,2,111.88,0,223.76
11669,5610,61,2,12.8,0.1,23.04
11670,5611,141,1,71.69,0.1,64.52
11671,5611,142,1,31.27,0,31.27
11672,5612,160,1,40.26,0.15,34.22
11673,5612,8,1,255.14,0.15,216.87
11674,5613,111,2,282.79,0,565.58
11675,5613,64,1,113.76,0.1,102.38
11676,5613,97,2,23.97,0,47.94
11677,5613,111,1,282.79,0.1,254.51
11678,5613,88,2,39.57,0,79.14
11679,5614,84,2,13.12,0.1,23.62
11680,5614,141,1,71.69,0,71.69
11681,5614,121,1,374.5,0,374.5
11682,5615,54,1,92.65,0,92.65
11683,5616,71,1,16.86,0,16.86
11684,5616,40,1,53.97,0,53.97
11685,5616,68,1,204.27,0,204.27
11686,5617,89,1,41.71,0,41.71
11687,5617,136,1,116.14,0,116.14
11688,5617,74,1,41.44,0,41.44
11689,5618,89,3,41.71,0,125.13
11690,5618,143,1,69.82,0.15,59.35
11691,5618,54,1,92.65,0,92.65
11692,5619,97,1,23.97,0,23.97
11693,5619,64,1,113.76,0.2,91.01
11694,5619,101,1,68.79,0,68.79
11695,5620,110,3,59.23,0,177.69
11696,5620,35,1,124.39,0,124.39
11697,5621,143,1,69.82,0.1,62.84
11698,5621,72,1,196.03,0,196.03
11699,5622,21,1,274.21,0,274.21
11700,5622,5,2,135.87,0,271.74
11701,5622,91,1,50.62,0,50.62
11702,5623,106,1,187.33,0,187.33
11703,5623,54,2,92.65,0.2,148.24
11704,5624,71,1,16.86,0,16.86
11705,5624,13,1,132.43,0.2,105.94
11706,5624,54,1,92.65,0,92.65
11707,5625,94,1,59.56,0.1,53.6
11708,5626,51,1,33.99,0,33.99
11709,5626,54,1,92.65,0,92.65
11710,5626,55,2,295.32,0.1,531.58
11711,5627,149,2,68.48,0.1,123.26
11712,5627,118,2,357.71,0,715.42
11713,5627,17,2,75.74,0.15,128.76
11714,5627,61,1,12.8,0,12.8
11715,5628,53,1,86.91,0.1,78.22
11716,5628,134,1,40.72,0.1,36.65
11717,5629,152,2,66.12,0.1,119.02
11718,5629,49,2,111.88,0,223.76
11719,5629,119,1,213.48,0,213.48
11720,5629,95,1,42.95,0.15,36.51
11721,5629,11,1,176.03,0,176.03
11722,5630,152,1,66.12,0,66.12
11723,5631,61,1,12.8,0.2,10.24
11724,5631,61,1,12.8,0,12.8
11725,5632,35,1,124.39,0,124.39
11726,5632,6,3,180.27,0,540.81
11727,5632,108,1,97.45,0.1,87.7
11728,5633,31,1,121.18,0,121.18
11729,5633,3,1,101.49,0,101.49
11730,5634,127,1,268.94,0.2,215.15
11731,5634,51,1,33.99,0,33.99
11732,5634,39,1,43.96,0.1,39.56
11733,5635,123,1,92.73,0.15,78.82
11734,5635,47,2,173.41,0,346.82
11735,5636,97,1,23.97,0.2,19.18
11736,5637,35,1,124.39,0,124.39
11737,5637,99,1,79.98,0,79.98
11738,5637,15,1,152.22,0.15,129.39
11739,5638,114,2,240.92,0,481.84
11740,5639,47,1,173.41,0,173.41
11741,5639,119,1,213.48,0.1,192.13
11742,5640,113,1,274.17,0.1,246.75
11743,5640,87,1,40.81,0,40.81
11744,5640,89,1,41.71,0,41.71
11745,5640,146,2,20.85,0.15,35.45
11746,5641,100,2,69.29,0,138.58
11747,5641,81,2,52.03,0,104.06
11748,5641,15,1,152.22,0,152.22
11749,5642,101,1,68.79,0,68.79
11750,5642,50,1,55.81,0,55.81
11751,5642,57,1,91.71,0.1,82.54
11752,5643,17,3,75.74,0,227.22
11753,5644,7,2,33.9,0,67.8
11754,5644,92,1,74.46,0.2,59.57
11755,5644,3,1,101.49,0,101.49
11756,5644,89,1,41.71,0.15,35.45
11757,5645,147,1,23.93,0,23.93
11758,5645,139,2,70.5,0,141.0
11759,5645,113,1,274.17,0.15,233.04
11760,5646,131,3,62.23,0,186.69
11761,5646,114,1,240.92,0.15,204.78
11762,5647,100,1,69.29,0,69.29
11763,5647,54,1,92.65,0,92.65
11764,5648,98,1,11.23,0,11.23
11765,5649,88,1,39.57,0,39.57
11766,5650,68,1,204.27,0.1,183.84
11767,5651,76,1,65.54,0,65.54
11768,5652,72,1,196.03,0,196.03
11769,5653,86,1,8.05,0,8.05
11770,5654,101,1,68.79,0.1,61.91
11771,5654,84,2,13.12,0,26.24
11772,5655,54,1,92.65,0,92.65
11773,5655,21,1,274.21,0,274.21
11774,5655,31,1,121.18,0.1,109.06
11775,5656,53,1,86.91,0.15,73.87
11776,5657,111,1,282.79,0,282.79
11777,5657,84,1,13.12,0.1,11.81
11778,5658,140,1,66.53,0,66.53
11779,5659,119,1,213.48,0.1,192.13
11780,5659,126,1,319.24,0.15,271.35
11781,5660,84,2,13.12,0.1,23.62
11782,5661,145,1,84.99,0.2,67.99
11783,5661,154,1,83.05,0.15,70.59
11784,5661,156,1,17.86,0,17.86
11785,5661,158,1,14.07,0.1,12.66
11786,5662,91,1,50.62,0,50.62
11787,5663,139,1,70.5,0,70.5
11788,5663,64,1,113.76,0,113.76
11789,5664,19,2,229.68,0.15,390.46
11790,5665,63,1,115.75,0,115.75
11791,5666,98,1,11.23,0.1,10.11
11792,5666,115,1,276.86,0,276.86
11793,5666,145,1,84.99,0.15,72.24
11794,5667,141,1,71.69,0,71.69
11795,5667,91,3,50.62,0,151.86
11796,5667,54,1,92.65,0,92.65
11797,5667,54,1,92.65,0,92.65
11798,5668,58,1,151.67,0,151.67
11799,5669,79,1,40.31,0,40.31
11800,5670,145,3,84.99,0,254.97
11801,5671,11,1,176.03,0,176.03
11802,5671,129,1,36.16,0,36.16
11803,5671,160,1,40.26,0,40.26
11804,5671,114,1,240.92,0,240.92
11805,5672,88,1,39.57,0,39.57
11806,5673,52,2,190.14,0,380.28
11807,5674,11,1,176.03,0,176.03
11808,5674,142,3,31.27,0.2,75.05
11809,5674,153,3,99.2,0,297.6
11810,5675,124,1,13.96,0,13.96
11811,5675,17,2,75.74,0.2,121.18
11812,5675,71,2,16.86,0,33.72
11813,5676,27,1,21.73,0.2,17.38
11814,5676,43,1,75.67,0,75.67
11815,5677,61,1,12.8,0.15,10.88
11816,5677,37,1,83.16,0,83.16
11817,5677,79,1,40.31,0,40.31
11818,5678,68,1,204.27,0.1,183.84
11819,5678,34,1,164.11,0,164.11
11820,5679,152,1,66.12,0.15,56.2
11821,5679,54,1,92.65,0,92.65
11822,5680,64,3,113.76,0.15,290.09
11823,5681,54,1,92.65,0,92.65
11824,5682,58,2,151.67,0.1,273.01
11825,5682,76,2,65.54,0,131.08
11826,5683,145,1,84.99,0,84.99
11827,5684,90,2,52.82,0,105.64
11828,5685,87,3,40.81,0,122.43
11829,5686,66,2,279.67,0,559.34
11830,5687,61,1,12.8,0.15,10.88
11831,5688,31,1,121.18,0,121.18
11832,5688,84,2,13.12,0.15,22.3
11833,5688,48,1,156.79,0,156.79
11834,5689,71,1,16.86,0,16.86
11835,5689,148,1,60.49,0,60.49
11836,5689,54,1,92.65,0.15,78.75
11837,5690,64,2,113.76,0.1,204.77
11838,5690,121,1,374.5,0.2,299.6
11839,5691,112,1,329.53,0,329.53
11840,5691,63,1,115.75,0.1,104.17
11841,5691,84,1,13.12,0,13.12
11842,5692,107,3,335.62,0,1006.86
11843,5692,88,1,39.57,0,39.57
11844,5693,85,1,74.75,0.15,63.54
11845,5693,98,3,11.23,0.15,28.64
11846,5693,43,1,75.67,0,75.67
11847,5693,89,1,41.71,0,41.71
11848,5693,124,1,13.96,0,13.96
11849,5694,39,2,43.96,0.15,74.73
11850,5694,152,1,66.12,0.1,59.51
11851,5694,160,2,40.26,0,80.52
11852,5694,112,1,329.53,0,329.53
11853,5694,12,1,291.22,0.1,262.1
11854,5695,57,1,91.71,0,91.71
11855,5695,120,3,179.87,0,539.61
11856,5696,138,2,24.71,0,49.42
11857,5696,67,1,62.01,0,62.01
11858,5696,19,1,229.68,0,229.68
11859,5696,9,1,98.65,0.1,88.79
11860,5697,54,1,92.65,0,92.65
11861,5697,20,1,84.59,0,84.59
11862,5697,144,1,11.66,0,11.66
11863,5698,54,1,92.65,0.1,83.39
11864,5699,160,1,40.26,0,40.26
11865,5700,56,1,48.94,0,48.94
11866,5700,91,1,50.62,0.1,45.56
11867,5701,97,1,23.97,0.2,19.18
11868,5701,125,1,226.52,0,226.52
11869,5702,148,2,60.49,0,120.98
11870,5703,118,3,357.71,0,1073.13
11871,5704,54,1,92.65,0,92.65
11872,5705,54,1,92.65,0,92.65
11873,5705,46,1,64.69,0,64.69
11874,5706,24,1,346.45,0,346.45
11875,5707,73,1,43.45,0,43.45
11876,5708,17,1,75.74,0,75.74
11877,5708,98,2,11.23,0,22.46
11878,5708,159,1,57.51,0.2,46.01
11879,5708,17,1,75.74,0,75.74
11880,5709,66,3,279.67,0,839.01
11881,5710,53,1,86.91,0,86.91
11882,5710,84,1,13.12,0,13.12
11883,5710,51,1,33.99,0,33.99
11884,5710,154,3,83.05,0.1,224.23
11885,5711,35,2,124.39,0,248.78
11886,5712,54,2,92.65,0.1,166.77
11887,5712,31,1,121.18,0,121.18
11888,5713,145,2,84.99,0,169.98
11889,5714,140,1,66.53,0,66.53
11890,5714,56,1,48.94,0,48.94
11891,5714,115,1,276.86,0,276.86
11892,5714,148,3,60.49,0,181.47
11893,5714,92,2,74.46,0.1,134.03
11894,5715,152,1,66.12,0,66.12
11895,5715,126,1,319.24,0.15,271.35
11896,5716,152,1,66.12,0,66.12
11897,5716,150,3,44.1,0,132.3
11898,5716,119,1,213.48,0,213.48
11899,5716,96,3,51.37,0,154.11
11900,5716,8,2,255.14,0,510.28
11901,5717,61,1,12.8,0.1,11.52
11902,5717,61,1,12.8,0.15,10.88
11903,5718,114,2,240.92,0,481.84
11904,5718,54,1,92.65,0,92.65
11905,5719,109,1,22.1,0,22.1
11906,5719,19,2,229.68,0,459.36
11907,5719,158,1,14.07,0,14.07
11908,5719,66,1,279.67,0.1,251.7
11909,5720,84,1,13.12,0.2,10.5
11910,5720,147,1,23.93,0.1,21.54
11911,5721,87,1,40.81,0,40.81
11912,5721,155,1,82.21,0,82.21
11913,5721,84,2,13.12,0,26.24
11914,5721,107,1,335.62,0.15,285.28
11915,5722,88,2,39.57,0,79.14
11916,5722,113,2,274.17,0,548.34
11917,5722,78,1,77.23,0,77.23
11918,5723,102,2,116.44,0,232.88
11919,5723,97,1,23.97,0,23.97
11920,5724,105,2,348.07,0,696.14
11921,5724,106,2,187.33,0,374.66
11922,5724,159,1,57.51,0,57.51
11923,5725,157,2,65.63,0,131.26
11924,5726,8,1,255.14,0.15,216.87
11925,5726,54,1,92.65,0,92.65
11926,5726,97,3,23.97,0,71.91
11927,5726,44,1,83.07,0,83.07
11928,5727,140,1,66.53,0,66.53
11929,5728,149,2,68.48,0,136.96
11930,5729,31,1,121.18,0,121.18
11931,5730,2,1,198.54,0,198.54
11932,5731,114,1,240.92,0,240.92
11933,5732,152,1,66.12,0,66.12
11934,5733,129,1,36.16,0.1,32.54
11935,5734,158,1,14.07,0.1,12.66
11936,5735,97,1,23.97,0.1,21.57
11937,5735,9,1,98.65,0.2,78.92
11938,5736,53,1,86.91,0.1,78.22
11939,5737,47,1,173.41,0,173.41
11940,5737,101,1,68.79,0,68.79
11941,5738,109,1,22.1,0,22.1
11942,5738,139,1,70.5,0.1,63.45
11943,5738,64,2,113.76,0.15,193.39
11944,5738,20,1,84.59,0,84.59
11945,5738,22,1,399.88,0,399.88
11946,5739,48,1,156.79,0.15,133.27
11947,5740,132,1,101.25,0,101.25
11948,5740,54,1,92.65,0,92.65
11949,5740,135,2,105.74,0,211.48
11950,5741,50,1,55.81,0.1,50.23
11951,5741,152,2,66.12,0,132.24
11952,5741,113,2,274.17,0.1,493.51
11953,5741,132,1,101.25,0.15,86.06
11954,5742,91,2,50.62,0,101.24
11955,5742,31,1,121.18,0.15,103.0
11956,5743,10,1,116.26,0,116.26
11957,5743,70,1,67.88,0,67.88
11958,5744,54,1,92.65,0,92.65
11959,5745,54,1,92.65,0,92.65
11960,5745,56,2,48.94,0,97.88
11961,5746,129,1,36.16,0.15,30.74
11962,5746,61,1,12.8,0.15,10.88
11963,5747,60,1,294.14,0,294.14
11964,5747,138,1,24.71,0,24.71
11965,5747,118,3,357.71,0,1073.13
11966,5748,112,1,329.53,0.2,263.62
11967,5748,141,1,71.69,0.1,64.52
11968,5748,36,1,143.82,0,143.82
11969,5749,84,1,13.12,0,13.12
11970,5749,111,1,282.79,0,282.79
11971,5750,19,1,229.68,0,229.68
11972,5751,108,1,97.45,0,97.45
11973,5751,24,1,346.45,0,346.45
11974,5752,95,1,42.95,0,42.95
11975,5753,40,2,53.97,0,107.94
11976,5753,96,1,51.37,0,51.37
11977,5753,101,1,68.79,0,68.79
11978,5754,2,2,198.54,0,397.08
11979,5754,152,1,66.12,0,66.12
11980,5755,125,2,226.52,0,453.04
11981,5756,127,2,268.94,0,537.88
11982,5757,39,1,43.96,0.1,39.56
11983,5757,36,1,143.82,0.1,129.44
11984,5758,145,2,84.99,0,169.98
11985,5758,145,1,84.99,0,84.99
11986,5759,64,2,113.76,0.1,204.77
11987,5760,61,1,12.8,0,12.8
11988,5760,105,1,348.07,0.1,313.26
11989,5761,29,1,122.84,0,122.84
11990,5761,54,1,92.65,0.2,74.12
11991,5762,148,1,60.49,0.15,51.42
11992,5762,95,2,42.95,0,85.9
11993,5763,39,1,43.96,0.1,39.56
11994,5763,84,1,13.12,0,13.12
11995,5763,31,2,121.18,0.15,206.01
11996,5763,68,2,204.27,0,408.54
11997,5764,106,1,187.33,0,187.33
11998,5764,66,1,279.67,0.2,223.74
11999,5765,65,1,172.37,0.1,155.13
12000,5765,160,1,40.26,0.1,36.23
12001,5766,60,1,294.14,0.1,264.73
12002,5766,81,2,52.03,0,104.06
12003,5767,141,1,71.69,0,71.69
12004,5768,97,1,23.97,0.1,21.57
12005,5769,36,1,143.82,0.15,122.25
12006,5769,92,1,74.46,0,74.46
12007,5770,44,1,83.07,0,83.07
12008,5771,107,1,335.62,0,335.62
12009,5772,111,2,282.79,0,565.58
12010,5773,84,1,13.12,0,13.12
12011,5773,111,1,282.79,0,282.79
12012,5773,38,1,79.64,0,79.64
12013,5773,36,1,143.82,0.1,129.44
12014,5774,119,1,213.48,0,213.48
12015,5774,8,1,255.14,0,255.14
12016,5774,39,1,43.96,0,43.96
12017,5775,136,1,116.14,0,116.14
12018,5776,98,1,11.23,0,11.23
12019,5776,63,1,115.75,0.15,98.39
12020,5776,101,1,68.79,0.1,61.91
12021,5776,101,3,68.79,0.15,175.41
12022,5777,78,3,77.23,0,231.69
12023,5777,61,2,12.8,0,25.6
12024,5777,88,1,39.57,0,39.57
12025,5777,142,1,31.27,0,31.27
12026,5778,27,1,21.73,0,21.73
12027,5779,130,1,68.02,0.15,57.82
12028,5780,154,1,83.05,0.1,74.75
12029,5780,121,1,374.5,0,374.5
12030,5781,91,2,50.62,0,101.24
12031,5781,1,1,134.64,0,134.64
12032,5781,61,2,12.8,0,25.6
12033,5781,91,1,50.62,0,50.62
12034,5782,3,2,101.49,0,202.98
12035,5783,119,1,213.48,0,213.48
12036,5783,54,1,92.65,0,92.65
12037,5784,51,1,33.99,0,33.99
12038,5784,10,2,116.26,0,232.52
12039,5785,44,3,83.07,0.1,224.29
12040,5785,103,1,74.37,0.15,63.21
12041,5785,127,1,268.94,0,268.94
12042,5786,145,1,84.99,0,84.99
12043,5786,152,1,66.12,0,66.12
12044,5787,61,2,12.8,0,25.6
12045,5787,11,1,176.03,0,176.03
12046,5787,97,1,23.97,0,23.97
12047,5787,152,1,66.12,0.1,59.51
12048,5788,15,1,152.22,0,152.22
12049,5788,156,1,17.86,0,17.86
12050,5789,152,1,66.12,0,66.12
12051,5790,54,1,92.65,0.15,78.75
12052,5790,149,1,68.48,0,68.48
12053,5790,61,2,12.8,0,25.6
12054,5791,31,1,121.18,0,121.18
12055,5791,89,1,41.71,0,41.71
12056,5791,90,1,52.82,0.15,44.9
12057,5792,81,1,52.03,0.2,41.62
12058,5792,134,1,40.72,0,40.72
12059,5792,71,1,16.86,0,16.86
12060,5792,131,1,62.23,0,62.23
12061,5793,125,1,226.52,0.2,181.22
12062,5793,125,1,226.52,0,226.52
12063,5793,87,3,40.81,0.1,110.19
12064,5794,113,1,274.17,0,274.17
12065,5794,96,1,51.37,0.1,46.23
12066,5795,156,1,17.86,0,17.86
12067,5796,16,1,232.17,0,232.17
12068,5796,98,1,11.23,0,11.23
12069,5797,58,1,151.67,0,151.67
12070,5798,33,1,49.0,0.1,44.1
12071,5798,19,3,229.68,0,689.04
12072,5799,98,1,11.23,0.1,10.11
12073,5799,60,1,294.14,0,294.14
12074,5800,54,1,92.65,0,92.65
12075,5800,98,2,11.23,0.15,19.09
12076,5800,35,1,124.39,0,124.39
12077,5801,54,1,92.65,0,92.65
12078,5801,41,1,179.88,0.15,152.9
12079,5801,80,3,41.32,0,123.96
12080,5801,154,1,83.05,0,83.05
12081,5802,78,1,77.23,0,77.23
12082,5802,74,3,41.44,0.15,105.67
12083,5802,88,1,39.57,0.1,35.61
12084,5803,5,1,135.87,0,135.87
12085,5803,22,2,399.88,0,799.76
12086,5803,58,1,151.67,0,151.67
12087,5803,101,1,68.79,0,68.79
12088,5804,54,1,92.65,0,92.65
12089,5804,54,1,92.65,0.1,83.39
12090,5805,119,1,213.48,0,213.48
12091,5805,94,1,59.56,0,59.56
12092,5806,36,1,143.82,0.1,129.44
12093,5806,152,2,66.12,0,132.24
12094,5807,54,1,92.65,0,92.65
12095,5807,156,1,17.86,0,17.86
12096,5807,97,1,23.97,0,23.97
12097,5807,148,1,60.49,0,60.49
12098,5807,135,1,105.74,0.1,95.17
12099,5808,101,2,68.79,0,137.58
12100,5809,94,1,59.56,0,59.56
12101,5810,54,2,92.65,0.1,166.77
12102,5811,47,2,173.41,0,346.82
12103,5811,2,2,198.54,0,397.08
12104,5812,97,1,23.97,0.2,19.18
12105,5813,87,2,40.81,0.1,73.46
12106,5813,54,1,92.65,0,92.65
12107,5813,48,2,156.79,0,313.58
12108,5813,79,2,40.31,0,80.62
12109,5814,99,1,79.98,0,79.98
12110,5814,152,1,66.12,0,66.12
12111,5814,139,1,70.5,0,70.5
12112,5815,54,2,92.65,0,185.3
12113,5815,136,1,116.14,0,116.14
12114,5815,18,1,268.84,0,268.84
12115,5816,79,1,40.31,0.1,36.28
12116,5816,90,1,52.82,0,52.82
12117,5816,135,1,105.74,0,105.74
12118,5816,91,3,50.62,0,151.86
12119,5816,54,1,92.65,0,92.65
12120,5817,48,1,156.79,0.1,141.11
12121,5817,91,2,50.62,0,101.24
12122,5818,136,1,116.14,0.1,104.53
12123,5819,39,1,43.96,0,43.96
12124,5819,45,1,61.85,0,61.85
12125,5820,137,1,15.32,0,15.32
12126,5820,28,1,93.65,0,93.65
12127,5821,102,1,116.44,0.15,98.97
12128,5821,10,1,116.26,0,116.26
12129,5821,21,1,274.21,0.2,219.37
12130,5822,101,1,68.79,0,68.79
12131,5823,97,1,23.97,0,23.97
12132,5823,33,1,49.0,0.15,41.65
12133,5823,70,2,67.88,0,135.76
12134,5824,50,1,55.81,0,55.81
12135,5825,97,1,23.97,0,23.97
12136,5825,54,2,92.65,0,185.3
12137,5826,121,1,374.5,0,374.5
12138,5827,28,3,93.65,0,280.95
12139,5827,17,1,75.74,0.1,68.17
12140,5828,80,1,41.32,0,41.32
12141,5828,85,2,74.75,0.1,134.55
12142,5828,77,1,42.23,0,42.23
12143,5829,119,1,213.48,0.1,192.13
12144,5829,108,1,97.45,0,97.45
12145,5829,121,1,374.5,0.15,318.32
12146,5830,138,2,24.71,0,49.42
12147,5830,99,1,79.98,0,79.98
12148,5830,85,1,74.75,0,74.75
12149,5830,57,2,91.71,0,183.42
12150,5831,19,1,229.68,0,229.68
12151,5832,92,1,74.46,0.1,67.01
12152,5833,82,1,54.72,0,54.72
12153,5833,34,1,164.11,0.15,139.49
12154,5833,1,1,134.64,0,134.64
12155,5834,114,1,240.92,0,240.92
12156,5835,40,2,53.97,0.2,86.35
12157,5836,84,1,13.12,0,13.12
12158,5836,61,1,12.8,0,12.8
12159,5837,134,1,40.72,0,40.72
12160,5837,126,1,319.24,0.15,271.35
12161,5838,55,1,295.32,0.1,265.79
12162,5838,134,1,40.72,0.15,34.61
12163,5838,91,1,50.62,0,50.62
12164,5838,140,1,66.53,0,66.53
12165,5839,75,2,185.8,0,371.6
12166,5840,54,1,92.65,0,92.65
12167,5840,148,3,60.49,0,181.47
12168,5841,126,1,319.24,0,319.24
12169,5841,96,1,51.37,0,51.37
12170,5841,126,1,319.24,0.15,271.35
12171,5841,132,1,101.25,0,101.25
12172,5841,66,3,279.67,0,839.01
12173,5842,5,1,135.87,0,135.87
12174,5842,92,1,74.46,0,74.46
12175,5842,83,1,23.95,0,23.95
12176,5842,145,1,84.99,0,84.99
12177,5842,54,1,92.65,0,92.65
12178,5843,158,1,14.07,0,14.07
12179,5844,119,2,213.48,0,426.96
12180,5844,52,1,190.14,0,190.14
12181,5844,114,1,240.92,0,240.92
12182,5844,26,1,66.46,0,66.46
12183,5845,113,1,274.17,0.2,219.34
12184,5845,3,2,101.49,0,202.98
12185,5845,121,1,374.5,0.1,337.05
12186,5845,40,1,53.97,0,53.97
12187,5845,50,2,55.81,0.1,100.46
12188,5846,54,1,92.65,0,92.65
12189,5846,64,1,113.76,0,113.76
12190,5847,61,1,12.8,0,12.8
12191,5847,97,1,23.97,0,23.97
12192,5847,84,2,13.12,0,26.24
12193,5848,64,3,113.76,0,341.28
12194,5849,40,1,53.97,0,53.97
12195,5849,119,1,213.48,0,213.48
12196,5849,40,1,53.97,0,53.97
12197,5849,91,1,50.62,0,50.62
12198,5849,49,1,111.88,0,111.88
12199,5850,6,2,180.27,0.15,306.46
12200,5851,129,1,36.16,0.2,28.93
12201,5851,152,1,66.12,0,66.12
12202,5852,145,1,84.99,0.15,72.24
12203,5852,54,2,92.65,0,185.3
12204,5852,94,2,59.56,0,119.12
12205,5853,13,1,132.43,0,132.43
12206,5854,119,1,213.48,0,213.48
12207,5854,132,1,101.25,0.15,86.06
12208,5855,91,1,50.62,0.1,45.56
12209,5855,76,1,65.54,0,65.54
12210,5855,54,1,92.65,0.2,74.12
12211,5856,54,1,92.65,0.1,83.39
12212,5856,39,2,43.96,0.1,79.13
12213,5856,47,1,173.41,0,173.41
12214,5857,22,1,399.88,0,399.88
12215,5857,118,2,357.71,0,715.42
12216,5857,152,1,66.12,0,66.12
12217,5858,139,1,70.5,0.1,63.45
12218,5859,64,1,113.76,0.15,96.7
12219,5860,78,2,77.23,0.1,139.01
12220,5860,66,1,279.67,0.2,223.74
12221,5860,47,1,173.41,0,173.41
12222,5860,17,2,75.74,0,151.48
12223,5860,27,1,21.73,0,21.73
12224,5861,42,1,80.28,0.15,68.24
12225,5861,54,1,92.65,0,92.65
12226,5861,87,2,40.81,0,81.62
12227,5861,119,2,213.48,0.15,362.92
12228,5861,72,1,196.03,0.2,156.82
12229,5862,55,3,295.32,0,885.96
12230,5863,61,1,12.8,0,12.8
12231,5863,70,2,67.88,0,135.76
12232,5864,113,1,274.17,0,274.17
12233,5865,33,1,49.0,0,49.0
12234,5866,54,1,92.65,0.15,78.75
12235,5866,150,3,44.1,0.1,119.07
12236,5867,142,1,31.27,0,31.27
12237,5867,94,1,59.56,0,59.56
12238,5868,24,3,346.45,0,1039.35
12239,5869,54,1,92.65,0,92.65
12240,5869,91,1,50.62,0,50.62
12241,5870,119,2,213.48,0,426.96
12242,5870,24,2,346.45,0,692.9
12243,5870,123,1,92.73,0,92.73
12244,5870,70,3,67.88,0.1,183.28
12245,5870,76,1,65.54,0.1,58.99
12246,5871,34,1,164.11,0,164.11
12247,5871,87,1,40.81,0,40.81
12248,5871,84,1,13.12,0,13.12
12249,5871,103,1,74.37,0,74.37
12250,5872,97,1,23.97,0,23.97
12251,5873,71,1,16.86,0.15,14.33
12252,5873,97,2,23.97,0,47.94
12253,5873,79,1,40.31,0,40.31
12254,5873,148,1,60.49,0,60.49
12255,5874,136,1,116.14,0.1,104.53
12256,5875,44,2,83.07,0,166.14
12257,5875,128,1,398.69,0.1,358.82
12258,5876,141,1,71.69,0,71.69
12259,5876,39,2,43.96,0.15,74.73
12260,5877,45,1,61.85,0,61.85
12261,5878,71,1,16.86,0,16.86
12262,5878,53,1,86.91,0,86.91
12263,5879,142,2,31.27,0.2,50.03
12264,5880,123,1,92.73,0.1,83.46
12265,5880,33,1,49.0,0.15,41.65
12266,5880,114,2,240.92,0,481.84
12267,5880,158,2,14.07,0.2,22.51
12268,5880,54,1,92.65,0,92.65
12269,5881,39,1,43.96,0,43.96
12270,5882,83,1,23.95,0.15,20.36
12271,5882,54,1,92.65,0,92.65
12272,5882,54,2,92.65,0.1,166.77
12273,5882,54,1,92.65,0,92.65
12274,5882,84,2,13.12,0.2,20.99
12275,5883,150,2,44.1,0,88.2
12276,5883,160,1,40.26,0,40.26
12277,5884,17,1,75.74,0.15,64.38
12278,5885,90,1,52.82,0,52.82
12279,5885,157,2,65.63,0,131.26
12280,5886,153,1,99.2,0,99.2
12281,5887,108,1,97.45,0.15,82.83
12282,5887,152,1,66.12,0,66.12
12283,5887,17,1,75.74,0.15,64.38
12284,5887,71,1,16.86,0,16.86
12285,5887,121,1,374.5,0.1,337.05
12286,5888,32,1,49.75,0,49.75
12287,5889,143,2,69.82,0.15,118.69
12288,5889,137,1,15.32,0,15.32
12289,5889,87,1,40.81,0.1,36.73
12290,5889,11,1,176.03,0,176.03
12291,5890,8,2,255.14,0,510.28
12292,5890,97,1,23.97,0,23.97
12293,5890,40,1,53.97,0.2,43.18
12294,5891,123,1,92.73,0,92.73
12295,5891,100,1,69.29,0.15,58.9
12296,5891,54,1,92.65,0,92.65
12297,5891,109,1,22.1,0,22.1
12298,5892,86,1,8.05,0,8.05
12299,5893,129,1,36.16,0,36.16
12300,5894,108,1,97.45,0,97.45
12301,5894,6,2,180.27,0,360.54
12302,5895,121,1,374.5,0,374.5
12303,5895,15,1,152.22,0.1,137.0
12304,5896,136,1,116.14,0,116.14
12305,5897,80,1,41.32,0,41.32
12306,5897,132,1,101.25,0,101.25
12307,5897,150,1,44.1,0,44.1
12308,5897,91,3,50.62,0,151.86
12309,5897,82,1,54.72,0,54.72
12310,5898,145,1,84.99,0,84.99
12311,5898,25,1,292.94,0,292.94
12312,5899,111,1,282.79,0,282.79
12313,5899,70,1,67.88,0,67.88
12314,5900,56,1,48.94,0,48.94
12315,5901,50,1,55.81,0,55.81
12316,5902,33,2,49.0,0,98.0
12317,5902,2,1,198.54,0,198.54
12318,5902,8,1,255.14,0,255.14
12319,5902,111,1,282.79,0,282.79
12320,5903,9,1,98.65,0.1,88.79
12321,5903,65,1,172.37,0.15,146.51
12322,5904,156,1,17.86,0.1,16.07
12323,5904,54,1,92.65,0.1,83.39
12324,5904,91,1,50.62,0,50.62
12325,5905,64,1,113.76,0,113.76
12326,5905,88,3,39.57,0,118.71
12327,5906,136,1,116.14,0,116.14
12328,5907,145,3,84.99,0.15,216.72
12329,5907,75,1,185.8,0,185.8
12330,5908,134,3,40.72,0.15,103.84
12331,5908,101,1,68.79,0,68.79
12332,5908,26,2,66.46,0,132.92
12333,5909,91,2,50.62,0,101.24
12334,5910,34,2,164.11,0.1,295.4
12335,5910,157,1,65.63,0.15,55.79
12336,5910,32,1,49.75,0.2,39.8
12337,5910,54,2,92.65,0,185.3
12338,5910,60,1,294.14,0,294.14
12339,5911,40,1,53.97,0,53.97
12340,5912,54,1,92.65,0,92.65
12341,5913,142,1,31.27,0.1,28.14
12342,5913,136,1,116.14,0,116.14
12343,5914,50,2,55.81,0,111.62
12344,5914,158,1,14.07,0,14.07
12345,5914,5,1,135.87,0,135.87
12346,5914,123,2,92.73,0,185.46
12347,5914,83,1,23.95,0,23.95
12348,5915,108,2,97.45,0,194.9
12349,5915,11,3,176.03,0,528.09
12350,5915,56,2,48.94,0,97.88
12351,5916,60,3,294.14,0,882.42
12352,5916,8,1,255.14,0,255.14
12353,5917,89,1,41.71,0,41.71
12354,5917,125,1,226.52,0.15,192.54
12355,5918,123,2,92.73,0.1,166.91
12356,5919,5,1,135.87,0.15,115.49
12357,5919,34,1,164.11,0,164.11
12358,5920,137,2,15.32,0,30.64
12359,5920,119,1,213.48,0,213.48
12360,5921,97,1,23.97,0,23.97
12361,5921,57,1,91.71,0,91.71
12362,5921,42,2,80.28,0,160.56
12363,5922,153,1,99.2,0,99.2
12364,5923,54,2,92.65,0,185.3
12365,5923,106,1,187.33,0,187.33
12366,5924,102,1,116.44,0.1,104.8
12367,5924,38,1,79.64,0.1,71.68
12368,5925,61,1,12.8,0.1,11.52
12369,5926,41,1,179.88,0,179.88
12370,5927,61,1,12.8,0.15,10.88
12371,5928,119,1,213.48,0.15,181.46
12372,5929,97,1,23.97,0,23.97
12373,5929,64,1,113.76,0,113.76
12374,5929,101,2,68.79,0,137.58
12375,5930,7,1,33.9,0,33.9
12376,5930,78,2,77.23,0,154.46
12377,5931,95,1,42.95,0,42.95
12378,5932,58,1,151.67,0.1,136.5
12379,5932,117,1,173.82,0,173.82
12380,5933,68,2,204.27,0.1,367.69
12381,5934,34,1,164.11,0.1,147.7
12382,5935,124,1,13.96,0,13.96
12383,5935,135,1,105.74,0,105.74
12384,5935,21,2,274.21,0.15,466.16
12385,5936,54,2,92.65,0,185.3
12386,5936,54,1,92.65,0,92.65
12387,5936,44,2,83.07,0,166.14
12388,5936,54,1,92.65,0,92.65
12389,5937,116,1,217.77,0,217.77
12390,5937,89,2,41.71,0.1,75.08
12391,5937,53,1,86.91,0,86.91
12392,5938,28,1,93.65,0,93.65
12393,5939,114,2,240.92,0,481.84
12394,5939,113,1,274.17,0,274.17
12395,5940,136,1,116.14,0,116.14
12396,5941,160,1,40.26,0,40.26
12397,5941,74,2,41.44,0,82.88
12398,5941,39,1,43.96,0,43.96
12399,5941,42,1,80.28,0.2,64.22
12400,5941,101,2,68.79,0,137.58
12401,5942,156,1,17.86,0,17.86
12402,5942,46,1,64.69,0.2,51.75
12403,5943,121,1,374.5,0,374.5
12404,5943,72,2,196.03,0,392.06
12405,5943,2,1,198.54,0.1,178.69
12406,5944,86,1,8.05,0,8.05
12407,5944,137,1,15.32,0.1,13.79
12408,5945,101,1,68.79,0.15,58.47
12409,5945,146,2,20.85,0.1,37.53
12410,5945,33,1,49.0,0,49.0
12411,5946,35,2,124.39,0,248.78
12412,5947,68,3,204.27,0,612.81
12413,5947,64,1,113.76,0,113.76
12414,5948,158,1,14.07,0.2,11.26
12415,5948,159,2,57.51,0.15,97.77
12416,5949,39,1,43.96,0,43.96
12417,5949,53,1,86.91,0,86.91
12418,5950,78,1,77.23,0,77.23
12419,5950,132,3,101.25,0,303.75
12420,5950,87,1,40.81,0,40.81
12421,5950,97,1,23.97,0,23.97
12422,5951,148,1,60.49,0.15,51.42
12423,5951,121,1,374.5,0.1,337.05
12424,5951,135,2,105.74,0.1,190.33
12425,5951,58,1,151.67,0,151.67
12426,5952,11,1,176.03,0,176.03
12427,5952,8,1,255.14,0.1,229.63
12428,5953,129,1,36.16,0,36.16
12429,5954,103,1,74.37,0,74.37
12430,5955,8,1,255.14,0.15,216.87
12431,5956,57,2,91.71,0.1,165.08
12432,5957,57,1,91.71,0,91.71
12433,5957,1,2,134.64,0,269.28
12434,5958,113,1,274.17,0.15,233.04
12435,5959,46,1,64.69,0,64.69
12436,5959,50,1,55.81,0,55.81
12437,5960,108,1,97.45,0.1,87.7
12438,5960,39,1,43.96,0,43.96
12439,5961,117,1,173.82,0.1,156.44
12440,5961,121,2,374.5,0.1,674.1
12441,5961,22,1,399.88,0.15,339.9
12442,5961,21,1,274.21,0.1,246.79
12443,5962,121,1,374.5,0,374.5
12444,5962,102,2,116.44,0.15,197.95
12445,5963,160,1,40.26,0.1,36.23
12446,5963,62,1,117.07,0,117.07
12447,5963,152,1,66.12,0,66.12
12448,5964,93,1,19.37,0,19.37
12449,5964,111,3,282.79,0,848.37
12450,5965,97,2,23.97,0,47.94
12451,5965,152,1,66.12,0.2,52.9
12452,5965,114,1,240.92,0,240.92
12453,5965,71,1,16.86,0.1,15.17
12454,5966,42,1,80.28,0,80.28
12455,5966,123,1,92.73,0,92.73
12456,5967,99,1,79.98,0,79.98
12457,5967,3,2,101.49,0,202.98
12458,5968,152,1,66.12,0,66.12
12459,5968,54,1,92.65,0,92.65
12460,5969,132,2,101.25,0,202.5
12461,5969,46,1,64.69,0,64.69
12462,5969,101,1,68.79,0,68.79
12463,5969,92,1,74.46,0.2,59.57
12464,5969,39,2,43.96,0.15,74.73
12465,5970,152,1,66.12,0,66.12
12466,5970,123,1,92.73,0,92.73
12467,5970,54,1,92.65,0,92.65
12468,5970,99,1,79.98,0.15,67.98
12469,5971,60,2,294.14,0,588.28
12470,5972,61,1,12.8,0.1,11.52
12471,5972,65,1,172.37,0,172.37
12472,5972,68,1,204.27,0,204.27
12473,5973,145,1,84.99,0,84.99
12474,5974,54,1,92.65,0,92.65
12475,5974,152,1,66.12,0,66.12
12476,5975,71,1,16.86,0,16.86
12477,5975,61,1,12.8,0.1,11.52
12478,5975,61,1,12.8,0.1,11.52
12479,5975,11,1,176.03,0,176.03
12480,5975,94,1,59.56,0,59.56
12481,5976,107,1,335.62,0,335.62
12482,5977,142,1,31.27,0,31.27
12483,5977,50,1,55.81,0,55.81
12484,5978,18,1,268.84,0.1,241.96
12485,5978,153,1,99.2,0.15,84.32
12486,5978,80,1,41.32,0,41.32
12487,5979,97,1,23.97,0,23.97
12488,5980,152,2,66.12,0.15,112.4
12489,5980,78,1,77.23,0.15,65.65
12490,5980,46,2,64.69,0,129.38
12491,5981,54,2,92.65,0.1,166.77
12492,5982,145,1,84.99,0,84.99
12493,5982,53,1,86.91,0,86.91
12494,5982,127,1,268.94,0.15,228.6
12495,5982,142,1,31.27,0,31.27
12496,5983,157,1,65.63,0,65.63
12497,5984,61,2,12.8,0,25.6
12498,5984,111,1,282.79,0,282.79
12499,5984,63,2,115.75,0,231.5
12500,5984,58,2,151.67,0,303.34
12501,5984,54,1,92.65,0.1,83.39
12502,5985,53,1,86.91,0,86.91
12503,5985,152,1,66.12,0.1,59.51
12504,5986,46,1,64.69,0,64.69
12505,5986,152,1,66.12,0,66.12
12506,5986,7,1,33.9,0,33.9
12507,5986,54,3,92.65,0,277.95
12508,5987,103,1,74.37,0,74.37
12509,5987,54,2,92.65,0,185.3
12510,5988,49,1,111.88,0,111.88
12511,5988,132,1,101.25,0,101.25
12512,5989,55,2,295.32,0,590.64
12513,5989,97,1,23.97,0.1,21.57
12514,5989,147,1,23.93,0,23.93
12515,5990,61,2,12.8,0.1,23.04
12516,5991,158,2,14.07,0,28.14
12517,5991,16,1,232.17,0.1,208.95
12518,5992,106,2,187.33,0,374.66
12519,5992,26,1,66.46,0,66.46
12520,5992,1,1,134.64,0.15,114.44
12521,5992,40,1,53.97,0.1,48.57
12522,5993,91,1,50.62,0.15,43.03
12523,5993,5,2,135.87,0,271.74
12524,5994,106,2,187.33,0.15,318.46
12525,5995,54,2,92.65,0.1,166.77
12526,5995,54,2,92.65,0.1,166.77
12527,5995,135,3,105.74,0,317.22
12528,5995,142,1,31.27,0.1,28.14
12529,5996,22,1,399.88,0,399.88
12530,5997,43,1,75.67,0,75.67
12531,5997,94,1,59.56,0,59.56
12532,5997,95,1,42.95,0.1,38.66
12533,5997,152,1,66.12,0,66.12
12534,5998,152,1,66.12,0,66.12
12535,5999,63,1,115.75,0.2,92.6
12536,5999,8,2,255.14,0,510.28
12537,5999,131,1,62.23,0,62.23
12538,6000,111,1,282.79,0,282.79
12539,6001,94,1,59.56,0,59.56
12540,6001,53,1,86.91,0,86.91
12541,6001,72,1,196.03,0,196.03
12542,6002,134,1,40.72,0,40.72
12543,6003,118,1,357.71,0.1,321.94
12544,6003,35,1,124.39,0.15,105.73
12545,6003,32,1,49.75,0,49.75
12546,6004,64,1,113.76,0.1,102.38
12547,6004,149,1,68.48,0,68.48
12548,6005,100,1,69.29,0,69.29
12549,6006,54,1,92.65,0,92.65
12550,6006,38,1,79.64,0,79.64
12551,6006,89,1,41.71,0,41.71
12552,6007,22,2,399.88,0,799.76
12553,6007,72,1,196.03,0,196.03
12554,6008,121,1,374.5,0,374.5
12555,6008,55,2,295.32,0,590.64
12556,6009,121,2,374.5,0.1,674.1
12557,6010,135,1,105.74,0.1,95.17
12558,6010,18,1,268.84,0,268.84
12559,6011,139,1,70.5,0,70.5
12560,6011,1,1,134.64,0,134.64
12561,6012,64,1,113.76,0,113.76
12562,6012,85,1,74.75,0.2,59.8
12563,6013,40,1,53.97,0,53.97
12564,6014,68,1,204.27,0,204.27
12565,6015,54,2,92.65,0,185.3
12566,6015,3,1,101.49,0.2,81.19
12567,6016,63,1,115.75,0,115.75
12568,6016,78,2,77.23,0,154.46
12569,6016,54,1,92.65,0,92.65
12570,6016,34,1,164.11,0.1,147.7
12571,6017,96,1,51.37,0,51.37
12572,6017,135,2,105.74,0,211.48
12573,6018,31,2,121.18,0,242.36
12574,6018,149,1,68.48,0,68.48
12575,6018,114,1,240.92,0,240.92
12576,6019,54,1,92.65,0,92.65
12577,6019,91,3,50.62,0,151.86
12578,6020,94,1,59.56,0,59.56
12579,6020,26,1,66.46,0,66.46
12580,6020,97,1,23.97,0.15,20.37
12581,6020,44,1,83.07,0.1,74.76
12582,6021,142,2,31.27,0,62.54
12583,6021,159,1,57.51,0,57.51
12584,6021,126,1,319.24,0,319.24
12585,6022,25,3,292.94,0,878.82
12586,6022,94,2,59.56,0,119.12
12587,6022,88,1,39.57,0,39.57
12588,6023,31,1,121.18,0,121.18
12589,6024,50,1,55.81,0,55.81
12590,6024,159,2,57.51,0.1,103.52
12591,6025,39,1,43.96,0.1,39.56
12592,6026,127,2,268.94,0,537.88
12593,6026,128,2,398.69,0.1,717.64
12594,6027,123,1,92.73,0,92.73
12595,6028,152,1,66.12,0,66.12
12596,6028,99,1,79.98,0,79.98
12597,6029,9,2,98.65,0,197.3
12598,6030,107,1,335.62,0.15,285.28
12599,6031,84,3,13.12,0,39.36
12600,6031,111,1,282.79,0,282.79
12601,6032,54,2,92.65,0,185.3
12602,6033,54,3,92.65,0,277.95
12603,6033,106,1,187.33,0,187.33
12604,6033,94,1,59.56,0,59.56
12605,6034,121,1,374.5,0.15,318.32
12606,6034,29,1,122.84,0,122.84
12607,6035,105,1,348.07,0,348.07
12608,6035,55,1,295.32,0,295.32
12609,6036,66,1,279.67,0.1,251.7
12610,6036,15,1,152.22,0.15,129.39
12611,6036,147,2,23.93,0.1,43.07
12612,6037,1,2,134.64,0,269.28
12613,6037,54,2,92.65,0.2,148.24
12614,6037,152,1,66.12,0,66.12
12615,6038,68,1,204.27,0,204.27
12616,6039,65,2,172.37,0,344.74
12617,6040,41,2,179.88,0.1,323.78
12618,6040,143,1,69.82,0,69.82
12619,6041,121,1,374.5,0,374.5
12620,6042,136,3,116.14,0.1,313.58
12621,6042,152,1,66.12,0,66.12
12622,6042,6,1,180.27,0,180.27
12623,6043,97,1,23.97,0,23.97
12624,6043,42,3,80.28,0,240.84
12625,6043,75,1,185.8,0,185.8
12626,6044,39,1,43.96,0,43.96
12627,6044,106,1,187.33,0,187.33
12628,6045,39,2,43.96,0.15,74.73
12629,6046,99,1,79.98,0,79.98
12630,6046,50,1,55.81,0,55.81
12631,6046,84,1,13.12,0,13.12
12632,6047,54,1,92.65,0,92.65
12633,6047,48,1,156.79,0.1,141.11
12634,6048,1,1,134.64,0,134.64
12635,6048,145,1,84.99,0,84.99
12636,6048,72,3,196.03,0,588.09
12637,6048,153,2,99.2,0,198.4
12638,6049,26,1,66.46,0,66.46
12639,6050,40,1,53.97,0,53.97
12640,6050,106,3,187.33,0,561.99
12641,6051,62,2,117.07,0,234.14
12642,6052,76,2,65.54,0,131.08
12643,6053,89,2,41.71,0,83.42
12644,6053,84,1,13.12,0,13.12
12645,6053,71,2,16.86,0.1,30.35
12646,6054,48,1,156.79,0.1,141.11
12647,6055,54,2,92.65,0,185.3
12648,6055,22,1,399.88,0,399.88
12649,6056,9,1,98.65,0.1,88.79
12650,6057,61,2,12.8,0,25.6
12651,6057,89,1,41.71,0,41.71
12652,6057,45,2,61.85,0,123.7
12653,6057,5,1,135.87,0.1,122.28
12654,6057,136,1,116.14,0.15,98.72
12655,6058,101,2,68.79,0.2,110.06
12656,6058,41,2,179.88,0.15,305.8
12657,6058,17,2,75.74,0,151.48
12658,6058,43,1,75.67,0.15,64.32
12659,6059,42,1,80.28,0,80.28
12660,6059,111,3,282.79,0,848.37
12661,6060,97,1,23.97,0.15,20.37
12662,6060,26,3,66.46,0,199.38
12663,6060,97,1,23.97,0,23.97
12664,6060,46,1,64.69,0,64.69
12665,6061,12,1,291.22,0,291.22
12666,6062,119,2,213.48,0.2,341.57
12667,6063,53,1,86.91,0,86.91
12668,6063,33,2,49.0,0,98.0
12669,6063,54,2,92.65,0,185.3
12670,6064,91,1,50.62,0,50.62
12671,6065,16,1,232.17,0.1,208.95
12672,6066,31,1,121.18,0.1,109.06
12673,6066,152,3,66.12,0,198.36
12674,6066,46,1,64.69,0,64.69
12675,6067,136,1,116.14,0.1,104.53
12676,6068,153,1,99.2,0,99.2
12677,6069,48,1,156.79,0.15,133.27
12678,6070,98,2,11.23,0,22.46
12679,6070,17,1,75.74,0,75.74
12680,6071,42,1,80.28,0,80.28
12681,6072,121,2,374.5,0.1,674.1
12682,6072,84,1,13.12,0.1,11.81
12683,6072,160,1,40.26,0.1,36.23
12684,6072,145,1,84.99,0,84.99
12685,6073,147,1,23.93,0,23.93
12686,6074,54,1,92.65,0.1,83.39
12687,6075,111,1,282.79,0,282.79
12688,6076,152,1,66.12,0,66.12
12689,6077,128,1,398.69,0,398.69
12690,6077,50,1,55.81,0,55.81
12691,6077,85,1,74.75,0,74.75
12692,6078,76,1,65.54,0,65.54
12693,6079,54,1,92.65,0,92.65
12694,6079,144,1,11.66,0,11.66
12695,6080,141,1,71.69,0,71.69
12696,6081,114,1,240.92,0,240.92
12697,6082,61,1,12.8,0,12.8
12698,6083,80,1,41.32,0,41.32
12699,6083,93,1,19.37,0.15,16.46
12700,6084,53,1,86.91,0,86.91
12701,6085,98,1,11.23,0,11.23
12702,6085,125,2,226.52,0.1,407.74
12703,6085,125,2,226.52,0,453.04
12704,6086,67,2,62.01,0.1,111.62
12705,6087,156,1,17.86,0,17.86
12706,6088,35,1,124.39,0,124.39
12707,6088,61,1,12.8,0,12.8
12708,6088,26,1,66.46,0,66.46
12709,6088,61,2,12.8,0,25.6
12710,6089,119,1,213.48,0.15,181.46
12711,6089,142,1,31.27,0,31.27
12712,6090,139,1,70.5,0,70.5
12713,6090,7,1,33.9,0.2,27.12
12714,6091,82,1,54.72,0,54.72
12715,6091,54,1,92.65,0,92.65
12716,6091,107,1,335.62,0,335.62
12717,6092,54,1,92.65,0,92.65
12718,6093,129,2,36.16,0,72.32
12719,6093,21,1,274.21,0,274.21
12720,6094,156,1,17.86,0,17.86
12721,6095,152,1,66.12,0,66.12
12722,6095,3,1,101.49,0.2,81.19
12723,6095,83,1,23.95,0,23.95
12724,6096,2,1,198.54,0,198.54
12725,6097,54,1,92.65,0.1,83.39
12726,6097,72,1,196.03,0.1,176.43
12727,6098,155,1,82.21,0,82.21
12728,6098,60,1,294.14,0,294.14
12729,6099,88,2,39.57,0,79.14
12730,6100,137,2,15.32,0,30.64
12731,6101,84,1,13.12,0.15,11.15
12732,6101,98,1,11.23,0,11.23
12733,6101,70,1,67.88,0,67.88
12734,6101,54,1,92.65,0,92.65
12735,6102,54,1,92.65,0,92.65
12736,6103,54,1,92.65,0,92.65
12737,6103,1,1,134.64,0,134.64
12738,6103,111,1,282.79,0,282.79
12739,6103,150,1,44.1,0,44.1
12740,6104,11,3,176.03,0,528.09
12741,6104,145,1,84.99,0,84.99
12742,6105,11,1,176.03,0,176.03
12743,6106,119,2,213.48,0,426.96
12744,6106,39,1,43.96,0.1,39.56
12745,6107,56,2,48.94,0,97.88
12746,6107,101,1,68.79,0,68.79
12747,6108,54,1,92.65,0,92.65
12748,6109,85,1,74.75,0,74.75
12749,6109,73,1,43.45,0,43.45
12750,6110,40,1,53.97,0.15,45.87
12751,6111,37,1,83.16,0.15,70.69
12752,6111,148,1,60.49,0,60.49
12753,6111,97,1,23.97,0,23.97
12754,6112,42,1,80.28,0,80.28
12755,6112,72,2,196.03,0,392.06
12756,6113,54,1,92.65,0.15,78.75
12757,6113,143,2,69.82,0,139.64
12758,6114,54,1,92.65,0.1,83.39
12759,6115,60,2,294.14,0,588.28
12760,6115,100,2,69.29,0.1,124.72
12761,6116,146,2,20.85,0.1,37.53
12762,6117,160,1,40.26,0,40.26
12763,6117,41,1,179.88,0.15,152.9
12764,6118,119,1,213.48,0,213.48
12765,6119,129,2,36.16,0.1,65.09
12766,6120,54,1,92.65,0,92.65
12767,6120,98,1,11.23,0.1,10.11
12768,6120,131,2,62.23,0.15,105.79
12769,6120,84,1,13.12,0.15,11.15
12770,6121,17,2,75.74,0,151.48
12771,6122,119,1,213.48,0.2,170.78
12772,6122,24,1,346.45,0,346.45
12773,6122,123,1,92.73,0,92.73
12774,6123,54,1,92.65,0,92.65
12775,6124,42,1,80.28,0,80.28
12776,6125,3,1,101.49,0.15,86.27
12777,6125,130,1,68.02,0,68.02
12778,6125,73,1,43.45,0.1,39.11
12779,6126,94,3,59.56,0,178.68
12780,6126,92,1,74.46,0,74.46
12781,6126,57,1,91.71,0,91.71
12782,6127,57,1,91.71,0.1,82.54
12783,6127,64,2,113.76,0,227.52
12784,6127,53,1,86.91,0,86.91
12785,6127,29,2,122.84,0.1,221.11
12786,6128,112,1,329.53,0.2,263.62
12787,6128,97,1,23.97,0,23.97
12788,6128,140,1,66.53,0,66.53
12789,6129,75,1,185.8,0,185.8
12790,6129,102,1,116.44,0,116.44
12791,6129,58,2,151.67,0.2,242.67
12792,6129,126,1,319.24,0,319.24
12793,6129,114,1,240.92,0,240.92
12794,6130,33,1,49.0,0.1,44.1
12795,6130,137,1,15.32,0,15.32
12796,6130,42,1,80.28,0.15,68.24
12797,6130,7,1,33.9,0,33.9
12798,6131,100,3,69.29,0,207.87
12799,6131,125,1,226.52,0,226.52
12800,6131,36,1,143.82,0.1,129.44
12801,6132,54,1,92.65,0.2,74.12
12802,6132,93,1,19.37,0,19.37
12803,6133,54,1,92.65,0,92.65
12804,6133,54,2,92.65,0.15,157.5
12805,6134,40,2,53.97,0,107.94
12806,6134,44,1,83.07,0.15,70.61
12807,6135,116,1,217.77,0,217.77
12808,6136,118,1,357.71,0,357.71
12809,6136,2,1,198.54,0,198.54
12810,6137,34,2,164.11,0,328.22
12811,6137,54,2,92.65,0,185.3
12812,6137,82,2,54.72,0.1,98.5
12813,6138,91,1,50.62,0.1,45.56
12814,6139,135,1,105.74,0,105.74
12815,6139,33,1,49.0,0,49.0
12816,6140,6,1,180.27,0,180.27
12817,6141,43,2,75.67,0,151.34
12818,6141,35,1,124.39,0.15,105.73
12819,6141,115,2,276.86,0.2,442.98
12820,6141,136,3,116.14,0.1,313.58
12821,6142,63,1,115.75,0,115.75
12822,6143,137,1,15.32,0,15.32
12823,6143,12,1,291.22,0.15,247.54
12824,6144,34,2,164.11,0,328.22
12825,6145,11,2,176.03,0,352.06
12826,6145,108,1,97.45,0,97.45
12827,6146,142,1,31.27,0,31.27
12828,6146,54,1,92.65,0.15,78.75
12829,6147,54,2,92.65,0,185.3
12830,6148,121,1,374.5,0.1,337.05
12831,6149,54,1,92.65,0,92.65
12832,6149,51,1,33.99,0,33.99
12833,6150,5,1,135.87,0.2,108.7
12834,6151,138,1,24.71,0,24.71
12835,6152,3,1,101.49,0,101.49
12836,6153,54,1,92.65,0,92.65
12837,6153,54,2,92.65,0,185.3
12838,6154,108,1,97.45,0,97.45
12839,6154,74,1,41.44,0,41.44
12840,6155,103,1,74.37,0,74.37
12841,6155,139,1,70.5,0,70.5
12842,6155,6,1,180.27,0,180.27
12843,6156,153,1,99.2,0,99.2
12844,6156,91,1,50.62,0,50.62
12845,6157,6,1,180.27,0,180.27
12846,6158,76,2,65.54,0.1,117.97
12847,6158,3,2,101.49,0,202.98
12848,6158,28,1,93.65,0,93.65
12849,6159,147,1,23.93,0.1,21.54
12850,6159,148,1,60.49,0,60.49
12851,6159,81,1,52.03,0,52.03
12852,6159,99,1,79.98,0,79.98
12853,6160,60,3,294.14,0,882.42
12854,6160,34,2,164.11,0.1,295.4
12855,6160,108,1,97.45,0,97.45
12856,6161,8,1,255.14,0.15,216.87
12857,6161,54,1,92.65,0.15,78.75
12858,6162,33,2,49.0,0.15,83.3
12859,6163,54,1,92.65,0.1,83.39
12860,6164,56,1,48.94,0,48.94
12861,6164,27,1,21.73,0.1,19.56
12862,6164,1,1,134.64,0,134.64
12863,6165,61,1,12.8,0,12.8
12864,6165,121,1,374.5,0,374.5
12865,6165,120,1,179.87,0,179.87
12866,6165,84,1,13.12,0,13.12
12867,6166,52,1,190.14,0,190.14
12868,6166,39,1,43.96,0,43.96
12869,6166,11,2,176.03,0,352.06
12870,6166,71,1,16.86,0,16.86
12871,6167,144,1,11.66,0.1,10.49
12872,6167,107,1,335.62,0,335.62
12873,6167,63,1,115.75,0.15,98.39
12874,6167,54,1,92.65,0,92.65
12875,6168,37,2,83.16,0,166.32
12876,6169,52,1,190.14,0,190.14
12877,6170,78,1,77.23,0,77.23
12878,6171,112,3,329.53,0.1,889.73
12879,6171,39,1,43.96,0,43.96
12880,6171,127,1,268.94,0,268.94
12881,6171,123,1,92.73,0.1,83.46
12882,6172,34,2,164.11,0,328.22
12883,6172,127,1,268.94,0,268.94
12884,6173,11,1,176.03,0,176.03
12885,6173,106,2,187.33,0,374.66
12886,6173,65,2,172.37,0,344.74
12887,6173,61,1,12.8,0,12.8
12888,6173,66,1,279.67,0,279.67
12889,6174,31,1,121.18,0,121.18
12890,6175,89,1,41.71,0,41.71
12891,6175,54,1,92.65,0,92.65
12892,6176,17,2,75.74,0,151.48
12893,6176,152,1,66.12,0,66.12
12894,6177,51,1,33.99,0,33.99
12895,6177,145,1,84.99,0,84.99
12896,6178,149,1,68.48,0,68.48
12897,6179,74,1,41.44,0.1,37.3
12898,6180,34,2,164.11,0,328.22
12899,6180,110,1,59.23,0,59.23
12900,6181,97,1,23.97,0,23.97
12901,6181,28,1,93.65,0,93.65
12902,6182,115,1,276.86,0,276.86
12903,6183,56,2,48.94,0,97.88
12904,6184,121,2,374.5,0,749.0
12905,6184,54,1,92.65,0,92.65
12906,6185,54,2,92.65,0,185.3
12907,6185,94,2,59.56,0,119.12
12908,6186,37,1,83.16,0,83.16
12909,6187,88,2,39.57,0,79.14
12910,6188,12,1,291.22,0.1,262.1
12911,6188,61,1,12.8,0.15,10.88
12912,6188,62,1,117.07,0.2,93.66
12913,6189,35,2,124.39,0,248.78
12914,6190,91,1,50.62,0,50.62
12915,6191,159,2,57.51,0,115.02
12916,6191,98,2,11.23,0,22.46
12917,6192,85,2,74.75,0,149.5
12918,6193,57,1,91.71,0,91.71
12919,6193,150,1,44.1,0,44.1
12920,6193,85,3,74.75,0,224.25
12921,6194,101,2,68.79,0,137.58
12922,6195,145,1,84.99,0,84.99
12923,6195,60,2,294.14,0,588.28
12924,6196,29,1,122.84,0,122.84
12925,6197,33,2,49.0,0.2,78.4
12926,6197,140,1,66.53,0.15,56.55
12927,6198,86,2,8.05,0.1,14.49
12928,6199,54,1,92.65,0,92.65
12929,6200,82,1,54.72,0,54.72
12930,6200,114,1,240.92,0,240.92
12931,6201,152,1,66.12,0.1,59.51
12932,6202,18,1,268.84,0.15,228.51
12933,6202,136,2,116.14,0,232.28
12934,6202,105,1,348.07,0,348.07
12935,6203,54,1,92.65,0,92.65
12936,6203,119,1,213.48,0.15,181.46
12937,6203,88,1,39.57,0.1,35.61
12938,6204,46,1,64.69,0,64.69
12939,6204,18,1,268.84,0.1,241.96
12940,6205,142,1,31.27,0,31.27
12941,6205,118,3,357.71,0,1073.13
12942,6206,98,1,11.23,0,11.23
12943,6206,40,2,53.97,0.15,91.75
12944,6207,123,2,92.73,0,185.46
12945,6207,48,1,156.79,0,156.79
12946,6207,8,1,255.14,0,255.14
12947,6207,160,1,40.26,0,40.26
12948,6207,113,1,274.17,0,274.17
12949,6208,57,1,91.71,0,91.71
12950,6209,61,2,12.8,0,25.6
12951,6209,54,1,92.65,0.1,83.39
12952,6210,90,1,52.82,0,52.82
12953,6210,100,1,69.29,0,69.29
12954,6210,3,2,101.49,0.15,172.53
12955,6211,33,1,49.0,0.1,44.1
12956,6212,119,1,213.48,0,213.48
12957,6213,35,3,124.39,0,373.17
12958,6214,34,1,164.11,0,164.11
12959,6215,111,1,282.79,0,282.79
12960,6216,113,2,274.17,0.1,493.51
12961,6216,111,2,282.79,0.2,452.46
12962,6217,19,1,229.68,0,229.68
12963,6218,62,2,117.07,0,234.14
12964,6218,33,1,49.0,0.1,44.1
12965,6218,2,2,198.54,0,397.08
12966,6218,99,1,79.98,0,79.98
12967,6219,13,1,132.43,0,132.43
12968,6220,44,1,83.07,0.1,74.76
12969,6221,92,1,74.46,0.15,63.29
12970,6222,61,1,12.8,0,12.8
12971,6222,56,1,48.94,0.1,44.05
12972,6222,97,1,23.97,0,23.97
12973,6222,159,2,57.51,0,115.02
12974,6223,54,1,92.65,0.1,83.39
12975,6224,18,1,268.84,0.2,215.07
12976,6225,54,1,92.65,0,92.65
12977,6226,15,1,152.22,0,152.22
12978,6227,53,1,86.91,0,86.91
12979,6228,65,1,172.37,0.15,146.51
12980,6228,152,2,66.12,0.1,119.02
12981,6228,19,1,229.68,0,229.68
12982,6228,121,1,374.5,0.1,337.05
12983,6229,11,3,176.03,0.1,475.28
12984,6230,7,1,33.9,0,33.9
12985,6231,111,2,282.79,0.1,509.02
12986,6231,101,1,68.79,0.2,55.03
12987,6231,54,2,92.65,0,185.3
12988,6231,143,1,69.82,0,69.82
12989,6231,68,1,204.27,0,204.27
12990,6232,119,1,213.48,0,213.48
12991,6232,62,2,117.07,0,234.14
12992,6233,62,2,117.07,0,234.14
12993,6233,113,1,274.17,0.15,233.04
12994,6233,119,1,213.48,0.2,170.78
12995,6233,44,1,83.07,0,83.07
12996,6234,158,1,14.07,0.1,12.66
12997,6234,109,1,22.1,0,22.1
12998,6234,1,1,134.64,0.15,114.44
12999,6235,8,2,255.14,0,510.28
13000,6235,47,1,173.41,0,173.41
13001,6235,38,1,79.64,0.1,71.68
13002,6235,95,1,42.95,0,42.95
13003,6236,54,2,92.65,0,185.3
13004,6237,102,1,116.44,0,116.44
13005,6237,41,1,179.88,0,179.88
13006,6237,71,1,16.86,0,16.86
13007,6238,97,2,23.97,0,47.94
13008,6238,107,1,335.62,0.1,302.06
13009,6238,101,2,68.79,0,137.58
13010,6238,57,1,91.71,0.2,73.37
13011,6239,76,1,65.54,0,65.54
13012,6240,2,2,198.54,0,397.08
13013,6240,152,1,66.12,0,66.12
13014,6240,101,1,68.79,0,68.79
13015,6241,121,2,374.5,0,749.0
13016,6241,91,1,50.62,0,50.62
13017,6242,33,1,49.0,0.1,44.1
13018,6242,89,2,41.71,0,83.42
13019,6243,33,1,49.0,0.2,39.2
13020,6243,13,1,132.43,0.1,119.19
13021,6244,129,1,36.16,0,36.16
13022,6245,85,1,74.75,0,74.75
13023,6245,18,2,268.84,0,537.68
13024,6245,54,1,92.65,0,92.65
13025,6246,39,1,43.96,0,43.96
13026,6246,50,1,55.81,0,55.81
13027,6246,6,1,180.27,0,180.27
13028,6246,30,2,168.06,0.1,302.51
13029,6247,154,1,83.05,0.15,70.59
13030,6248,54,3,92.65,0.15,236.26
13031,6249,109,1,22.1,0,22.1
13032,6249,10,2,116.26,0.1,209.27
13033,6249,76,1,65.54,0.1,58.99
13034,6250,126,1,319.24,0,319.24
13035,6250,33,1,49.0,0,49.0
13036,6251,64,1,113.76,0,113.76
13037,6252,54,1,92.65,0.15,78.75
13038,6252,159,1,57.51,0,57.51
13039,6252,44,1,83.07,0.1,74.76
13040,6253,85,1,74.75,0.1,67.28
13041,6253,53,1,86.91,0,86.91
13042,6254,152,1,66.12,0,66.12
13043,6254,54,1,92.65,0,92.65
13044,6254,99,1,79.98,0,79.98
13045,6254,54,1,92.65,0,92.65
13046,6254,68,1,204.27,0,204.27
13047,6255,21,1,274.21,0,274.21
13048,6255,126,2,319.24,0,638.48
13049,6255,45,1,61.85,0,61.85
13050,6256,64,2,113.76,0.15,193.39
13051,6257,49,1,111.88,0,111.88
13052,6257,72,1,196.03,0,196.03
13053,6257,91,1,50.62,0,50.62
13054,6257,48,2,156.79,0,313.58
13055,6258,97,1,23.97,0.1,21.57
13056,6259,54,1,92.65,0,92.65
13057,6260,140,1,66.53,0,66.53
13058,6261,3,1,101.49,0,101.49
13059,6261,64,1,113.76,0,113.76
13060,6262,137,1,15.32,0,15.32
13061,6263,3,3,101.49,0,304.47
13062,6263,136,1,116.14,0,116.14
13063,6264,61,1,12.8,0,12.8
13064,6264,152,1,66.12,0,66.12
13065,6264,130,1,68.02,0,68.02
13066,6264,95,1,42.95,0,42.95
13067,6264,54,3,92.65,0,277.95
13068,6265,43,1,75.67,0.15,64.32
13069,6265,40,3,53.97,0.1,145.72
13070,6266,64,2,113.76,0.2,182.02
13071,6266,70,1,67.88,0.15,57.7
13072,6266,9,1,98.65,0,98.65
13073,6267,42,1,80.28,0,80.28
13074,6267,26,1,66.46,0,66.46
13075,6267,113,1,274.17,0,274.17
13076,6268,77,2,42.23,0.15,71.79
13077,6269,38,1,79.64,0,79.64
13078,6270,15,2,152.22,0,304.44
13079,6270,54,1,92.65,0,92.65
13080,6270,73,1,43.45,0.1,39.11
13081,6270,12,1,291.22,0.15,247.54
13082,6271,72,2,196.03,0.1,352.85
13083,6271,54,2,92.65,0,185.3
13084,6272,152,1,66.12,0,66.12
13085,6272,54,1,92.65,0.15,78.75
13086,6273,129,1,36.16,0,36.16
13087,6273,76,1,65.54,0,65.54
13088,6274,38,1,79.64,0,79.64
13089,6274,65,1,172.37,0,172.37
13090,6274,127,1,268.94,0.15,228.6
13091,6274,97,1,23.97,0,23.97
13092,6275,125,1,226.52,0.1,203.87
13093,6276,126,1,319.24,0,319.24
13094,6276,136,1,116.14,0.15,98.72
13095,6276,61,1,12.8,0,12.8
13096,6276,39,3,43.96,0,131.88
13097,6277,54,1,92.65,0,92.65
13098,6277,56,1,48.94,0,48.94
13099,6278,83,1,23.95,0,23.95
13100,6278,111,1,282.79,0,282.79
13101,6278,26,1,66.46,0,66.46
13102,6279,43,1,75.67,0.1,68.1
13103,6279,9,1,98.65,0,98.65
13104,6280,94,2,59.56,0,119.12
13105,6280,121,1,374.5,0,374.5
13106,6281,18,1,268.84,0,268.84
13107,6282,53,1,86.91,0,86.91
13108,6282,160,1,40.26,0.1,36.23
13109,6283,109,1,22.1,0.15,18.79
13110,6283,121,1,374.5,0,374.5
13111,6283,114,1,240.92,0.1,216.83
13112,6284,8,1,255.14,0.1,229.63
13113,6285,56,2,48.94,0.15,83.2
13114,6285,113,1,274.17,0,274.17
13115,6286,140,1,66.53,0,66.53
13116,6286,41,1,179.88,0,179.88
13117,6287,33,1,49.0,0,49.0
13118,6287,64,1,113.76,0.1,102.38
13119,6287,75,1,185.8,0,185.8
13120,6288,51,1,33.99,0.15,28.89
13121,6288,97,2,23.97,0,47.94
13122,6289,118,1,357.71,0,357.71
13123,6289,1,1,134.64,0,134.64
13124,6290,9,1,98.65,0,98.65
13125,6291,91,1,50.62,0,50.62
13126,6292,11,1,176.03,0.2,140.82
13127,6292,30,1,168.06,0,168.06
13128,6292,54,1,92.65,0,92.65
13129,6292,119,1,213.48,0,213.48
13130,6293,54,1,92.65,0,92.65
13131,6294,160,1,40.26,0,40.26
13132,6294,25,1,292.94,0,292.94
13133,6295,93,2,19.37,0,38.74
13134,6296,142,1,31.27,0,31.27
13135,6296,64,1,113.76,0,113.76
13136,6297,105,1,348.07,0,348.07
13137,6297,111,1,282.79,0,282.79
13138,6297,29,1,122.84,0,122.84
13139,6298,7,2,33.9,0,67.8
13140,6298,108,1,97.45,0,97.45
13141,6298,51,1,33.99,0,33.99
13142,6299,119,1,213.48,0,213.48
13143,6299,61,1,12.8,0,12.8
13144,6299,118,1,357.71,0,357.71
13145,6299,108,1,97.45,0.15,82.83
13146,6299,53,1,86.91,0,86.91
13147,6300,56,1,48.94,0,48.94
13148,6301,84,1,13.12,0,13.12
13149,6302,152,1,66.12,0,66.12
13150,6303,125,2,226.52,0,453.04
13151,6303,134,1,40.72,0,40.72
13152,6303,137,2,15.32,0.1,27.58
13153,6303,152,1,66.12,0,66.12
13154,6304,21,1,274.21,0,274.21
13155,6305,92,2,74.46,0.1,134.03
13156,6305,35,1,124.39,0,124.39
13157,6305,100,1,69.29,0,69.29
13158,6305,61,1,12.8,0,12.8
13159,6306,31,1,121.18,0.1,109.06
13160,6306,129,1,36.16,0.1,32.54
13161,6307,45,1,61.85,0,61.85
13162,6307,54,1,92.65,0,92.65
13163,6307,91,2,50.62,0.1,91.12
13164,6308,56,1,48.94,0,48.94
13165,6308,108,2,97.45,0,194.9
13166,6309,54,1,92.65,0,92.65
13167,6309,139,2,70.5,0,141.0
13168,6310,62,2,117.07,0,234.14
13169,6310,78,1,77.23,0,77.23
13170,6310,84,1,13.12,0.1,11.81
13171,6311,3,1,101.49,0,101.49
13172,6311,159,1,57.51,0,57.51
13173,6311,116,3,217.77,0.15,555.31
13174,6311,134,1,40.72,0.1,36.65
13175,6311,27,2,21.73,0,43.46
13176,6312,38,1,79.64,0,79.64
13177,6312,114,1,240.92,0,240.92
13178,6313,18,1,268.84,0,268.84
13179,6314,54,1,92.65,0,92.65
13180,6314,152,1,66.12,0,66.12
13181,6315,152,1,66.12,0,66.12
13182,6316,117,1,173.82,0,173.82
13183,6316,54,1,92.65,0,92.65
13184,6317,47,3,173.41,0,520.23
13185,6318,64,1,113.76,0.15,96.7
13186,6319,110,1,59.23,0,59.23
13187,6319,131,1,62.23,0,62.23
13188,6320,139,1,70.5,0.15,59.92
13189,6321,54,1,92.65,0,92.65
13190,6321,142,2,31.27,0,62.54
13191,6321,67,2,62.01,0,124.02
13192,6321,55,1,295.32,0,295.32
13193,6321,81,1,52.03,0,52.03
13194,6322,17,2,75.74,0.15,128.76
13195,6322,19,1,229.68,0,229.68
13196,6322,148,1,60.49,0.2,48.39
13197,6323,119,2,213.48,0,426.96
13198,6323,88,1,39.57,0.2,31.66
13199,6323,12,1,291.22,0,291.22
13200,6324,132,1,101.25,0,101.25
13201,6324,115,2,276.86,0,553.72
13202,6325,123,1,92.73,0,92.73
13203,6325,85,2,74.75,0,149.5
13204,6326,32,2,49.75,0,99.5
13205,6327,93,1,19.37,0,19.37
13206,6328,152,1,66.12,0,66.12
13207,6328,74,2,41.44,0,82.88
13208,6329,84,1,13.12,0,13.12
13209,6330,111,1,282.79,0.15,240.37
13210,6331,43,1,75.67,0.2,60.54
13211,6331,61,1,12.8,0,12.8
13212,6331,127,2,268.94,0.2,430.3
13213,6332,61,2,12.8,0,25.6
13214,6332,50,2,55.81,0,111.62
13215,6332,125,2,226.52,0,453.04
13216,6332,137,1,15.32,0,15.32
13217,6333,34,1,164.11,0.15,139.49
13218,6333,5,3,135.87,0,407.61
13219,6334,89,1,41.71,0,41.71
13220,6334,84,1,13.12,0.1,11.81
13221,6335,100,1,69.29,0.1,62.36
13222,6336,55,1,295.32,0,295.32
13223,6336,61,1,12.8,0.1,11.52
13224,6336,152,1,66.12,0,66.12
13225,6337,54,2,92.65,0.1,166.77
13226,6338,91,1,50.62,0,50.62
13227,6338,6,1,180.27,0.15,153.23
13228,6338,74,1,41.44,0,41.44
13229,6338,141,1,71.69,0,71.69
13230,6338,119,2,213.48,0,426.96
13231,6339,75,1,185.8,0,185.8
13232,6339,126,3,319.24,0,957.72
13233,6340,99,2,79.98,0,159.96
13234,6341,31,1,121.18,0,121.18
13235,6341,19,2,229.68,0.15,390.46
13236,6342,54,2,92.65,0.15,157.5
13237,6343,34,1,164.11,0,164.11
13238,6343,103,1,74.37,0,74.37
13239,6344,38,2,79.64,0,159.28
13240,6344,111,1,282.79,0.15,240.37
13241,6345,118,1,357.71,0,357.71
13242,6345,152,2,66.12,0,132.24
13243,6345,64,1,113.76,0.1,102.38
13244,6345,47,1,173.41,0.1,156.07
13245,6346,44,1,83.07,0,83.07
13246,6346,33,1,49.0,0,49.0
13247,6347,91,2,50.62,0,101.24
13248,6348,7,1,33.9,0,33.9
13249,6349,16,2,232.17,0,464.34
13250,6349,18,1,268.84,0,268.84
13251,6349,54,1,92.65,0.15,78.75
13252,6350,84,1,13.12,0.1,11.81
13253,6350,17,1,75.74,0,75.74
13254,6350,93,1,19.37,0,19.37
13255,6350,54,1,92.65,0.15,78.75
13256,6351,148,1,60.49,0,60.49
13257,6351,96,1,51.37,0,51.37
13258,6352,21,2,274.21,0,548.42
13259,6352,26,2,66.46,0,132.92
13260,6353,121,1,374.5,0,374.5
13261,6354,44,1,83.07,0,83.07
13262,6355,160,1,40.26,0,40.26
13263,6355,56,1,48.94,0,48.94
13264,6356,94,2,59.56,0,119.12
13265,6357,33,1,49.0,0,49.0
13266,6357,63,1,115.75,0,115.75
13267,6357,70,1,67.88,0,67.88
13268,6358,52,1,190.14,0,190.14
13269,6358,108,1,97.45,0,97.45
13270,6359,39,1,43.96,0,43.96
13271,6360,87,1,40.81,0,40.81
13272,6361,141,1,71.69,0.2,57.35
13273,6362,143,3,69.82,0,209.46
13274,6363,154,2,83.05,0,166.1
13275,6363,44,1,83.07,0,83.07
13276,6363,152,1,66.12,0.15,56.2
13277,6364,61,1,12.8,0,12.8
13278,6364,54,2,92.65,0,185.3
13279,6365,9,1,98.65,0,98.65
13280,6365,31,1,121.18,0,121.18
13281,6365,138,1,24.71,0,24.71
13282,6366,121,1,374.5,0,374.5
13283,6366,54,2,92.65,0,185.3
13284,6366,152,1,66.12,0,66.12
13285,6366,60,1,294.14,0.15,250.02
13286,6367,43,1,75.67,0.1,68.1
13287,6368,109,1,22.1,0,22.1
13288,6369,29,1,122.84,0,122.84
13289,6370,88,1,39.57,0,39.57
13290,6371,140,1,66.53,0.1,59.88
13291,6371,114,1,240.92,0,240.92
13292,6372,121,1,374.5,0.1,337.05
13293,6373,91,1,50.62,0,50.62
13294,6373,54,2,92.65,0,185.3
13295,6373,93,1,19.37,0.2,15.5
13296,6373,89,1,41.71,0.1,37.54
13297,6374,97,1,23.97,0.1,21.57
13298,6374,159,1,57.51,0.1,51.76
13299,6374,121,1,374.5,0,374.5
13300,6375,54,1,92.65,0.1,83.39
13301,6375,136,1,116.14,0.1,104.53
13302,6375,142,2,31.27,0,62.54
13303,6376,150,1,44.1,0,44.1
13304,6377,149,2,68.48,0,136.96
13305,6378,124,1,13.96,0.15,11.87
13306,6379,130,1,68.02,0,68.02
13307,6379,92,1,74.46,0,74.46
13308,6380,39,2,43.96,0.15,74.73
13309,6380,137,1,15.32,0,15.32
13310,6380,40,1,53.97,0,53.97
13311,6381,15,1,152.22,0.1,137.0
13312,6381,119,1,213.48,0.1,192.13
13313,6382,127,1,268.94,0,268.94
13314,6382,45,1,61.85,0,61.85
13315,6382,52,1,190.14,0,190.14
13316,6383,108,1,97.45,0.15,82.83
13317,6384,77,1,42.23,0.1,38.01
13318,6384,50,1,55.81,0,55.81
13319,6384,37,1,83.16,0,83.16
13320,6384,156,1,17.86,0.15,15.18
13321,6385,40,1,53.97,0,53.97
13322,6385,125,2,226.52,0,453.04
13323,6386,43,1,75.67,0,75.67
13324,6387,81,1,52.03,0.1,46.83
13325,6387,91,1,50.62,0,50.62
13326,6388,140,1,66.53,0,66.53
13327,6389,85,1,74.75,0,74.75
13328,6390,80,1,41.32,0,41.32
13329,6390,99,3,79.98,0,239.94
13330,6391,54,2,92.65,0,185.3
13331,6391,108,3,97.45,0,292.35
13332,6392,108,1,97.45,0.15,82.83
13333,6393,113,2,274.17,0,548.34
13334,6394,143,2,69.82,0,139.64
13335,6395,134,1,40.72,0,40.72
13336,6396,61,1,12.8,0,12.8
13337,6397,63,1,115.75,0.1,104.17
13338,6398,39,1,43.96,0,43.96
13339,6398,101,1,68.79,0,68.79
13340,6399,54,2,92.65,0,185.3
13341,6399,61,1,12.8,0,12.8
13342,6400,50,1,55.81,0.15,47.44
13343,6401,15,2,152.22,0.1,274.0
13344,6401,84,1,13.12,0,13.12
13345,6401,150,1,44.1,0,44.1
13346,6401,82,1,54.72,0.1,49.25
13347,6402,28,1,93.65,0,93.65
13348,6403,54,1,92.65,0,92.65
13349,6403,111,1,282.79,0,282.79
13350,6403,39,1,43.96,0,43.96
13351,6404,118,2,357.71,0.1,643.88
13352,6404,38,1,79.64,0,79.64
13353,6404,121,1,374.5,0.1,337.05
13354,6404,159,1,57.51,0,57.51
13355,6404,84,1,13.12,0,13.12
13356,6405,76,1,65.54,0,65.54
13357,6405,101,2,68.79,0,137.58
13358,6405,33,1,49.0,0,49.0
13359,6406,82,1,54.72,0,54.72
13360,6406,113,1,274.17,0.1,246.75
13361,6407,138,1,24.71,0,24.71
13362,6407,61,2,12.8,0,25.6
13363,6407,76,1,65.54,0,65.54
13364,6408,54,1,92.65,0.1,83.39
13365,6408,56,1,48.94,0,48.94
13366,6409,89,1,41.71,0,41.71
13367,6410,65,1,172.37,0,172.37
13368,6410,54,1,92.65,0,92.65
13369,6410,66,1,279.67,0.1,251.7
13370,6410,89,1,41.71,0,41.71
13371,6411,155,1,82.21,0,82.21
13372,6411,105,1,348.07,0,348.07
13373,6411,153,2,99.2,0,198.4
13374,6412,35,1,124.39,0.1,111.95
13375,6412,139,1,70.5,0,70.5
13376,6413,54,2,92.65,0,185.3
13377,6414,53,2,86.91,0.15,147.75
13378,6415,2,1,198.54,0,198.54
13379,6416,58,1,151.67,0,151.67
13380,6417,40,1,53.97,0.1,48.57
13381,6417,101,1,68.79,0,68.79
13382,6418,58,2,151.67,0,303.34
13383,6418,13,1,132.43,0,132.43
13384,6418,152,3,66.12,0.1,178.52
13385,6419,52,1,190.14,0,190.14
13386,6419,60,1,294.14,0.2,235.31
13387,6420,102,1,116.44,0,116.44
13388,6420,54,1,92.65,0,92.65
13389,6420,76,2,65.54,0,131.08
13390,6420,129,1,36.16,0,36.16
13391,6421,63,1,115.75,0,115.75
13392,6421,157,2,65.63,0.15,111.57
13393,6421,97,1,23.97,0,23.97
13394,6422,54,1,92.65,0,92.65
13395,6423,16,1,232.17,0.2,185.74
13396,6424,126,1,319.24,0,319.24
13397,6424,66,3,279.67,0,839.01
13398,6424,140,1,66.53,0,66.53
13399,6425,111,1,282.79,0,282.79
13400,6425,16,1,232.17,0,232.17
13401,6425,67,2,62.01,0,124.02
13402,6425,44,1,83.07,0.1,74.76
13403,6425,54,1,92.65,0,92.65
13404,6426,140,1,66.53,0,66.53
13405,6426,65,1,172.37,0,172.37
13406,6427,46,2,64.69,0.1,116.44
13407,6427,136,1,116.14,0.2,92.91
13408,6427,40,1,53.97,0,53.97
13409,6427,61,1,12.8,0,12.8
13410,6428,1,1,134.64,0.2,107.71
13411,6429,119,2,213.48,0,426.96
13412,6429,160,1,40.26,0,40.26
13413,6429,145,1,84.99,0.1,76.49
13414,6429,111,1,282.79,0,282.79
13415,6429,54,1,92.65,0,92.65
13416,6430,54,2,92.65,0,185.3
13417,6431,160,1,40.26,0,40.26
13418,6432,137,1,15.32,0,15.32
13419,6433,89,1,41.71,0,41.71
13420,6433,33,1,49.0,0,49.0
13421,6433,33,1,49.0,0.2,39.2
13422,6434,107,1,335.62,0,335.62
13423,6435,142,1,31.27,0.1,28.14
13424,6435,39,1,43.96,0.1,39.56
13425,6436,101,1,68.79,0.1,61.91
13426,6437,9,1,98.65,0.1,88.79
13427,6437,160,2,40.26,0,80.52
13428,6437,39,1,43.96,0.15,37.37
13429,6437,61,1,12.8,0,12.8
13430,6437,54,1,92.65,0,92.65
13431,6438,102,1,116.44,0,116.44
13432,6438,60,2,294.14,0,588.28
13433,6439,83,1,23.95,0,23.95
13434,6440,50,2,55.81,0,111.62
13435,6440,105,1,348.07,0,348.07
13436,6441,157,1,65.63,0,65.63
13437,6441,123,3,92.73,0,278.19
13438,6441,72,1,196.03,0,196.03
13439,6441,16,1,232.17,0,232.17
13440,6442,71,1,16.86,0.1,15.17
13441,6442,159,1,57.51,0.2,46.01
13442,6442,113,2,274.17,0,548.34
13443,6443,88,1,39.57,0.1,35.61
13444,6443,112,2,329.53,0.1,593.15
13445,6444,61,1,12.8,0,12.8
13446,6444,152,1,66.12,0.1,59.51
13447,6444,84,1,13.12,0.1,11.81
13448,6444,119,1,213.48,0.2,170.78
13449,6445,84,1,13.12,0,13.12
13450,6445,12,1,291.22,0.1,262.1
13451,6446,92,1,74.46,0,74.46
13452,6447,56,2,48.94,0.2,78.3
13453,6448,91,1,50.62,0,50.62
13454,6449,113,1,274.17,0,274.17
13455,6449,79,1,40.31,0,40.31
13456,6450,152,1,66.12,0.2,52.9
13457,6450,100,1,69.29,0.15,58.9
13458,6451,40,2,53.97,0,107.94
13459,6452,54,1,92.65,0,92.65
13460,6453,18,1,268.84,0.15,228.51
13461,6453,152,2,66.12,0.1,119.02
13462,6453,31,1,121.18,0,121.18
13463,6453,101,1,68.79,0,68.79
13464,6454,115,1,276.86,0,276.86
13465,6454,121,1,374.5,0.1,337.05
13466,6455,79,1,40.31,0,40.31
13467,6456,54,1,92.65,0,92.65
13468,6456,121,1,374.5,0,374.5
13469,6457,152,1,66.12,0,66.12
13470,6457,159,2,57.51,0,115.02
13471,6457,117,1,173.82,0,173.82
13472,6457,49,2,111.88,0,223.76
13473,6458,144,2,11.66,0,23.32
13474,6459,39,1,43.96,0,43.96
13475,6459,65,1,172.37,0,172.37
13476,6460,67,2,62.01,0.1,111.62
13477,6460,153,2,99.2,0,198.4
13478,6460,68,1,204.27,0,204.27
13479,6461,41,1,179.88,0,179.88
13480,6461,84,1,13.12,0,13.12
13481,6461,94,1,59.56,0,59.56
13482,6461,12,1,291.22,0,291.22
13483,6462,61,2,12.8,0,25.6
13484,6462,19,1,229.68,0,229.68
13485,6462,101,1,68.79,0,68.79
13486,6462,71,2,16.86,0.1,30.35
13487,6463,139,2,70.5,0.15,119.85
13488,6463,39,2,43.96,0.1,79.13
13489,6464,98,1,11.23,0,11.23
13490,6464,119,1,213.48,0,213.48
13491,6465,97,1,23.97,0,23.97
13492,6466,108,1,97.45,0.1,87.7
13493,6467,54,1,92.65,0.1,83.39
13494,6467,28,1,93.65,0,93.65
13495,6467,31,2,121.18,0,242.36
13496,6467,50,1,55.81,0,55.81
13497,6468,54,1,92.65,0,92.65
13498,6469,32,1,49.75,0,49.75
13499,6469,136,3,116.14,0,348.42
13500,6469,18,2,268.84,0.1,483.91
13501,6470,98,1,11.23,0,11.23
13502,6470,54,1,92.65,0,92.65
13503,6471,129,1,36.16,0.2,28.93
13504,6472,54,1,92.65,0,92.65
13505,6473,36,1,143.82,0.1,129.44
13506,6473,91,1,50.62,0,50.62
13507,6473,9,1,98.65,0,98.65
13508,6474,131,1,62.23,0,62.23
13509,6474,154,1,83.05,0,83.05
13510,6475,19,1,229.68,0,229.68
13511,6475,87,1,40.81,0,40.81
13512,6476,60,1,294.14,0.15,250.02
13513,6476,54,1,92.65,0,92.65
13514,6476,21,1,274.21,0,274.21
13515,6477,109,1,22.1,0.15,18.79
13516,6478,98,1,11.23,0.1,10.11
13517,6479,125,3,226.52,0,679.56
13518,6480,128,1,398.69,0,398.69
13519,6480,18,1,268.84,0.15,228.51
13520,6481,54,1,92.65,0,92.65
13521,6482,119,1,213.48,0,213.48
13522,6482,149,1,68.48,0.1,61.63
13523,6482,90,1,52.82,0.15,44.9
13524,6483,33,1,49.0,0,49.0
13525,6484,74,1,41.44,0,41.44
13526,6485,108,2,97.45,0.1,175.41
13527,6485,111,1,282.79,0,282.79
13528,6486,57,1,91.71,0,91.71
13529,6486,44,1,83.07,0.1,74.76
13530,6487,55,1,295.32,0,295.32
13531,6487,67,1,62.01,0,62.01
13532,6488,143,1,69.82,0,69.82
13533,6489,64,1,113.76,0,113.76
13534,6489,97,1,23.97,0,23.97
13535,6490,22,1,399.88,0,399.88
13536,6491,126,1,319.24,0,319.24
13537,6492,43,3,75.67,0.15,192.96
13538,6492,19,1,229.68,0,229.68
13539,6493,64,1,113.76,0,113.76
13540,6494,121,1,374.5,0,374.5
13541,6494,148,1,60.49,0,60.49
13542,6495,105,1,348.07,0,348.07
13543,6495,61,1,12.8,0,12.8
13544,6496,15,1,152.22,0,152.22
13545,6497,33,2,49.0,0,98.0
13546,6498,67,1,62.01,0,62.01
13547,6499,88,2,39.57,0,79.14
13548,6499,54,1,92.65,0,92.65
13549,6499,91,1,50.62,0.15,43.03
13550,6499,73,1,43.45,0,43.45
13551,6500,152,1,66.12,0.2,52.9
13552,6501,160,1,40.26,0,40.26
13553,6502,13,1,132.43,0,132.43
13554,6502,64,1,113.76,0,113.76
13555,6502,144,1,11.66,0.1,10.49
13556,6502,160,1,40.26,0,40.26
13557,6503,61,1,12.8,0.1,11.52
13558,6504,8,3,255.14,0,765.42
13559,6505,93,3,19.37,0,58.11
13560,6505,19,2,229.68,0.2,367.49
13561,6505,40,1,53.97,0,53.97
13562,6506,129,2,36.16,0.15,61.47
13563,6506,70,1,67.88,0,67.88
13564,6506,54,1,92.65,0,92.65
13565,6507,39,1,43.96,0,43.96
13566,6507,152,1,66.12,0,66.12
13567,6508,54,1,92.65,0.1,83.39
13568,6508,41,2,179.88,0,359.76
13569,6508,119,1,213.48,0,213.48
13570,6509,19,2,229.68,0,459.36
13571,6510,6,2,180.27,0.15,306.46
13572,6510,124,1,13.96,0,13.96
13573,6510,118,1,357.71,0,357.71
13574,6511,57,1,91.71,0,91.71
13575,6512,152,1,66.12,0,66.12
13576,6513,26,1,66.46,0,66.46
13577,6514,15,2,152.22,0.1,274.0
13578,6515,131,1,62.23,0,62.23
13579,6515,17,1,75.74,0,75.74
13580,6516,31,1,121.18,0,121.18
13581,6516,82,1,54.72,0.1,49.25
13582,6516,91,1,50.62,0.15,43.03
13583,6516,145,1,84.99,0.15,72.24
13584,6516,143,1,69.82,0,69.82
13585,6517,54,1,92.65,0,92.65
13586,6517,71,2,16.86,0.15,28.66
13587,6517,81,1,52.03,0,52.03
13588,6518,54,2,92.65,0.1,166.77
13589,6518,50,2,55.81,0,111.62
13590,6519,137,1,15.32,0,15.32
13591,6519,77,1,42.23,0,42.23
13592,6520,3,1,101.49,0,101.49
13593,6521,35,1,124.39,0,124.39
13594,6522,54,1,92.65,0,92.65
13595,6522,121,1,374.5,0,374.5
13596,6522,127,1,268.94,0,268.94
13597,6522,140,1,66.53,0.1,59.88
13598,6522,65,1,172.37,0.1,155.13
13599,6523,39,1,43.96,0,43.96
13600,6523,54,1,92.65,0,92.65
13601,6524,44,2,83.07,0.1,149.53
13602,6525,1,1,134.64,0,134.64
13603,6525,54,3,92.65,0,277.95
13604,6525,16,2,232.17,0,464.34
13605,6525,116,1,217.77,0,217.77
13606,6526,100,1,69.29,0,69.29
13607,6527,44,1,83.07,0,83.07
13608,6527,132,2,101.25,0,202.5
13609,6527,61,2,12.8,0,25.6
13610,6528,19,1,229.68,0,229.68
13611,6529,84,1,13.12,0.15,11.15
13612,6529,3,1,101.49,0.1,91.34
13613,6530,61,1,12.8,0,12.8
13614,6530,74,1,41.44,0.1,37.3
13615,6530,54,2,92.65,0,185.3
13616,6530,11,1,176.03,0,176.03
13617,6531,136,1,116.14,0,116.14
13618,6532,111,1,282.79,0.2,226.23
13619,6532,140,1,66.53,0,66.53
13620,6532,148,1,60.49,0,60.49
13621,6532,54,1,92.65,0,92.65
13622,6532,74,1,41.44,0,41.44
13623,6533,54,1,92.65,0,92.65
13624,6533,17,2,75.74,0,151.48
13625,6534,87,1,40.81,0,40.81
13626,6535,33,1,49.0,0.15,41.65
13627,6536,118,1,357.71,0.1,321.94
13628,6536,54,1,92.65,0,92.65
13629,6536,8,1,255.14,0.15,216.87
13630,6536,129,1,36.16,0,36.16
13631,6537,101,1,68.79,0.15,58.47
13632,6537,6,2,180.27,0,360.54
13633,6538,44,1,83.07,0,83.07
13634,6539,5,1,135.87,0,135.87
13635,6539,54,1,92.65,0,92.65
13636,6540,108,1,97.45,0,97.45
13637,6540,89,1,41.71,0.2,33.37
13638,6541,115,1,276.86,0,276.86
13639,6541,84,2,13.12,0,26.24
13640,6542,11,1,176.03,0,176.03
13641,6542,95,1,42.95,0,42.95
13642,6543,114,1,240.92,0,240.92
13643,6543,158,3,14.07,0,42.21
13644,6544,160,1,40.26,0,40.26
13645,6544,118,2,357.71,0.1,643.88
13646,6545,33,3,49.0,0,147.0
13647,6546,54,1,92.65,0,92.65
13648,6547,32,1,49.75,0,49.75
13649,6547,47,2,173.41,0,346.82
13650,6547,30,1,168.06,0,168.06
13651,6548,61,1,12.8,0.15,10.88
13652,6548,60,1,294.14,0,294.14
13653,6549,125,1,226.52,0,226.52
13654,6550,152,1,66.12,0,66.12
13655,6551,64,1,113.76,0.15,96.7
13656,6551,127,2,268.94,0,537.88
13657,6552,119,1,213.48,0,213.48
13658,6553,110,1,59.23,0,59.23
13659,6553,31,1,121.18,0,121.18
13660,6553,113,3,274.17,0.1,740.26
13661,6554,39,1,43.96,0,43.96
13662,6555,54,1,92.65,0,92.65
13663,6555,74,3,41.44,0,124.32
13664,6555,125,1,226.52,0,226.52
13665,6556,36,1,143.82,0.1,129.44
13666,6556,61,1,12.8,0,12.8
13667,6556,130,1,68.02,0.15,57.82
13668,6556,150,1,44.1,0,44.1
13669,6557,65,2,172.37,0,344.74
13670,6557,110,1,59.23,0.1,53.31
13671,6557,115,1,276.86,0,276.86
13672,6558,100,2,69.29,0.15,117.79
13673,6558,13,1,132.43,0,132.43
13674,6558,87,1,40.81,0,40.81
13675,6558,124,2,13.96,0,27.92
13676,6559,89,1,41.71,0,41.71
13677,6559,83,1,23.95,0,23.95
13678,6560,41,1,179.88,0,179.88
13679,6561,51,1,33.99,0,33.99
13680,6562,111,3,282.79,0.2,678.7
13681,6562,126,1,319.24,0,319.24
13682,6562,83,1,23.95,0.15,20.36
13683,6563,94,2,59.56,0.15,101.25
13684,6564,124,1,13.96,0,13.96
13685,6564,40,1,53.97,0,53.97
13686,6565,73,1,43.45,0,43.45
13687,6565,111,1,282.79,0,282.79
13688,6565,54,1,92.65,0,92.65
13689,6566,61,1,12.8,0,12.8
13690,6566,153,1,99.2,0.1,89.28
13691,6567,17,1,75.74,0,75.74
13692,6567,54,1,92.65,0.1,83.39
13693,6568,38,2,79.64,0,159.28
13694,6568,56,1,48.94,0.1,44.05
13695,6569,61,2,12.8,0,25.6
13696,6569,54,1,92.65,0,92.65
13697,6570,70,2,67.88,0,135.76
13698,6571,72,1,196.03,0.1,176.43
13699,6571,112,2,329.53,0,659.06
13700,6571,22,1,399.88,0.15,339.9
13701,6571,61,1,12.8,0.1,11.52
13702,6572,136,2,116.14,0,232.28
13703,6572,114,1,240.92,0,240.92
13704,6572,145,1,84.99,0,84.99
13705,6573,40,2,53.97,0,107.94
13706,6573,31,2,121.18,0,242.36
13707,6573,52,1,190.14,0,190.14
13708,6574,42,2,80.28,0,160.56
13709,6574,36,1,143.82,0,143.82
13710,6575,33,2,49.0,0,98.0
13711,6575,129,1,36.16,0,36.16
13712,6575,54,1,92.65,0,92.65
13713,6576,30,1,168.06,0.15,142.85
13714,6577,91,1,50.62,0,50.62
13715,6577,70,2,67.88,0,135.76
13716,6578,78,1,77.23,0,77.23
13717,6579,126,2,319.24,0,638.48
13718,6580,93,1,19.37,0,19.37
13719,6581,54,1,92.65,0,92.65
13720,6582,147,1,23.93,0,23.93
13721,6582,12,1,291.22,0.1,262.1
13722,6583,71,2,16.86,0.1,30.35
13723,6583,152,1,66.12,0.1,59.51
13724,6583,44,1,83.07,0,83.07
13725,6584,97,1,23.97,0,23.97
13726,6584,39,2,43.96,0,87.92
13727,6585,106,1,187.33,0.15,159.23
13728,6585,9,1,98.65,0,98.65
13729,6586,46,1,64.69,0,64.69
13730,6587,31,1,121.18,0.1,109.06
13731,6588,92,1,74.46,0.2,59.57
13732,6588,54,1,92.65,0.2,74.12
13733,6589,54,1,92.65,0,92.65
13734,6589,56,1,48.94,0,48.94
13735,6590,88,1,39.57,0,39.57
13736,6590,64,1,113.76,0,113.76
13737,6591,56,1,48.94,0,48.94
13738,6591,34,1,164.11,0,164.11
13739,6591,160,1,40.26,0.15,34.22
13740,6591,97,2,23.97,0,47.94
13741,6592,126,1,319.24,0,319.24
13742,6592,154,1,83.05,0,83.05
13743,6592,90,1,52.82,0,52.82
13744,6593,131,1,62.23,0,62.23
13745,6593,91,1,50.62,0,50.62
13746,6594,121,1,374.5,0,374.5
13747,6594,160,1,40.26,0.1,36.23
13748,6595,64,1,113.76,0.1,102.38
13749,6595,110,1,59.23,0,59.23
13750,6596,88,1,39.57,0,39.57
13751,6596,147,1,23.93,0,23.93
13752,6597,152,2,66.12,0.15,112.4
13753,6598,147,1,23.93,0,23.93
13754,6598,121,1,374.5,0.1,337.05
13755,6599,112,1,329.53,0,329.53
13756,6599,97,1,23.97,0,23.97
13757,6599,111,2,282.79,0,565.58
13758,6599,152,2,66.12,0,132.24
13759,6600,93,1,19.37,0.15,16.46
13760,6600,124,1,13.96,0.15,11.87
13761,6601,78,1,77.23,0,77.23
13762,6601,78,1,77.23,0.15,65.65
13763,6601,34,1,164.11,0,164.11
13764,6602,54,1,92.65,0,92.65
13765,6602,38,2,79.64,0,159.28
13766,6603,33,1,49.0,0,49.0
13767,6604,97,1,23.97,0.15,20.37
13768,6604,119,1,213.48,0,213.48
13769,6605,88,1,39.57,0,39.57
13770,6605,56,1,48.94,0,48.94
13771,6605,119,1,213.48,0,213.48
13772,6606,17,1,75.74,0.2,60.59
13773,6606,105,1,348.07,0,348.07
13774,6606,17,1,75.74,0.15,64.38
13775,6606,68,2,204.27,0.1,367.69
13776,6607,61,1,12.8,0,12.8
13777,6608,7,1,33.9,0.1,30.51
13778,6609,93,1,19.37,0.2,15.5
13779,6610,54,1,92.65,0,92.65
13780,6611,7,1,33.9,0,33.9
13781,6612,81,2,52.03,0,104.06
13782,6612,85,1,74.75,0,74.75
13783,6613,33,1,49.0,0,49.0
13784,6613,89,3,41.71,0.15,106.36
13785,6613,145,1,84.99,0,84.99
13786,6614,1,1,134.64,0,134.64
13787,6615,70,1,67.88,0,67.88
13788,6615,83,1,23.95,0,23.95
13789,6615,46,1,64.69,0,64.69
13790,6616,124,3,13.96,0,41.88
13791,6617,79,1,40.31,0,40.31
13792,6617,33,1,49.0,0,49.0
13793,6617,34,1,164.11,0.15,139.49
13794,6617,89,1,41.71,0,41.71
13795,6618,121,1,374.5,0,374.5
13796,6618,54,1,92.65,0,92.65
13797,6618,147,1,23.93,0.1,21.54
13798,6619,102,1,116.44,0.15,98.97
13799,6619,24,2,346.45,0,692.9
13800,6620,99,1,79.98,0,79.98
13801,6620,39,1,43.96,0,43.96
13802,6620,91,3,50.62,0,151.86
13803,6620,152,1,66.12,0.15,56.2
13804,6620,52,1,190.14,0,190.14
13805,6621,15,2,152.22,0.1,274.0
13806,6621,123,1,92.73,0,92.73
13807,6621,58,1,151.67,0,151.67
13808,6622,64,1,113.76,0.1,102.38
13809,6622,94,1,59.56,0,59.56
13810,6623,34,1,164.11,0,164.11
13811,6624,84,1,13.12,0,13.12
13812,6624,46,2,64.69,0,129.38
13813,6625,75,1,185.8,0,185.8
13814,6625,54,2,92.65,0,185.3
13815,6626,94,3,59.56,0,178.68
13816,6626,27,1,21.73,0,21.73
13817,6627,141,2,71.69,0,143.38
13818,6628,76,1,65.54,0,65.54
13819,6628,61,1,12.8,0,12.8
13820,6629,136,1,116.14,0,116.14
13821,6630,61,2,12.8,0.15,21.76
13822,6631,54,1,92.65,0,92.65
13823,6631,96,1,51.37,0,51.37
13824,6631,44,3,83.07,0,249.21
13825,6631,129,1,36.16,0,36.16
13826,6632,54,1,92.65,0,92.65
13827,6632,119,3,213.48,0.2,512.35
13828,6633,6,1,180.27,0.15,153.23
13829,6634,101,2,68.79,0,137.58
13830,6635,113,1,274.17,0,274.17
13831,6635,145,1,84.99,0,84.99
13832,6636,13,1,132.43,0.2,105.94
13833,6637,110,1,59.23,0.15,50.35
13834,6637,110,2,59.23,0.2,94.77
13835,6638,139,1,70.5,0,70.5
13836,6638,39,1,43.96,0.1,39.56
13837,6639,153,2,99.2,0.15,168.64
13838,6639,29,1,122.84,0,122.84
13839,6639,118,3,357.71,0.15,912.16
13840,6640,85,2,74.75,0,149.5
13841,6640,9,1,98.65,0,98.65
13842,6641,160,1,40.26,0.1,36.23
13843,6641,54,1,92.65,0.1,83.39
13844,6641,98,2,11.23,0.1,20.21
13845,6641,152,1,66.12,0,66.12
13846,6641,10,1,116.26,0.15,98.82
13847,6642,61,2,12.8,0,25.6
13848,6642,47,1,173.41,0,173.41
13849,6642,10,1,116.26,0,116.26
13850,6642,154,1,83.05,0,83.05
13851,6642,2,1,198.54,0,198.54
13852,6643,5,1,135.87,0,135.87
13853,6643,136,2,116.14,0,232.28
13854,6643,39,1,43.96,0,43.96
13855,6643,54,1,92.65,0,92.65
13856,6643,108,1,97.45,0,97.45
13857,6644,152,1,66.12,0.1,59.51
13858,6644,1,2,134.64,0,269.28
13859,6645,61,1,12.8,0,12.8
13860,6646,33,1,49.0,0,49.0
13861,6647,6,1,180.27,0.1,162.24
13862,6648,150,1,44.1,0,44.1
13863,6648,45,1,61.85,0.2,49.48
13864,6648,85,3,74.75,0.15,190.61
13865,6649,61,1,12.8,0,12.8
13866,6650,128,1,398.69,0,398.69
13867,6650,97,3,23.97,0,71.91
13868,6651,26,1,66.46,0,66.46
13869,6652,145,1,84.99,0,84.99
13870,6652,47,1,173.41,0,173.41
13871,6652,139,1,70.5,0,70.5
13872,6652,58,1,151.67,0,151.67
13873,6652,101,1,68.79,0.1,61.91
13874,6653,97,1,23.97,0,23.97
13875,6653,64,1,113.76,0,113.76
13876,6653,143,2,69.82,0.15,118.69
13877,6653,2,1,198.54,0,198.54
13878,6654,113,1,274.17,0.15,233.04
13879,6654,54,1,92.65,0.2,74.12
13880,6654,40,1,53.97,0,53.97
13881,6655,91,1,50.62,0,50.62
13882,6655,146,1,20.85,0.1,18.77
13883,6655,105,1,348.07,0,348.07
13884,6656,111,1,282.79,0.1,254.51
13885,6656,114,2,240.92,0,481.84
13886,6657,99,1,79.98,0,79.98
13887,6658,130,1,68.02,0,68.02
13888,6659,54,1,92.65,0,92.65
13889,6659,54,2,92.65,0,185.3
13890,6660,150,1,44.1,0,44.1
13891,6661,2,1,198.54,0,198.54
13892,6662,61,2,12.8,0,25.6
13893,6663,123,1,92.73,0,92.73
13894,6663,47,1,173.41,0,173.41
13895,6663,68,1,204.27,0,204.27
13896,6664,120,2,179.87,0,359.74
13897,6664,142,1,31.27,0,31.27
13898,6665,117,1,173.82,0,173.82
13899,6666,34,2,164.11,0,328.22
13900,6667,131,1,62.23,0,62.23
13901,6668,70,1,67.88,0,67.88
13902,6668,71,1,16.86,0.1,15.17
13903,6668,121,1,374.5,0.1,337.05
13904,6668,30,1,168.06,0,168.06
13905,6669,39,1,43.96,0,43.96
13906,6669,7,2,33.9,0,67.8
13907,6670,61,1,12.8,0.15,10.88
13908,6670,119,1,213.48,0.1,192.13
13909,6670,54,2,92.65,0.1,166.77
13910,6671,42,1,80.28,0,80.28
13911,6672,72,2,196.03,0.15,333.25
13912,6672,80,2,41.32,0.15,70.24
13913,6672,2,1,198.54,0,198.54
13914,6672,54,1,92.65,0.2,74.12
13915,6673,79,1,40.31,0.2,32.25
13916,6673,15,2,152.22,0,304.44
13917,6674,147,1,23.93,0,23.93
13918,6675,34,2,164.11,0,328.22
13919,6676,9,2,98.65,0,197.3
13920,6676,136,2,116.14,0,232.28
13921,6677,91,2,50.62,0,101.24
13922,6678,40,2,53.97,0.1,97.15
13923,6678,54,2,92.65,0,185.3
13924,6679,106,1,187.33,0,187.33
13925,6679,18,1,268.84,0.15,228.51
13926,6679,132,1,101.25,0,101.25
13927,6679,119,1,213.48,0,213.48
13928,6679,26,1,66.46,0,66.46
13929,6680,21,1,274.21,0,274.21
13930,6680,32,1,49.75,0,49.75
13931,6680,115,1,276.86,0,276.86
13932,6681,136,1,116.14,0,116.14
13933,6681,54,1,92.65,0,92.65
13934,6681,113,1,274.17,0.15,233.04
13935,6682,53,1,86.91,0,86.91
13936,6683,142,1,31.27,0,31.27
13937,6683,17,1,75.74,0.1,68.17
13938,6683,28,1,93.65,0.15,79.6
13939,6683,152,1,66.12,0,66.12
13940,6684,34,1,164.11,0.1,147.7
13941,6685,152,1,66.12,0,66.12
13942,6686,1,1,134.64,0.2,107.71
13943,6686,21,1,274.21,0,274.21
13944,6687,13,2,132.43,0,264.86
13945,6687,88,1,39.57,0,39.57
13946,6687,127,2,268.94,0.1,484.09
13947,6688,136,1,116.14,0,116.14
13948,6689,114,1,240.92,0.15,204.78
13949,6690,38,1,79.64,0,79.64
13950,6690,54,1,92.65,0.1,83.39
13951,6691,129,1,36.16,0.15,30.74
13952,6692,26,1,66.46,0,66.46
13953,6692,93,1,19.37,0,19.37
13954,6693,47,1,173.41,0.1,156.07
13955,6693,108,2,97.45,0.15,165.66
13956,6694,61,1,12.8,0.15,10.88
13957,6695,141,1,71.69,0.2,57.35
13958,6696,129,1,36.16,0.1,32.54
13959,6697,77,1,42.23,0,42.23
13960,6698,40,1,53.97,0.1,48.57
13961,6698,26,2,66.46,0,132.92
13962,6699,123,1,92.73,0.2,74.18
13963,6699,87,1,40.81,0.15,34.69
13964,6700,18,2,268.84,0,537.68
13965,6700,30,2,168.06,0,336.12
13966,6700,71,1,16.86,0,16.86
13967,6700,78,1,77.23,0,77.23
13968,6701,44,1,83.07,0.1,74.76
13969,6702,106,1,187.33,0,187.33
13970,6703,126,1,319.24,0,319.24
13971,6703,50,1,55.81,0,55.81
13972,6704,54,1,92.65,0,92.65
13973,6704,61,1,12.8,0,12.8
13974,6705,157,1,65.63,0.15,55.79
13975,6706,97,1,23.97,0,23.97
13976,6706,142,2,31.27,0,62.54
13977,6707,135,1,105.74,0,105.74
13978,6708,121,2,374.5,0.1,674.1
13979,6709,39,1,43.96,0,43.96
13980,6709,76,2,65.54,0.2,104.86
13981,6710,101,2,68.79,0,137.58
13982,6710,129,1,36.16,0.2,28.93
13983,6710,82,1,54.72,0.15,46.51
13984,6711,54,1,92.65,0,92.65
13985,6711,147,1,23.93,0,23.93
13986,6712,11,1,176.03,0.15,149.63
13987,6712,155,1,82.21,0,82.21
13988,6713,88,1,39.57,0,39.57
13989,6713,55,1,295.32,0,295.32
13990,6714,157,1,65.63,0,65.63
13991,6714,60,2,294.14,0.1,529.45
13992,6715,3,1,101.49,0,101.49
13993,6715,61,1,12.8,0.15,10.88
13994,6716,126,2,319.24,0,638.48
13995,6717,55,1,295.32,0,295.32
13996,6718,54,1,92.65,0,92.65
13997,6718,111,1,282.79,0,282.79
13998,6718,130,1,68.02,0,68.02
13999,6718,74,1,41.44,0,41.44
14000,6718,92,1,74.46,0,74.46
14001,6719,73,1,43.45,0,43.45
14002,6719,71,3,16.86,0,50.58
14003,6720,135,2,105.74,0.1,190.33
14004,6720,6,1,180.27,0,180.27
14005,6721,46,1,64.69,0,64.69
14006,6721,129,1,36.16,0,36.16
14007,6721,103,1,74.37,0,74.37
14008,6722,26,1,66.46,0,66.46
14009,6722,90,1,52.82,0.15,44.9
14010,6723,134,1,40.72,0,40.72
14011,6724,127,1,268.94,0.2,215.15
14012,6725,84,1,13.12,0.1,11.81
14013,6725,70,3,67.88,0.15,173.09
14014,6726,76,1,65.54,0,65.54
14015,6727,109,3,22.1,0.1,59.67
14016,6728,54,1,92.65,0,92.65
14017,6728,125,1,226.52,0.1,203.87
14018,6728,17,1,75.74,0.15,64.38
14019,6729,114,1,240.92,0.1,216.83
14020,6729,100,2,69.29,0,138.58
14021,6729,53,1,86.91,0,86.91
14022,6729,61,1,12.8,0,12.8
14023,6729,51,1,33.99,0,33.99
14024,6730,114,1,240.92,0,240.92
14025,6730,86,1,8.05,0,8.05
14026,6730,16,2,232.17,0,464.34
14027,6730,22,1,399.88,0.1,359.89
14028,6731,19,2,229.68,0.15,390.46
14029,6731,54,2,92.65,0,185.3
14030,6731,111,2,282.79,0,565.58
14031,6731,21,1,274.21,0,274.21
14032,6731,11,1,176.03,0,176.03
14033,6732,54,1,92.65,0,92.65
14034,6733,39,2,43.96,0,87.92
14035,6734,61,1,12.8,0,12.8
14036,6735,50,2,55.81,0,111.62
14037,6735,29,1,122.84,0.2,98.27
14038,6736,19,2,229.68,0.1,413.42
14039,6736,39,1,43.96,0.1,39.56
14040,6737,61,1,12.8,0.15,10.88
14041,6738,28,1,93.65,0.1,84.29
14042,6738,157,1,65.63,0,65.63
14043,6739,35,1,124.39,0,124.39
14044,6739,54,1,92.65,0.15,78.75
14045,6739,54,1,92.65,0,92.65
14046,6739,72,1,196.03,0.2,156.82
14047,6739,119,1,213.48,0,213.48
14048,6740,39,1,43.96,0,43.96
14049,6741,61,1,12.8,0.15,10.88
14050,6741,1,1,134.64,0.1,121.18
14051,6741,78,1,77.23,0,77.23
14052,6741,158,1,14.07,0.2,11.26
14053,6741,89,1,41.71,0,41.71
14054,6742,110,1,59.23,0,59.23
14055,6742,97,1,23.97,0,23.97
14056,6742,54,1,92.65,0.15,78.75
14057,6743,39,2,43.96,0,87.92
14058,6743,19,1,229.68,0,229.68
14059,6743,54,1,92.65,0,92.65
14060,6743,54,1,92.65,0,92.65
14061,6743,54,1,92.65,0.1,83.39
14062,6744,158,1,14.07,0,14.07
14063,6744,78,2,77.23,0.1,139.01
14064,6745,129,1,36.16,0,36.16
14065,6746,41,1,179.88,0,179.88
14066,6747,154,2,83.05,0.15,141.19
14067,6747,141,1,71.69,0.15,60.94
14068,6748,114,2,240.92,0,481.84
14069,6749,9,1,98.65,0,98.65
14070,6749,97,1,23.97,0.1,21.57
14071,6749,136,1,116.14,0,116.14
14072,6749,140,1,66.53,0,66.53
14073,6749,79,2,40.31,0,80.62
14074,6750,110,2,59.23,0,118.46
14075,6751,157,1,65.63,0,65.63
14076,6751,44,1,83.07,0,83.07
14077,6751,54,2,92.65,0,185.3
14078,6752,41,1,179.88,0,179.88
14079,6752,157,2,65.63,0,131.26
14080,6752,110,1,59.23,0.1,53.31
14081,6753,121,2,374.5,0,749.0
14082,6753,27,1,21.73,0,21.73
14083,6754,61,1,12.8,0,12.8
14084,6755,119,1,213.48,0,213.48
14085,6755,105,1,348.07,0,348.07
14086,6755,43,1,75.67,0,75.67
14087,6755,57,1,91.71,0,91.71
14088,6756,90,2,52.82,0,105.64
14089,6756,39,2,43.96,0,87.92
14090,6757,146,1,20.85,0,20.85
14091,6757,148,1,60.49,0.15,51.42
14092,6758,17,1,75.74,0,75.74
14093,6759,39,3,43.96,0.2,105.5
14094,6759,78,1,77.23,0.1,69.51
14095,6760,51,2,33.99,0.15,57.78
14096,6760,68,1,204.27,0.15,173.63
14097,6761,136,3,116.14,0,348.42
14098,6761,49,1,111.88,0,111.88
14099,6762,96,1,51.37,0.15,43.66
14100,6762,129,1,36.16,0,36.16
14101,6762,41,1,179.88,0,179.88
14102,6763,34,1,164.11,0,164.11
14103,6763,64,1,113.76,0.1,102.38
14104,6763,54,2,92.65,0,185.3
14105,6764,107,1,335.62,0,335.62
14106,6765,88,1,39.57,0.1,35.61
14107,6765,152,1,66.12,0,66.12
14108,6766,38,1,79.64,0,79.64
14109,6766,26,1,66.46,0,66.46
14110,6766,97,1,23.97,0,23.97
14111,6767,160,1,40.26,0,40.26
14112,6767,108,1,97.45,0,97.45
14113,6767,42,1,80.28,0,80.28
14114,6767,40,2,53.97,0,107.94
14115,6767,142,1,31.27,0,31.27
14116,6768,121,3,374.5,0,1123.5
14117,6768,32,2,49.75,0,99.5
14118,6768,136,3,116.14,0,348.42
14119,6768,155,1,82.21,0,82.21
14120,6769,105,1,348.07,0,348.07
14121,6770,87,1,40.81,0,40.81
14122,6770,139,1,70.5,0,70.5
14123,6771,18,1,268.84,0,268.84
14124,6771,54,3,92.65,0,277.95
14125,6772,11,1,176.03,0,176.03
14126,6772,90,3,52.82,0,158.46
14127,6773,42,1,80.28,0,80.28
14128,6774,95,1,42.95,0,42.95
14129,6774,41,1,179.88,0,179.88
14130,6775,154,1,83.05,0.15,70.59
14131,6775,97,1,23.97,0,23.97
14132,6775,88,1,39.57,0.1,35.61
14133,6776,54,2,92.65,0.1,166.77
14134,6776,152,3,66.12,0,198.36
14135,6776,39,3,43.96,0,131.88
14136,6776,119,1,213.48,0,213.48
14137,6776,141,1,71.69,0.1,64.52
14138,6777,54,1,92.65,0,92.65
14139,6777,137,1,15.32,0,15.32
14140,6778,63,1,115.75,0.15,98.39
14141,6779,127,1,268.94,0,268.94
14142,6780,82,1,54.72,0,54.72
14143,6780,60,1,294.14,0.15,250.02
14144,6780,67,2,62.01,0,124.02
14145,6781,39,1,43.96,0,43.96
14146,6781,91,2,50.62,0,101.24
14147,6781,19,1,229.68,0,229.68
14148,6782,121,1,374.5,0,374.5
14149,6782,101,3,68.79,0,206.37
14150,6782,152,2,66.12,0,132.24
14151,6783,152,2,66.12,0,132.24
14152,6783,33,2,49.0,0,98.0
14153,6784,152,1,66.12,0,66.12
14154,6784,149,1,68.48,0,68.48
14155,6784,115,2,276.86,0,553.72
14156,6784,96,1,51.37,0.15,43.66
14157,6785,22,1,399.88,0,399.88
14158,6785,33,2,49.0,0,98.0
14159,6786,101,2,68.79,0,137.58
14160,6787,136,1,116.14,0,116.14
14161,6787,8,1,255.14,0.15,216.87
14162,6788,94,2,59.56,0.15,101.25
14163,6788,31,3,121.18,0,363.54
14164,6788,91,1,50.62,0,50.62
14165,6789,142,2,31.27,0,62.54
14166,6790,103,1,74.37,0,74.37
14167,6791,119,1,213.48,0,213.48
14168,6791,53,1,86.91,0,86.91
14169,6792,135,1,105.74,0.1,95.17
14170,6793,119,2,213.48,0,426.96
14171,6794,54,2,92.65,0,185.3
14172,6795,72,1,196.03,0,196.03
14173,6795,101,1,68.79,0,68.79
14174,6795,39,3,43.96,0,131.88
14175,6795,16,1,232.17,0,232.17
14176,6795,40,1,53.97,0,53.97
14177,6796,54,1,92.65,0,92.65
14178,6797,10,2,116.26,0,232.52
14179,6797,50,1,55.81,0.15,47.44
14180,6798,54,3,92.65,0.1,250.16
14181,6799,86,1,8.05,0,8.05
14182,6800,129,1,36.16,0,36.16
14183,6801,18,2,268.84,0,537.68
14184,6801,135,1,105.74,0,105.74
14185,6802,102,1,116.44,0,116.44
14186,6802,160,1,40.26,0,40.26
14187,6803,156,1,17.86,0,17.86
14188,6804,63,1,115.75,0.1,104.17
14189,6805,82,1,54.72,0,54.72
14190,6806,63,1,115.75,0.15,98.39
14191,6806,111,1,282.79,0.2,226.23
14192,6806,111,1,282.79,0,282.79
14193,6806,61,1,12.8,0,12.8
14194,6807,77,1,42.23,0,42.23
14195,6808,101,1,68.79,0.1,61.91
14196,6808,1,1,134.64,0,134.64
14197,6809,71,1,16.86,0.1,15.17
14198,6809,140,1,66.53,0,66.53
14199,6809,70,1,67.88,0,67.88
14200,6809,111,1,282.79,0,282.79
14201,6810,137,1,15.32,0.15,13.02
14202,6811,116,1,217.77,0.15,185.1
14203,6811,85,1,74.75,0,74.75
14204,6811,45,2,61.85,0,123.7
14205,6811,110,1,59.23,0,59.23
14206,6812,39,1,43.96,0.1,39.56
14207,6813,56,1,48.94,0,48.94
14208,6814,84,1,13.12,0.2,10.5
14209,6815,117,1,173.82,0,173.82
14210,6815,135,1,105.74,0.15,89.88
14211,6815,60,1,294.14,0.1,264.73
14212,6815,126,1,319.24,0,319.24
14213,6816,36,1,143.82,0,143.82
14214,6817,54,1,92.65,0.1,83.39
14215,6818,43,1,75.67,0,75.67
14216,6818,74,1,41.44,0,41.44
14217,6819,142,2,31.27,0.15,53.16
14218,6820,127,1,268.94,0,268.94
14219,6821,47,1,173.41,0,173.41
14220,6822,95,1,42.95,0,42.95
14221,6823,160,1,40.26,0,40.26
14222,6823,136,1,116.14,0,116.14
14223,6823,83,1,23.95,0.2,19.16
14224,6824,102,1,116.44,0.1,104.8
14225,6824,61,1,12.8,0,12.8
14226,6824,160,1,40.26,0,40.26
14227,6824,92,1,74.46,0,74.46
14228,6824,54,2,92.65,0.1,166.77
14229,6825,40,2,53.97,0,107.94
14230,6825,108,1,97.45,0,97.45
14231,6826,56,1,48.94,0,48.94
14232,6827,106,2,187.33,0,374.66
14233,6827,39,2,43.96,0,87.92
14234,6827,114,1,240.92,0,240.92
14235,6827,34,1,164.11,0,164.11
14236,6828,60,2,294.14,0,588.28
14237,6828,160,1,40.26,0,40.26
14238,6829,54,1,92.65,0.1,83.39
14239,6829,38,1,79.64,0,79.64
14240,6830,119,1,213.48,0,213.48
14241,6831,3,1,101.49,0,101.49
14242,6832,106,1,187.33,0.2,149.86
14243,6832,114,1,240.92,0,240.92
14244,6833,91,1,50.62,0,50.62
14245,6833,71,1,16.86,0,16.86
14246,6833,131,3,62.23,0,186.69
14247,6833,158,1,14.07,0.1,12.66
14248,6834,65,1,172.37,0.1,155.13
14249,6835,87,2,40.81,0,81.62
14250,6835,40,2,53.97,0,107.94
14251,6836,125,1,226.52,0.15,192.54
14252,6837,66,1,279.67,0,279.67
14253,6837,53,1,86.91,0,86.91
14254,6837,107,3,335.62,0,1006.86
14255,6838,39,2,43.96,0.15,74.73
14256,6839,28,1,93.65,0,93.65
14257,6839,131,1,62.23,0,62.23
14258,6839,120,1,179.87,0.1,161.88
14259,6840,61,2,12.8,0.1,23.04
14260,6841,6,1,180.27,0.2,144.22
14261,6841,150,1,44.1,0.2,35.28
14262,6842,84,2,13.12,0,26.24
14263,6843,39,1,43.96,0.15,37.37
14264,6843,87,1,40.81,0.1,36.73
14265,6844,54,2,92.65,0,185.3
14266,6844,54,1,92.65,0,92.65
14267,6844,45,1,61.85,0,61.85
14268,6845,75,1,185.8,0.1,167.22
14269,6845,33,1,49.0,0,49.0
14270,6845,42,1,80.28,0,80.28
14271,6845,100,1,69.29,0,69.29
14272,6846,102,2,116.44,0,232.88
14273,6847,39,1,43.96,0,43.96
14274,6847,34,1,164.11,0,164.11
14275,6848,87,1,40.81,0,40.81
14276,6849,135,1,105.74,0.15,89.88
14277,6849,136,1,116.14,0,116.14
14278,6850,61,3,12.8,0,38.4
14279,6850,17,2,75.74,0.15,128.76
14280,6851,98,1,11.23,0.15,9.55
14281,6851,132,2,101.25,0.15,172.12
14282,6852,119,1,213.48,0,213.48
14283,6853,54,1,92.65,0,92.65
14284,6853,119,1,213.48,0,213.48
14285,6853,61,1,12.8,0.2,10.24
14286,6854,21,2,274.21,0,548.42
14287,6854,79,2,40.31,0,80.62
14288,6854,54,1,92.65,0.1,83.39
14289,6855,30,1,168.06,0.15,142.85
14290,6855,47,2,173.41,0,346.82
14291,6856,145,1,84.99,0.15,72.24
14292,6857,132,1,101.25,0.1,91.12
14293,6858,52,2,190.14,0.2,304.22
14294,6858,115,2,276.86,0,553.72
14295,6858,74,1,41.44,0,41.44
14296,6859,61,1,12.8,0.1,11.52
14297,6860,110,1,59.23,0.1,53.31
14298,6860,147,3,23.93,0.1,64.61
14299,6861,29,2,122.84,0.1,221.11
14300,6861,64,2,113.76,0,227.52
14301,6861,138,2,24.71,0,49.42
14302,6862,54,2,92.65,0,185.3
14303,6862,55,1,295.32,0,295.32
14304,6862,87,1,40.81,0.15,34.69
14305,6863,45,2,61.85,0,123.7
14306,6864,159,1,57.51,0,57.51
14307,6864,124,1,13.96,0,13.96
14308,6864,5,1,135.87,0,135.87
14309,6864,22,1,399.88,0.1,359.89
14310,6864,96,1,51.37,0.15,43.66
14311,6865,40,1,53.97,0,53.97
14312,6865,44,1,83.07,0,83.07
14313,6865,92,2,74.46,0.1,134.03
14314,6866,54,1,92.65,0,92.65
14315,6866,26,1,66.46,0.1,59.81
14316,6866,150,1,44.1,0.2,35.28
14317,6867,70,1,67.88,0,67.88
14318,6868,119,2,213.48,0.1,384.26
14319,6869,2,1,198.54,0,198.54
14320,6869,108,1,97.45,0.1,87.7
14321,6869,61,1,12.8,0,12.8
14322,6869,97,1,23.97,0.15,20.37
14323,6870,5,1,135.87,0,135.87
14324,6871,18,1,268.84,0,268.84
14325,6871,26,1,66.46,0,66.46
14326,6871,152,1,66.12,0.1,59.51
14327,6872,152,1,66.12,0.15,56.2
14328,6872,56,1,48.94,0.1,44.05
14329,6873,118,1,357.71,0,357.71
14330,6873,5,2,135.87,0,271.74
14331,6873,11,2,176.03,0,352.06
14332,6874,119,2,213.48,0,426.96
14333,6875,126,1,319.24,0.1,287.32
14334,6875,140,1,66.53,0,66.53
14335,6876,54,1,92.65,0,92.65
14336,6877,152,3,66.12,0,198.36
14337,6877,56,1,48.94,0.1,44.05
14338,6877,94,2,59.56,0,119.12
14339,6878,54,1,92.65,0,92.65
14340,6878,38,1,79.64,0,79.64
14341,6878,127,2,268.94,0.1,484.09
14342,6879,54,1,92.65,0,92.65
14343,6880,139,1,70.5,0.1,63.45
14344,6880,63,1,115.75,0,115.75
14345,6880,72,1,196.03,0.15,166.63
14346,6881,54,3,92.65,0,277.95
14347,6881,32,1,49.75,0,49.75
14348,6882,140,1,66.53,0,66.53
14349,6883,28,1,93.65,0,93.65
14350,6884,158,1,14.07,0,14.07
14351,6884,123,1,92.73,0.1,83.46
14352,6885,54,2,92.65,0,185.3
14353,6886,141,1,71.69,0,71.69
14354,6886,100,2,69.29,0.1,124.72
14355,6887,159,2,57.51,0,115.02
14356,6887,97,1,23.97,0.1,21.57
14357,6887,78,1,77.23,0,77.23
14358,6887,56,2,48.94,0,97.88
14359,6888,108,1,97.45,0,97.45
14360,6889,18,1,268.84,0,268.84
14361,6889,61,1,12.8,0,12.8
14362,6889,144,1,11.66,0,11.66
14363,6889,19,1,229.68,0.1,206.71
14364,6889,90,1,52.82,0.15,44.9
14365,6890,156,1,17.86,0,17.86
14366,6890,93,1,19.37,0,19.37
14367,6890,132,2,101.25,0.1,182.25
14368,6891,96,1,51.37,0,51.37
14369,6891,6,3,180.27,0,540.81
14370,6892,34,2,164.11,0,328.22
14371,6892,121,1,374.5,0,374.5
14372,6893,145,1,84.99,0.1,76.49
14373,6893,54,1,92.65,0,92.65
14374,6894,7,2,33.9,0.1,61.02
14375,6894,30,1,168.06,0,168.06
14376,6895,108,2,97.45,0,194.9
14377,6895,19,2,229.68,0,459.36
14378,6895,128,3,398.69,0.1,1076.46
14379,6895,119,1,213.48,0,213.48
14380,6895,121,2,374.5,0,749.0
14381,6896,42,1,80.28,0.2,64.22
14382,6896,31,1,121.18,0.1,109.06
14383,6897,61,2,12.8,0,25.6
14384,6897,84,2,13.12,0,26.24
14385,6897,68,1,204.27,0,204.27
14386,6898,136,1,116.14,0,116.14
14387,6898,156,1,17.86,0,17.86
14388,6898,145,1,84.99,0,84.99
14389,6898,33,1,49.0,0,49.0
14390,6899,152,1,66.12,0,66.12
14391,6900,92,1,74.46,0,74.46
14392,6900,140,1,66.53,0,66.53
14393,6901,141,1,71.69,0.15,60.94
14394,6902,31,1,121.18,0,121.18
14395,6903,61,1,12.8,0,12.8
14396,6903,18,1,268.84,0,268.84
14397,6904,40,1,53.97,0,53.97
14398,6905,88,1,39.57,0.1,35.61
14399,6905,27,1,21.73,0.1,19.56
14400,6906,94,1,59.56,0,59.56
14401,6907,97,1,23.97,0,23.97
14402,6907,96,1,51.37,0.2,41.1
14403,6907,71,1,16.86,0,16.86
14404,6908,137,1,15.32,0.1,13.79
14405,6908,62,1,117.07,0,117.07
14406,6909,8,1,255.14,0,255.14
14407,6909,91,2,50.62,0,101.24
14408,6909,39,1,43.96,0.1,39.56
14409,6909,99,1,79.98,0,79.98
14410,6910,124,1,13.96,0,13.96
14411,6910,61,1,12.8,0,12.8
14412,6910,19,1,229.68,0,229.68
14413,6911,125,1,226.52,0,226.52
14414,6911,40,1,53.97,0,53.97
14415,6912,119,1,213.48,0,213.48
14416,6912,34,2,164.11,0,328.22
14417,6913,100,1,69.29,0.1,62.36
14418,6913,25,1,292.94,0.15,249.0
14419,6914,89,1,41.71,0,41.71
14420,6915,152,1,66.12,0,66.12
14421,6916,152,1,66.12,0,66.12
14422,6916,72,1,196.03,0.1,176.43
14423,6917,134,1,40.72,0,40.72
14424,6918,61,2,12.8,0,25.6
14425,6918,72,1,196.03,0,196.03
14426,6918,54,2,92.65,0,185.3
14427,6918,159,2,57.51,0,115.02
14428,6919,38,2,79.64,0.2,127.42
14429,6919,114,1,240.92,0,240.92
14430,6919,11,1,176.03,0.15,149.63
14431,6920,106,1,187.33,0.1,168.6
14432,6921,135,1,105.74,0.2,84.59
14433,6921,116,1,217.77,0.2,174.22
14434,6922,112,1,329.53,0.1,296.58
14435,6922,159,3,57.51,0,172.53
14436,6923,46,1,64.69,0,64.69
14437,6924,109,1,22.1,0.15,18.79
14438,6924,124,2,13.96,0.1,25.13
14439,6924,101,2,68.79,0,137.58
14440,6925,19,1,229.68,0.15,195.23
14441,6925,34,1,164.11,0,164.11
14442,6926,97,1,23.97,0.2,19.18
14443,6927,54,1,92.65,0,92.65
14444,6928,159,1,57.51,0,57.51
14445,6928,120,1,179.87,0.1,161.88
14446,6928,101,1,68.79,0,68.79
14447,6928,19,1,229.68,0,229.68
14448,6929,97,1,23.97,0,23.97
14449,6929,112,1,329.53,0,329.53
14450,6929,91,2,50.62,0,101.24
14451,6930,32,1,49.75,0.2,39.8
14452,6930,84,3,13.12,0.2,31.49
14453,6931,94,2,59.56,0,119.12
14454,6932,91,1,50.62,0,50.62
14455,6932,5,1,135.87,0,135.87
14456,6932,155,1,82.21,0,82.21
14457,6932,119,1,213.48,0,213.48
14458,6933,39,2,43.96,0.15,74.73
14459,6934,72,1,196.03,0,196.03
14460,6935,58,1,151.67,0,151.67
14461,6936,25,1,292.94,0,292.94
14462,6937,143,1,69.82,0.15,59.35
14463,6938,60,1,294.14,0,294.14
14464,6938,101,1,68.79,0,68.79
14465,6939,77,1,42.23,0,42.23
14466,6940,54,1,92.65,0,92.65
14467,6940,33,1,49.0,0,49.0
14468,6941,20,1,84.59,0,84.59
14469,6941,16,1,232.17,0,232.17
14470,6941,44,1,83.07,0,83.07
14471,6942,97,3,23.97,0.15,61.12
14472,6942,97,1,23.97,0.2,19.18
14473,6943,64,1,113.76,0,113.76
14474,6943,57,1,91.71,0,91.71
14475,6943,39,2,43.96,0,87.92
14476,6943,68,2,204.27,0,408.54
14477,6944,106,1,187.33,0.1,168.6
14478,6945,54,1,92.65,0.1,83.39
14479,6946,118,1,357.71,0,357.71
14480,6946,141,1,71.69,0,71.69
14481,6947,54,1,92.65,0.2,74.12
14482,6947,54,1,92.65,0.1,83.39
14483,6947,119,2,213.48,0,426.96
14484,6948,148,1,60.49,0,60.49
14485,6949,37,1,83.16,0,83.16
14486,6949,139,2,70.5,0,141.0
14487,6950,46,1,64.69,0.1,58.22
14488,6950,136,2,116.14,0,232.28
14489,6950,152,2,66.12,0,132.24
14490,6950,29,1,122.84,0,122.84
14491,6951,91,2,50.62,0,101.24
14492,6952,39,1,43.96,0,43.96
14493,6952,5,1,135.87,0.1,122.28
14494,6952,3,1,101.49,0.15,86.27
14495,6953,160,1,40.26,0,40.26
14496,6954,113,1,274.17,0,274.17
14497,6955,54,1,92.65,0,92.65
14498,6956,119,2,213.48,0,426.96
14499,6956,31,2,121.18,0,242.36
14500,6956,121,1,374.5,0,374.5
14501,6956,112,1,329.53,0,329.53
14502,6957,1,1,134.64,0,134.64
14503,6957,106,2,187.33,0.2,299.73
14504,6957,119,2,213.48,0.2,341.57
14505,6958,54,1,92.65,0,92.65
14506,6959,68,1,204.27,0,204.27
14507,6959,143,2,69.82,0,139.64
14508,6959,152,1,66.12,0,66.12
14509,6960,159,1,57.51,0.1,51.76
14510,6961,45,1,61.85,0,61.85
14511,6961,153,1,99.2,0,99.2
14512,6962,54,1,92.65,0,92.65
14513,6963,116,1,217.77,0,217.77
14514,6964,160,2,40.26,0,80.52
14515,6964,97,1,23.97,0,23.97
14516,6964,158,1,14.07,0,14.07
14517,6965,54,1,92.65,0.1,83.39
14518,6966,152,1,66.12,0,66.12
14519,6966,19,1,229.68,0,229.68
14520,6967,147,2,23.93,0.1,43.07
14521,6968,106,1,187.33,0,187.33
14522,6968,53,1,86.91,0,86.91
14523,6968,160,1,40.26,0.1,36.23
14524,6968,72,1,196.03,0,196.03
14525,6969,51,1,33.99,0,33.99
14526,6969,140,1,66.53,0.1,59.88
14527,6969,116,1,217.77,0,217.77
14528,6969,52,3,190.14,0,570.42
14529,6970,132,1,101.25,0,101.25
14530,6970,156,1,17.86,0,17.86
14531,6971,119,1,213.48,0.2,170.78
14532,6971,152,1,66.12,0.1,59.51
14533,6971,141,1,71.69,0,71.69
14534,6972,7,1,33.9,0,33.9
14535,6972,25,2,292.94,0.1,527.29
14536,6973,34,1,164.11,0,164.11
14537,6973,111,3,282.79,0,848.37
14538,6974,129,1,36.16,0,36.16
14539,6974,25,1,292.94,0.15,249.0
14540,6975,111,1,282.79,0.2,226.23
14541,6975,123,1,92.73,0,92.73
14542,6975,156,1,17.86,0,17.86
14543,6975,5,1,135.87,0,135.87
14544,6976,154,1,83.05,0,83.05
14545,6977,35,1,124.39,0.15,105.73
14546,6978,135,1,105.74,0,105.74
14547,6979,123,1,92.73,0,92.73
14548,6979,92,2,74.46,0.1,134.03
14549,6980,54,1,92.65,0.1,83.39
14550,6981,136,1,116.14,0,116.14
14551,6981,48,1,156.79,0.15,133.27
14552,6982,121,2,374.5,0,749.0
14553,6982,61,1,12.8,0,12.8
14554,6982,113,3,274.17,0.2,658.01
14555,6982,152,1,66.12,0,66.12
14556,6983,37,3,83.16,0,249.48
14557,6983,2,1,198.54,0,198.54
14558,6983,43,2,75.67,0,151.34
14559,6984,118,1,357.71,0,357.71
14560,6985,83,1,23.95,0,23.95
14561,6986,54,1,92.65,0,92.65
14562,6986,87,1,40.81,0,40.81
14563,6986,105,3,348.07,0,1044.21
14564,6986,78,1,77.23,0,77.23
14565,6986,108,1,97.45,0,97.45
14566,6987,135,2,105.74,0,211.48
14567,6987,109,1,22.1,0,22.1
14568,6988,91,2,50.62,0,101.24
14569,6988,54,1,92.65,0,92.65
14570,6988,98,2,11.23,0.2,17.97
14571,6988,119,2,213.48,0,426.96
14572,6988,90,2,52.82,0,105.64
14573,6989,63,1,115.75,0.1,104.17
14574,6989,18,1,268.84,0,268.84
14575,6990,76,1,65.54,0,65.54
14576,6990,18,1,268.84,0.1,241.96
14577,6990,119,1,213.48,0.1,192.13
14578,6991,54,1,92.65,0.1,83.39
14579,6991,77,1,42.23,0.1,38.01
14580,6991,39,1,43.96,0.15,37.37
14581,6991,66,2,279.67,0,559.34
14582,6992,2,1,198.54,0,198.54
14583,6993,64,1,113.76,0,113.76
14584,6993,126,1,319.24,0,319.24
14585,6993,68,2,204.27,0.15,347.26
14586,6994,145,1,84.99,0,84.99
14587,6995,3,3,101.49,0,304.47
14588,6995,38,2,79.64,0.15,135.39
14589,6996,121,1,374.5,0,374.5
14590,6997,52,2,190.14,0,380.28
14591,6998,25,1,292.94,0,292.94
14592,6998,119,1,213.48,0,213.48
14593,6998,56,2,48.94,0,97.88
14594,6998,39,1,43.96,0,43.96
14595,6999,116,1,217.77,0,217.77
14596,7000,91,2,50.62,0,101.24
14597,7001,33,1,49.0,0.1,44.1
14598,7002,54,1,92.65,0.1,83.39
14599,7002,108,1,97.45,0.1,87.7
14600,7002,43,1,75.67,0,75.67
14601,7003,108,1,97.45,0,97.45
14602,7003,130,2,68.02,0,136.04
14603,7003,54,2,92.65,0.2,148.24
14604,7004,64,1,113.76,0.1,102.38
14605,7005,97,1,23.97,0.15,20.37
14606,7006,53,2,86.91,0,173.82
14607,7006,47,1,173.41,0,173.41
14608,7007,158,1,14.07,0.15,11.96
14609,7008,97,1,23.97,0,23.97
14610,7008,62,1,117.07,0.1,105.36
14611,7009,142,2,31.27,0,62.54
14612,7009,119,2,213.48,0,426.96
14613,7009,61,1,12.8,0,12.8
14614,7010,43,1,75.67,0.1,68.1
14615,7010,97,1,23.97,0,23.97
14616,7011,140,1,66.53,0.2,53.22
14617,7012,101,1,68.79,0,68.79
14618,7012,108,1,97.45,0,97.45
14619,7013,93,2,19.37,0,38.74
14620,7013,94,1,59.56,0.1,53.6
14621,7013,11,2,176.03,0,352.06
14622,7014,159,2,57.51,0,115.02
14623,7014,101,1,68.79,0,68.79
14624,7014,29,1,122.84,0,122.84
14625,7014,36,1,143.82,0,143.82
14626,7015,10,1,116.26,0.1,104.63
14627,7016,9,2,98.65,0,197.3
14628,7016,121,1,374.5,0.1,337.05
14629,7016,74,1,41.44,0,41.44
14630,7017,54,1,92.65,0.15,78.75
14631,7018,56,1,48.94,0,48.94
14632,7018,97,3,23.97,0,71.91
14633,7018,1,1,134.64,0.15,114.44
14634,7018,109,1,22.1,0,22.1
14635,7019,109,1,22.1,0.1,19.89
14636,7019,81,1,52.03,0,52.03
14637,7020,61,1,12.8,0,12.8
14638,7020,43,1,75.67,0,75.67
14639,7021,91,3,50.62,0,151.86
14640,7022,152,1,66.12,0,66.12
14641,7022,95,1,42.95,0,42.95
14642,7022,2,1,198.54,0,198.54
14643,7023,94,1,59.56,0,59.56
14644,7024,60,1,294.14,0.1,264.73
14645,7025,80,1,41.32,0.2,33.06
14646,7026,153,3,99.2,0,297.6
14647,7026,111,1,282.79,0,282.79
14648,7027,64,2,113.76,0,227.52
14649,7027,152,1,66.12,0,66.12
14650,7028,55,1,295.32,0,295.32
14651,7028,129,1,36.16,0.15,30.74
14652,7029,34,1,164.11,0,164.11
14653,7030,54,2,92.65,0,185.3
14654,7030,143,1,69.82,0,69.82
14655,7030,46,1,64.69,0,64.69
14656,7030,7,1,33.9,0,33.9
14657,7031,54,1,92.65,0,92.65
14658,7031,130,1,68.02,0.1,61.22
14659,7031,54,2,92.65,0.2,148.24
14660,7032,78,1,77.23,0,77.23
14661,7033,50,1,55.81,0.1,50.23
14662,7034,124,1,13.96,0,13.96
14663,7034,131,1,62.23,0,62.23
14664,7035,32,1,49.75,0,49.75
14665,7036,155,1,82.21,0.2,65.77
14666,7036,152,2,66.12,0,132.24
14667,7036,101,1,68.79,0.15,58.47
14668,7036,73,1,43.45,0,43.45
14669,7037,95,2,42.95,0,85.9
14670,7037,54,1,92.65,0.15,78.75
14671,7038,33,2,49.0,0,98.0
14672,7039,152,1,66.12,0,66.12
14673,7039,17,1,75.74,0.1,68.17
14674,7040,63,1,115.75,0,115.75
14675,7041,117,1,173.82,0,173.82
14676,7042,159,1,57.51,0.2,46.01
14677,7042,62,1,117.07,0.15,99.51
14678,7042,100,1,69.29,0.15,58.9
14679,7042,61,1,12.8,0.1,11.52
14680,7042,114,1,240.92,0.15,204.78
14681,7043,146,1,20.85,0,20.85
14682,7044,119,1,213.48,0,213.48
14683,7044,119,1,213.48,0,213.48
14684,7044,87,1,40.81,0.15,34.69
14685,7044,111,1,282.79,0.1,254.51
14686,7044,121,1,374.5,0,374.5
14687,7045,34,1,164.11,0.1,147.7
14688,7045,44,1,83.07,0.15,70.61
14689,7045,46,1,64.69,0.1,58.22
14690,7045,107,1,335.62,0.15,285.28
14691,7046,8,1,255.14,0.2,204.11
14692,7046,152,1,66.12,0,66.12
14693,7046,54,2,92.65,0,185.3
14694,7047,17,1,75.74,0,75.74
14695,7048,18,1,268.84,0.1,241.96
14696,7048,38,1,79.64,0,79.64
14697,7049,49,1,111.88,0.15,95.1
14698,7049,54,1,92.65,0,92.65
14699,7049,43,1,75.67,0,75.67
14700,7050,158,1,14.07,0,14.07
14701,7051,113,2,274.17,0,548.34
14702,7051,41,1,179.88,0,179.88
14703,7052,136,1,116.14,0,116.14
14704,7053,26,1,66.46,0,66.46
14705,7053,90,1,52.82,0,52.82
14706,7053,121,2,374.5,0,749.0
14707,7053,154,1,83.05,0.15,70.59
14708,7053,111,1,282.79,0,282.79
14709,7054,141,1,71.69,0,71.69
14710,7054,29,1,122.84,0,122.84
14711,7054,1,1,134.64,0,134.64
14712,7055,62,2,117.07,0.15,199.02
14713,7055,18,2,268.84,0,537.68
14714,7055,18,1,268.84,0,268.84
14715,7055,40,1,53.97,0,53.97
14716,7056,34,1,164.11,0,164.11
14717,7056,53,2,86.91,0,173.82
14718,7056,125,2,226.52,0.15,385.08
14719,7056,119,2,213.48,0,426.96
14720,7056,121,1,374.5,0.1,337.05
14721,7057,87,1,40.81,0.2,32.65
14722,7058,45,1,61.85,0.1,55.66
14723,7059,47,1,173.41,0,173.41
14724,7059,105,1,348.07,0,348.07
14725,7060,1,1,134.64,0.15,114.44
14726,7060,52,1,190.14,0,190.14
14727,7061,39,2,43.96,0,87.92
14728,7061,60,1,294.14,0.15,250.02
14729,7061,39,2,43.96,0,87.92
14730,7061,135,2,105.74,0,211.48
14731,7061,146,1,20.85,0,20.85
14732,7062,40,2,53.97,0,107.94
14733,7062,78,2,77.23,0,154.46
14734,7062,61,1,12.8,0.1,11.52
14735,7063,40,2,53.97,0.1,97.15
14736,7063,143,1,69.82,0.1,62.84
14737,7064,90,1,52.82,0,52.82
14738,7065,131,1,62.23,0,62.23
14739,7065,145,1,84.99,0,84.99
14740,7065,119,1,213.48,0,213.48
14741,7066,44,2,83.07,0.1,149.53
14742,7066,71,1,16.86,0,16.86
14743,7066,137,1,15.32,0,15.32
14744,7067,1,2,134.64,0.1,242.35
14745,7067,56,2,48.94,0,97.88
14746,7068,64,1,113.76,0,113.76
14747,7068,58,2,151.67,0,303.34
14748,7068,72,1,196.03,0,196.03
14749,7068,138,1,24.71,0,24.71
14750,7069,1,2,134.64,0,269.28
14751,7069,54,1,92.65,0,92.65
14752,7070,54,1,92.65,0,92.65
14753,7070,97,1,23.97,0,23.97
14754,7071,91,1,50.62,0.1,45.56
14755,7071,50,1,55.81,0,55.81
14756,7072,121,3,374.5,0,1123.5
14757,7072,52,2,190.14,0,380.28
14758,7072,88,3,39.57,0.1,106.84
14759,7072,13,1,132.43,0,132.43
14760,7073,89,1,41.71,0.1,37.54
14761,7074,54,1,92.65,0,92.65
14762,7075,38,1,79.64,0,79.64
14763,7076,137,2,15.32,0,30.64
14764,7076,17,1,75.74,0,75.74
14765,7076,125,1,226.52,0,226.52
14766,7076,142,2,31.27,0,62.54
14767,7076,156,2,17.86,0,35.72
14768,7077,41,1,179.88,0,179.88
14769,7077,1,2,134.64,0,269.28
14770,7077,57,1,91.71,0,91.71
14771,7077,43,1,75.67,0,75.67
14772,7078,88,1,39.57,0,39.57
14773,7079,11,1,176.03,0,176.03
14774,7080,31,3,121.18,0.1,327.19
14775,7080,42,1,80.28,0,80.28
14776,7081,11,1,176.03,0.15,149.63
14777,7081,76,1,65.54,0,65.54
14778,7081,102,1,116.44,0,116.44
14779,7081,114,1,240.92,0,240.92
14780,7081,8,1,255.14,0.2,204.11
14781,7082,130,2,68.02,0,136.04
14782,7082,84,2,13.12,0,26.24
14783,7083,19,1,229.68,0,229.68
14784,7084,62,1,117.07,0,117.07
14785,7085,40,2,53.97,0,107.94
14786,7085,157,1,65.63,0,65.63
14787,7085,56,2,48.94,0.15,83.2
14788,7086,143,1,69.82,0,69.82
14789,7087,85,1,74.75,0,74.75
14790,7087,44,2,83.07,0,166.14
14791,7088,119,2,213.48,0,426.96
14792,7088,117,1,173.82,0,173.82
14793,7088,128,1,398.69,0.15,338.89
14794,7089,83,1,23.95,0,23.95
14795,7089,119,1,213.48,0.1,192.13
14796,7090,91,1,50.62,0,50.62
14797,7090,106,1,187.33,0,187.33
14798,7090,93,1,19.37,0,19.37
14799,7091,72,1,196.03,0,196.03
14800,7092,85,1,74.75,0,74.75
14801,7093,89,1,41.71,0,41.71
14802,7093,77,1,42.23,0,42.23
14803,7094,136,1,116.14,0,116.14
14804,7094,114,1,240.92,0.15,204.78
14805,7094,148,1,60.49,0.2,48.39
14806,7095,51,2,33.99,0.1,61.18
14807,7096,101,2,68.79,0,137.58
14808,7097,79,1,40.31,0,40.31
14809,7098,140,1,66.53,0.15,56.55
14810,7098,76,2,65.54,0,131.08
14811,7098,2,2,198.54,0,397.08
14812,7098,142,1,31.27,0,31.27
14813,7098,39,3,43.96,0,131.88
14814,7099,33,3,49.0,0,147.0
14815,7099,21,1,274.21,0,274.21
14816,7099,127,1,268.94,0,268.94
14817,7099,142,1,31.27,0,31.27
14818,7099,35,2,124.39,0.1,223.9
14819,7100,114,1,240.92,0.15,204.78
14820,7101,121,2,374.5,0,749.0
14821,7101,98,3,11.23,0,33.69
14822,7101,11,2,176.03,0,352.06
14823,7101,101,1,68.79,0,68.79
14824,7102,28,1,93.65,0,93.65
14825,7102,160,1,40.26,0,40.26
14826,7102,85,1,74.75,0,74.75
14827,7102,111,1,282.79,0,282.79
14828,7103,39,1,43.96,0.2,35.17
14829,7104,150,1,44.1,0.2,35.28
14830,7105,97,1,23.97,0,23.97
14831,7105,49,2,111.88,0,223.76
14832,7106,82,1,54.72,0,54.72
14833,7106,41,1,179.88,0.1,161.89
14834,7106,116,1,217.77,0,217.77
14835,7107,68,1,204.27,0,204.27
14836,7107,88,1,39.57,0,39.57
14837,7107,88,1,39.57,0,39.57
14838,7108,153,2,99.2,0,198.4
14839,7109,127,1,268.94,0,268.94
14840,7109,61,1,12.8,0,12.8
14841,7110,63,2,115.75,0,231.5
14842,7110,128,1,398.69,0,398.69
14843,7111,54,1,92.65,0,92.65
14844,7112,92,2,74.46,0.1,134.03
14845,7112,8,1,255.14,0,255.14
14846,7112,159,1,57.51,0,57.51
14847,7113,33,1,49.0,0,49.0
14848,7113,129,2,36.16,0,72.32
14849,7113,135,3,105.74,0,317.22
14850,7114,54,1,92.65,0,92.65
14851,7114,98,1,11.23,0,11.23
14852,7114,140,1,66.53,0.1,59.88
14853,7115,98,1,11.23,0.15,9.55
14854,7115,54,2,92.65,0,185.3
14855,7116,41,1,179.88,0,179.88
14856,7117,156,1,17.86,0,17.86
14857,7118,89,1,41.71,0.15,35.45
14858,7118,54,1,92.65,0,92.65
14859,7118,153,2,99.2,0,198.4
14860,7119,116,1,217.77,0.1,195.99
14861,7119,137,1,15.32,0,15.32
14862,7120,56,1,48.94,0,48.94
14863,7121,78,2,77.23,0,154.46
14864,7122,123,2,92.73,0,185.46
14865,7122,53,1,86.91,0.2,69.53
14866,7123,70,1,67.88,0.1,61.09
14867,7123,134,1,40.72,0,40.72
14868,7124,123,1,92.73,0.2,74.18
14869,7124,38,1,79.64,0,79.64
14870,7125,46,1,64.69,0,64.69
14871,7126,141,1,71.69,0,71.69
14872,7127,58,2,151.67,0.2,242.67
14873,7127,88,1,39.57,0,39.57
14874,7128,73,1,43.45,0,43.45
14875,7128,112,1,329.53,0,329.53
14876,7129,96,2,51.37,0.1,92.47
14877,7129,156,1,17.86,0,17.86
14878,7130,58,1,151.67,0,151.67
14879,7130,50,3,55.81,0,167.43
14880,7131,21,1,274.21,0.2,219.37
14881,7131,146,2,20.85,0.1,37.53
14882,7132,61,1,12.8,0,12.8
14883,7133,39,1,43.96,0,43.96
14884,7134,54,2,92.65,0.15,157.5
14885,7134,40,1,53.97,0.15,45.87
14886,7134,81,2,52.03,0.1,93.65
14887,7134,28,1,93.65,0,93.65
14888,7135,152,1,66.12,0,66.12
14889,7136,64,1,113.76,0.2,91.01
14890,7137,113,1,274.17,0,274.17
14891,7137,24,2,346.45,0,692.9
14892,7138,97,1,23.97,0,23.97
14893,7138,53,1,86.91,0,86.91
14894,7139,110,1,59.23,0.1,53.31
14895,7140,113,1,274.17,0,274.17
14896,7140,12,1,291.22,0,291.22
14897,7141,111,1,282.79,0,282.79
14898,7142,57,1,91.71,0.15,77.95
14899,7142,159,1,57.51,0,57.51
14900,7142,152,1,66.12,0.1,59.51
14901,7142,25,1,292.94,0,292.94
14902,7143,41,1,179.88,0.15,152.9
14903,7143,110,1,59.23,0,59.23
14904,7144,144,1,11.66,0,11.66
14905,7144,18,1,268.84,0.1,241.96
14906,7145,60,1,294.14,0,294.14
14907,7145,123,1,92.73,0.2,74.18
14908,7146,88,1,39.57,0,39.57
14909,7146,5,1,135.87,0.2,108.7
14910,7147,140,1,66.53,0.15,56.55
14911,7147,39,1,43.96,0,43.96
14912,7148,97,3,23.97,0,71.91
14913,7149,121,1,374.5,0.15,318.32
14914,7149,84,3,13.12,0,39.36
14915,7150,61,1,12.8,0,12.8
14916,7150,145,1,84.99,0,84.99
14917,7150,147,1,23.93,0,23.93
14918,7151,132,1,101.25,0,101.25
14919,7152,32,1,49.75,0,49.75
14920,7152,88,1,39.57,0,39.57
14921,7153,140,1,66.53,0,66.53
14922,7154,127,2,268.94,0.15,457.2
14923,7154,85,1,74.75,0,74.75
14924,7154,26,2,66.46,0,132.92
14925,7155,15,1,152.22,0.1,137.0
14926,7156,99,1,79.98,0,79.98
14927,7156,17,1,75.74,0,75.74
14928,7157,140,1,66.53,0,66.53
14929,7157,49,1,111.88,0,111.88
14930,7157,91,2,50.62,0,101.24
14931,7157,79,1,40.31,0,40.31
14932,7157,54,1,92.65,0,92.65
14933,7158,107,1,335.62,0,335.62
14934,7159,31,1,121.18,0,121.18
14935,7159,8,1,255.14,0,255.14
14936,7159,50,3,55.81,0,167.43
14937,7160,94,1,59.56,0,59.56
14938,7160,130,1,68.02,0.1,61.22
14939,7160,130,3,68.02,0,204.06
14940,7161,27,1,21.73,0,21.73
14941,7161,82,1,54.72,0,54.72
14942,7162,70,1,67.88,0,67.88
14943,7163,125,1,226.52,0.1,203.87
14944,7164,44,1,83.07,0,83.07
14945,7165,150,2,44.1,0,88.2
14946,7166,137,1,15.32,0.1,13.79
14947,7167,61,1,12.8,0,12.8
14948,7168,54,2,92.65,0,185.3
14949,7168,64,2,113.76,0,227.52
14950,7169,17,1,75.74,0,75.74
14951,7169,43,1,75.67,0.1,68.1
14952,7169,54,2,92.65,0,185.3
14953,7170,130,1,68.02,0,68.02
14954,7170,111,1,282.79,0,282.79
14955,7171,147,1,23.93,0,23.93
14956,7172,13,2,132.43,0,264.86
14957,7172,54,1,92.65,0,92.65
14958,7172,88,1,39.57,0,39.57
14959,7172,119,1,213.48,0,213.48
14960,7173,60,1,294.14,0,294.14
14961,7173,64,1,113.76,0,113.76
14962,7173,129,1,36.16,0,36.16
14963,7173,40,1,53.97,0,53.97
14964,7174,54,1,92.65,0.1,83.39
14965,7174,61,1,12.8,0,12.8
14966,7174,35,1,124.39,0,124.39
14967,7174,33,1,49.0,0,49.0
14968,7175,123,1,92.73,0.15,78.82
14969,7175,84,1,13.12,0,13.12
14970,7175,91,1,50.62,0,50.62
14971,7175,34,2,164.11,0,328.22
14972,7175,34,3,164.11,0.15,418.48
14973,7176,66,1,279.67,0,279.67
14974,7176,61,1,12.8,0,12.8
14975,7176,105,2,348.07,0,696.14
14976,7176,77,2,42.23,0.15,71.79
14977,7176,124,1,13.96,0,13.96
14978,7177,71,1,16.86,0,16.86
14979,7177,39,2,43.96,0,87.92
14980,7178,2,2,198.54,0,397.08
14981,7178,140,1,66.53,0,66.53
14982,7179,131,2,62.23,0,124.46
14983,7179,101,1,68.79,0,68.79
14984,7180,29,1,122.84,0,122.84
14985,7180,115,1,276.86,0.15,235.33
14986,7180,47,1,173.41,0,173.41
14987,7181,44,1,83.07,0.1,74.76
14988,7182,152,1,66.12,0,66.12
14989,7182,119,1,213.48,0,213.48
14990,7182,54,2,92.65,0,185.3
14991,7183,54,1,92.65,0,92.65
14992,7184,58,1,151.67,0,151.67
14993,7184,34,1,164.11,0,164.11
14994,7185,99,1,79.98,0.1,71.98
14995,7185,85,1,74.75,0.15,63.54
14996,7186,54,1,92.65,0,92.65
14997,7187,155,1,82.21,0,82.21
14998,7188,64,1,113.76,0.15,96.7
14999,7189,85,3,74.75,0.1,201.83
15000,7189,41,1,179.88,0,179.88
15001,7190,119,1,213.48,0.1,192.13
15002,7190,54,1,92.65,0,92.65
15003,7191,143,2,69.82,0.1,125.68
15004,7191,160,1,40.26,0.1,36.23
15005,7192,145,2,84.99,0,169.98
15006,7192,8,2,255.14,0,510.28
15007,7192,110,1,59.23,0,59.23
15008,7192,144,1,11.66,0.15,9.91
15009,7193,152,1,66.12,0,66.12
15010,7194,91,1,50.62,0,50.62
15011,7194,119,1,213.48,0,213.48
15012,7194,158,2,14.07,0.15,23.92
15013,7194,86,1,8.05,0,8.05
15014,7195,160,1,40.26,0,40.26
15015,7195,34,1,164.11,0,164.11
15016,7196,132,1,101.25,0,101.25
15017,7196,118,2,357.71,0,715.42
15018,7197,152,1,66.12,0.2,52.9
15019,7197,113,1,274.17,0,274.17
15020,7197,88,2,39.57,0,79.14
15021,7198,19,1,229.68,0,229.68
15022,7198,91,2,50.62,0,101.24
15023,7198,106,1,187.33,0,187.33
15024,7199,32,1,49.75,0,49.75
15025,7200,85,1,74.75,0,74.75
15026,7200,20,2,84.59,0.1,152.26
15027,7200,5,1,135.87,0,135.87
15028,7201,89,1,41.71,0,41.71
15029,7202,119,1,213.48,0,213.48
15030,7202,121,1,374.5,0,374.5
15031,7203,71,1,16.86,0,16.86
15032,7204,111,1,282.79,0.15,240.37
15033,7204,111,1,282.79,0.1,254.51
15034,7204,34,1,164.11,0,164.11
15035,7205,7,1,33.9,0.1,30.51
15036,7205,1,2,134.64,0,269.28
15037,7205,112,2,329.53,0,659.06
15038,7205,158,1,14.07,0,14.07
15039,7206,12,1,291.22,0,291.22
15040,7206,68,1,204.27,0,204.27
15041,7206,61,1,12.8,0,12.8
15042,7207,61,3,12.8,0,38.4
15043,7207,98,1,11.23,0,11.23
15044,7208,63,1,115.75,0,115.75
15045,7208,17,1,75.74,0,75.74
15046,7208,54,2,92.65,0.1,166.77
15047,7208,94,1,59.56,0,59.56
15048,7209,153,1,99.2,0.1,89.28
15049,7210,5,1,135.87,0,135.87
15050,7211,142,1,31.27,0.1,28.14
15051,7211,140,2,66.53,0,133.06
15052,7211,58,1,151.67,0.15,128.92
15053,7211,107,1,335.62,0,335.62
15054,7212,54,1,92.65,0.15,78.75
15055,7213,132,1,101.25,0.15,86.06
15056,7213,131,1,62.23,0.2,49.78
15057,7214,31,1,121.18,0,121.18
15058,7214,143,1,69.82,0.1,62.84
15059,7215,87,1,40.81,0,40.81
15060,7215,56,1,48.94,0.15,41.6
15061,7215,13,1,132.43,0,132.43
15062,7216,153,1,99.2,0,99.2
15063,7216,54,1,92.65,0.2,74.12
15064,7217,87,2,40.81,0,81.62
15065,7218,152,1,66.12,0,66.12
15066,7218,5,1,135.87,0.1,122.28
15067,7219,1,3,134.64,0,403.92
15068,7219,152,1,66.12,0,66.12
15069,7219,118,2,357.71,0,715.42
15070,7220,152,1,66.12,0,66.12
15071,7220,136,1,116.14,0.15,98.72
15072,7220,56,1,48.94,0,48.94
15073,7221,124,1,13.96,0,13.96
15074,7221,11,1,176.03,0,176.03
15075,7221,17,2,75.74,0,151.48
15076,7222,84,1,13.12,0,13.12
15077,7223,18,1,268.84,0.1,241.96
15078,7223,160,1,40.26,0.15,34.22
15079,7224,160,2,40.26,0.1,72.47
15080,7224,53,1,86.91,0.1,78.22
15081,7224,129,1,36.16,0,36.16
15082,7225,22,1,399.88,0,399.88
15083,7226,111,1,282.79,0.15,240.37
15084,7226,111,1,282.79,0,282.79
15085,7227,54,2,92.65,0.1,166.77
15086,7228,113,1,274.17,0.1,246.75
15087,7229,145,2,84.99,0,169.98
15088,7229,62,1,117.07,0,117.07
15089,7229,160,1,40.26,0,40.26
15090,7229,80,2,41.32,0.1,74.38
15091,7230,127,1,268.94,0,268.94
15092,7230,56,1,48.94,0,48.94
15093,7230,1,2,134.64,0,269.28
15094,7230,125,3,226.52,0.1,611.6
15095,7231,54,2,92.65,0,185.3
15096,7231,111,1,282.79,0,282.79
15097,7232,82,1,54.72,0,54.72
15098,7232,136,1,116.14,0.1,104.53
15099,7232,111,1,282.79,0.1,254.51
15100,7233,38,1,79.64,0.1,71.68
15101,7233,63,1,115.75,0,115.75
15102,7234,70,1,67.88,0.1,61.09
15103,7235,145,1,84.99,0.1,76.49
15104,7236,33,3,49.0,0,147.0
15105,7236,52,1,190.14,0.1,171.13
15106,7236,20,1,84.59,0,84.59
15107,7237,54,1,92.65,0,92.65
15108,7237,54,2,92.65,0,185.3
15109,7238,85,1,74.75,0,74.75
15110,7238,115,1,276.86,0.15,235.33
15111,7238,54,1,92.65,0,92.65
15112,7238,118,1,357.71,0,357.71
15113,7239,148,1,60.49,0.2,48.39
15114,7239,8,1,255.14,0.1,229.63
15115,7239,26,1,66.46,0,66.46
15116,7239,150,1,44.1,0,44.1
15117,7240,124,1,13.96,0.1,12.56
15118,7240,68,1,204.27,0,204.27
15119,7240,145,2,84.99,0.1,152.98
15120,7241,40,1,53.97,0.15,45.87
15121,7242,34,1,164.11,0,164.11
15122,7242,140,1,66.53,0,66.53
15123,7243,37,1,83.16,0,83.16
15124,7244,7,1,33.9,0,33.9
15125,7245,106,1,187.33,0,187.33
15126,7245,35,2,124.39,0.15,211.46
15127,7246,115,1,276.86,0,276.86
15128,7246,125,1,226.52,0,226.52
15129,7246,31,1,121.18,0,121.18
15130,7246,61,1,12.8,0,12.8
15131,7247,124,1,13.96,0.15,11.87
15132,7247,54,1,92.65,0.1,83.39
15133,7248,130,1,68.02,0,68.02
15134,7249,27,1,21.73,0.15,18.47
15135,7249,131,1,62.23,0,62.23
15136,7250,118,1,357.71,0.15,304.05
15137,7251,54,1,92.65,0,92.65
15138,7251,135,2,105.74,0.15,179.76
15139,7251,33,1,49.0,0,49.0
15140,7251,159,1,57.51,0.1,51.76
15141,7251,84,1,13.12,0,13.12
15142,7252,2,1,198.54,0,198.54
15143,7252,61,1,12.8,0,12.8
15144,7253,132,2,101.25,0,202.5
15145,7254,54,1,92.65,0.15,78.75
15146,7254,97,1,23.97,0.2,19.18
15147,7254,6,1,180.27,0,180.27
15148,7254,86,2,8.05,0.1,14.49
15149,7254,37,2,83.16,0,166.32
15150,7255,84,1,13.12,0,13.12
15151,7255,140,1,66.53,0.1,59.88
15152,7256,54,3,92.65,0,277.95
15153,7256,77,3,42.23,0,126.69
15154,7257,142,1,31.27,0.1,28.14
15155,7258,39,1,43.96,0,43.96
15156,7258,63,2,115.75,0,231.5
15157,7258,54,1,92.65,0,92.65
15158,7258,147,1,23.93,0,23.93
15159,7258,40,2,53.97,0,107.94
15160,7259,102,2,116.44,0,232.88
15161,7259,156,1,17.86,0.1,16.07
15162,7260,34,1,164.11,0,164.11
15163,7261,114,1,240.92,0,240.92
15164,7261,39,2,43.96,0,87.92
15165,7262,25,1,292.94,0.2,234.35
15166,7263,72,1,196.03,0.1,176.43
15167,7263,157,1,65.63,0,65.63
15168,7264,87,1,40.81,0,40.81
15169,7264,78,1,77.23,0,77.23
15170,7265,54,1,92.65,0,92.65
15171,7265,46,1,64.69,0,64.69
15172,7265,97,1,23.97,0.15,20.37
15173,7265,142,1,31.27,0,31.27
15174,7266,39,1,43.96,0,43.96
15175,7267,50,1,55.81,0,55.81
15176,7267,136,2,116.14,0,232.28
15177,7267,40,2,53.97,0.2,86.35
15178,7267,38,1,79.64,0,79.64
15179,7267,101,1,68.79,0,68.79
15180,7268,71,1,16.86,0,16.86
15181,7268,10,3,116.26,0,348.78
15182,7268,89,1,41.71,0,41.71
15183,7269,15,2,152.22,0,304.44
15184,7269,144,2,11.66,0,23.32
15185,7270,19,1,229.68,0,229.68
15186,7270,88,1,39.57,0,39.57
15187,7271,36,1,143.82,0,143.82
15188,7271,99,2,79.98,0,159.96
15189,7271,111,1,282.79,0,282.79
15190,7271,94,1,59.56,0.15,50.63
15191,7271,32,1,49.75,0.15,42.29
15192,7272,93,1,19.37,0,19.37
15193,7272,85,1,74.75,0,74.75
15194,7272,78,1,77.23,0,77.23
15195,7272,141,1,71.69,0.2,57.35
15196,7272,11,2,176.03,0,352.06
15197,7273,7,1,33.9,0,33.9
15198,7274,1,2,134.64,0,269.28
15199,7275,110,2,59.23,0,118.46
15200,7276,54,1,92.65,0.15,78.75
15201,7277,97,1,23.97,0,23.97
15202,7278,52,1,190.14,0.15,161.62
15203,7278,80,2,41.32,0,82.64
15204,7279,84,1,13.12,0,13.12
15205,7280,112,1,329.53,0.15,280.1
15206,7280,64,1,113.76,0,113.76
15207,7281,42,1,80.28,0.1,72.25
15208,7281,32,1,49.75,0,49.75
15209,7281,54,1,92.65,0,92.65
15210,7282,54,1,92.65,0,92.65
15211,7282,54,1,92.65,0,92.65
15212,7283,18,2,268.84,0.2,430.14
15213,7284,61,1,12.8,0,12.8
15214,7285,24,1,346.45,0,346.45
15215,7285,54,1,92.65,0.15,78.75
15216,7286,145,1,84.99,0,84.99
15217,7286,64,2,113.76,0,227.52
15218,7287,78,2,77.23,0,154.46
15219,7288,94,1,59.56,0,59.56
15220,7289,119,1,213.48,0.1,192.13
15221,7289,98,1,11.23,0.2,8.98
15222,7289,54,3,92.65,0,277.95
15223,7289,149,1,68.48,0.15,58.21
15224,7289,61,1,12.8,0,12.8
15225,7290,34,1,164.11,0.15,139.49
15226,7291,45,2,61.85,0,123.7
15227,7291,107,2,335.62,0,671.24
15228,7292,159,1,57.51,0.1,51.76
15229,7292,54,1,92.65,0.1,83.39
15230,7292,34,2,164.11,0.1,295.4
15231,7293,54,3,92.65,0,277.95
15232,7293,152,1,66.12,0.15,56.2
15233,7294,20,1,84.59,0.2,67.67
15234,7295,64,3,113.76,0,341.28
15235,7296,128,1,398.69,0,398.69
15236,7296,117,1,173.82,0,173.82
15237,7296,101,2,68.79,0,137.58
15238,7297,42,1,80.28,0,80.28
15239,7297,56,1,48.94,0,48.94
15240,7298,35,1,124.39,0.1,111.95
15241,7298,73,3,43.45,0,130.35
15242,7298,110,2,59.23,0,118.46
15243,7298,93,1,19.37,0.1,17.43
15244,7299,74,1,41.44,0,41.44
15245,7299,139,1,70.5,0.1,63.45
15246,7299,126,1,319.24,0,319.24
15247,7300,56,1,48.94,0,48.94
15248,7300,84,1,13.12,0,13.12
15249,7300,119,2,213.48,0.1,384.26
15250,7300,55,1,295.32,0.1,265.79
15251,7301,132,1,101.25,0,101.25
15252,7301,54,1,92.65,0,92.65
15253,7302,124,1,13.96,0,13.96
15254,7303,61,3,12.8,0,38.4
15255,7304,98,1,11.23,0,11.23
15256,7304,31,1,121.18,0,121.18
15257,7305,95,1,42.95,0,42.95
15258,7305,160,1,40.26,0,40.26
15259,7306,5,1,135.87,0,135.87
15260,7306,98,1,11.23,0,11.23
15261,7306,61,1,12.8,0,12.8
15262,7306,34,2,164.11,0.1,295.4
15263,7307,31,1,121.18,0,121.18
15264,7307,152,1,66.12,0,66.12
15265,7307,67,1,62.01,0.15,52.71
15266,7308,148,1,60.49,0,60.49
15267,7309,58,1,151.67,0,151.67
15268,7309,37,2,83.16,0,166.32
15269,7309,54,1,92.65,0,92.65
15270,7310,73,1,43.45,0,43.45
15271,7310,95,2,42.95,0.15,73.02
15272,7310,62,1,117.07,0,117.07
15273,7311,83,1,23.95,0,23.95
15274,7312,73,1,43.45,0,43.45
15275,7312,79,1,40.31,0.15,34.26
15276,7312,110,1,59.23,0.1,53.31
15277,7313,143,1,69.82,0,69.82
15278,7313,136,1,116.14,0.1,104.53
15279,7313,143,1,69.82,0,69.82
15280,7313,158,1,14.07,0,14.07
15281,7314,129,2,36.16,0.1,65.09
15282,7315,159,2,57.51,0,115.02
15283,7316,159,1,57.51,0,57.51
15284,7317,105,1,348.07,0,348.07
15285,7318,61,1,12.8,0.1,11.52
15286,7319,137,1,15.32,0,15.32
15287,7319,97,1,23.97,0,23.97
15288,7319,33,1,49.0,0,49.0
15289,7319,13,1,132.43,0.15,112.57
15290,7320,34,2,164.11,0,328.22
15291,7320,54,1,92.65,0.15,78.75
15292,7320,64,1,113.76,0.1,102.38
15293,7321,113,3,274.17,0,822.51
15294,7322,48,1,156.79,0.2,125.43
15295,7323,152,1,66.12,0,66.12
15296,7323,66,1,279.67,0,279.67
15297,7323,84,2,13.12,0,26.24
15298,7323,54,1,92.65,0.15,78.75
15299,7324,54,1,92.65,0,92.65
15300,7324,33,1,49.0,0,49.0
15301,7325,5,1,135.87,0,135.87
15302,7325,17,2,75.74,0,151.48
15303,7326,54,2,92.65,0,185.3
15304,7326,152,1,66.12,0,66.12
15305,7327,111,1,282.79,0.15,240.37
15306,7328,27,1,21.73,0,21.73
15307,7329,89,1,41.71,0.1,37.54
15308,7329,21,1,274.21,0,274.21
15309,7330,131,1,62.23,0,62.23
15310,7330,140,1,66.53,0,66.53
15311,7330,150,1,44.1,0,44.1
15312,7330,88,2,39.57,0.2,63.31
15313,7331,82,1,54.72,0,54.72
15314,7332,159,1,57.51,0.1,51.76
15315,7332,123,1,92.73,0,92.73
15316,7332,26,2,66.46,0,132.92
15317,7332,126,1,319.24,0,319.24
15318,7332,84,1,13.12,0,13.12
15319,7333,34,1,164.11,0,164.11
15320,7333,80,1,41.32,0.2,33.06
15321,7334,56,1,48.94,0,48.94
15322,7334,39,2,43.96,0,87.92
15323,7335,22,1,399.88,0.1,359.89
15324,7335,77,1,42.23,0,42.23
15325,7335,40,3,53.97,0,161.91
15326,7335,54,3,92.65,0,277.95
15327,7336,142,1,31.27,0,31.27
15328,7337,140,1,66.53,0,66.53
15329,7338,137,1,15.32,0.1,13.79
15330,7338,74,1,41.44,0.15,35.22
15331,7338,28,1,93.65,0,93.65
15332,7339,89,1,41.71,0,41.71
15333,7340,90,1,52.82,0,52.82
15334,7340,111,1,282.79,0,282.79
15335,7340,54,1,92.65,0,92.65
15336,7341,92,2,74.46,0,148.92
15337,7341,54,1,92.65,0.1,83.39
15338,7341,42,1,80.28,0,80.28
15339,7341,119,1,213.48,0,213.48
15340,7341,91,1,50.62,0.1,45.56
15341,7342,37,2,83.16,0,166.32
15342,7342,113,1,274.17,0,274.17
15343,7342,115,1,276.86,0,276.86
15344,7343,108,1,97.45,0.2,77.96
15345,7343,97,1,23.97,0,23.97
15346,7344,50,1,55.81,0,55.81
15347,7344,143,2,69.82,0,139.64
15348,7344,103,1,74.37,0.2,59.5
15349,7345,150,2,44.1,0,88.2
15350,7345,21,2,274.21,0.2,438.74
15351,7346,158,1,14.07,0.15,11.96
15352,7346,22,1,399.88,0,399.88
15353,7346,138,2,24.71,0.1,44.48
15354,7346,128,1,398.69,0,398.69
15355,7347,43,2,75.67,0.1,136.21
15356,7348,61,1,12.8,0,12.8
15357,7349,87,1,40.81,0.1,36.73
15358,7349,33,1,49.0,0.2,39.2
15359,7349,119,2,213.48,0.2,341.57
15360,7349,144,1,11.66,0,11.66
15361,7349,137,1,15.32,0,15.32
15362,7350,53,1,86.91,0,86.91
15363,7351,135,1,105.74,0.2,84.59
15364,7352,160,2,40.26,0,80.52
15365,7352,47,1,173.41,0,173.41
15366,7352,90,1,52.82,0.1,47.54
15367,7353,88,1,39.57,0,39.57
15368,7354,145,1,84.99,0,84.99
15369,7354,84,1,13.12,0.15,11.15
15370,7354,131,1,62.23,0,62.23
15371,7354,160,1,40.26,0,40.26
15372,7355,57,1,91.71,0.1,82.54
15373,7355,107,1,335.62,0,335.62
15374,7355,16,1,232.17,0,232.17
15375,7355,61,1,12.8,0.1,11.52
15376,7355,54,1,92.65,0,92.65
15377,7356,33,1,49.0,0,49.0
15378,7357,2,1,198.54,0,198.54
15379,7358,118,1,357.71,0,357.71
15380,7358,45,1,61.85,0,61.85
15381,7358,97,1,23.97,0,23.97
15382,7359,136,1,116.14,0.1,104.53
15383,7359,149,1,68.48,0.2,54.78
15384,7359,54,1,92.65,0.1,83.39
15385,7359,43,1,75.67,0,75.67
15386,7360,56,1,48.94,0,48.94
15387,7361,132,1,101.25,0,101.25
15388,7361,34,1,164.11,0,164.11
15389,7361,11,1,176.03,0,176.03
15390,7361,54,1,92.65,0,92.65
15391,7362,54,1,92.65,0,92.65
15392,7362,56,2,48.94,0.15,83.2
15393,7363,114,2,240.92,0,481.84
15394,7364,82,1,54.72,0.1,49.25
15395,7365,18,1,268.84,0,268.84
15396,7366,116,3,217.77,0.15,555.31
15397,7367,51,1,33.99,0,33.99
15398,7367,33,1,49.0,0.1,44.1
15399,7368,108,1,97.45,0,97.45
15400,7369,148,1,60.49,0,60.49
15401,7369,137,1,15.32,0,15.32
15402,7369,19,1,229.68,0,229.68
15403,7369,126,1,319.24,0,319.24
15404,7370,40,1,53.97,0,53.97
15405,7370,142,1,31.27,0,31.27
15406,7370,91,1,50.62,0,50.62
15407,7370,102,1,116.44,0,116.44
15408,7371,117,2,173.82,0,347.64
15409,7372,112,1,329.53,0.2,263.62
15410,7372,111,1,282.79,0,282.79
15411,7373,91,1,50.62,0,50.62
15412,7373,131,1,62.23,0,62.23
15413,7373,64,1,113.76,0.1,102.38
15414,7373,34,1,164.11,0,164.11
15415,7373,54,1,92.65,0.2,74.12
15416,7374,89,2,41.71,0.15,70.91
15417,7374,135,1,105.74,0.1,95.17
15418,7375,80,3,41.32,0,123.96
15419,7375,120,1,179.87,0,179.87
15420,7376,154,1,83.05,0,83.05
15421,7377,53,1,86.91,0,86.91
15422,7377,115,1,276.86,0,276.86
15423,7377,54,1,92.65,0,92.65
15424,7378,29,1,122.84,0,122.84
15425,7378,33,1,49.0,0,49.0
15426,7379,72,1,196.03,0,196.03
15427,7379,39,2,43.96,0,87.92
15428,7380,40,1,53.97,0.15,45.87
15429,7381,29,1,122.84,0,122.84
15430,7381,94,2,59.56,0.15,101.25
15431,7381,94,1,59.56,0,59.56
15432,7382,106,1,187.33,0,187.33
15433,7383,24,1,346.45,0,346.45
15434,7384,64,2,113.76,0,227.52
15435,7384,13,1,132.43,0,132.43
15436,7385,16,1,232.17,0.1,208.95
15437,7385,2,1,198.54,0.2,158.83
15438,7386,78,1,77.23,0,77.23
15439,7386,130,2,68.02,0,136.04
15440,7387,54,2,92.65,0.1,166.77
15441,7387,53,1,86.91,0.15,73.87
15442,7388,112,2,329.53,0,659.06
15443,7389,66,1,279.67,0.15,237.72
15444,7389,54,2,92.65,0.1,166.77
15445,7389,110,1,59.23,0,59.23
15446,7389,84,1,13.12,0,13.12
15447,7389,26,2,66.46,0,132.92
15448,7390,54,2,92.65,0,185.3
15449,7390,152,1,66.12,0,66.12
15450,7391,127,2,268.94,0,537.88
15451,7391,119,2,213.48,0,426.96
15452,7392,54,1,92.65,0,92.65
15453,7392,21,1,274.21,0,274.21
15454,7392,10,3,116.26,0,348.78
15455,7393,119,2,213.48,0,426.96
15456,7394,160,1,40.26,0,40.26
15457,7394,17,3,75.74,0,227.22
15458,7395,12,1,291.22,0,291.22
15459,7395,76,1,65.54,0,65.54
15460,7396,5,1,135.87,0.1,122.28
15461,7397,97,1,23.97,0,23.97
15462,7397,119,1,213.48,0.1,192.13
15463,7397,54,2,92.65,0,185.3
15464,7398,54,1,92.65,0.2,74.12
15465,7398,148,1,60.49,0,60.49
15466,7399,121,1,374.5,0,374.5
15467,7400,18,1,268.84,0,268.84
15468,7401,6,2,180.27,0,360.54
15469,7401,78,1,77.23,0,77.23
15470,7402,136,2,116.14,0,232.28
15471,7403,87,1,40.81,0,40.81
15472,7403,132,2,101.25,0.15,172.12
15473,7404,160,1,40.26,0,40.26
15474,7404,95,1,42.95,0.1,38.66
15475,7405,121,1,374.5,0,374.5
15476,7405,61,1,12.8,0.15,10.88
15477,7406,39,1,43.96,0,43.96
15478,7407,70,1,67.88,0,67.88
15479,7407,129,1,36.16,0,36.16
15480,7407,25,1,292.94,0.15,249.0
15481,7407,50,2,55.81,0,111.62
15482,7408,31,1,121.18,0,121.18
15483,7408,61,1,12.8,0.2,10.24
15484,7408,91,1,50.62,0,50.62
15485,7408,152,1,66.12,0,66.12
15486,7408,107,1,335.62,0,335.62
15487,7409,84,1,13.12,0,13.12
15488,7409,31,1,121.18,0.1,109.06
15489,7409,94,1,59.56,0,59.56
15490,7410,84,1,13.12,0,13.12
15491,7410,76,1,65.54,0,65.54
15492,7410,44,1,83.07,0,83.07
15493,7410,26,1,66.46,0,66.46
15494,7411,93,1,19.37,0,19.37
15495,7412,57,2,91.71,0.1,165.08
15496,7413,129,1,36.16,0,36.16
15497,7414,139,1,70.5,0.15,59.92
15498,7414,76,1,65.54,0,65.54
15499,7414,105,2,348.07,0,696.14
15500,7415,113,1,274.17,0.1,246.75
15501,7416,54,1,92.65,0,92.65
15502,7416,150,1,44.1,0,44.1
15503,7416,45,2,61.85,0.1,111.33
15504,7417,121,1,374.5,0,374.5
15505,7418,111,1,282.79,0.2,226.23
15506,7418,47,1,173.41,0.1,156.07
15507,7419,91,2,50.62,0,101.24
15508,7420,105,1,348.07,0,348.07
15509,7420,113,3,274.17,0.1,740.26
15510,7421,6,1,180.27,0,180.27
15511,7422,135,1,105.74,0,105.74
15512,7423,54,1,92.65,0,92.65
15513,7423,156,1,17.86,0,17.86
15514,7424,146,1,20.85,0,20.85
15515,7425,84,1,13.12,0,13.12
15516,7426,18,1,268.84,0.15,228.51
15517,7426,111,1,282.79,0.15,240.37
15518,7426,33,1,49.0,0.1,44.1
15519,7426,6,1,180.27,0.15,153.23
15520,7427,137,2,15.32,0,30.64
15521,7428,106,2,187.33,0.2,299.73
15522,7429,43,1,75.67,0,75.67
15523,7429,71,1,16.86,0,16.86
15524,7429,54,3,92.65,0,277.95
15525,7429,97,1,23.97,0,23.97
15526,7430,77,1,42.23,0,42.23
15527,7430,159,1,57.51,0.1,51.76
15528,7431,1,2,134.64,0,269.28
15529,7432,120,1,179.87,0.1,161.88
15530,7432,54,1,92.65,0,92.65
15531,7432,119,1,213.48,0,213.48
15532,7433,65,1,172.37,0,172.37
15533,7433,60,1,294.14,0.15,250.02
15534,7434,54,1,92.65,0.1,83.39
15535,7435,44,1,83.07,0,83.07
15536,7435,71,1,16.86,0,16.86
15537,7436,152,1,66.12,0,66.12
15538,7437,118,1,357.71,0,357.71
15539,7437,39,1,43.96,0,43.96
15540,7438,44,1,83.07,0,83.07
15541,7438,90,1,52.82,0.1,47.54
15542,7438,81,1,52.03,0.2,41.62
15543,7438,150,1,44.1,0,44.1
15544,7439,66,1,279.67,0.1,251.7
15545,7440,157,1,65.63,0,65.63
15546,7440,135,2,105.74,0,211.48
15547,7441,33,2,49.0,0,98.0
15548,7441,54,1,92.65,0,92.65
15549,7441,110,3,59.23,0,177.69
15550,7441,142,1,31.27,0,31.27
15551,7442,36,1,143.82,0.1,129.44
15552,7442,121,1,374.5,0,374.5
15553,7443,114,3,240.92,0,722.76
15554,7444,131,1,62.23,0,62.23
15555,7444,85,1,74.75,0,74.75
15556,7444,2,1,198.54,0,198.54
15557,7445,92,2,74.46,0,148.92
15558,7445,84,1,13.12,0.15,11.15
15559,7445,113,1,274.17,0,274.17
15560,7445,51,1,33.99,0.15,28.89
15561,7446,50,1,55.81,0,55.81
15562,7446,39,1,43.96,0.1,39.56
15563,7446,115,1,276.86,0.1,249.17
15564,7447,160,1,40.26,0,40.26
15565,7448,97,1,23.97,0,23.97
15566,7448,64,2,113.76,0.1,204.77
15567,7449,84,1,13.12,0.2,10.5
15568,7450,127,1,268.94,0.1,242.05
15569,7450,152,2,66.12,0,132.24
15570,7450,157,1,65.63,0,65.63
15571,7451,84,2,13.12,0,26.24
15572,7451,61,1,12.8,0.15,10.88
15573,7451,157,2,65.63,0,131.26
15574,7451,91,1,50.62,0.1,45.56
15575,7452,88,1,39.57,0,39.57
15576,7452,97,1,23.97,0,23.97
15577,7453,148,1,60.49,0.15,51.42
15578,7453,43,2,75.67,0,151.34
15579,7454,40,1,53.97,0.1,48.57
15580,7454,152,1,66.12,0.1,59.51
15581,7455,145,1,84.99,0,84.99
15582,7456,158,1,14.07,0,14.07
15583,7456,54,1,92.65,0,92.65
15584,7457,16,2,232.17,0,464.34
15585,7458,29,1,122.84,0,122.84
15586,7459,103,1,74.37,0.1,66.93
15587,7459,98,1,11.23,0.1,10.11
15588,7460,6,1,180.27,0.15,153.23
15589,7460,18,2,268.84,0,537.68
15590,7460,152,1,66.12,0,66.12
15591,7461,85,1,74.75,0,74.75
15592,7461,64,2,113.76,0,227.52
15593,7462,152,2,66.12,0,132.24
15594,7462,144,1,11.66,0,11.66
15595,7463,19,1,229.68,0,229.68
15596,7463,61,1,12.8,0,12.8
15597,7464,54,2,92.65,0,185.3
15598,7465,34,1,164.11,0,164.11
15599,7466,84,1,13.12,0,13.12
15600,7466,53,1,86.91,0.15,73.87
15601,7467,39,2,43.96,0,87.92
15602,7467,142,1,31.27,0,31.27
15603,7468,64,1,113.76,0,113.76
15604,7469,34,1,164.11,0,164.11
15605,7469,10,1,116.26,0.2,93.01
15606,7470,93,1,19.37,0,19.37
15607,7471,54,1,92.65,0,92.65
15608,7471,74,1,41.44,0,41.44
15609,7472,33,2,49.0,0,98.0
15610,7472,18,1,268.84,0.1,241.96
15611,7472,145,1,84.99,0.15,72.24
15612,7472,139,1,70.5,0.1,63.45
15613,7473,34,1,164.11,0.1,147.7
15614,7474,13,2,132.43,0.1,238.37
15615,7474,79,1,40.31,0.15,34.26
15616,7475,12,1,291.22,0.1,262.1
15617,7476,140,1,66.53,0,66.53
15618,7476,34,2,164.11,0.1,295.4
15619,7477,142,2,31.27,0,62.54
15620,7478,136,1,116.14,0,116.14
15621,7479,141,2,71.69,0.1,129.04
15622,7479,119,1,213.48,0,213.48
15623,7479,53,2,86.91,0,173.82
15624,7479,152,1,66.12,0,66.12
15625,7480,54,2,92.65,0.2,148.24
15626,7481,64,1,113.76,0.1,102.38
15627,7481,53,1,86.91,0,86.91
15628,7481,89,1,41.71,0,41.71
15629,7481,44,1,83.07,0,83.07
15630,7482,17,1,75.74,0.15,64.38
15631,7482,121,1,374.5,0.1,337.05
15632,7482,58,1,151.67,0,151.67
15633,7482,56,2,48.94,0,97.88
15634,7483,120,2,179.87,0,359.74
15635,7484,34,1,164.11,0.15,139.49
15636,7485,64,2,113.76,0,227.52
15637,7485,158,1,14.07,0,14.07
15638,7485,107,1,335.62,0,335.62
15639,7486,6,1,180.27,0,180.27
15640,7487,113,1,274.17,0,274.17
15641,7488,8,2,255.14,0,510.28
15642,7488,140,1,66.53,0,66.53
15643,7488,57,1,91.71,0.15,77.95
15644,7489,64,1,113.76,0.1,102.38
15645,7489,107,2,335.62,0.15,570.55
15646,7490,153,2,99.2,0,198.4
15647,7490,31,1,121.18,0.1,109.06
15648,7490,75,1,185.8,0.1,167.22
15649,7491,41,1,179.88,0,179.88
15650,7492,88,2,39.57,0,79.14
15651,7492,143,1,69.82,0,69.82
15652,7492,109,3,22.1,0,66.3
15653,7493,91,1,50.62,0,50.62
15654,7493,13,1,132.43,0,132.43
15655,7493,126,2,319.24,0.1,574.63
15656,7493,74,1,41.44,0,41.44
15657,7494,148,1,60.49,0.1,54.44
15658,7494,94,1,59.56,0,59.56
15659,7494,118,1,357.71,0,357.71
15660,7494,48,1,156.79,0,156.79
15661,7495,97,1,23.97,0,23.97
15662,7496,158,2,14.07,0.1,25.33
15663,7496,44,1,83.07,0,83.07
15664,7496,68,1,204.27,0,204.27
15665,7496,42,1,80.28,0,80.28
15666,7497,58,3,151.67,0,455.01
15667,7498,9,1,98.65,0,98.65
15668,7498,54,1,92.65,0,92.65
15669,7499,141,1,71.69,0,71.69
15670,7500,152,2,66.12,0.1,119.02
15671,7501,134,2,40.72,0,81.44
15672,7502,11,1,176.03,0,176.03
15673,7502,101,1,68.79,0,68.79
15674,7503,33,1,49.0,0,49.0
15675,7504,32,1,49.75,0,49.75
15676,7505,20,1,84.59,0,84.59
15677,7505,132,1,101.25,0,101.25
15678,7506,54,1,92.65,0.1,83.39
15679,7506,126,1,319.24,0.15,271.35
15680,7507,129,1,36.16,0,36.16
15681,7507,98,2,11.23,0,22.46
15682,7508,61,2,12.8,0,25.6
15683,7508,110,2,59.23,0.15,100.69
15684,7509,75,1,185.8,0.15,157.93
15685,7509,142,1,31.27,0,31.27
15686,7510,31,1,121.18,0,121.18
15687,7510,97,1,23.97,0.15,20.37
15688,7511,18,1,268.84,0,268.84
15689,7512,47,1,173.41,0,173.41
15690,7513,39,1,43.96,0.1,39.56
15691,7514,54,2,92.65,0,185.3
15692,7515,57,1,91.71,0,91.71
15693,7516,35,1,124.39,0.15,105.73
15694,7516,70,1,67.88,0.1,61.09
15695,7516,119,2,213.48,0,426.96
15696,7516,33,3,49.0,0,147.0
15697,7517,49,2,111.88,0,223.76
15698,7518,46,3,64.69,0,194.07
15699,7518,18,1,268.84,0,268.84
15700,7519,8,1,255.14,0,255.14
15701,7519,135,1,105.74,0.1,95.17
15702,7520,11,3,176.03,0,528.09
15703,7521,42,1,80.28,0,80.28
15704,7521,54,1,92.65,0,92.65
15705,7522,132,1,101.25,0.15,86.06
15706,7522,116,1,217.77,0.1,195.99
15707,7523,18,2,268.84,0.1,483.91
15708,7523,54,1,92.65,0,92.65
15709,7524,54,1,92.65,0.1,83.39
15710,7525,125,1,226.52,0.15,192.54
15711,7526,152,1,66.12,0,66.12
15712,7526,114,1,240.92,0,240.92
15713,7527,71,1,16.86,0,16.86
15714,7527,158,1,14.07,0.15,11.96
15715,7528,145,1,84.99,0.15,72.24
15716,7529,6,2,180.27,0.15,306.46
15717,7530,34,3,164.11,0,492.33
15718,7530,115,1,276.86,0,276.86
15719,7530,112,2,329.53,0,659.06
15720,7530,74,1,41.44,0,41.44
15721,7531,31,1,121.18,0,121.18
15722,7531,19,3,229.68,0,689.04
15723,7531,34,1,164.11,0.1,147.7
15724,7531,43,1,75.67,0,75.67
15725,7531,39,2,43.96,0,87.92
15726,7532,126,2,319.24,0,638.48
15727,7532,5,1,135.87,0,135.87
15728,7533,152,1,66.12,0.15,56.2
15729,7534,68,1,204.27,0.15,173.63
15730,7534,119,1,213.48,0,213.48
15731,7535,56,3,48.94,0,146.82
15732,7536,113,2,274.17,0,548.34
15733,7536,153,1,99.2,0,99.2
15734,7537,94,1,59.56,0,59.56
15735,7538,17,1,75.74,0,75.74
15736,7538,2,2,198.54,0,397.08
15737,7538,145,1,84.99,0,84.99
15738,7538,82,3,54.72,0,164.16
15739,7538,34,1,164.11,0.1,147.7
15740,7539,75,1,185.8,0,185.8
15741,7539,5,1,135.87,0,135.87
15742,7539,93,1,19.37,0,19.37
15743,7539,24,1,346.45,0,346.45
15744,7540,53,2,86.91,0,173.82
15745,7541,13,1,132.43,0,132.43
15746,7542,71,2,16.86,0,33.72
15747,7543,68,1,204.27,0.1,183.84
15748,7543,145,2,84.99,0,169.98
15749,7544,1,1,134.64,0.2,107.71
15750,7544,50,1,55.81,0,55.81
15751,7545,34,1,164.11,0,164.11
15752,7545,2,1,198.54,0,198.54
15753,7545,101,1,68.79,0,68.79
15754,7545,78,1,77.23,0.1,69.51
15755,7546,72,1,196.03,0,196.03
15756,7546,106,1,187.33,0,187.33
15757,7547,156,2,17.86,0,35.72
15758,7548,113,1,274.17,0,274.17
15759,7548,97,1,23.97,0,23.97
15760,7549,75,1,185.8,0,185.8
15761,7550,118,1,357.71,0.1,321.94
15762,7551,129,1,36.16,0,36.16
15763,7552,140,1,66.53,0.1,59.88
15764,7552,113,1,274.17,0.2,219.34
15765,7552,102,1,116.44,0,116.44
15766,7553,49,1,111.88,0.1,100.69
15767,7553,33,2,49.0,0.15,83.3
15768,7553,54,1,92.65,0,92.65
15769,7553,140,1,66.53,0,66.53
15770,7554,92,1,74.46,0.1,67.01
15771,7554,33,1,49.0,0.15,41.65
15772,7554,111,1,282.79,0.1,254.51
15773,7554,79,1,40.31,0.1,36.28
15774,7555,53,2,86.91,0,173.82
15775,7555,35,1,124.39,0,124.39
15776,7555,33,1,49.0,0.1,44.1
15777,7556,61,1,12.8,0,12.8
15778,7556,54,1,92.65,0,92.65
15779,7556,58,2,151.67,0,303.34
15780,7557,12,1,291.22,0,291.22
15781,7557,54,1,92.65,0.15,78.75
15782,7557,48,1,156.79,0,156.79
15783,7558,121,1,374.5,0.1,337.05
15784,7558,90,1,52.82,0,52.82
15785,7559,35,1,124.39,0,124.39
15786,7560,115,1,276.86,0.1,249.17
15787,7561,11,2,176.03,0,352.06
15788,7562,108,1,97.45,0,97.45
15789,7563,94,2,59.56,0.1,107.21
15790,7564,156,2,17.86,0,35.72
15791,7564,110,1,59.23,0,59.23
15792,7564,119,1,213.48,0,213.48
15793,7564,160,1,40.26,0,40.26
15794,7565,42,1,80.28,0,80.28
15795,7565,80,1,41.32,0,41.32
15796,7565,8,1,255.14,0,255.14
15797,7566,1,1,134.64,0,134.64
15798,7566,85,1,74.75,0,74.75
15799,7567,38,2,79.64,0,159.28
15800,7567,138,1,24.71,0,24.71
15801,7568,13,1,132.43,0,132.43
15802,7569,107,3,335.62,0,1006.86
15803,7569,106,1,187.33,0.15,159.23
15804,7569,54,1,92.65,0.1,83.39
15805,7570,54,1,92.65,0,92.65
15806,7570,147,1,23.93,0,23.93
15807,7571,159,1,57.51,0,57.51
15808,7572,121,1,374.5,0,374.5
15809,7572,2,1,198.54,0,198.54
15810,7573,42,3,80.28,0.1,216.76
15811,7573,135,1,105.74,0,105.74
15812,7573,152,1,66.12,0.1,59.51
15813,7574,5,1,135.87,0.1,122.28
15814,7574,52,1,190.14,0,190.14
15815,7574,87,1,40.81,0,40.81
15816,7574,64,1,113.76,0.1,102.38
15817,7575,19,1,229.68,0.15,195.23
15818,7575,156,1,17.86,0,17.86
15819,7575,40,1,53.97,0,53.97
15820,7575,76,1,65.54,0,65.54
15821,7576,129,1,36.16,0,36.16
15822,7576,37,3,83.16,0,249.48
15823,7577,29,1,122.84,0.2,98.27
15824,7577,160,2,40.26,0,80.52
15825,7577,56,1,48.94,0,48.94
15826,7578,84,1,13.12,0,13.12
15827,7579,61,1,12.8,0.1,11.52
15828,7580,43,1,75.67,0,75.67
15829,7581,53,1,86.91,0.15,73.87
15830,7581,160,1,40.26,0.2,32.21
15831,7582,39,1,43.96,0,43.96
15832,7583,71,1,16.86,0.15,14.33
15833,7584,121,1,374.5,0.15,318.32
15834,7584,149,1,68.48,0,68.48
15835,7585,158,1,14.07,0,14.07
15836,7585,118,1,357.71,0,357.71
15837,7586,54,1,92.65,0,92.65
15838,7587,54,2,92.65,0.1,166.77
15839,7588,85,1,74.75,0,74.75
15840,7589,142,1,31.27,0,31.27
15841,7589,63,3,115.75,0.1,312.53
15842,7590,67,1,62.01,0,62.01
15843,7590,132,2,101.25,0.2,162.0
15844,7591,87,1,40.81,0.1,36.73
15845,7591,31,2,121.18,0,242.36
15846,7592,64,1,113.76,0,113.76
15847,7593,143,1,69.82,0,69.82
15848,7594,72,1,196.03,0,196.03
15849,7594,60,1,294.14,0,294.14
15850,7594,121,2,374.5,0,749.0
15851,7594,145,1,84.99,0,84.99
15852,7594,54,1,92.65,0.15,78.75
15853,7595,5,1,135.87,0.15,115.49
15854,7595,152,2,66.12,0,132.24
15855,7596,139,1,70.5,0,70.5
15856,7596,152,1,66.12,0,66.12
15857,7597,27,1,21.73,0,21.73
15858,7597,76,1,65.54,0,65.54
15859,7598,38,1,79.64,0,79.64
15860,7598,157,1,65.63,0,65.63
15861,7598,20,1,84.59,0,84.59
15862,7599,53,2,86.91,0.1,156.44
15863,7600,63,1,115.75,0,115.75
15864,7600,97,2,23.97,0,47.94
15865,7601,31,1,121.18,0.15,103.0
15866,7602,56,1,48.94,0,48.94
15867,7602,119,1,213.48,0.1,192.13
15868,7603,140,1,66.53,0,66.53
15869,7604,29,1,122.84,0,122.84
15870,7604,62,1,117.07,0.15,99.51
15871,7605,101,1,68.79,0.15,58.47
15872,7605,89,1,41.71,0,41.71
15873,7606,157,1,65.63,0,65.63
15874,7606,121,1,374.5,0,374.5
15875,7607,19,2,229.68,0,459.36
15876,7607,149,1,68.48,0,68.48
15877,7608,107,2,335.62,0.1,604.12
15878,7609,17,1,75.74,0,75.74
15879,7609,97,1,23.97,0,23.97
15880,7610,123,1,92.73,0,92.73
15881,7610,30,1,168.06,0,168.06
15882,7611,94,1,59.56,0,59.56
15883,7611,39,2,43.96,0.1,79.13
15884,7612,54,1,92.65,0,92.65
15885,7612,106,1,187.33,0,187.33
15886,7612,136,2,116.14,0,232.28
15887,7613,150,2,44.1,0,88.2
15888,7613,64,1,113.76,0.1,102.38
15889,7613,54,1,92.65,0,92.65
15890,7613,139,1,70.5,0.15,59.92
15891,7614,18,1,268.84,0,268.84
15892,7615,61,2,12.8,0,25.6
15893,7615,119,2,213.48,0,426.96
15894,7615,42,1,80.28,0,80.28
15895,7615,121,3,374.5,0,1123.5
15896,7616,110,2,59.23,0,118.46
15897,7616,72,1,196.03,0,196.03
15898,7617,102,1,116.44,0,116.44
15899,7618,79,1,40.31,0,40.31
15900,7618,56,1,48.94,0,48.94
15901,7618,146,2,20.85,0,41.7
15902,7619,121,3,374.5,0.2,898.8
15903,7619,127,1,268.94,0,268.94
15904,7619,136,3,116.14,0,348.42
15905,7619,118,1,357.71,0,357.71
15906,7620,110,1,59.23,0,59.23
15907,7620,145,1,84.99,0,84.99
15908,7621,114,1,240.92,0.1,216.83
15909,7621,17,2,75.74,0,151.48
15910,7621,91,1,50.62,0,50.62
15911,7621,39,3,43.96,0,131.88
15912,7621,54,2,92.65,0,185.3
15913,7622,33,1,49.0,0,49.0
15914,7623,18,1,268.84,0,268.84
15915,7623,160,1,40.26,0,40.26
15916,7623,111,1,282.79,0.15,240.37
15917,7624,113,1,274.17,0,274.17
15918,7624,91,2,50.62,0,101.24
15919,7625,99,1,79.98,0.15,67.98
15920,7625,71,1,16.86,0,16.86
15921,7625,46,2,64.69,0,129.38
15922,7626,76,2,65.54,0,131.08
15923,7626,159,1,57.51,0,57.51
15924,7627,91,1,50.62,0.15,43.03
15925,7627,84,1,13.12,0,13.12
15926,7628,112,1,329.53,0,329.53
15927,7628,39,2,43.96,0,87.92
15928,7629,148,1,60.49,0,60.49
15929,7629,111,1,282.79,0,282.79
15930,7629,1,1,134.64,0.1,121.18
15931,7630,119,1,213.48,0.2,170.78
15932,7630,56,1,48.94,0,48.94
15933,7630,86,1,8.05,0,8.05
15934,7631,39,1,43.96,0,43.96
15935,7632,154,1,83.05,0,83.05
15936,7633,115,2,276.86,0,553.72
15937,7634,54,1,92.65,0,92.65
15938,7634,94,2,59.56,0,119.12
15939,7634,132,1,101.25,0.1,91.12
15940,7635,41,1,179.88,0.2,143.9
15941,7636,54,3,92.65,0.2,222.36
15942,7637,157,1,65.63,0,65.63
15943,7637,30,1,168.06,0.15,142.85
15944,7638,91,1,50.62,0,50.62
15945,7638,72,1,196.03,0,196.03
15946,7638,41,1,179.88,0,179.88
15947,7639,101,1,68.79,0,68.79
15948,7639,114,1,240.92,0,240.92
15949,7640,88,1,39.57,0,39.57
15950,7640,106,1,187.33,0,187.33
15951,7640,6,1,180.27,0,180.27
15952,7641,39,2,43.96,0,87.92
15953,7642,159,2,57.51,0,115.02
15954,7643,31,1,121.18,0.1,109.06
15955,7643,119,1,213.48,0,213.48
15956,7644,25,1,292.94,0,292.94
15957,7644,103,1,74.37,0.2,59.5
15958,7645,152,2,66.12,0.1,119.02
15959,7646,18,1,268.84,0.2,215.07
15960,7646,20,1,84.59,0,84.59
15961,7647,54,2,92.65,0.15,157.5
15962,7648,13,1,132.43,0.2,105.94
15963,7649,22,1,399.88,0,399.88
15964,7649,2,1,198.54,0.15,168.76
15965,7650,84,1,13.12,0,13.12
15966,7650,68,1,204.27,0,204.27
15967,7651,54,1,92.65,0,92.65
15968,7651,121,1,374.5,0,374.5
15969,7652,116,1,217.77,0.15,185.1
15970,7653,102,2,116.44,0,232.88
15971,7654,88,1,39.57,0.1,35.61
15972,7655,81,1,52.03,0,52.03
15973,7656,58,2,151.67,0,303.34
15974,7656,135,1,105.74,0,105.74
15975,7657,10,1,116.26,0,116.26
15976,7658,88,2,39.57,0,79.14
15977,7658,39,2,43.96,0,87.92
15978,7658,57,1,91.71,0,91.71
15979,7659,1,2,134.64,0,269.28
15980,7659,46,1,64.69,0,64.69
15981,7660,52,2,190.14,0.1,342.25
15982,7660,139,1,70.5,0,70.5
15983,7660,125,1,226.52,0,226.52
15984,7660,131,2,62.23,0,124.46
15985,7661,71,1,16.86,0,16.86
15986,7662,38,1,79.64,0,79.64
15987,7662,54,1,92.65,0.15,78.75
15988,7663,1,1,134.64,0.1,121.18
15989,7664,49,1,111.88,0,111.88
15990,7664,61,1,12.8,0,12.8
15991,7664,152,1,66.12,0,66.12
15992,7665,39,1,43.96,0.1,39.56
15993,7665,12,1,291.22,0.15,247.54
15994,7665,64,1,113.76,0,113.76
15995,7666,39,1,43.96,0,43.96
15996,7666,39,1,43.96,0.1,39.56
15997,7667,57,2,91.71,0,183.42
15998,7668,119,2,213.48,0,426.96
15999,7669,97,1,23.97,0,23.97
16000,7670,158,2,14.07,0,28.14
16001,7671,88,1,39.57,0,39.57
16002,7672,111,2,282.79,0,565.58
16003,7672,140,1,66.53,0.1,59.88
16004,7673,102,1,116.44,0.2,93.15
16005,7674,35,1,124.39,0.15,105.73
16006,7674,56,1,48.94,0,48.94
16007,7675,15,1,152.22,0,152.22
16008,7675,140,3,66.53,0,199.59
16009,7676,54,1,92.65,0,92.65
16010,7676,119,1,213.48,0.15,181.46
16011,7677,39,2,43.96,0.1,79.13
16012,7677,55,1,295.32,0,295.32
16013,7677,97,1,23.97,0,23.97
16014,7678,148,3,60.49,0,181.47
16015,7679,145,2,84.99,0,169.98
16016,7679,157,1,65.63,0,65.63
16017,7680,158,1,14.07,0.1,12.66
16018,7680,71,1,16.86,0.2,13.49
16019,7681,129,1,36.16,0.15,30.74
16020,7681,8,2,255.14,0,510.28
16021,7681,139,1,70.5,0,70.5
16022,7681,31,1,121.18,0,121.18
16023,7682,140,2,66.53,0,133.06
16024,7683,17,2,75.74,0.1,136.33
16025,7683,91,1,50.62,0.15,43.03
16026,7684,54,2,92.65,0,185.3
16027,7685,135,1,105.74,0,105.74
16028,7686,84,1,13.12,0.2,10.5
16029,7687,110,1,59.23,0.1,53.31
16030,7688,44,1,83.07,0,83.07
16031,7688,38,1,79.64,0,79.64
16032,7689,61,1,12.8,0,12.8
16033,7689,98,1,11.23,0,11.23
16034,7689,119,2,213.48,0,426.96
16035,7689,49,1,111.88,0.1,100.69
16036,7690,152,3,66.12,0.1,178.52
16037,7690,21,1,274.21,0.1,246.79
16038,7690,67,2,62.01,0,124.02
16039,7690,91,1,50.62,0.15,43.03
16040,7691,142,1,31.27,0,31.27
16041,7691,154,1,83.05,0,83.05
16042,7692,107,1,335.62,0,335.62
16043,7693,70,2,67.88,0.2,108.61
16044,7693,54,1,92.65,0,92.65
16045,7693,61,1,12.8,0,12.8
16046,7694,82,1,54.72,0,54.72
16047,7694,9,1,98.65,0,98.65
16048,7695,111,1,282.79,0.2,226.23
16049,7695,124,2,13.96,0,27.92
16050,7695,57,1,91.71,0.15,77.95
16051,7696,39,1,43.96,0,43.96
16052,7696,119,1,213.48,0,213.48
16053,7696,125,1,226.52,0,226.52
16054,7697,132,1,101.25,0,101.25
16055,7698,19,1,229.68,0,229.68
16056,7698,21,1,274.21,0,274.21
16057,7698,152,1,66.12,0,66.12
16058,7699,54,3,92.65,0,277.95
16059,7699,65,2,172.37,0,344.74
16060,7700,152,1,66.12,0,66.12
16061,7701,30,1,168.06,0,168.06
16062,7702,46,2,64.69,0,129.38
16063,7703,152,1,66.12,0.1,59.51
16064,7703,89,2,41.71,0,83.42
16065,7703,11,2,176.03,0,352.06
16066,7704,88,1,39.57,0.2,31.66
16067,7705,3,1,101.49,0,101.49
16068,7705,54,1,92.65,0,92.65
16069,7705,35,1,124.39,0,124.39
16070,7706,56,3,48.94,0,146.82
16071,7706,54,1,92.65,0.15,78.75
16072,7706,64,1,113.76,0.15,96.7
16073,7707,78,1,77.23,0,77.23
16074,7708,97,1,23.97,0.15,20.37
16075,7708,139,2,70.5,0.1,126.9
16076,7709,111,1,282.79,0,282.79
16077,7709,60,2,294.14,0,588.28
16078,7710,160,1,40.26,0,40.26
16079,7711,54,1,92.65,0.2,74.12
16080,7712,160,2,40.26,0.15,68.44
16081,7712,64,3,113.76,0.15,290.09
16082,7713,35,1,124.39,0,124.39
16083,7713,97,1,23.97,0,23.97
16084,7714,2,1,198.54,0.1,178.69
16085,7715,30,1,168.06,0,168.06
16086,7715,2,1,198.54,0,198.54
16087,7715,3,1,101.49,0,101.49
16088,7715,143,1,69.82,0,69.82
16089,7715,101,1,68.79,0,68.79
16090,7716,40,1,53.97,0.1,48.57
16091,7717,150,1,44.1,0,44.1
16092,7718,39,1,43.96,0.15,37.37
16093,7719,85,1,74.75,0,74.75
16094,7720,27,1,21.73,0,21.73
16095,7721,18,1,268.84,0,268.84
16096,7722,58,1,151.67,0,151.67
16097,7722,108,1,97.45,0,97.45
16098,7723,111,1,282.79,0,282.79
16099,7723,158,1,14.07,0,14.07
16100,7724,158,3,14.07,0,42.21
16101,7724,42,1,80.28,0,80.28
16102,7725,83,2,23.95,0,47.9
16103,7725,137,3,15.32,0.1,41.36
16104,7725,3,2,101.49,0,202.98
16105,7726,18,1,268.84,0,268.84
16106,7726,146,1,20.85,0,20.85
16107,7726,147,3,23.93,0.15,61.02
16108,7727,11,2,176.03,0,352.06
16109,7727,5,2,135.87,0,271.74
16110,7727,156,2,17.86,0,35.72
16111,7728,85,1,74.75,0,74.75
16112,7728,27,1,21.73,0,21.73
16113,7729,90,3,52.82,0.1,142.61
16114,7730,61,3,12.8,0,38.4
16115,7730,96,1,51.37,0.1,46.23
16116,7731,39,1,43.96,0,43.96
16117,7732,140,1,66.53,0.1,59.88
16118,7732,78,2,77.23,0.2,123.57
16119,7732,77,1,42.23,0,42.23
16120,7732,66,2,279.67,0.1,503.41
16121,7733,54,3,92.65,0,277.95
16122,7734,155,1,82.21,0.15,69.88
16123,7735,27,1,21.73,0,21.73
16124,7736,107,1,335.62,0.15,285.28
16125,7736,114,1,240.92,0,240.92
16126,7736,62,1,117.07,0,117.07
16127,7737,90,1,52.82,0,52.82
16128,7738,29,1,122.84,0,122.84
16129,7738,72,1,196.03,0.2,156.82
16130,7738,54,2,92.65,0,185.3
16131,7739,135,1,105.74,0,105.74
16132,7739,40,1,53.97,0,53.97
16133,7739,39,2,43.96,0,87.92
16134,7740,63,1,115.75,0.1,104.17
16135,7741,98,2,11.23,0,22.46
16136,7741,70,1,67.88,0,67.88
16137,7742,19,1,229.68,0.15,195.23
16138,7742,64,1,113.76,0,113.76
16139,7742,54,1,92.65,0,92.65
16140,7742,113,1,274.17,0,274.17
16141,7743,41,1,179.88,0,179.88
16142,7743,34,2,164.11,0,328.22
16143,7744,53,1,86.91,0,86.91
16144,7744,149,1,68.48,0.1,61.63
16145,7745,97,1,23.97,0,23.97
16146,7746,70,1,67.88,0,67.88
16147,7747,111,1,282.79,0,282.79
16148,7748,114,1,240.92,0,240.92
16149,7748,56,1,48.94,0,48.94
16150,7749,119,1,213.48,0.1,192.13
16151,7750,91,1,50.62,0.15,43.03
16152,7750,54,1,92.65,0,92.65
16153,7750,54,3,92.65,0.1,250.16
16154,7750,108,1,97.45,0,97.45
16155,7751,71,3,16.86,0.15,42.99
16156,7752,84,2,13.12,0,26.24
16157,7752,114,1,240.92,0.15,204.78
16158,7753,18,1,268.84,0,268.84
16159,7753,141,1,71.69,0,71.69
16160,7754,9,1,98.65,0,98.65
16161,7754,152,1,66.12,0.1,59.51
16162,7755,121,1,374.5,0,374.5
16163,7755,34,1,164.11,0,164.11
16164,7755,88,1,39.57,0.1,35.61
16165,7756,119,1,213.48,0,213.48
16166,7756,88,1,39.57,0,39.57
16167,7756,25,1,292.94,0,292.94
16168,7756,54,1,92.65,0.15,78.75
16169,7757,127,1,268.94,0.1,242.05
16170,7758,76,1,65.54,0,65.54
16171,7759,84,1,13.12,0,13.12
16172,7760,3,1,101.49,0,101.49
16173,7761,152,1,66.12,0,66.12
16174,7761,97,1,23.97,0.1,21.57
16175,7762,66,1,279.67,0,279.67
16176,7763,124,1,13.96,0.1,12.56
16177,7763,53,1,86.91,0,86.91
16178,7764,107,1,335.62,0,335.62
16179,7764,121,1,374.5,0,374.5
16180,7764,37,1,83.16,0,83.16
16181,7764,47,1,173.41,0,173.41
16182,7765,85,1,74.75,0,74.75
16183,7765,87,3,40.81,0.1,110.19
16184,7765,54,1,92.65,0.15,78.75
16185,7765,54,1,92.65,0.15,78.75
16186,7766,108,3,97.45,0,292.35
16187,7767,85,1,74.75,0.15,63.54
16188,7767,111,1,282.79,0,282.79
16189,7767,40,2,53.97,0,107.94
16190,7768,78,1,77.23,0,77.23
16191,7769,39,1,43.96,0,43.96
16192,7769,5,1,135.87,0,135.87
16193,7770,84,1,13.12,0.15,11.15
16194,7771,150,1,44.1,0.2,35.28
16195,7771,142,2,31.27,0,62.54
16196,7771,31,1,121.18,0,121.18
16197,7772,93,2,19.37,0,38.74
16198,7772,89,1,41.71,0.1,37.54
16199,7772,76,2,65.54,0,131.08
16200,7773,107,1,335.62,0,335.62
16201,7774,113,1,274.17,0.15,233.04
16202,7775,93,2,19.37,0.15,32.93
16203,7776,158,2,14.07,0.1,25.33
16204,7776,60,1,294.14,0.1,264.73
16205,7776,64,1,113.76,0.2,91.01
16206,7777,49,1,111.88,0.1,100.69
16207,7777,94,1,59.56,0.1,53.6
16208,7778,121,1,374.5,0,374.5
16209,7778,107,1,335.62,0.15,285.28
16210,7779,88,2,39.57,0.1,71.23
16211,7779,136,1,116.14,0,116.14
16212,7779,118,1,357.71,0,357.71
16213,7779,17,1,75.74,0,75.74
16214,7779,119,3,213.48,0,640.44
16215,7780,63,1,115.75,0,115.75
16216,7780,127,1,268.94,0,268.94
16217,7781,152,1,66.12,0,66.12
16218,7782,121,2,374.5,0,749.0
16219,7783,62,1,117.07,0.1,105.36
16220,7783,20,1,84.59,0,84.59
16221,7783,71,1,16.86,0,16.86
16222,7783,6,1,180.27,0,180.27
16223,7784,40,1,53.97,0,53.97
16224,7784,141,1,71.69,0,71.69
16225,7784,113,1,274.17,0,274.17
16226,7784,143,1,69.82,0,69.82
16227,7785,160,1,40.26,0,40.26
16228,7786,43,2,75.67,0.15,128.64
16229,7786,145,1,84.99,0.1,76.49
16230,7786,74,1,41.44,0,41.44
16231,7787,54,2,92.65,0,185.3
16232,7788,112,1,329.53,0,329.53
16233,7788,54,1,92.65,0,92.65
16234,7789,41,1,179.88,0,179.88
16235,7790,135,2,105.74,0,211.48
16236,7790,30,2,168.06,0,336.12
16237,7791,33,1,49.0,0,49.0
16238,7791,117,1,173.82,0,173.82
16239,7791,33,1,49.0,0.1,44.1
16240,7791,92,1,74.46,0,74.46
16241,7792,82,1,54.72,0,54.72
16242,7792,54,1,92.65,0.1,83.39
16243,7792,85,2,74.75,0,149.5
16244,7792,154,1,83.05,0.1,74.75
16245,7793,2,2,198.54,0,397.08
16246,7793,75,1,185.8,0,185.8
16247,7794,17,1,75.74,0.1,68.17
16248,7794,146,1,20.85,0,20.85
16249,7794,56,1,48.94,0.15,41.6
16250,7795,39,1,43.96,0,43.96
16251,7795,145,1,84.99,0.1,76.49
16252,7796,142,3,31.27,0,93.81
16253,7796,54,1,92.65,0,92.65
16254,7797,50,1,55.81,0,55.81
16255,7797,118,1,357.71,0,357.71
16256,7798,84,1,13.12,0,13.12
16257,7798,25,1,292.94,0.2,234.35
16258,7799,67,1,62.01,0.1,55.81
16259,7800,25,3,292.94,0.15,747.0
16260,7800,97,1,23.97,0,23.97
16261,7800,15,1,152.22,0,152.22
16262,7801,57,1,91.71,0,91.71
16263,7801,53,1,86.91,0.15,73.87
16264,7802,135,1,105.74,0.15,89.88
16265,7802,50,1,55.81,0,55.81
16266,7802,78,1,77.23,0,77.23
16267,7802,152,1,66.12,0.2,52.9
16268,7803,9,2,98.65,0,197.3
16269,7803,5,1,135.87,0.1,122.28
16270,7803,9,2,98.65,0,197.3
16271,7804,98,1,11.23,0,11.23
16272,7805,108,2,97.45,0,194.9
16273,7805,98,2,11.23,0.2,17.97
16274,7805,26,1,66.46,0,66.46
16275,7806,150,1,44.1,0,44.1
16276,7806,52,2,190.14,0.15,323.24
16277,7806,71,3,16.86,0,50.58
16278,7806,64,1,113.76,0,113.76
16279,7807,128,2,398.69,0.2,637.9
16280,7807,127,1,268.94,0,268.94
16281,7807,1,1,134.64,0.15,114.44
16282,7808,125,3,226.52,0.2,543.65
16283,7808,63,2,115.75,0,231.5
16284,7808,1,2,134.64,0,269.28
16285,7808,54,1,92.65,0,92.65
16286,7809,82,1,54.72,0.1,49.25
16287,7809,87,1,40.81,0,40.81
16288,7810,50,1,55.81,0,55.81
16289,7810,77,1,42.23,0,42.23
16290,7811,86,1,8.05,0.2,6.44
16291,7811,54,2,92.65,0,185.3
16292,7812,139,1,70.5,0,70.5
16293,7812,43,1,75.67,0.1,68.1
16294,7813,98,1,11.23,0,11.23
16295,7813,53,1,86.91,0,86.91
16296,7813,30,3,168.06,0,504.18
16297,7814,41,2,179.88,0.2,287.81
16298,7814,18,1,268.84,0,268.84
16299,7815,153,1,99.2,0,99.2
16300,7815,78,2,77.23,0.1,139.01
16301,7816,121,1,374.5,0.1,337.05
16302,7817,54,2,92.65,0.1,166.77
16303,7817,57,2,91.71,0,183.42
16304,7817,113,1,274.17,0.1,246.75
16305,7818,17,1,75.74,0,75.74
16306,7818,128,3,398.69,0,1196.07
16307,7819,160,1,40.26,0.1,36.23
16308,7820,71,1,16.86,0,16.86
16309,7820,91,1,50.62,0,50.62
16310,7820,33,3,49.0,0,147.0
16311,7821,115,1,276.86,0.2,221.49
16312,7821,119,1,213.48,0,213.48
16313,7821,160,1,40.26,0,40.26
16314,7821,89,1,41.71,0,41.71
16315,7822,157,1,65.63,0,65.63
16316,7822,98,1,11.23,0,11.23
16317,7822,27,2,21.73,0.1,39.11
16318,7823,121,1,374.5,0.1,337.05
16319,7823,160,1,40.26,0.2,32.21
16320,7823,84,3,13.12,0,39.36
16321,7823,19,1,229.68,0,229.68
16322,7823,121,1,374.5,0,374.5
16323,7824,130,1,68.02,0,68.02
16324,7825,83,1,23.95,0,23.95
16325,7825,54,1,92.65,0,92.65
16326,7826,129,1,36.16,0,36.16
16327,7826,41,1,179.88,0,179.88
16328,7827,158,1,14.07,0,14.07
16329,7828,54,1,92.65,0,92.65
16330,7829,141,1,71.69,0,71.69
16331,7829,54,1,92.65,0,92.65
16332,7829,92,1,74.46,0,74.46
16333,7830,132,2,101.25,0.1,182.25
16334,7830,97,1,23.97,0,23.97
16335,7830,111,1,282.79,0,282.79
16336,7831,40,1,53.97,0,53.97
16337,7832,124,1,13.96,0.2,11.17
16338,7832,97,2,23.97,0.1,43.15
16339,7833,143,2,69.82,0,139.64
16340,7833,119,1,213.48,0,213.48
16341,7834,146,1,20.85,0,20.85
16342,7835,11,1,176.03,0.1,158.43
16343,7835,148,1,60.49,0,60.49
16344,7835,42,1,80.28,0,80.28
16345,7836,57,3,91.71,0.2,220.1
16346,7836,67,1,62.01,0.1,55.81
16347,7836,49,1,111.88,0,111.88
16348,7837,34,1,164.11,0,164.11
16349,7838,136,2,116.14,0,232.28
16350,7838,70,1,67.88,0,67.88
16351,7838,43,1,75.67,0.15,64.32
16352,7838,71,2,16.86,0,33.72
16353,7839,54,1,92.65,0,92.65
16354,7839,33,1,49.0,0,49.0
16355,7839,152,3,66.12,0,198.36
16356,7839,152,2,66.12,0,132.24
16357,7840,145,2,84.99,0,169.98
16358,7841,57,2,91.71,0.15,155.91
16359,7842,129,1,36.16,0.15,30.74
16360,7843,78,1,77.23,0,77.23
16361,7843,87,2,40.81,0,81.62
16362,7843,7,1,33.9,0,33.9
16363,7843,54,2,92.65,0,185.3
16364,7844,102,1,116.44,0,116.44
16365,7844,54,2,92.65,0,185.3
16366,7845,101,1,68.79,0,68.79
16367,7845,8,1,255.14,0.1,229.63
16368,7845,60,1,294.14,0.2,235.31
16369,7846,96,1,51.37,0.1,46.23
16370,7847,54,1,92.65,0.2,74.12
16371,7848,105,2,348.07,0,696.14
16372,7848,31,1,121.18,0,121.18
16373,7849,102,1,116.44,0,116.44
16374,7849,54,2,92.65,0.15,157.5
16375,7849,51,1,33.99,0,33.99
16376,7850,108,1,97.45,0,97.45
16377,7850,149,1,68.48,0,68.48
16378,7850,52,1,190.14,0,190.14
16379,7850,33,1,49.0,0,49.0
16380,7850,1,1,134.64,0.15,114.44
16381,7851,84,1,13.12,0.1,11.81
16382,7852,46,1,64.69,0,64.69
16383,7853,44,1,83.07,0,83.07
16384,7854,40,1,53.97,0.1,48.57
16385,7854,111,1,282.79,0,282.79
16386,7854,40,3,53.97,0.1,145.72
16387,7854,149,1,68.48,0.1,61.63
16388,7855,91,1,50.62,0,50.62
16389,7855,103,1,74.37,0.15,63.21
16390,7855,74,1,41.44,0,41.44
16391,7856,111,1,282.79,0,282.79
16392,7856,106,1,187.33,0,187.33
16393,7856,54,1,92.65,0.1,83.39
16394,7856,94,1,59.56,0.1,53.6
16395,7856,116,2,217.77,0,435.54
16396,7857,8,1,255.14,0.15,216.87
16397,7858,121,2,374.5,0,749.0
16398,7858,19,1,229.68,0,229.68
16399,7859,37,1,83.16,0.1,74.84
16400,7860,54,1,92.65,0.15,78.75
16401,7860,18,3,268.84,0,806.52
16402,7861,106,1,187.33,0,187.33
16403,7861,119,1,213.48,0,213.48
16404,7862,89,1,41.71,0,41.71
16405,7863,110,2,59.23,0,118.46
16406,7863,28,1,93.65,0,93.65
16407,7864,55,1,295.32,0.1,265.79
16408,7865,54,1,92.65,0,92.65
16409,7866,132,1,101.25,0.15,86.06
16410,7866,114,1,240.92,0,240.92
16411,7866,1,1,134.64,0,134.64
16412,7866,16,1,232.17,0.1,208.95
16413,7867,160,1,40.26,0,40.26
16414,7867,136,3,116.14,0.2,278.74
16415,7867,106,1,187.33,0,187.33
16416,7868,31,1,121.18,0.15,103.0
16417,7868,54,2,92.65,0.2,148.24
16418,7868,139,1,70.5,0,70.5
16419,7868,150,2,44.1,0.15,74.97
16420,7869,94,1,59.56,0,59.56
16421,7869,132,1,101.25,0,101.25
16422,7869,82,1,54.72,0,54.72
16423,7869,22,1,399.88,0.15,339.9
16424,7870,54,2,92.65,0,185.3
16425,7870,94,1,59.56,0,59.56
16426,7870,39,1,43.96,0,43.96
16427,7870,140,1,66.53,0,66.53
16428,7870,114,1,240.92,0,240.92
16429,7871,98,1,11.23,0.1,10.11
16430,7872,17,2,75.74,0.15,128.76
16431,7872,2,2,198.54,0,397.08
16432,7873,118,2,357.71,0.15,608.11
16433,7873,63,1,115.75,0,115.75
16434,7874,11,1,176.03,0,176.03
16435,7874,81,1,52.03,0,52.03
16436,7875,61,1,12.8,0,12.8
16437,7875,91,1,50.62,0.2,40.5
16438,7876,119,2,213.48,0.15,362.92
16439,7877,152,1,66.12,0,66.12
16440,7878,54,1,92.65,0.1,83.39
16441,7878,44,1,83.07,0.1,74.76
16442,7878,71,2,16.86,0,33.72
16443,7878,149,1,68.48,0.15,58.21
16444,7878,9,1,98.65,0,98.65
16445,7879,137,1,15.32,0,15.32
16446,7879,47,1,173.41,0,173.41
16447,7879,95,2,42.95,0,85.9
16448,7879,36,1,143.82,0.15,122.25
16449,7879,25,1,292.94,0,292.94
16450,7880,101,1,68.79,0.15,58.47
16451,7881,93,1,19.37,0.1,17.43
16452,7881,107,1,335.62,0,335.62
16453,7882,132,1,101.25,0,101.25
16454,7883,98,1,11.23,0,11.23
16455,7883,142,1,31.27,0,31.27
16456,7883,126,1,319.24,0,319.24
16457,7883,56,1,48.94,0,48.94
16458,7884,149,1,68.48,0.15,58.21
16459,7884,128,1,398.69,0,398.69
16460,7884,42,1,80.28,0.1,72.25
16461,7885,101,2,68.79,0,137.58
16462,7886,135,1,105.74,0.2,84.59
16463,7886,21,1,274.21,0,274.21
16464,7887,119,2,213.48,0.15,362.92
16465,7887,13,1,132.43,0,132.43
16466,7888,84,2,13.12,0.1,23.62
16467,7889,38,2,79.64,0,159.28
16468,7890,124,1,13.96,0.15,11.87
16469,7890,40,1,53.97,0,53.97
16470,7890,149,2,68.48,0,136.96
16471,7891,54,1,92.65,0,92.65
16472,7891,73,1,43.45,0,43.45
16473,7892,40,1,53.97,0.15,45.87
16474,7892,61,3,12.8,0.1,34.56
16475,7893,97,2,23.97,0.1,43.15
16476,7894,9,1,98.65,0.1,88.79
16477,7895,82,1,54.72,0,54.72
16478,7896,120,1,179.87,0,179.87
16479,7896,16,1,232.17,0,232.17
16480,7897,26,1,66.46,0,66.46
16481,7897,58,1,151.67,0,151.67
16482,7898,62,1,117.07,0.15,99.51
16483,7899,123,1,92.73,0.2,74.18
16484,7899,103,3,74.37,0,223.11
16485,7899,74,1,41.44,0.15,35.22
16486,7900,144,1,11.66,0,11.66
16487,7900,26,1,66.46,0,66.46
16488,7901,144,2,11.66,0,23.32
16489,7902,114,1,240.92,0.15,204.78
16490,7903,152,1,66.12,0,66.12
16491,7903,34,1,164.11,0.15,139.49
16492,7904,119,1,213.48,0,213.48
16493,7905,150,2,44.1,0.1,79.38
16494,7905,117,3,173.82,0.15,443.24
16495,7906,61,1,12.8,0,12.8
16496,7907,129,1,36.16,0,36.16
16497,7907,98,1,11.23,0,11.23
16498,7907,158,1,14.07,0,14.07
16499,7907,88,1,39.57,0,39.57
16500,7908,160,1,40.26,0.1,36.23
16501,7909,113,2,274.17,0,548.34
16502,7910,1,1,134.64,0.15,114.44
16503,7911,54,1,92.65,0.2,74.12
16504,7912,38,1,79.64,0,79.64
16505,7912,56,1,48.94,0,48.94
16506,7913,70,1,67.88,0,67.88
16507,7913,111,2,282.79,0.1,509.02
16508,7913,9,1,98.65,0,98.65
16509,7914,100,1,69.29,0,69.29
16510,7914,54,1,92.65,0.15,78.75
16511,7915,97,1,23.97,0,23.97
16512,7915,57,1,91.71,0,91.71
16513,7915,88,1,39.57,0,39.57
16514,7915,43,2,75.67,0,151.34
16515,7915,47,1,173.41,0,173.41
16516,7916,54,2,92.65,0.1,166.77
16517,7917,125,3,226.52,0,679.56
16518,7917,112,1,329.53,0.1,296.58
16519,7917,129,1,36.16,0,36.16
16520,7918,136,1,116.14,0,116.14
16521,7918,101,1,68.79,0.15,58.47
16522,7918,50,1,55.81,0,55.81
16523,7919,36,1,143.82,0,143.82
16524,7919,27,2,21.73,0,43.46
16525,7920,48,2,156.79,0.1,282.22
16526,7921,20,1,84.59,0.2,67.67
16527,7921,91,1,50.62,0,50.62
16528,7922,97,1,23.97,0.1,21.57
16529,7922,160,1,40.26,0.1,36.23
16530,7923,18,1,268.84,0,268.84
16531,7924,16,1,232.17,0,232.17
16532,7925,112,2,329.53,0,659.06
16533,7926,18,1,268.84,0,268.84
16534,7926,19,1,229.68,0.1,206.71
16535,7927,2,3,198.54,0,595.62
16536,7927,56,2,48.94,0,97.88
16537,7928,150,1,44.1,0.15,37.48
16538,7928,54,1,92.65,0,92.65
16539,7929,125,1,226.52,0,226.52
16540,7930,56,1,48.94,0,48.94
16541,7931,116,2,217.77,0.15,370.21
16542,7931,147,2,23.93,0,47.86
16543,7931,7,1,33.9,0,33.9
16544,7931,39,1,43.96,0,43.96
16545,7932,76,2,65.54,0,131.08
16546,7933,33,1,49.0,0,49.0
16547,7934,119,1,213.48,0,213.48
16548,7934,53,1,86.91,0,86.91
16549,7935,152,1,66.12,0,66.12
16550,7936,60,1,294.14,0.1,264.73
16551,7937,119,1,213.48,0,213.48
16552,7938,64,1,113.76,0,113.76
16553,7939,94,1,59.56,0.1,53.6
16554,7940,11,2,176.03,0,352.06
16555,7941,159,1,57.51,0,57.51
16556,7941,28,1,93.65,0,93.65
16557,7942,99,1,79.98,0.1,71.98
16558,7942,160,1,40.26,0.15,34.22
16559,7942,6,1,180.27,0,180.27
16560,7942,152,1,66.12,0.15,56.2
16561,7942,137,1,15.32,0,15.32
16562,7943,116,1,217.77,0,217.77
16563,7944,159,1,57.51,0.15,48.88
16564,7944,111,2,282.79,0,565.58
16565,7945,54,1,92.65,0,92.65
16566,7946,68,2,204.27,0.1,367.69
16567,7946,54,1,92.65,0,92.65
16568,7947,141,1,71.69,0,71.69
16569,7947,38,2,79.64,0,159.28
16570,7947,64,1,113.76,0,113.76
16571,7948,102,1,116.44,0.1,104.8
16572,7949,136,1,116.14,0.1,104.53
16573,7950,158,1,14.07,0.2,11.26
16574,7950,89,1,41.71,0,41.71
16575,7950,139,1,70.5,0.2,56.4
16576,7950,150,2,44.1,0.15,74.97
16577,7951,97,1,23.97,0,23.97
16578,7952,80,3,41.32,0,123.96
16579,7952,126,2,319.24,0,638.48
16580,7952,56,1,48.94,0.15,41.6
16581,7953,84,2,13.12,0,26.24
16582,7953,54,1,92.65,0,92.65
16583,7953,54,1,92.65,0,92.65
16584,7953,58,1,151.67,0,151.67
16585,7954,13,1,132.43,0,132.43
16586,7955,71,2,16.86,0.1,30.35
16587,7955,84,1,13.12,0.15,11.15
16588,7955,141,2,71.69,0.15,121.87
16589,7955,33,3,49.0,0,147.0
16590,7956,54,1,92.65,0,92.65
16591,7956,84,1,13.12,0.1,11.81
16592,7956,127,1,268.94,0,268.94
16593,7956,36,1,143.82,0,143.82
16594,7956,2,1,198.54,0.1,178.69
16595,7957,118,2,357.71,0,715.42
16596,7957,113,1,274.17,0,274.17
16597,7957,121,2,374.5,0,749.0
16598,7957,48,1,156.79,0.15,133.27
16599,7958,54,3,92.65,0,277.95
16600,7959,105,1,348.07,0,348.07
16601,7959,124,1,13.96,0,13.96
16602,7959,26,2,66.46,0,132.92
16603,7959,99,1,79.98,0,79.98
16604,7960,87,1,40.81,0,40.81
16605,7960,144,1,11.66,0,11.66
16606,7961,152,1,66.12,0,66.12
16607,7961,71,1,16.86,0,16.86
16608,7962,54,1,92.65,0,92.65
16609,7962,7,3,33.9,0.1,91.53
16610,7962,54,1,92.65,0.1,83.39
16611,7963,61,2,12.8,0,25.6
16612,7964,152,3,66.12,0.1,178.52
16613,7965,98,1,11.23,0.1,10.11
16614,7965,91,2,50.62,0,101.24
16615,7965,129,1,36.16,0,36.16
16616,7965,124,1,13.96,0,13.96
16617,7965,15,2,152.22,0,304.44
16618,7966,61,1,12.8,0.15,10.88
16619,7966,53,2,86.91,0,173.82
16620,7967,139,1,70.5,0,70.5
16621,7967,126,1,319.24,0,319.24
16622,7967,107,1,335.62,0,335.62
16623,7968,149,1,68.48,0,68.48
16624,7968,34,1,164.11,0.15,139.49
16625,7968,119,1,213.48,0,213.48
16626,7969,156,2,17.86,0.1,32.15
16627,7969,38,1,79.64,0,79.64
16628,7969,132,2,101.25,0,202.5
16629,7969,113,1,274.17,0,274.17
16630,7969,145,1,84.99,0,84.99
16631,7970,54,1,92.65,0,92.65
16632,7970,63,1,115.75,0,115.75
16633,7970,88,1,39.57,0,39.57
16634,7971,32,1,49.75,0,49.75
16635,7972,61,1,12.8,0,12.8
16636,7972,152,2,66.12,0.15,112.4
16637,7973,97,3,23.97,0,71.91
16638,7974,84,1,13.12,0.15,11.15
16639,7974,128,1,398.69,0,398.69
16640,7975,83,1,23.95,0,23.95
16641,7975,54,1,92.65,0,92.65
16642,7975,54,1,92.65,0,92.65
16643,7976,25,1,292.94,0.1,263.65
16644,7976,35,1,124.39,0,124.39
16645,7976,97,1,23.97,0.1,21.57
16646,7976,121,2,374.5,0.1,674.1
16647,7977,119,1,213.48,0.2,170.78
16648,7978,152,1,66.12,0.1,59.51
16649,7979,119,2,213.48,0,426.96
16650,7979,84,1,13.12,0.15,11.15
16651,7980,42,1,80.28,0.1,72.25
16652,7980,40,1,53.97,0,53.97
16653,7981,24,1,346.45,0.1,311.81
16654,7982,121,1,374.5,0,374.5
16655,7983,108,1,97.45,0,97.45
16656,7984,97,1,23.97,0,23.97
16657,7985,41,2,179.88,0,359.76
16658,7986,119,1,213.48,0,213.48
16659,7986,146,1,20.85,0,20.85
16660,7986,54,2,92.65,0,185.3
16661,7987,150,1,44.1,0.2,35.28
16662,7987,123,1,92.73,0,92.73
16663,7987,53,2,86.91,0,173.82
16664,7988,39,1,43.96,0,43.96
16665,7989,125,2,226.52,0,453.04
16666,7990,70,1,67.88,0,67.88
16667,7990,54,1,92.65,0.1,83.39
16668,7991,54,1,92.65,0,92.65
16669,7991,79,1,40.31,0,40.31
16670,7991,102,1,116.44,0.1,104.8
16671,7991,138,1,24.71,0,24.71
16672,7991,54,2,92.65,0,185.3
16673,7992,41,1,179.88,0.1,161.89
16674,7993,19,1,229.68,0.2,183.74
16675,7994,94,1,59.56,0,59.56
16676,7995,99,1,79.98,0.1,71.98
16677,7995,136,2,116.14,0.1,209.05
16678,7995,54,1,92.65,0,92.65
16679,7995,96,1,51.37,0,51.37
16680,7995,49,1,111.88,0,111.88
16681,7996,152,1,66.12,0.2,52.9
16682,7997,37,1,83.16,0.2,66.53
16683,7998,68,1,204.27,0,204.27
16684,7999,54,1,92.65,0.1,83.39
16685,7999,112,1,329.53,0.1,296.58
16686,7999,91,1,50.62,0,50.62
16687,8000,94,1,59.56,0.2,47.65
16688,8001,61,1,12.8,0,12.8
16689,8001,91,1,50.62,0.1,45.56
16690,8001,160,1,40.26,0.1,36.23
16691,8002,130,1,68.02,0,68.02
16692,8002,24,1,346.45,0.2,277.16
16693,8003,34,3,164.11,0.1,443.1
16694,8004,64,1,113.76,0,113.76
16695,8005,33,1,49.0,0,49.0
16696,8005,119,1,213.48,0,213.48
16697,8006,102,2,116.44,0,232.88
16698,8006,40,1,53.97,0,53.97
16699,8006,150,1,44.1,0,44.1
16700,8006,38,3,79.64,0,238.92
16701,8007,32,1,49.75,0.2,39.8
16702,8008,152,2,66.12,0,132.24
16703,8008,68,2,204.27,0,408.54
16704,8009,107,2,335.62,0,671.24
16705,8009,123,2,92.73,0,185.46
16706,8010,99,2,79.98,0.1,143.96
16707,8011,33,1,49.0,0,49.0
16708,8011,113,1,274.17,0,274.17
16709,8011,126,1,319.24,0,319.24
16710,8012,60,1,294.14,0,294.14
16711,8012,107,1,335.62,0,335.62
16712,8012,84,3,13.12,0,39.36
16713,8013,145,1,84.99,0.15,72.24
16714,8013,88,1,39.57,0,39.57
16715,8013,85,1,74.75,0,74.75
16716,8013,108,1,97.45,0,97.45
16717,8014,40,2,53.97,0,107.94
16718,8014,106,1,187.33,0.15,159.23
16719,8015,26,1,66.46,0,66.46
16720,8016,54,1,92.65,0.1,83.39
16721,8016,129,1,36.16,0.1,32.54
16722,8016,152,1,66.12,0,66.12
16723,8016,8,2,255.14,0.15,433.74
16724,8017,119,1,213.48,0,213.48
16725,8017,77,1,42.23,0,42.23
16726,8017,3,1,101.49,0.1,91.34
16727,8017,17,1,75.74,0,75.74
16728,8018,72,1,196.03,0,196.03
16729,8019,119,1,213.48,0,213.48
16730,8019,47,1,173.41,0,173.41
16731,8019,24,2,346.45,0,692.9
16732,8020,158,1,14.07,0.2,11.26
16733,8021,82,1,54.72,0,54.72
16734,8021,113,1,274.17,0,274.17
16735,8021,53,2,86.91,0,173.82
16736,8022,19,2,229.68,0,459.36
16737,8022,80,3,41.32,0,123.96
16738,8022,27,3,21.73,0,65.19
16739,8023,111,1,282.79,0,282.79
16740,8024,31,2,121.18,0,242.36
16741,8024,119,3,213.48,0,640.44
16742,8024,54,1,92.65,0,92.65
16743,8024,61,1,12.8,0,12.8
16744,8024,152,1,66.12,0.15,56.2
16745,8025,97,1,23.97,0,23.97
16746,8026,52,1,190.14,0,190.14
16747,8026,78,1,77.23,0.1,69.51
16748,8026,33,1,49.0,0,49.0
16749,8026,115,2,276.86,0,553.72
16750,8027,97,2,23.97,0.1,43.15
16751,8028,97,1,23.97,0.15,20.37
16752,8029,131,1,62.23,0.1,56.01
16753,8029,115,1,276.86,0,276.86
16754,8029,78,1,77.23,0,77.23
16755,8029,51,1,33.99,0,33.99
16756,8030,144,2,11.66,0,23.32
16757,8030,139,1,70.5,0,70.5
16758,8030,132,1,101.25,0,101.25
16759,8030,119,1,213.48,0.15,181.46
16760,8031,152,1,66.12,0.15,56.2
16761,8031,6,2,180.27,0,360.54
16762,8031,63,2,115.75,0,231.5
16763,8031,8,1,255.14,0.15,216.87
16764,8032,63,1,115.75,0.1,104.17
16765,8032,114,1,240.92,0,240.92
16766,8033,89,1,41.71,0,41.71
16767,8033,114,1,240.92,0.1,216.83
16768,8034,94,1,59.56,0.1,53.6
16769,8035,97,1,23.97,0.1,21.57
16770,8035,78,1,77.23,0.1,69.51
16771,8035,118,1,357.71,0,357.71
16772,8036,72,1,196.03,0,196.03
16773,8036,136,1,116.14,0,116.14
16774,8037,28,2,93.65,0,187.3
16775,8038,121,3,374.5,0,1123.5
16776,8038,29,2,122.84,0,245.68
16777,8039,11,1,176.03,0,176.03
16778,8039,37,1,83.16,0.15,70.69
16779,8039,102,1,116.44,0,116.44
16780,8039,77,1,42.23,0.1,38.01
16781,8040,129,1,36.16,0,36.16
16782,8041,17,1,75.74,0.15,64.38
16783,8042,119,1,213.48,0.1,192.13
16784,8042,128,1,398.69,0,398.69
16785,8042,118,2,357.71,0,715.42
16786,8043,43,2,75.67,0.2,121.07
16787,8044,33,1,49.0,0,49.0
16788,8044,38,1,79.64,0.2,63.71
16789,8045,72,1,196.03,0,196.03
16790,8046,140,1,66.53,0.15,56.55
16791,8047,148,1,60.49,0,60.49
16792,8047,42,1,80.28,0.1,72.25
16793,8047,50,3,55.81,0,167.43
16794,8047,101,1,68.79,0,68.79
16795,8048,39,1,43.96,0,43.96
16796,8049,92,1,74.46,0.2,59.57
16797,8049,140,1,66.53,0,66.53
16798,8049,142,2,31.27,0,62.54
16799,8049,56,2,48.94,0,97.88
16800,8049,98,1,11.23,0,11.23
16801,8050,96,1,51.37,0.1,46.23
16802,8051,42,1,80.28,0,80.28
16803,8051,84,1,13.12,0,13.12
16804,8051,54,1,92.65,0.2,74.12
16805,8051,119,1,213.48,0,213.48
16806,8051,34,1,164.11,0.2,131.29
16807,8052,101,2,68.79,0,137.58
16808,8052,16,1,232.17,0,232.17
16809,8052,115,1,276.86,0,276.86
16810,8053,66,1,279.67,0.15,237.72
16811,8053,102,2,116.44,0.1,209.59
16812,8053,92,2,74.46,0.1,134.03
16813,8054,64,1,113.76,0.1,102.38
16814,8055,84,1,13.12,0,13.12
16815,8055,53,1,86.91,0,86.91
16816,8055,34,1,164.11,0,164.11
16817,8055,17,1,75.74,0,75.74
16818,8056,140,1,66.53,0,66.53
16819,8057,114,2,240.92,0,481.84
16820,8058,39,1,43.96,0.1,39.56
16821,8058,109,2,22.1,0,44.2
16822,8059,54,1,92.65,0.1,83.39
16823,8060,135,1,105.74,0,105.74
16824,8061,72,1,196.03,0,196.03
16825,8061,106,2,187.33,0,374.66
16826,8061,97,2,23.97,0,47.94
16827,8061,36,1,143.82,0.1,129.44
16828,8062,119,1,213.48,0,213.48
16829,8062,43,1,75.67,0,75.67
16830,8062,121,1,374.5,0.1,337.05
16831,8063,54,1,92.65,0,92.65
16832,8063,54,2,92.65,0,185.3
16833,8063,32,1,49.75,0.1,44.77
16834,8063,15,1,152.22,0,152.22
16835,8063,50,1,55.81,0,55.81
16836,8064,61,1,12.8,0,12.8
16837,8065,144,1,11.66,0,11.66
16838,8065,53,2,86.91,0.15,147.75
16839,8066,101,1,68.79,0,68.79
16840,8066,152,2,66.12,0,132.24
16841,8067,40,1,53.97,0,53.97
16842,8068,95,1,42.95,0,42.95
16843,8069,54,1,92.65,0,92.65
16844,8069,135,1,105.74,0,105.74
16845,8069,5,1,135.87,0,135.87
16846,8069,39,1,43.96,0,43.96
16847,8069,3,1,101.49,0.1,91.34
16848,8070,152,1,66.12,0.2,52.9
16849,8070,36,1,143.82,0,143.82
16850,8071,39,1,43.96,0,43.96
16851,8071,94,2,59.56,0,119.12
16852,8071,61,1,12.8,0.15,10.88
16853,8072,64,1,113.76,0.15,96.7
16854,8072,98,1,11.23,0,11.23
16855,8072,7,1,33.9,0,33.9
16856,8072,1,1,134.64,0.15,114.44
16857,8073,19,1,229.68,0,229.68
16858,8074,11,1,176.03,0,176.03
16859,8074,72,1,196.03,0,196.03
16860,8075,35,1,124.39,0,124.39
16861,8075,53,1,86.91,0,86.91
16862,8076,54,3,92.65,0,277.95
16863,8076,126,1,319.24,0,319.24
16864,8076,72,1,196.03,0,196.03
16865,8077,136,1,116.14,0,116.14
16866,8077,120,2,179.87,0.15,305.78
16867,8077,54,1,92.65,0.1,83.39
16868,8077,53,1,86.91,0.1,78.22
16869,8078,15,1,152.22,0,152.22
16870,8078,97,1,23.97,0,23.97
16871,8078,78,1,77.23,0.2,61.78
16872,8078,15,1,152.22,0,152.22
16873,8079,25,1,292.94,0,292.94
16874,8079,56,1,48.94,0,48.94
16875,8079,61,1,12.8,0.15,10.88
16876,8080,114,1,240.92,0,240.92
16877,8080,81,3,52.03,0,156.09
16878,8081,35,1,124.39,0.1,111.95
16879,8081,54,2,92.65,0,185.3
16880,8081,42,1,80.28,0,80.28
16881,8081,87,3,40.81,0,122.43
16882,8082,99,1,79.98,0,79.98
16883,8083,156,1,17.86,0,17.86
16884,8083,100,2,69.29,0,138.58
16885,8083,114,1,240.92,0,240.92
16886,8083,52,1,190.14,0,190.14
16887,8083,128,1,398.69,0,398.69
16888,8084,19,1,229.68,0,229.68
16889,8085,99,2,79.98,0,159.96
16890,8085,57,1,91.71,0,91.71
16891,8085,119,1,213.48,0.1,192.13
16892,8085,115,3,276.86,0.2,664.46
16893,8086,149,1,68.48,0.1,61.63
16894,8086,144,1,11.66,0,11.66
16895,8086,57,1,91.71,0,91.71
16896,8087,82,1,54.72,0,54.72
16897,8088,109,2,22.1,0,44.2
16898,8089,9,1,98.65,0,98.65
16899,8090,116,2,217.77,0.15,370.21
16900,8091,37,1,83.16,0.2,66.53
16901,8092,108,1,97.45,0.1,87.7
16902,8092,143,2,69.82,0,139.64
16903,8093,54,2,92.65,0,185.3
16904,8093,54,1,92.65,0.15,78.75
16905,8093,119,1,213.48,0,213.48
16906,8093,61,1,12.8,0,12.8
16907,8093,75,1,185.8,0,185.8
16908,8094,101,1,68.79,0,68.79
16909,8094,119,1,213.48,0,213.48
16910,8095,119,1,213.48,0,213.48
16911,8095,106,1,187.33,0.1,168.6
16912,8096,54,1,92.65,0.15,78.75
16913,8097,54,1,92.65,0.2,74.12
16914,8097,152,2,66.12,0,132.24
16915,8097,143,1,69.82,0.1,62.84
16916,8098,117,1,173.82,0.15,147.75
16917,8098,1,1,134.64,0,134.64
16918,8098,138,1,24.71,0.15,21.0
16919,8098,39,1,43.96,0,43.96
16920,8099,32,1,49.75,0.1,44.77
16921,8099,24,1,346.45,0.15,294.48
16922,8099,20,1,84.59,0,84.59
16923,8099,42,2,80.28,0,160.56
16924,8100,72,2,196.03,0,392.06
16925,8100,32,1,49.75,0.1,44.77
16926,8101,156,1,17.86,0,17.86
16927,8101,54,1,92.65,0,92.65
16928,8102,136,2,116.14,0,232.28
16929,8103,54,1,92.65,0,92.65
16930,8103,124,1,13.96,0.15,11.87
16931,8104,61,1,12.8,0.1,11.52
16932,8105,135,1,105.74,0,105.74
16933,8106,79,1,40.31,0,40.31
16934,8106,152,1,66.12,0,66.12
16935,8106,152,2,66.12,0,132.24
16936,8106,54,3,92.65,0.1,250.16
16937,8107,112,1,329.53,0,329.53
16938,8108,32,1,49.75,0.15,42.29
16939,8108,125,1,226.52,0,226.52
16940,8109,34,1,164.11,0,164.11
16941,8109,136,1,116.14,0,116.14
16942,8109,36,3,143.82,0.1,388.31
16943,8109,45,1,61.85,0.1,55.66
16944,8110,134,1,40.72,0,40.72
16945,8111,142,2,31.27,0,62.54
16946,8112,88,1,39.57,0,39.57
16947,8113,33,1,49.0,0,49.0
16948,8113,77,1,42.23,0.1,38.01
16949,8114,111,2,282.79,0,565.58
16950,8114,40,1,53.97,0.2,43.18
16951,8115,61,2,12.8,0,25.6
16952,8116,1,2,134.64,0,269.28
16953,8116,117,2,173.82,0,347.64
16954,8117,150,1,44.1,0.2,35.28
16955,8117,127,1,268.94,0,268.94
16956,8118,143,1,69.82,0,69.82
16957,8118,97,3,23.97,0,71.91
16958,8119,54,1,92.65,0.1,83.39
16959,8119,152,2,66.12,0.1,119.02
16960,8119,39,1,43.96,0.15,37.37
16961,8119,87,1,40.81,0,40.81
16962,8120,21,1,274.21,0,274.21
16963,8120,108,3,97.45,0,292.35
16964,8120,125,2,226.52,0,453.04
16965,8121,57,2,91.71,0,183.42
16966,8121,28,2,93.65,0,187.3
16967,8122,128,1,398.69,0,398.69
16968,8122,157,1,65.63,0,65.63
16969,8123,12,1,291.22,0.15,247.54
16970,8123,92,1,74.46,0.1,67.01
16971,8123,30,1,168.06,0,168.06
16972,8123,118,1,357.71,0,357.71
16973,8123,62,1,117.07,0,117.07
16974,8124,61,2,12.8,0,25.6
16975,8124,89,1,41.71,0,41.71
16976,8125,6,2,180.27,0,360.54
16977,8125,54,1,92.65,0,92.65
16978,8126,34,1,164.11,0.1,147.7
16979,8126,54,3,92.65,0,277.95
16980,8126,119,1,213.48,0,213.48
16981,8126,86,1,8.05,0.15,6.84
16982,8127,5,2,135.87,0,271.74
16983,8127,139,1,70.5,0,70.5
16984,8127,157,1,65.63,0,65.63
16985,8127,65,1,172.37,0,172.37
16986,8128,40,1,53.97,0,53.97
16987,8128,68,1,204.27,0,204.27
16988,8128,9,1,98.65,0,98.65
16989,8128,34,1,164.11,0,164.11
16990,8129,138,1,24.71,0,24.71
16991,8130,71,2,16.86,0,33.72
16992,8130,119,1,213.48,0,213.48
16993,8131,11,2,176.03,0.2,281.65
16994,8132,60,1,294.14,0,294.14
16995,8133,37,1,83.16,0,83.16
16996,8133,111,1,282.79,0,282.79
16997,8134,157,1,65.63,0,65.63
16998,8134,54,3,92.65,0.15,236.26
16999,8134,113,1,274.17,0.1,246.75
17000,8134,137,1,15.32,0.1,13.79
17001,8135,26,1,66.46,0.15,56.49
17002,8135,37,1,83.16,0,83.16
17003,8136,131,3,62.23,0,186.69
17004,8136,114,3,240.92,0.1,650.48
17005,8136,118,2,357.71,0,715.42
17006,8136,60,1,294.14,0,294.14
17007,8137,3,1,101.49,0,101.49
17008,8138,152,1,66.12,0,66.12
17009,8138,61,1,12.8,0,12.8
17010,8138,68,1,204.27,0.15,173.63
17011,8138,156,2,17.86,0,35.72
17012,8139,52,1,190.14,0,190.14
17013,8139,40,1,53.97,0,53.97
17014,8140,124,1,13.96,0,13.96
17015,8140,78,1,77.23,0.2,61.78
17016,8141,54,1,92.65,0,92.65
17017,8142,43,1,75.67,0,75.67
17018,8142,149,1,68.48,0,68.48
17019,8142,144,1,11.66,0.1,10.49
17020,8143,129,1,36.16,0.15,30.74
17021,8143,60,3,294.14,0,882.42
17022,8144,135,1,105.74,0,105.74
17023,8145,91,1,50.62,0,50.62
17024,8145,10,1,116.26,0,116.26
17025,8145,100,2,69.29,0,138.58
17026,8145,145,1,84.99,0,84.99
17027,8145,39,1,43.96,0,43.96
17028,8146,11,3,176.03,0,528.09
17029,8146,86,1,8.05,0.2,6.44
17030,8146,31,1,121.18,0,121.18
17031,8147,94,1,59.56,0,59.56
17032,8148,145,1,84.99,0.15,72.24
17033,8148,7,2,33.9,0,67.8
17034,8148,114,1,240.92,0,240.92
17035,8148,40,2,53.97,0.15,91.75
17036,8149,121,1,374.5,0,374.5
17037,8149,144,1,11.66,0,11.66
17038,8150,34,2,164.11,0.1,295.4
17039,8151,20,1,84.59,0,84.59
17040,8151,91,1,50.62,0,50.62
17041,8151,54,2,92.65,0,185.3
17042,8151,119,2,213.48,0,426.96
17043,8152,53,1,86.91,0.1,78.22
17044,8152,19,2,229.68,0,459.36
17045,8152,91,1,50.62,0,50.62
17046,8152,54,1,92.65,0,92.65
17047,8153,11,1,176.03,0.2,140.82
17048,8153,70,1,67.88,0,67.88
17049,8153,97,1,23.97,0,23.97
17050,8154,11,1,176.03,0,176.03
17051,8155,61,1,12.8,0.2,10.24
17052,8155,57,1,91.71,0,91.71
17053,8156,40,1,53.97,0.15,45.87
17054,8157,88,1,39.57,0.1,35.61
17055,8158,84,1,13.12,0,13.12
17056,8158,54,2,92.65,0,185.3
17057,8159,106,1,187.33,0.1,168.6
17058,8160,39,1,43.96,0.1,39.56
17059,8160,76,1,65.54,0,65.54
17060,8160,15,1,152.22,0,152.22
17061,8160,77,1,42.23,0,42.23
17062,8160,94,2,59.56,0,119.12
17063,8161,98,3,11.23,0,33.69
17064,8161,159,1,57.51,0,57.51
17065,8161,1,1,134.64,0,134.64
17066,8162,112,1,329.53,0,329.53
17067,8162,121,1,374.5,0,374.5
17068,8162,126,1,319.24,0,319.24
17069,8162,84,1,13.12,0,13.12
17070,8163,160,1,40.26,0,40.26
17071,8164,34,3,164.11,0,492.33
17072,8164,71,3,16.86,0,50.58
17073,8164,146,2,20.85,0,41.7
17074,8165,137,1,15.32,0,15.32
17075,8166,67,1,62.01,0,62.01
17076,8167,67,1,62.01,0,62.01
17077,8168,99,1,79.98,0,79.98
17078,8169,17,1,75.74,0.2,60.59
17079,8170,142,1,31.27,0,31.27
17080,8171,54,1,92.65,0,92.65
17081,8172,105,1,348.07,0,348.07
17082,8173,39,3,43.96,0,131.88
17083,8173,145,1,84.99,0,84.99
17084,8174,123,1,92.73,0,92.73
17085,8175,113,3,274.17,0,822.51
17086,8175,152,1,66.12,0,66.12
17087,8176,61,2,12.8,0,25.6
17088,8177,3,2,101.49,0.15,172.53
17089,8177,16,1,232.17,0.15,197.34
17090,8177,33,1,49.0,0,49.0
17091,8177,155,1,82.21,0.15,69.88
17092,8178,53,1,86.91,0,86.91
17093,8179,97,1,23.97,0,23.97
17094,8180,67,1,62.01,0,62.01
17095,8180,54,1,92.65,0.2,74.12
17096,8181,71,1,16.86,0,16.86
17097,8182,7,1,33.9,0.1,30.51
17098,8183,60,1,294.14,0,294.14
17099,8183,67,2,62.01,0,124.02
17100,8184,141,1,71.69,0.1,64.52
17101,8184,143,1,69.82,0,69.82
17102,8184,42,3,80.28,0,240.84
17103,8184,159,1,57.51,0,57.51
17104,8185,40,1,53.97,0.2,43.18
17105,8186,103,1,74.37,0,74.37
17106,8187,142,1,31.27,0,31.27
17107,8187,98,1,11.23,0.1,10.11
17108,8188,102,1,116.44,0.15,98.97
17109,8188,93,1,19.37,0,19.37
17110,8189,96,1,51.37,0,51.37
17111,8190,8,2,255.14,0,510.28
17112,8191,85,1,74.75,0,74.75
17113,8191,142,3,31.27,0.15,79.74
17114,8192,80,1,41.32,0,41.32
17115,8192,33,1,49.0,0.1,44.1
17116,8193,91,1,50.62,0.2,40.5
17117,8193,90,1,52.82,0.1,47.54
17118,8194,138,1,24.71,0.1,22.24
17119,8195,72,1,196.03,0,196.03
17120,8196,85,1,74.75,0,74.75
17121,8196,123,1,92.73,0.1,83.46
17122,8197,97,1,23.97,0,23.97
17123,8198,41,1,179.88,0,179.88
17124,8199,158,1,14.07,0.1,12.66
17125,8199,132,1,101.25,0.2,81.0
17126,8200,95,1,42.95,0,42.95
17127,8200,44,1,83.07,0.1,74.76
17128,8201,106,2,187.33,0,374.66
17129,8201,102,1,116.44,0,116.44
17130,8201,56,1,48.94,0,48.94
17131,8201,42,1,80.28,0,80.28
17132,8202,84,1,13.12,0,13.12
17133,8202,101,1,68.79,0,68.79
17134,8203,155,1,82.21,0,82.21
17135,8203,100,1,69.29,0.1,62.36
17136,8203,145,1,84.99,0,84.99
17137,8203,39,1,43.96,0,43.96
17138,8204,76,1,65.54,0,65.54
17139,8204,91,2,50.62,0.15,86.05
17140,8204,72,1,196.03,0,196.03
17141,8204,94,1,59.56,0.1,53.6
17142,8204,101,2,68.79,0,137.58
17143,8205,156,1,17.86,0,17.86
17144,8206,94,1,59.56,0.2,47.65
17145,8206,94,1,59.56,0,59.56
17146,8207,61,1,12.8,0,12.8
17147,8207,120,3,179.87,0,539.61
17148,8208,78,2,77.23,0.15,131.29
17149,8208,53,3,86.91,0.1,234.66
17150,8209,120,1,179.87,0,179.87
17151,8209,42,1,80.28,0.2,64.22
17152,8209,97,2,23.97,0.15,40.75
17153,8209,54,2,92.65,0,185.3
17154,8209,61,1,12.8,0,12.8
17155,8210,137,2,15.32,0,30.64
17156,8210,39,1,43.96,0,43.96
17157,8211,97,1,23.97,0,23.97
17158,8211,158,1,14.07,0,14.07
17159,8212,80,1,41.32,0.1,37.19
17160,8212,108,1,97.45,0.1,87.7
17161,8212,152,1,66.12,0,66.12
17162,8212,101,1,68.79,0,68.79
17163,8213,54,2,92.65,0,185.3
17164,8213,111,1,282.79,0,282.79
17165,8214,78,2,77.23,0,154.46
17166,8215,56,1,48.94,0,48.94
17167,8215,46,1,64.69,0.15,54.99
17168,8215,83,1,23.95,0.1,21.55
17169,8215,116,1,217.77,0.1,195.99
17170,8216,114,2,240.92,0,481.84
17171,8217,114,1,240.92,0,240.92
17172,8217,39,2,43.96,0,87.92
17173,8218,140,2,66.53,0,133.06
17174,8218,111,2,282.79,0.1,509.02
17175,8218,2,1,198.54,0,198.54
17176,8219,49,1,111.88,0,111.88
17177,8219,27,1,21.73,0,21.73
17178,8219,38,1,79.64,0,79.64
17179,8219,17,1,75.74,0,75.74
17180,8220,54,1,92.65,0,92.65
17181,8220,54,1,92.65,0,92.65
17182,8221,54,1,92.65,0.1,83.39
17183,8221,2,1,198.54,0.1,178.69
17184,8222,70,2,67.88,0,135.76
17185,8223,61,1,12.8,0.15,10.88
17186,8224,54,2,92.65,0.1,166.77
17187,8225,137,1,15.32,0.15,13.02
17188,8226,142,1,31.27,0.1,28.14
17189,8226,114,1,240.92,0,240.92
17190,8227,52,2,190.14,0.2,304.22
17191,8228,148,1,60.49,0,60.49
17192,8228,114,1,240.92,0,240.92
17193,8229,91,1,50.62,0,50.62
17194,8229,112,1,329.53,0,329.53
17195,8230,119,3,213.48,0.15,544.37
17196,8231,54,1,92.65,0,92.65
17197,8231,94,1,59.56,0,59.56
17198,8231,85,2,74.75,0.15,127.08
17199,8231,159,1,57.51,0,57.51
17200,8232,53,1,86.91,0,86.91
17201,8233,142,1,31.27,0,31.27
17202,8233,57,1,91.71,0,91.71
17203,8234,145,1,84.99,0,84.99
17204,8235,43,2,75.67,0,151.34
17205,8235,74,1,41.44,0,41.44
17206,8235,159,1,57.51,0.15,48.88
17207,8236,152,1,66.12,0,66.12
17208,8237,13,1,132.43,0,132.43
17209,8237,24,1,346.45,0,346.45
17210,8237,136,1,116.14,0,116.14
17211,8237,26,2,66.46,0,132.92
17212,8238,61,1,12.8,0.1,11.52
17213,8239,134,1,40.72,0,40.72
17214,8239,77,1,42.23,0,42.23
17215,8239,78,1,77.23,0.1,69.51
17216,8240,97,1,23.97,0,23.97
17217,8240,5,2,135.87,0,271.74
17218,8241,140,1,66.53,0,66.53
17219,8241,56,2,48.94,0.15,83.2
17220,8241,136,1,116.14,0,116.14
17221,8242,75,1,185.8,0,185.8
17222,8242,89,2,41.71,0,83.42
17223,8242,126,1,319.24,0.1,287.32
17224,8242,119,1,213.48,0.15,181.46
17225,8243,94,1,59.56,0,59.56
17226,8243,12,2,291.22,0,582.44
17227,8243,94,1,59.56,0,59.56
17228,8244,87,1,40.81,0,40.81
17229,8245,146,1,20.85,0,20.85
17230,8245,11,3,176.03,0,528.09
17231,8246,79,1,40.31,0.15,34.26
17232,8246,129,1,36.16,0,36.16
17233,8247,36,1,143.82,0,143.82
17234,8247,25,1,292.94,0.1,263.65
17235,8248,113,2,274.17,0,548.34
17236,8248,11,1,176.03,0,176.03
17237,8248,110,1,59.23,0.1,53.31
17238,8249,54,1,92.65,0,92.65
17239,8249,68,2,204.27,0,408.54
17240,8249,31,1,121.18,0,121.18
17241,8249,64,1,113.76,0,113.76
17242,8249,52,2,190.14,0,380.28
17243,8250,21,1,274.21,0,274.21
17244,8250,54,1,92.65,0.1,83.39
17245,8250,71,1,16.86,0,16.86
17246,8250,29,1,122.84,0,122.84
17247,8251,1,1,134.64,0,134.64
17248,8252,54,1,92.65,0.1,83.39
17249,8252,91,1,50.62,0.1,45.56
17250,8252,53,1,86.91,0,86.91
17251,8252,54,2,92.65,0,185.3
17252,8253,138,2,24.71,0,49.42
17253,8253,64,1,113.76,0,113.76
17254,8254,33,1,49.0,0.1,44.1
17255,8254,40,1,53.97,0,53.97
17256,8255,77,1,42.23,0,42.23
17257,8255,99,1,79.98,0,79.98
17258,8255,128,2,398.69,0,797.38
17259,8255,109,1,22.1,0,22.1
17260,8256,160,1,40.26,0,40.26
17261,8256,123,2,92.73,0,185.46
17262,8257,94,1,59.56,0,59.56
17263,8258,73,1,43.45,0,43.45
17264,8258,101,2,68.79,0,137.58
17265,8258,54,1,92.65,0,92.65
17266,8258,140,1,66.53,0.1,59.88
17267,8259,139,1,70.5,0,70.5
17268,8259,34,1,164.11,0.15,139.49
17269,8260,101,1,68.79,0.15,58.47
17270,8260,127,2,268.94,0,537.88
17271,8261,91,1,50.62,0,50.62
17272,8261,135,1,105.74,0,105.74
17273,8262,54,1,92.65,0,92.65
17274,8262,20,1,84.59,0,84.59
17275,8262,84,1,13.12,0,13.12
17276,8263,16,2,232.17,0,464.34
17277,8263,156,1,17.86,0,17.86
17278,8264,121,2,374.5,0.15,636.65
17279,8264,98,1,11.23,0,11.23
17280,8265,103,2,74.37,0,148.74
17281,8265,97,2,23.97,0,47.94
17282,8266,5,1,135.87,0,135.87
17283,8266,48,2,156.79,0,313.58
17284,8266,118,1,357.71,0.2,286.17
17285,8267,64,1,113.76,0.15,96.7
17286,8267,87,2,40.81,0,81.62
17287,8267,139,1,70.5,0,70.5
17288,8268,27,1,21.73,0,21.73
17289,8269,158,2,14.07,0.15,23.92
17290,8270,1,1,134.64,0,134.64
17291,8270,33,1,49.0,0.1,44.1
17292,8271,101,1,68.79,0,68.79
17293,8271,139,1,70.5,0,70.5
17294,8272,54,1,92.65,0,92.65
17295,8273,84,1,13.12,0.1,11.81
17296,8273,159,1,57.51,0,57.51
17297,8274,97,2,23.97,0,47.94
17298,8275,124,2,13.96,0.1,25.13
17299,8275,56,2,48.94,0.1,88.09
17300,8275,82,1,54.72,0,54.72
17301,8275,74,2,41.44,0,82.88
17302,8275,53,1,86.91,0,86.91
17303,8276,102,1,116.44,0,116.44
17304,8277,30,2,168.06,0,336.12
17305,8277,97,1,23.97,0.15,20.37
17306,8277,106,1,187.33,0.1,168.6
17307,8278,10,2,116.26,0.1,209.27
17308,8278,144,1,11.66,0.1,10.49
17309,8279,136,1,116.14,0,116.14
17310,8279,8,1,255.14,0,255.14
17311,8280,145,2,84.99,0,169.98
17312,8281,84,1,13.12,0,13.12
17313,8282,33,2,49.0,0,98.0
17314,8282,47,2,173.41,0,346.82
17315,8282,121,1,374.5,0,374.5
17316,8283,155,1,82.21,0,82.21
17317,8283,139,2,70.5,0,141.0
17318,8284,119,1,213.48,0,213.48
17319,8284,64,2,113.76,0,227.52
17320,8285,102,2,116.44,0.2,186.3
17321,8286,127,1,268.94,0.15,228.6
17322,8286,79,1,40.31,0,40.31
17323,8287,84,1,13.12,0,13.12
17324,8287,139,1,70.5,0,70.5
17325,8287,73,2,43.45,0,86.9
17326,8287,82,1,54.72,0,54.72
17327,8287,118,2,357.71,0,715.42
17328,8288,94,2,59.56,0,119.12
17329,8288,141,1,71.69,0,71.69
17330,8288,140,1,66.53,0,66.53
17331,8288,117,1,173.82,0,173.82
17332,8288,8,1,255.14,0.2,204.11
17333,8289,54,1,92.65,0.15,78.75
17334,8289,84,1,13.12,0,13.12
17335,8290,160,1,40.26,0.1,36.23
17336,8290,26,2,66.46,0,132.92
17337,8291,160,1,40.26,0,40.26
17338,8292,143,1,69.82,0,69.82
17339,8293,131,1,62.23,0.1,56.01
17340,8293,18,3,268.84,0.1,725.87
17341,8294,33,1,49.0,0,49.0
17342,8294,40,1,53.97,0,53.97
17343,8295,3,1,101.49,0.15,86.27
17344,8295,34,1,164.11,0.1,147.7
17345,8296,146,2,20.85,0,41.7
17346,8296,115,2,276.86,0,553.72
17347,8296,51,1,33.99,0.1,30.59
17348,8296,78,1,77.23,0,77.23
17349,8296,97,3,23.97,0.2,57.53
17350,8297,6,1,180.27,0,180.27
17351,8297,98,2,11.23,0.1,20.21
17352,8297,5,1,135.87,0,135.87
17353,8297,98,1,11.23,0,11.23
17354,8297,26,1,66.46,0,66.46
17355,8298,129,1,36.16,0.15,30.74
17356,8298,152,1,66.12,0,66.12
17357,8298,148,1,60.49,0,60.49
17358,8299,34,1,164.11,0,164.11
17359,8299,84,2,13.12,0,26.24
17360,8300,54,1,92.65,0,92.65
17361,8300,34,1,164.11,0,164.11
17362,8301,160,1,40.26,0,40.26
17363,8302,101,1,68.79,0,68.79
17364,8303,158,1,14.07,0,14.07
17365,8303,117,1,173.82,0.2,139.06
17366,8303,132,1,101.25,0,101.25
17367,8304,119,1,213.48,0.1,192.13
17368,8305,39,2,43.96,0,87.92
17369,8306,119,1,213.48,0,213.48
17370,8306,70,1,67.88,0,67.88
17371,8307,114,2,240.92,0.1,433.66
17372,8307,22,1,399.88,0,399.88
17373,8308,46,1,64.69,0,64.69
17374,8309,84,1,13.12,0,13.12
17375,8309,28,1,93.65,0,93.65
17376,8310,22,1,399.88,0,399.88
17377,8310,30,1,168.06,0,168.06
17378,8311,111,1,282.79,0,282.79
17379,8312,111,1,282.79,0,282.79
17380,8312,97,1,23.97,0,23.97
17381,8312,159,3,57.51,0,172.53
17382,8313,18,2,268.84,0,537.68
17383,8313,54,1,92.65,0,92.65
17384,8314,64,1,113.76,0,113.76
17385,8315,152,2,66.12,0,132.24
17386,8316,34,1,164.11,0,164.11
17387,8316,54,1,92.65,0,92.65
17388,8316,135,1,105.74,0,105.74
17389,8317,33,1,49.0,0,49.0
17390,8318,6,2,180.27,0.1,324.49
17391,8318,94,2,59.56,0.1,107.21
17392,8319,3,1,101.49,0,101.49
17393,8319,85,1,74.75,0,74.75
17394,8320,7,1,33.9,0,33.9
17395,8320,86,1,8.05,0,8.05
17396,8321,15,1,152.22,0.1,137.0
17397,8321,41,1,179.88,0,179.88
17398,8321,117,2,173.82,0,347.64
17399,8322,106,1,187.33,0,187.33
17400,8323,54,1,92.65,0,92.65
17401,8324,58,1,151.67,0,151.67
17402,8324,107,1,335.62,0,335.62
17403,8324,21,1,274.21,0.2,219.37
17404,8325,40,2,53.97,0,107.94
17405,8326,54,2,92.65,0.15,157.5
17406,8326,98,1,11.23,0,11.23
17407,8326,158,2,14.07,0.2,22.51
17408,8326,92,1,74.46,0.15,63.29
17409,8327,153,1,99.2,0.1,89.28
17410,8327,147,1,23.93,0.1,21.54
17411,8328,140,1,66.53,0.15,56.55
17412,8329,115,1,276.86,0.1,249.17
17413,8330,160,1,40.26,0,40.26
17414,8330,92,1,74.46,0,74.46
17415,8331,54,1,92.65,0,92.65
17416,8331,39,1,43.96,0,43.96
17417,8331,93,1,19.37,0,19.37
17418,8332,68,1,204.27,0,204.27
17419,8332,142,1,31.27,0,31.27
17420,8332,93,1,19.37,0,19.37
17421,8333,96,1,51.37,0,51.37
17422,8333,37,2,83.16,0,166.32
17423,8333,27,1,21.73,0.15,18.47
17424,8334,132,1,101.25,0,101.25
17425,8334,107,1,335.62,0,335.62
17426,8335,65,1,172.37,0,172.37
17427,8335,54,2,92.65,0,185.3
17428,8336,148,2,60.49,0,120.98
17429,8337,54,2,92.65,0,185.3
17430,8337,2,2,198.54,0,397.08
17431,8337,110,2,59.23,0,118.46
17432,8337,72,2,196.03,0,392.06
17433,8338,18,1,268.84,0.15,228.51
17434,8338,91,2,50.62,0,101.24
17435,8338,31,1,121.18,0,121.18
17436,8338,110,2,59.23,0,118.46
17437,8339,78,1,77.23,0.1,69.51
17438,8339,86,2,8.05,0,16.1
17439,8339,119,1,213.48,0.15,181.46
17440,8339,86,1,8.05,0,8.05
17441,8339,132,1,101.25,0,101.25
17442,8340,61,1,12.8,0.1,11.52
17443,8341,54,1,92.65,0,92.65
17444,8342,61,1,12.8,0,12.8
17445,8342,115,1,276.86,0,276.86
17446,8342,54,1,92.65,0.2,74.12
17447,8342,113,1,274.17,0,274.17
17448,8342,117,2,173.82,0,347.64
17449,8343,54,1,92.65,0,92.65
17450,8343,47,1,173.41,0,173.41
17451,8344,39,1,43.96,0,43.96
17452,8344,42,1,80.28,0,80.28
17453,8344,68,1,204.27,0,204.27
17454,8345,17,1,75.74,0.15,64.38
17455,8346,32,2,49.75,0,99.5
17456,8347,57,1,91.71,0.1,82.54
17457,8348,53,2,86.91,0.2,139.06
17458,8348,54,3,92.65,0,277.95
17459,8348,61,2,12.8,0.1,23.04
17460,8349,137,1,15.32,0.15,13.02
17461,8349,110,1,59.23,0.1,53.31
17462,8350,29,1,122.84,0,122.84
17463,8350,84,1,13.12,0.1,11.81
17464,8351,72,1,196.03,0.15,166.63
17465,8351,65,1,172.37,0.2,137.9
17466,8352,44,3,83.07,0,249.21
17467,8353,64,1,113.76,0,113.76
17468,8354,54,2,92.65,0,185.3
17469,8355,106,1,187.33,0.1,168.6
17470,8355,38,1,79.64,0,79.64
17471,8355,91,1,50.62,0,50.62
17472,8356,19,3,229.68,0,689.04
17473,8357,148,1,60.49,0,60.49
17474,8358,54,1,92.65,0,92.65
17475,8358,139,1,70.5,0,70.5
17476,8358,54,1,92.65,0,92.65
17477,8358,158,1,14.07,0.1,12.66
17478,8359,98,1,11.23,0,11.23
17479,8359,71,1,16.86,0.15,14.33
17480,8359,127,2,268.94,0,537.88
17481,8360,73,1,43.45,0,43.45
17482,8361,54,1,92.65,0.1,83.39
17483,8361,34,1,164.11,0.1,147.7
17484,8361,116,3,217.77,0.1,587.98
17485,8362,54,1,92.65,0,92.65
17486,8362,138,2,24.71,0.1,44.48
17487,8362,51,1,33.99,0.1,30.59
17488,8363,119,1,213.48,0,213.48
17489,8364,82,1,54.72,0,54.72
17490,8365,31,2,121.18,0,242.36
17491,8365,139,1,70.5,0.15,59.92
17492,8365,6,3,180.27,0.1,486.73
17493,8365,145,2,84.99,0,169.98
17494,8366,152,1,66.12,0.1,59.51
17495,8367,61,1,12.8,0,12.8
17496,8368,99,1,79.98,0,79.98
17497,8369,131,1,62.23,0,62.23
17498,8369,143,1,69.82,0.15,59.35
17499,8369,20,3,84.59,0,253.77
17500,8369,48,1,156.79,0.2,125.43
17501,8370,98,1,11.23,0,11.23
17502,8370,80,1,41.32,0,41.32
17503,8371,61,2,12.8,0,25.6
17504,8371,54,1,92.65,0,92.65
17505,8372,108,2,97.45,0,194.9
17506,8372,140,1,66.53,0.15,56.55
17507,8372,108,1,97.45,0,97.45
17508,8372,119,1,213.48,0,213.48
17509,8373,22,1,399.88,0.2,319.9
17510,8373,43,1,75.67,0,75.67
17511,8374,39,1,43.96,0,43.96
17512,8374,118,1,357.71,0,357.71
17513,8374,39,1,43.96,0,43.96
17514,8374,71,1,16.86,0.15,14.33
17515,8375,80,1,41.32,0,41.32
17516,8376,54,1,92.65,0,92.65
17517,8376,129,2,36.16,0,72.32
17518,8376,70,1,67.88,0,67.88
17519,8376,136,1,116.14,0,116.14
17520,8377,53,1,86.91,0,86.91
17521,8378,64,2,113.76,0.1,204.77
17522,8379,113,1,274.17,0,274.17
17523,8379,114,1,240.92,0,240.92
17524,8379,119,2,213.48,0,426.96
17525,8379,65,1,172.37,0,172.37
17526,8379,56,1,48.94,0,48.94
17527,8380,3,1,101.49,0.1,91.34
17528,8381,136,1,116.14,0.1,104.53
17529,8382,40,1,53.97,0,53.97
17530,8382,141,1,71.69,0.15,60.94
17531,8382,98,1,11.23,0,11.23
17532,8382,107,1,335.62,0,335.62
17533,8382,121,2,374.5,0,749.0
17534,8383,53,2,86.91,0.15,147.75
17535,8384,54,2,92.65,0,185.3
17536,8384,97,1,23.97,0,23.97
17537,8385,149,2,68.48,0,136.96
17538,8386,5,2,135.87,0,271.74
17539,8386,137,1,15.32,0.1,13.79
17540,8387,132,1,101.25,0,101.25
17541,8387,84,1,13.12,0.1,11.81
17542,8387,64,1,113.76,0,113.76
17543,8387,11,1,176.03,0,176.03
17544,8388,61,3,12.8,0.1,34.56
17545,8388,77,3,42.23,0,126.69
17546,8389,7,1,33.9,0,33.9
17547,8390,76,1,65.54,0,65.54
17548,8390,61,2,12.8,0,25.6
17549,8390,52,1,190.14,0,190.14
17550,8390,41,2,179.88,0,359.76
17551,8391,85,1,74.75,0,74.75
17552,8392,71,1,16.86,0,16.86
17553,8393,119,1,213.48,0.1,192.13
17554,8393,5,2,135.87,0,271.74
17555,8393,97,1,23.97,0,23.97
17556,8393,15,1,152.22,0,152.22
17557,8394,125,2,226.52,0.15,385.08
17558,8395,142,1,31.27,0,31.27
17559,8395,160,2,40.26,0,80.52
17560,8395,61,1,12.8,0,12.8
17561,8395,17,1,75.74,0.1,68.17
17562,8395,127,1,268.94,0,268.94
17563,8396,54,1,92.65,0.15,78.75
17564,8397,71,1,16.86,0,16.86
17565,8398,137,1,15.32,0.1,13.79
17566,8398,72,2,196.03,0,392.06
17567,8398,31,1,121.18,0.1,109.06
17568,8398,72,2,196.03,0,392.06
17569,8399,124,1,13.96,0,13.96
17570,8400,18,1,268.84,0,268.84
17571,8400,15,1,152.22,0,152.22
17572,8401,77,1,42.23,0.1,38.01
17573,8401,27,2,21.73,0,43.46
17574,8402,88,1,39.57,0,39.57
17575,8402,145,1,84.99,0.15,72.24
17576,8403,61,3,12.8,0,38.4
17577,8404,116,1,217.77,0,217.77
17578,8405,134,1,40.72,0,40.72
17579,8406,158,1,14.07,0.2,11.26
17580,8407,111,1,282.79,0.2,226.23
17581,8408,108,1,97.45,0.1,87.7
17582,8409,92,1,74.46,0,74.46
17583,8409,152,1,66.12,0,66.12
17584,8410,18,1,268.84,0,268.84
17585,8411,127,1,268.94,0.1,242.05
17586,8411,113,2,274.17,0,548.34
17587,8411,38,1,79.64,0.15,67.69
17588,8411,21,2,274.21,0,548.42
17589,8412,71,1,16.86,0,16.86
17590,8412,54,2,92.65,0,185.3
17591,8413,10,2,116.26,0,232.52
17592,8413,97,2,23.97,0,47.94
17593,8414,142,1,31.27,0,31.27
17594,8414,9,3,98.65,0,295.95
17595,8415,44,1,83.07,0,83.07
17596,8415,42,3,80.28,0,240.84
17597,8415,121,1,374.5,0,374.5
17598,8416,159,1,57.51,0.15,48.88
17599,8416,97,1,23.97,0,23.97
17600,8416,60,1,294.14,0,294.14
17601,8417,125,1,226.52,0.1,203.87
17602,8418,121,2,374.5,0,749.0
17603,8418,54,3,92.65,0,277.95
17604,8419,54,1,92.65,0,92.65
17605,8419,54,3,92.65,0,277.95
17606,8419,61,1,12.8,0.1,11.52
17607,8420,138,1,24.71,0,24.71
17608,8420,53,1,86.91,0,86.91
17609,8421,101,1,68.79,0.15,58.47
17610,8422,99,1,79.98,0,79.98
17611,8423,54,1,92.65,0.1,83.39
17612,8423,54,2,92.65,0.15,157.5
17613,8423,5,2,135.87,0,271.74
17614,8424,54,1,92.65,0.15,78.75
17615,8424,79,1,40.31,0,40.31
17616,8425,39,1,43.96,0.15,37.37
17617,8426,22,3,399.88,0,1199.64
17618,8426,54,1,92.65,0,92.65
17619,8426,61,2,12.8,0,25.6
17620,8426,108,2,97.45,0,194.9
17621,8427,156,1,17.86,0.15,15.18
17622,8427,44,1,83.07,0.1,74.76
17623,8427,120,1,179.87,0,179.87
17624,8427,139,1,70.5,0,70.5
17625,8427,97,3,23.97,0.1,64.72
17626,8428,108,1,97.45,0,97.45
17627,8428,29,1,122.84,0,122.84
17628,8429,121,2,374.5,0,749.0
17629,8429,48,1,156.79,0,156.79
17630,8429,128,1,398.69,0,398.69
17631,8429,29,1,122.84,0,122.84
17632,8430,129,1,36.16,0,36.16
17633,8431,106,1,187.33,0,187.33
17634,8431,110,2,59.23,0,118.46
17635,8432,92,1,74.46,0,74.46
17636,8433,142,1,31.27,0,31.27
17637,8433,143,1,69.82,0,69.82
17638,8434,27,1,21.73,0,21.73
17639,8435,84,1,13.12,0,13.12
17640,8436,102,1,116.44,0,116.44
17641,8436,94,1,59.56,0,59.56
17642,8437,154,2,83.05,0.2,132.88
17643,8437,145,1,84.99,0,84.99
17644,8437,152,1,66.12,0,66.12
17645,8437,103,1,74.37,0,74.37
17646,8438,3,1,101.49,0,101.49
17647,8439,54,1,92.65,0.2,74.12
17648,8439,54,1,92.65,0.1,83.39
17649,8440,85,1,74.75,0,74.75
17650,8440,15,1,152.22,0,152.22
17651,8440,73,2,43.45,0.1,78.21
17652,8441,134,2,40.72,0,81.44
17653,8441,11,1,176.03,0,176.03
17654,8441,47,2,173.41,0,346.82
17655,8442,147,1,23.93,0.15,20.34
17656,8442,95,1,42.95,0,42.95
17657,8442,11,3,176.03,0,528.09
17658,8443,127,2,268.94,0,537.88
17659,8443,145,1,84.99,0.1,76.49
17660,8443,68,1,204.27,0,204.27
17661,8443,41,2,179.88,0,359.76
17662,8444,95,2,42.95,0,85.9
17663,8444,61,1,12.8,0,12.8
17664,8445,131,2,62.23,0.2,99.57
17665,8445,148,1,60.49,0,60.49
17666,8446,152,1,66.12,0.2,52.9
17667,8447,143,1,69.82,0,69.82
17668,8447,101,1,68.79,0,68.79
17669,8447,61,1,12.8,0,12.8
17670,8448,88,1,39.57,0,39.57
17671,8448,80,1,41.32,0,41.32
17672,8449,56,1,48.94,0,48.94
17673,8449,36,1,143.82,0.15,122.25
17674,8450,119,2,213.48,0,426.96
17675,8450,57,1,91.71,0,91.71
17676,8450,22,1,399.88,0.2,319.9
17677,8450,152,1,66.12,0,66.12
17678,8450,1,2,134.64,0,269.28
17679,8451,34,2,164.11,0,328.22
17680,8451,29,1,122.84,0,122.84
17681,8452,97,3,23.97,0,71.91
17682,8453,33,1,49.0,0.1,44.1
17683,8454,64,1,113.76,0,113.76
17684,8454,19,1,229.68,0,229.68
17685,8454,83,1,23.95,0,23.95
17686,8454,46,1,64.69,0.1,58.22
17687,8455,145,1,84.99,0,84.99
17688,8456,94,2,59.56,0,119.12
17689,8457,54,1,92.65,0.1,83.39
17690,8457,88,2,39.57,0,79.14
17691,8458,51,1,33.99,0,33.99
17692,8459,136,2,116.14,0,232.28
17693,8459,11,1,176.03,0.2,140.82
17694,8459,114,2,240.92,0,481.84
17695,8460,85,1,74.75,0,74.75
17696,8460,119,1,213.48,0,213.48
17697,8460,111,1,282.79,0,282.79
17698,8460,7,1,33.9,0,33.9
17699,8460,15,1,152.22,0,152.22
17700,8461,105,1,348.07,0,348.07
17701,8461,1,1,134.64,0,134.64
17702,8461,112,1,329.53,0,329.53
17703,8462,109,1,22.1,0,22.1
17704,8463,61,1,12.8,0.1,11.52
17705,8463,35,2,124.39,0,248.78
17706,8464,152,1,66.12,0,66.12
17707,8464,137,3,15.32,0,45.96
17708,8465,159,1,57.51,0,57.51
17709,8466,131,1,62.23,0,62.23
17710,8467,72,1,196.03,0,196.03
17711,8467,158,1,14.07,0,14.07
17712,8468,119,1,213.48,0,213.48
17713,8468,152,1,66.12,0,66.12
17714,8468,35,2,124.39,0,248.78
17715,8469,54,1,92.65,0,92.65
17716,8470,42,1,80.28,0,80.28
17717,8471,134,1,40.72,0,40.72
17718,8471,99,1,79.98,0,79.98
17719,8472,33,3,49.0,0,147.0
17720,8472,39,1,43.96,0.1,39.56
17721,8472,61,1,12.8,0,12.8
17722,8472,56,1,48.94,0.1,44.05
17723,8472,54,1,92.65,0,92.65
17724,8473,136,1,116.14,0,116.14
17725,8473,54,1,92.65,0.1,83.39
17726,8473,121,1,374.5,0.1,337.05
17727,8473,18,1,268.84,0,268.84
17728,8473,71,3,16.86,0,50.58
17729,8474,24,1,346.45,0.1,311.81
17730,8475,88,1,39.57,0,39.57
17731,8476,113,1,274.17,0,274.17
17732,8477,113,1,274.17,0,274.17
17733,8477,152,1,66.12,0.15,56.2
17734,8477,119,1,213.48,0,213.48
17735,8478,87,1,40.81,0,40.81
17736,8479,125,2,226.52,0,453.04
17737,8480,1,1,134.64,0,134.64
17738,8481,145,1,84.99,0,84.99
17739,8481,53,2,86.91,0.2,139.06
17740,8481,58,1,151.67,0,151.67
17741,8482,100,1,69.29,0,69.29
17742,8483,160,1,40.26,0,40.26
17743,8483,108,1,97.45,0.15,82.83
17744,8483,81,1,52.03,0,52.03
17745,8483,119,1,213.48,0,213.48
17746,8484,42,1,80.28,0,80.28
17747,8484,33,1,49.0,0,49.0
17748,8485,82,1,54.72,0,54.72
17749,8485,131,3,62.23,0,186.69
17750,8485,94,1,59.56,0.2,47.65
17751,8485,54,1,92.65,0,92.65
17752,8486,60,1,294.14,0,294.14
17753,8487,110,1,59.23,0.2,47.38
17754,8488,54,1,92.65,0,92.65
17755,8489,58,2,151.67,0,303.34
17756,8489,128,1,398.69,0,398.69
17757,8490,63,2,115.75,0,231.5
17758,8490,67,1,62.01,0.2,49.61
17759,8490,136,1,116.14,0.15,98.72
17760,8490,19,2,229.68,0.1,413.42
17761,8491,7,1,33.9,0.1,30.51
17762,8492,54,1,92.65,0,92.65
17763,8492,152,3,66.12,0.15,168.61
17764,8492,100,1,69.29,0.1,62.36
17765,8492,25,1,292.94,0.1,263.65
17766,8493,111,1,282.79,0.1,254.51
17767,8493,94,1,59.56,0.1,53.6
17768,8494,111,1,282.79,0,282.79
17769,8495,152,1,66.12,0,66.12
17770,8496,61,1,12.8,0.2,10.24
17771,8497,89,1,41.71,0,41.71
17772,8498,114,1,240.92,0,240.92
17773,8498,83,2,23.95,0,47.9
17774,8499,105,1,348.07,0.15,295.86
17775,8500,79,1,40.31,0,40.31
17776,8500,111,1,282.79,0.2,226.23
17777,8501,110,1,59.23,0,59.23
17778,8501,54,1,92.65,0,92.65
17779,8501,125,1,226.52,0,226.52
17780,8502,64,1,113.76,0,113.76
17781,8502,22,1,399.88,0.2,319.9
17782,8502,49,1,111.88,0,111.88
17783,8503,38,1,79.64,0.1,71.68
17784,8503,41,1,179.88,0,179.88
17785,8504,120,3,179.87,0.15,458.67
17786,8504,74,1,41.44,0.1,37.3
17787,8505,41,1,179.88,0,179.88
17788,8506,137,1,15.32,0,15.32
17789,8507,62,1,117.07,0,117.07
17790,8507,140,1,66.53,0,66.53
17791,8507,75,1,185.8,0.2,148.64
17792,8507,160,2,40.26,0,80.52
17793,8508,97,1,23.97,0,23.97
17794,8508,54,1,92.65,0,92.65
17795,8508,91,1,50.62,0,50.62
17796,8508,53,1,86.91,0,86.91
17797,8509,54,1,92.65,0,92.65
17798,8510,111,1,282.79,0,282.79
17799,8510,61,2,12.8,0,25.6
17800,8510,143,1,69.82,0,69.82
17801,8511,160,1,40.26,0,40.26
17802,8512,87,1,40.81,0.1,36.73
17803,8512,81,2,52.03,0,104.06
17804,8513,111,1,282.79,0,282.79
17805,8514,140,1,66.53,0.1,59.88
17806,8514,6,2,180.27,0,360.54
17807,8515,92,1,74.46,0,74.46
17808,8516,139,1,70.5,0,70.5
17809,8516,54,3,92.65,0,277.95
17810,8517,100,2,69.29,0.15,117.79
17811,8517,84,2,13.12,0.15,22.3
17812,8517,93,1,19.37,0,19.37
17813,8518,142,2,31.27,0,62.54
17814,8518,28,1,93.65,0.1,84.29
17815,8519,137,2,15.32,0,30.64
17816,8519,31,3,121.18,0.1,327.19
17817,8520,84,1,13.12,0,13.12
17818,8521,108,1,97.45,0,97.45
17819,8522,145,2,84.99,0,169.98
17820,8523,64,1,113.76,0,113.76
17821,8524,54,1,92.65,0,92.65
17822,8524,140,1,66.53,0.1,59.88
17823,8525,18,1,268.84,0,268.84
17824,8525,95,2,42.95,0,85.9
17825,8526,111,1,282.79,0.1,254.51
17826,8526,97,1,23.97,0,23.97
17827,8527,135,2,105.74,0,211.48
17828,8528,123,1,92.73,0,92.73
17829,8529,48,1,156.79,0,156.79
17830,8529,65,1,172.37,0,172.37
17831,8529,150,2,44.1,0,88.2
17832,8529,2,1,198.54,0,198.54
17833,8530,39,1,43.96,0,43.96
17834,8531,11,3,176.03,0.15,448.88
17835,8532,136,1,116.14,0,116.14
17836,8533,93,1,19.37,0.1,17.43
17837,8533,125,1,226.52,0.1,203.87
17838,8533,94,3,59.56,0,178.68
17839,8533,93,1,19.37,0,19.37
17840,8534,145,1,84.99,0,84.99
17841,8534,119,1,213.48,0,213.48
17842,8535,152,1,66.12,0.1,59.51
17843,8535,125,1,226.52,0,226.52
17844,8535,49,1,111.88,0,111.88
17845,8535,11,1,176.03,0,176.03
17846,8536,30,1,168.06,0,168.06
17847,8537,158,1,14.07,0.1,12.66
17848,8537,131,3,62.23,0,186.69
17849,8537,61,2,12.8,0.15,21.76
17850,8537,83,1,23.95,0,23.95
17851,8538,3,3,101.49,0,304.47
17852,8538,113,1,274.17,0,274.17
17853,8538,67,1,62.01,0,62.01
17854,8539,94,3,59.56,0,178.68
17855,8539,71,1,16.86,0,16.86
17856,8539,19,1,229.68,0,229.68
17857,8540,39,1,43.96,0.2,35.17
17858,8541,54,1,92.65,0,92.65
17859,8541,135,1,105.74,0,105.74
17860,8541,111,2,282.79,0.1,509.02
17861,8542,56,2,48.94,0,97.88
17862,8543,113,1,274.17,0,274.17
17863,8543,51,1,33.99,0,33.99
17864,8544,54,1,92.65,0,92.65
17865,8545,88,1,39.57,0,39.57
17866,8546,12,2,291.22,0,582.44
17867,8547,140,1,66.53,0,66.53
17868,8547,97,1,23.97,0,23.97
17869,8548,40,2,53.97,0.1,97.15
17870,8549,134,1,40.72,0,40.72
17871,8550,38,1,79.64,0,79.64
17872,8550,43,2,75.67,0.15,128.64
17873,8550,160,1,40.26,0,40.26
17874,8551,100,1,69.29,0,69.29
17875,8551,157,1,65.63,0.1,59.07
17876,8551,56,1,48.94,0,48.94
17877,8552,113,1,274.17,0,274.17
17878,8552,60,1,294.14,0,294.14
17879,8552,3,1,101.49,0,101.49
17880,8552,54,1,92.65,0,92.65
17881,8553,11,1,176.03,0,176.03
17882,8553,42,1,80.28,0,80.28
17883,8553,158,1,14.07,0.15,11.96
17884,8553,91,1,50.62,0,50.62
17885,8554,157,1,65.63,0.1,59.07
17886,8554,148,1,60.49,0.1,54.44
17887,8555,43,1,75.67,0.15,64.32
17888,8555,40,2,53.97,0,107.94
17889,8555,54,2,92.65,0,185.3
17890,8556,53,1,86.91,0.1,78.22
17891,8557,137,1,15.32,0,15.32
17892,8558,101,1,68.79,0,68.79
17893,8558,136,2,116.14,0,232.28
17894,8559,81,1,52.03,0.1,46.83
17895,8560,61,1,12.8,0,12.8
17896,8561,100,1,69.29,0.2,55.43
17897,8561,33,1,49.0,0,49.0
17898,8562,78,1,77.23,0.1,69.51
17899,8562,29,1,122.84,0.1,110.56
17900,8563,75,2,185.8,0,371.6
17901,8564,119,1,213.48,0,213.48
17902,8564,91,1,50.62,0.1,45.56
17903,8564,84,1,13.12,0.15,11.15
17904,8565,108,1,97.45,0.15,82.83
17905,8566,97,2,23.97,0.15,40.75
17906,8567,31,1,121.18,0,121.18
17907,8568,6,2,180.27,0,360.54
17908,8569,140,2,66.53,0,133.06
17909,8569,56,2,48.94,0.1,88.09
17910,8569,29,2,122.84,0,245.68
17911,8570,53,1,86.91,0,86.91
17912,8570,152,1,66.12,0,66.12
17913,8570,145,1,84.99,0.1,76.49
17914,8570,152,1,66.12,0.15,56.2
17915,8570,148,1,60.49,0.15,51.42
17916,8571,102,2,116.44,0,232.88
17917,8572,119,2,213.48,0.2,341.57
17918,8572,43,1,75.67,0.15,64.32
17919,8573,145,1,84.99,0,84.99
17920,8574,26,1,66.46,0,66.46
17921,8575,53,1,86.91,0.1,78.22
17922,8576,31,2,121.18,0,242.36
17923,8576,33,3,49.0,0,147.0
17924,8577,34,1,164.11,0,164.11
17925,8578,96,1,51.37,0,51.37
17926,8578,5,1,135.87,0.15,115.49
17927,8578,3,1,101.49,0.1,91.34
17928,8579,53,2,86.91,0.1,156.44
17929,8579,66,1,279.67,0.1,251.7
17930,8579,102,1,116.44,0.1,104.8
17931,8580,152,1,66.12,0.15,56.2
17932,8580,9,1,98.65,0,98.65
17933,8580,43,1,75.67,0.1,68.1
17934,8581,32,1,49.75,0.15,42.29
17935,8582,143,3,69.82,0.2,167.57
17936,8582,54,1,92.65,0.1,83.39
17937,8582,149,1,68.48,0.1,61.63
17938,8583,92,1,74.46,0.1,67.01
17939,8584,16,2,232.17,0,464.34
17940,8584,53,2,86.91,0.2,139.06
17941,8585,8,1,255.14,0,255.14
17942,8586,140,1,66.53,0,66.53
17943,8586,34,1,164.11,0,164.11
17944,8587,152,1,66.12,0,66.12
17945,8587,88,1,39.57,0.1,35.61
17946,8587,53,1,86.91,0.1,78.22
17947,8588,117,1,173.82,0.2,139.06
17948,8588,22,1,399.88,0,399.88
17949,8588,7,1,33.9,0,33.9
17950,8588,54,1,92.65,0,92.65
17951,8589,51,1,33.99,0.15,28.89
17952,8589,152,1,66.12,0,66.12
17953,8590,47,1,173.41,0,173.41
17954,8591,115,1,276.86,0,276.86
17955,8591,61,2,12.8,0,25.6
17956,8592,126,1,319.24,0.1,287.32
17957,8592,25,1,292.94,0,292.94
17958,8592,144,1,11.66,0.15,9.91
17959,8593,71,1,16.86,0.15,14.33
17960,8594,29,1,122.84,0.15,104.41
17961,8594,66,1,279.67,0.1,251.7
17962,8595,119,1,213.48,0,213.48
17963,8596,95,1,42.95,0.2,34.36
17964,8596,60,1,294.14,0.1,264.73
17965,8596,101,1,68.79,0.15,58.47
17966,8597,152,3,66.12,0,198.36
17967,8598,135,2,105.74,0.2,169.18
17968,8599,62,1,117.07,0,117.07
17969,8599,132,1,101.25,0,101.25
17970,8599,25,1,292.94,0.1,263.65
17971,8599,34,1,164.11,0,164.11
17972,8600,132,2,101.25,0,202.5
17973,8600,105,1,348.07,0,348.07
17974,8600,83,2,23.95,0,47.9
17975,8600,94,1,59.56,0,59.56
17976,8601,152,1,66.12,0.15,56.2
17977,8602,41,1,179.88,0.15,152.9
17978,8602,106,1,187.33,0,187.33
17979,8603,43,1,75.67,0,75.67
17980,8603,64,2,113.76,0,227.52
17981,8604,140,2,66.53,0.1,119.75
17982,8604,153,3,99.2,0.15,252.96
17983,8605,144,2,11.66,0,23.32
17984,8606,53,1,86.91,0,86.91
17985,8606,119,1,213.48,0,213.48
17986,8607,71,1,16.86,0,16.86
17987,8607,68,1,204.27,0,204.27
17988,8608,8,1,255.14,0,255.14
17989,8609,10,3,116.26,0.1,313.9
17990,8609,77,1,42.23,0.15,35.9
17991,8610,62,2,117.07,0,234.14
17992,8610,34,2,164.11,0.15,278.99
17993,8611,123,1,92.73,0.1,83.46
17994,8611,58,2,151.67,0,303.34
17995,8612,115,1,276.86,0,276.86
17996,8612,93,1,19.37,0,19.37
17997,8612,60,1,294.14,0.1,264.73
17998,8613,47,2,173.41,0,346.82
17999,8613,152,2,66.12,0,132.24
18000,8614,40,1,53.97,0.1,48.57
18001,8614,54,1,92.65,0.1,83.39
18002,8614,121,1,374.5,0,374.5
18003,8614,156,1,17.86,0,17.86
18004,8615,27,1,21.73,0,21.73
18005,8615,105,3,348.07,0.15,887.58
18006,8616,78,3,77.23,0.1,208.52
18007,8617,36,1,143.82,0.1,129.44
18008,8617,16,1,232.17,0,232.17
18009,8617,2,1,198.54,0,198.54
18010,8618,54,1,92.65,0,92.65
18011,8618,42,2,80.28,0,160.56
18012,8619,83,1,23.95,0,23.95
18013,8619,160,1,40.26,0.1,36.23
18014,8620,34,1,164.11,0,164.11
18015,8620,154,1,83.05,0.1,74.75
18016,8621,136,1,116.14,0.15,98.72
18017,8621,31,1,121.18,0,121.18
18018,8622,54,2,92.65,0,185.3
18019,8622,123,1,92.73,0.1,83.46
18020,8623,152,1,66.12,0,66.12
18021,8624,54,2,92.65,0,185.3
18022,8625,157,1,65.63,0,65.63
18023,8625,145,2,84.99,0,169.98
18024,8625,16,1,232.17,0,232.17
18025,8626,81,1,52.03,0,52.03
18026,8627,28,1,93.65,0,93.65
18027,8627,136,2,116.14,0.1,209.05
18028,8628,84,1,13.12,0.15,11.15
18029,8628,56,2,48.94,0.1,88.09
18030,8629,33,1,49.0,0,49.0
18031,8629,54,2,92.65,0,185.3
18032,8630,42,2,80.28,0.1,144.5
18033,8631,56,2,48.94,0,97.88
18034,8631,33,1,49.0,0,49.0
18035,8631,121,1,374.5,0,374.5
18036,8631,64,1,113.76,0.1,102.38
18037,8632,40,1,53.97,0.2,43.18
18038,8632,127,2,268.94,0,537.88
18039,8633,54,2,92.65,0,185.3
18040,8634,47,1,173.41,0,173.41
18041,8634,55,1,295.32,0.1,265.79
18042,8635,18,1,268.84,0.1,241.96
18043,8636,5,2,135.87,0,271.74
18044,8637,54,1,92.65,0,92.65
18045,8638,33,1,49.0,0.15,41.65
18046,8638,78,1,77.23,0,77.23
18047,8638,93,1,19.37,0,19.37
18048,8639,47,1,173.41,0,173.41
18049,8639,39,1,43.96,0,43.96
18050,8640,33,1,49.0,0,49.0
18051,8641,54,1,92.65,0.1,83.39
18052,8641,60,1,294.14,0,294.14
18053,8642,3,1,101.49,0.1,91.34
18054,8642,56,1,48.94,0,48.94
18055,8642,33,1,49.0,0,49.0
18056,8643,54,1,92.65,0.1,83.39
18057,8644,88,3,39.57,0,118.71
18058,8645,24,1,346.45,0.1,311.81
18059,8645,39,1,43.96,0,43.96
18060,8645,48,1,156.79,0,156.79
18061,8645,55,3,295.32,0,885.96
18062,8646,127,1,268.94,0,268.94
18063,8646,6,3,180.27,0,540.81
18064,8646,143,1,69.82,0,69.82
18065,8646,34,2,164.11,0.15,278.99
18066,8646,121,1,374.5,0.15,318.32
18067,8647,119,1,213.48,0,213.48
18068,8648,47,1,173.41,0.15,147.4
18069,8648,148,1,60.49,0.15,51.42
18070,8649,112,1,329.53,0,329.53
18071,8650,61,1,12.8,0,12.8
18072,8651,34,1,164.11,0,164.11
18073,8651,123,1,92.73,0,92.73
18074,8651,47,1,173.41,0,173.41
18075,8652,113,1,274.17,0,274.17
18076,8653,74,2,41.44,0,82.88
18077,8653,72,1,196.03,0,196.03
18078,8654,34,1,164.11,0.2,131.29
18079,8654,112,3,329.53,0.15,840.3
18080,8655,99,1,79.98,0.15,67.98
18081,8655,61,2,12.8,0,25.6
18082,8655,47,1,173.41,0,173.41
18083,8656,45,1,61.85,0,61.85
18084,8657,129,3,36.16,0,108.48
18085,8658,18,1,268.84,0,268.84
18086,8658,74,1,41.44,0,41.44
18087,8659,96,1,51.37,0,51.37
18088,8660,10,1,116.26,0,116.26
18089,8660,118,1,357.71,0,357.71
18090,8661,47,1,173.41,0,173.41
18091,8661,54,1,92.65,0,92.65
18092,8662,128,1,398.69,0,398.69
18093,8662,101,1,68.79,0.1,61.91
18094,8662,121,1,374.5,0,374.5
18095,8663,54,1,92.65,0.1,83.39
18096,8663,38,1,79.64,0,79.64
18097,8664,84,1,13.12,0,13.12
18098,8664,135,1,105.74,0,105.74
18099,8664,121,1,374.5,0,374.5
18100,8664,136,1,116.14,0.15,98.72
18101,8665,54,2,92.65,0.1,166.77
18102,8666,8,1,255.14,0,255.14
18103,8667,130,1,68.02,0.1,61.22
18104,8668,34,1,164.11,0.1,147.7
18105,8668,117,1,173.82,0,173.82
18106,8669,35,1,124.39,0,124.39
18107,8669,118,1,357.71,0,357.71
18108,8670,139,1,70.5,0.2,56.4
18109,8670,136,1,116.14,0,116.14
18110,8670,79,1,40.31,0,40.31
18111,8671,62,1,117.07,0,117.07
18112,8671,41,1,179.88,0,179.88
18113,8671,60,1,294.14,0,294.14
18114,8671,91,1,50.62,0,50.62
18115,8671,60,1,294.14,0,294.14
18116,8672,111,1,282.79,0,282.79
18117,8672,91,3,50.62,0.1,136.67
18118,8673,68,1,204.27,0,204.27
18119,8674,61,1,12.8,0.15,10.88
18120,8674,31,1,121.18,0,121.18
18121,8675,11,1,176.03,0.15,149.63
18122,8675,117,1,173.82,0.1,156.44
18123,8675,62,1,117.07,0.15,99.51
18124,8675,71,1,16.86,0,16.86
18125,8675,114,1,240.92,0,240.92
18126,8676,18,1,268.84,0,268.84
18127,8677,103,1,74.37,0.15,63.21
18128,8677,54,1,92.65,0.2,74.12
18129,8678,55,2,295.32,0.1,531.58
18130,8679,89,2,41.71,0,83.42
18131,8680,42,1,80.28,0,80.28
18132,8680,38,1,79.64,0.1,71.68
18133,8681,43,1,75.67,0.1,68.1
18134,8681,54,1,92.65,0,92.65
18135,8682,139,1,70.5,0.1,63.45
18136,8682,108,1,97.45,0.1,87.7
18137,8683,83,1,23.95,0,23.95
18138,8683,92,1,74.46,0,74.46
18139,8683,91,1,50.62,0.2,40.5
18140,8684,81,2,52.03,0,104.06
18141,8684,97,1,23.97,0,23.97
18142,8684,158,1,14.07,0.15,11.96
18143,8685,121,1,374.5,0,374.5
18144,8685,37,1,83.16,0,83.16
18145,8685,41,1,179.88,0.15,152.9
18146,8686,81,2,52.03,0.1,93.65
18147,8687,88,1,39.57,0,39.57
18148,8687,145,1,84.99,0.2,67.99
18149,8688,135,1,105.74,0,105.74
18150,8689,114,1,240.92,0.1,216.83
18151,8689,54,1,92.65,0,92.65
18152,8689,54,1,92.65,0,92.65
18153,8689,62,2,117.07,0,234.14
18154,8689,97,1,23.97,0,23.97
18155,8690,51,1,33.99,0.15,28.89
18156,8691,129,1,36.16,0,36.16
18157,8691,64,1,113.76,0,113.76
18158,8691,94,1,59.56,0,59.56
18159,8692,7,1,33.9,0.2,27.12
18160,8693,110,1,59.23,0,59.23
18161,8694,51,1,33.99,0,33.99
18162,8695,118,1,357.71,0,357.71
18163,8696,159,1,57.51,0.1,51.76
18164,8696,145,1,84.99,0.1,76.49
18165,8696,119,3,213.48,0.15,544.37
18166,8696,121,1,374.5,0,374.5
18167,8697,65,1,172.37,0,172.37
18168,8697,113,1,274.17,0,274.17
18169,8698,54,1,92.65,0,92.65
18170,8699,54,1,92.65,0,92.65
18171,8700,34,1,164.11,0.2,131.29
18172,8700,33,2,49.0,0,98.0
18173,8701,34,1,164.11,0,164.11
18174,8701,97,1,23.97,0.15,20.37
18175,8701,116,1,217.77,0,217.77
18176,8702,160,1,40.26,0,40.26
18177,8703,108,1,97.45,0,97.45
18178,8703,94,1,59.56,0,59.56
18179,8703,110,2,59.23,0,118.46
18180,8703,87,1,40.81,0.1,36.73
18181,8703,37,1,83.16,0,83.16
18182,8704,60,1,294.14,0,294.14
18183,8705,88,1,39.57,0,39.57
18184,8706,123,1,92.73,0.1,83.46
18185,8707,17,1,75.74,0,75.74
18186,8707,54,1,92.65,0,92.65
18187,8708,64,1,113.76,0,113.76
18188,8708,33,1,49.0,0,49.0
18189,8708,119,1,213.48,0,213.48
18190,8709,101,2,68.79,0,137.58
18191,8710,8,1,255.14,0.1,229.63
18192,8710,40,1,53.97,0.2,43.18
18193,8710,64,1,113.76,0.1,102.38
18194,8711,54,1,92.65,0,92.65
18195,8711,73,1,43.45,0,43.45
18196,8712,18,1,268.84,0.15,228.51
18197,8713,132,1,101.25,0,101.25
18198,8713,60,1,294.14,0,294.14
18199,8714,127,1,268.94,0,268.94
18200,8714,74,3,41.44,0,124.32
18201,8715,8,1,255.14,0,255.14
18202,8715,94,2,59.56,0,119.12
18203,8716,87,1,40.81,0,40.81
18204,8716,126,1,319.24,0,319.24
18205,8716,78,3,77.23,0,231.69
18206,8717,88,1,39.57,0,39.57
18207,8717,53,1,86.91,0,86.91
18208,8718,62,1,117.07,0.1,105.36
18209,8719,97,1,23.97,0,23.97
18210,8720,98,1,11.23,0,11.23
18211,8720,135,1,105.74,0,105.74
18212,8720,121,1,374.5,0,374.5
18213,8721,111,2,282.79,0,565.58
18214,8721,6,3,180.27,0,540.81
18215,8721,108,2,97.45,0,194.9
18216,8721,38,1,79.64,0,79.64
18217,8722,56,1,48.94,0.2,39.15
18218,8722,57,2,91.71,0,183.42
18219,8723,107,1,335.62,0,335.62
18220,8724,16,1,232.17,0,232.17
18221,8725,131,2,62.23,0,124.46
18222,8726,8,1,255.14,0,255.14
18223,8726,3,1,101.49,0,101.49
18224,8726,143,1,69.82,0,69.82
18225,8727,97,1,23.97,0,23.97
18226,8727,71,2,16.86,0,33.72
18227,8728,145,1,84.99,0,84.99
18228,8729,108,2,97.45,0,194.9
18229,8730,152,2,66.12,0,132.24
18230,8730,5,1,135.87,0,135.87
18231,8730,93,2,19.37,0,38.74
18232,8731,152,1,66.12,0,66.12
18233,8731,126,1,319.24,0,319.24
18234,8732,132,1,101.25,0,101.25
18235,8732,82,1,54.72,0.15,46.51
18236,8733,51,1,33.99,0,33.99
18237,8734,1,2,134.64,0.1,242.35
18238,8734,144,1,11.66,0,11.66
18239,8734,5,1,135.87,0.15,115.49
18240,8735,35,1,124.39,0.1,111.95
18241,8736,15,2,152.22,0,304.44
18242,8737,88,2,39.57,0.15,67.27
18243,8737,15,3,152.22,0,456.66
18244,8738,115,1,276.86,0,276.86
18245,8738,139,3,70.5,0,211.5
18246,8739,63,2,115.75,0,231.5
18247,8740,85,1,74.75,0,74.75
18248,8741,11,1,176.03,0.1,158.43
18249,8741,53,1,86.91,0,86.91
18250,8742,89,1,41.71,0.1,37.54
18251,8742,155,2,82.21,0,164.42
18252,8742,61,1,12.8,0.1,11.52
18253,8742,119,2,213.48,0,426.96
18254,8743,131,1,62.23,0,62.23
18255,8743,54,1,92.65,0,92.65
18256,8743,136,2,116.14,0,232.28
18257,8744,119,1,213.48,0.1,192.13
18258,8744,11,1,176.03,0,176.03
18259,8744,110,1,59.23,0,59.23
18260,8745,81,1,52.03,0,52.03
18261,8745,137,1,15.32,0.1,13.79
18262,8746,11,2,176.03,0.2,281.65
18263,8746,17,1,75.74,0,75.74
18264,8747,96,2,51.37,0,102.74
18265,8748,73,1,43.45,0,43.45
18266,8748,33,3,49.0,0.15,124.95
18267,8748,78,1,77.23,0,77.23
18268,8749,16,2,232.17,0,464.34
18269,8749,145,1,84.99,0,84.99
18270,8750,140,1,66.53,0,66.53
18271,8751,145,1,84.99,0,84.99
18272,8751,54,2,92.65,0,185.3
18273,8752,121,1,374.5,0,374.5
18274,8752,156,1,17.86,0,17.86
18275,8753,131,1,62.23,0.1,56.01
18276,8753,31,1,121.18,0.1,109.06
18277,8753,138,1,24.71,0.2,19.77
18278,8753,155,2,82.21,0.1,147.98
18279,8754,84,1,13.12,0,13.12
18280,8755,61,1,12.8,0,12.8
18281,8755,121,1,374.5,0,374.5
18282,8756,94,1,59.56,0.1,53.6
18283,8756,54,1,92.65,0,92.65
18284,8756,2,1,198.54,0,198.54
18285,8757,61,1,12.8,0,12.8
18286,8757,29,1,122.84,0.1,110.56
18287,8757,71,1,16.86,0,16.86
18288,8757,126,3,319.24,0,957.72
18289,8758,123,1,92.73,0,92.73
18290,8758,40,1,53.97,0,53.97
18291,8758,134,1,40.72,0.1,36.65
18292,8759,95,2,42.95,0,85.9
18293,8760,61,1,12.8,0,12.8
18294,8760,64,2,113.76,0,227.52
18295,8760,152,1,66.12,0,66.12
18296,8760,18,1,268.84,0.15,228.51
18297,8760,70,1,67.88,0.1,61.09
18298,8761,42,1,80.28,0,80.28
18299,8762,47,1,173.41,0,173.41
18300,8763,142,1,31.27,0,31.27
18301,8764,1,1,134.64,0.15,114.44
18302,8764,49,1,111.88,0,111.88
18303,8764,76,1,65.54,0,65.54
18304,8765,106,1,187.33,0.15,159.23
18305,8765,128,1,398.69,0,398.69
18306,8765,108,1,97.45,0.1,87.7
18307,8766,91,1,50.62,0,50.62
18308,8766,135,3,105.74,0.1,285.5
18309,8766,111,1,282.79,0.1,254.51
18310,8767,53,1,86.91,0,86.91
18311,8768,6,1,180.27,0.1,162.24
18312,8769,143,1,69.82,0,69.82
18313,8769,152,1,66.12,0,66.12
18314,8770,125,1,226.52,0,226.52
18315,8771,150,2,44.1,0,88.2
18316,8771,61,3,12.8,0,38.4
18317,8771,102,1,116.44,0,116.44
18318,8771,129,1,36.16,0,36.16
18319,8772,18,1,268.84,0,268.84
18320,8772,64,1,113.76,0.2,91.01
18321,8772,111,1,282.79,0,282.79
18322,8773,30,1,168.06,0,168.06
18323,8773,8,1,255.14,0.15,216.87
18324,8774,127,1,268.94,0,268.94
18325,8775,119,3,213.48,0,640.44
18326,8775,91,1,50.62,0.2,40.5
18327,8775,71,1,16.86,0,16.86
18328,8775,89,1,41.71,0,41.71
18329,8775,5,3,135.87,0,407.61
18330,8776,101,1,68.79,0,68.79
18331,8776,127,1,268.94,0,268.94
18332,8777,158,1,14.07,0,14.07
18333,8777,66,1,279.67,0.15,237.72
18334,8777,160,1,40.26,0,40.26
18335,8777,107,1,335.62,0,335.62
18336,8777,54,1,92.65,0,92.65
18337,8778,106,3,187.33,0.15,477.69
18338,8778,41,1,179.88,0,179.88
18339,8778,100,1,69.29,0.1,62.36
18340,8779,116,1,217.77,0,217.77
18341,8779,15,3,152.22,0,456.66
18342,8780,147,1,23.93,0.1,21.54
18343,8780,119,2,213.48,0,426.96
18344,8780,113,1,274.17,0,274.17
18345,8781,81,1,52.03,0.15,44.23
18346,8782,99,1,79.98,0,79.98
18347,8782,110,1,59.23,0,59.23
18348,8783,22,1,399.88,0.15,339.9
18349,8783,76,1,65.54,0,65.54
18350,8783,97,1,23.97,0,23.97
18351,8783,66,1,279.67,0.1,251.7
18352,8784,43,1,75.67,0,75.67
18353,8784,58,3,151.67,0.1,409.51
18354,8784,27,1,21.73,0.1,19.56
18355,8784,88,1,39.57,0.15,33.63
18356,8785,146,2,20.85,0.15,35.45
18357,8786,25,2,292.94,0,585.88
18358,8787,96,1,51.37,0,51.37
18359,8788,159,2,57.51,0,115.02
18360,8788,75,1,185.8,0,185.8
18361,8788,157,1,65.63,0,65.63
18362,8788,61,1,12.8,0,12.8
18363,8788,78,1,77.23,0,77.23
18364,8789,135,2,105.74,0,211.48
18365,8789,65,1,172.37,0.1,155.13
18366,8790,54,1,92.65,0,92.65
18367,8791,83,1,23.95,0.15,20.36
18368,8792,33,1,49.0,0,49.0
18369,8793,108,1,97.45,0,97.45
18370,8794,130,1,68.02,0,68.02
18371,8794,88,1,39.57,0,39.57
18372,8795,7,1,33.9,0,33.9
18373,8795,17,1,75.74,0,75.74
18374,8795,125,1,226.52,0.1,203.87
18375,8796,160,1,40.26,0,40.26
18376,8796,15,2,152.22,0,304.44
18377,8797,121,2,374.5,0.1,674.1
18378,8797,54,1,92.65,0.2,74.12
18379,8797,128,1,398.69,0,398.69
18380,8797,152,1,66.12,0,66.12
18381,8798,103,1,74.37,0.1,66.93
18382,8798,28,1,93.65,0.15,79.6
18383,8799,118,1,357.71,0,357.71
18384,8799,61,2,12.8,0,25.6
18385,8800,112,3,329.53,0,988.59
18386,8800,159,1,57.51,0,57.51
18387,8800,115,2,276.86,0.1,498.35
18388,8800,108,1,97.45,0,97.45
18389,8800,97,1,23.97,0,23.97
18390,8801,74,3,41.44,0,124.32
18391,8801,6,1,180.27,0,180.27
18392,8801,121,1,374.5,0,374.5
18393,8801,112,1,329.53,0.1,296.58
18394,8802,152,1,66.12,0.1,59.51
18395,8803,76,2,65.54,0,131.08
18396,8803,61,1,12.8,0.15,10.88
18397,8803,111,2,282.79,0,565.58
18398,8804,18,1,268.84,0,268.84
18399,8804,95,1,42.95,0,42.95
18400,8805,41,1,179.88,0.15,152.9
18401,8806,33,1,49.0,0,49.0
18402,8806,123,3,92.73,0,278.19
18403,8806,110,2,59.23,0,118.46
18404,8807,54,1,92.65,0.1,83.39
18405,8807,101,1,68.79,0.15,58.47
18406,8808,61,1,12.8,0,12.8
18407,8808,18,1,268.84,0,268.84
18408,8809,54,1,92.65,0,92.65
18409,8810,158,1,14.07,0,14.07
18410,8811,76,1,65.54,0.15,55.71
18411,8811,8,2,255.14,0,510.28
18412,8812,3,1,101.49,0,101.49
18413,8813,92,1,74.46,0,74.46
18414,8813,153,1,99.2,0.15,84.32
18415,8813,144,3,11.66,0,34.98
18416,8813,114,1,240.92,0,240.92
18417,8813,117,1,173.82,0.2,139.06
18418,8814,56,1,48.94,0.1,44.05
18419,8814,39,1,43.96,0.15,37.37
18420,8814,132,3,101.25,0,303.75
18421,8814,54,1,92.65,0,92.65
18422,8815,150,1,44.1,0,44.1
18423,8815,152,1,66.12,0,66.12
18424,8816,56,1,48.94,0.2,39.15
18425,8816,119,1,213.48,0,213.48
18426,8817,99,1,79.98,0,79.98
18427,8817,54,1,92.65,0.2,74.12
18428,8818,20,2,84.59,0,169.18
18429,8818,89,1,41.71,0,41.71
18430,8818,42,1,80.28,0,80.28
18431,8818,124,2,13.96,0.1,25.13
18432,8818,108,1,97.45,0,97.45
18433,8819,54,1,92.65,0,92.65
18434,8820,88,1,39.57,0,39.57
18435,8820,13,1,132.43,0,132.43
18436,8821,111,1,282.79,0,282.79
18437,8821,54,1,92.65,0,92.65
18438,8821,28,2,93.65,0,187.3
18439,8822,54,1,92.65,0.1,83.39
18440,8822,71,1,16.86,0.15,14.33
18441,8822,64,1,113.76,0,113.76
18442,8822,85,2,74.75,0,149.5
18443,8822,108,3,97.45,0.2,233.88
18444,8823,101,1,68.79,0,68.79
18445,8823,54,2,92.65,0.1,166.77
18446,8824,89,1,41.71,0.1,37.54
18447,8824,114,1,240.92,0,240.92
18448,8824,42,1,80.28,0,80.28
18449,8824,7,1,33.9,0,33.9
18450,8825,26,2,66.46,0,132.92
18451,8825,142,1,31.27,0,31.27
18452,8825,37,1,83.16,0.15,70.69
18453,8825,110,2,59.23,0.2,94.77
18454,8825,41,2,179.88,0,359.76
18455,8826,96,1,51.37,0,51.37
18456,8826,118,3,357.71,0,1073.13
18457,8826,61,3,12.8,0,38.4
18458,8826,8,1,255.14,0,255.14
18459,8827,32,1,49.75,0,49.75
18460,8828,44,1,83.07,0,83.07
18461,8828,86,1,8.05,0,8.05
18462,8828,117,2,173.82,0,347.64
18463,8828,38,2,79.64,0,159.28
18464,8829,54,1,92.65,0.15,78.75
18465,8830,97,1,23.97,0.15,20.37
18466,8830,140,1,66.53,0,66.53
18467,8830,153,1,99.2,0,99.2
18468,8830,132,2,101.25,0,202.5
18469,8831,97,1,23.97,0.2,19.18
18470,8832,46,2,64.69,0,129.38
18471,8833,54,1,92.65,0.1,83.39
18472,8834,136,2,116.14,0,232.28
18473,8834,108,3,97.45,0.1,263.12
18474,8835,98,2,11.23,0.1,20.21
18475,8836,38,1,79.64,0,79.64
18476,8836,159,3,57.51,0.2,138.02
18477,8837,121,1,374.5,0,374.5
18478,8837,1,1,134.64,0,134.64
18479,8837,147,1,23.93,0.1,21.54
18480,8837,34,2,164.11,0,328.22
18481,8838,136,1,116.14,0.15,98.72
18482,8839,119,2,213.48,0.1,384.26
18483,8840,64,1,113.76,0,113.76
18484,8840,160,1,40.26,0,40.26
18485,8841,77,1,42.23,0,42.23
18486,8842,44,2,83.07,0,166.14
18487,8842,99,1,79.98,0,79.98
18488,8843,101,1,68.79,0.15,58.47
18489,8844,123,1,92.73,0,92.73
18490,8844,132,1,101.25,0.1,91.12
18491,8845,129,1,36.16,0,36.16
18492,8845,54,1,92.65,0,92.65
18493,8846,85,1,74.75,0,74.75
18494,8847,22,2,399.88,0,799.76
18495,8847,130,1,68.02,0.2,54.42
18496,8848,94,1,59.56,0,59.56
18497,8848,111,1,282.79,0.1,254.51
18498,8848,119,1,213.48,0,213.48
18499,8849,125,1,226.52,0,226.52
18500,8849,60,1,294.14,0,294.14
18501,8850,145,3,84.99,0,254.97
18502,8850,137,1,15.32,0,15.32
18503,8851,10,1,116.26,0,116.26
18504,8851,54,2,92.65,0.2,148.24
18505,8851,159,2,57.51,0,115.02
18506,8852,91,1,50.62,0,50.62
18507,8852,135,1,105.74,0.1,95.17
18508,8853,39,2,43.96,0,87.92
18509,8853,7,1,33.9,0.15,28.81
18510,8853,152,1,66.12,0,66.12
18511,8854,160,1,40.26,0,40.26
18512,8855,108,1,97.45,0,97.45
18513,8855,43,2,75.67,0,151.34
18514,8856,124,2,13.96,0,27.92
18515,8856,81,3,52.03,0,156.09
18516,8857,40,1,53.97,0,53.97
18517,8857,78,2,77.23,0,154.46
18518,8858,100,2,69.29,0,138.58
18519,8858,119,1,213.48,0,213.48
18520,8858,119,1,213.48,0.1,192.13
18521,8859,88,2,39.57,0,79.14
18522,8859,94,2,59.56,0.2,95.3
18523,8859,15,1,152.22,0,152.22
18524,8859,53,1,86.91,0,86.91
18525,8859,50,1,55.81,0.1,50.23
18526,8860,112,1,329.53,0.2,263.62
18527,8861,111,1,282.79,0.1,254.51
18528,8862,158,1,14.07,0.1,12.66
18529,8863,106,2,187.33,0.15,318.46
18530,8863,54,1,92.65,0,92.65
18531,8863,61,3,12.8,0,38.4
18532,8863,64,1,113.76,0,113.76
18533,8864,145,1,84.99,0,84.99
18534,8864,136,3,116.14,0,348.42
18535,8864,75,1,185.8,0,185.8
18536,8865,119,1,213.48,0,213.48
18537,8866,54,3,92.65,0,277.95
18538,8867,39,2,43.96,0.1,79.13
18539,8868,152,2,66.12,0,132.24
18540,8868,113,1,274.17,0,274.17
18541,8868,101,1,68.79,0.1,61.91
18542,8869,64,1,113.76,0.1,102.38
18543,8870,90,2,52.82,0,105.64
18544,8871,145,2,84.99,0,169.98
18545,8872,119,2,213.48,0.2,341.57
18546,8872,43,1,75.67,0,75.67
18547,8872,54,1,92.65,0.2,74.12
18548,8872,110,1,59.23,0,59.23
18549,8873,88,2,39.57,0,79.14
18550,8873,64,1,113.76,0,113.76
18551,8874,119,2,213.48,0.1,384.26
18552,8874,57,2,91.71,0,183.42
18553,8875,57,2,91.71,0.2,146.74
18554,8876,60,1,294.14,0.15,250.02
18555,8877,67,1,62.01,0.1,55.81
18556,8878,38,3,79.64,0,238.92
18557,8879,54,2,92.65,0.1,166.77
18558,8880,141,1,71.69,0,71.69
18559,8880,66,2,279.67,0,559.34
18560,8880,9,2,98.65,0.15,167.71
18561,8880,91,1,50.62,0,50.62
18562,8881,19,1,229.68,0.1,206.71
18563,8882,26,1,66.46,0.1,59.81
18564,8882,88,1,39.57,0,39.57
18565,8882,137,3,15.32,0,45.96
18566,8882,137,3,15.32,0,45.96
18567,8883,87,1,40.81,0,40.81
18568,8884,89,1,41.71,0,41.71
18569,8884,124,1,13.96,0,13.96
18570,8884,111,1,282.79,0,282.79
18571,8884,39,1,43.96,0.1,39.56
18572,8885,81,1,52.03,0,52.03
18573,8885,11,1,176.03,0,176.03
18574,8885,107,1,335.62,0,335.62
18575,8885,30,1,168.06,0,168.06
18576,8886,139,1,70.5,0.1,63.45
18577,8886,84,1,13.12,0,13.12
18578,8886,119,1,213.48,0,213.48
18579,8886,16,1,232.17,0.15,197.34
18580,8886,114,1,240.92,0.1,216.83
18581,8887,134,1,40.72,0.1,36.65
18582,8887,1,2,134.64,0,269.28
18583,8887,131,2,62.23,0,124.46
18584,8888,1,1,134.64,0.15,114.44
18585,8888,16,1,232.17,0.1,208.95
18586,8889,10,1,116.26,0,116.26
18587,8889,139,1,70.5,0.1,63.45
18588,8889,31,2,121.18,0.2,193.89
18589,8890,40,1,53.97,0.2,43.18
18590,8890,2,1,198.54,0,198.54
18591,8890,140,1,66.53,0,66.53
18592,8891,78,1,77.23,0,77.23
18593,8891,39,1,43.96,0,43.96
18594,8892,111,3,282.79,0,848.37
18595,8892,70,1,67.88,0,67.88
18596,8893,8,2,255.14,0,510.28
18597,8894,103,1,74.37,0,74.37
18598,8895,121,2,374.5,0,749.0
18599,8895,134,1,40.72,0,40.72
18600,8895,54,1,92.65,0,92.65
18601,8896,140,1,66.53,0,66.53
18602,8896,108,1,97.45,0.1,87.7
18603,8897,136,2,116.14,0,232.28
18604,8898,84,1,13.12,0,13.12
18605,8898,47,1,173.41,0,173.41
18606,8899,137,1,15.32,0.15,13.02
18607,8899,40,1,53.97,0,53.97
18608,8900,102,1,116.44,0.2,93.15
18609,8900,137,1,15.32,0,15.32
18610,8901,63,1,115.75,0,115.75
18611,8901,97,2,23.97,0,47.94
18612,8902,55,3,295.32,0,885.96
18613,8903,119,1,213.48,0,213.48
18614,8904,113,1,274.17,0.2,219.34
18615,8904,61,1,12.8,0,12.8
18616,8904,114,1,240.92,0,240.92
18617,8905,6,2,180.27,0.2,288.43
18618,8905,84,1,13.12,0.15,11.15
18619,8905,95,2,42.95,0,85.9
18620,8905,159,1,57.51,0,57.51
18621,8906,38,1,79.64,0.15,67.69
18622,8906,54,1,92.65,0,92.65
18623,8907,72,2,196.03,0.1,352.85
18624,8908,140,3,66.53,0,199.59
18625,8909,35,1,124.39,0,124.39
18626,8910,136,2,116.14,0,232.28
18627,8911,33,2,49.0,0,98.0
18628,8912,82,1,54.72,0,54.72
18629,8912,106,1,187.33,0.2,149.86
18630,8913,111,2,282.79,0,565.58
18631,8913,99,1,79.98,0.15,67.98
18632,8913,16,1,232.17,0.1,208.95
18633,8913,50,1,55.81,0,55.81
18634,8913,11,2,176.03,0,352.06
18635,8914,45,1,61.85,0.1,55.66
18636,8914,160,1,40.26,0,40.26
18637,8914,119,1,213.48,0,213.48
18638,8914,138,1,24.71,0.1,22.24
18639,8915,125,1,226.52,0,226.52
18640,8916,40,1,53.97,0.1,48.57
18641,8917,154,1,83.05,0.2,66.44
18642,8918,106,1,187.33,0,187.33
18643,8919,32,1,49.75,0,49.75
18644,8919,43,1,75.67,0.15,64.32
18645,8919,43,1,75.67,0.15,64.32
18646,8919,21,1,274.21,0.1,246.79
18647,8920,108,2,97.45,0.1,175.41
18648,8921,47,2,173.41,0.1,312.14
18649,8921,56,2,48.94,0,97.88
18650,8921,111,1,282.79,0,282.79
18651,8921,54,1,92.65,0.1,83.39
18652,8922,11,1,176.03,0,176.03
18653,8923,33,2,49.0,0,98.0
18654,8924,101,1,68.79,0,68.79
18655,8924,80,1,41.32,0.1,37.19
18656,8924,146,1,20.85,0,20.85
18657,8925,116,3,217.77,0,653.31
18658,8926,40,1,53.97,0,53.97
18659,8927,54,1,92.65,0.1,83.39
18660,8928,117,1,173.82,0.1,156.44
18661,8929,11,1,176.03,0,176.03
18662,8929,113,1,274.17,0,274.17
18663,8930,144,3,11.66,0,34.98
18664,8930,49,1,111.88,0,111.88
18665,8930,54,1,92.65,0,92.65
18666,8930,40,1,53.97,0.1,48.57
18667,8930,160,1,40.26,0,40.26
18668,8931,102,1,116.44,0.2,93.15
18669,8931,54,3,92.65,0,277.95
18670,8932,139,1,70.5,0,70.5
18671,8932,48,1,156.79,0,156.79
18672,8932,148,2,60.49,0,120.98
18673,8933,81,1,52.03,0,52.03
18674,8934,33,1,49.0,0,49.0
18675,8934,98,1,11.23,0.1,10.11
18676,8934,61,1,12.8,0,12.8
18677,8934,40,1,53.97,0,53.97
18678,8934,46,1,64.69,0,64.69
18679,8935,54,1,92.65,0.1,83.39
18680,8935,160,1,40.26,0.1,36.23
18681,8935,19,2,229.68,0,459.36
18682,8935,71,1,16.86,0,16.86
18683,8936,145,1,84.99,0,84.99
18684,8937,88,1,39.57,0,39.57
18685,8937,140,1,66.53,0,66.53
18686,8937,33,2,49.0,0,98.0
18687,8937,152,1,66.12,0.2,52.9
18688,8938,152,1,66.12,0,66.12
18689,8939,33,1,49.0,0,49.0
18690,8939,127,2,268.94,0,537.88
18691,8939,27,1,21.73,0,21.73
18692,8939,53,1,86.91,0,86.91
18693,8939,90,1,52.82,0,52.82
18694,8940,88,2,39.57,0.1,71.23
18695,8940,86,1,8.05,0,8.05
18696,8941,160,1,40.26,0,40.26
18697,8942,94,1,59.56,0,59.56
18698,8942,57,1,91.71,0.1,82.54
18699,8942,140,1,66.53,0,66.53
18700,8942,60,1,294.14,0,294.14
18701,8943,61,1,12.8,0,12.8
18702,8943,153,1,99.2,0,99.2
18703,8944,3,2,101.49,0,202.98
18704,8944,68,3,204.27,0.2,490.25
18705,8945,94,1,59.56,0,59.56
18706,8946,53,1,86.91,0,86.91
18707,8946,8,1,255.14,0,255.14
18708,8946,100,1,69.29,0,69.29
18709,8946,61,1,12.8,0,12.8
18710,8947,90,1,52.82,0,52.82
